SQNR=0;DATE=24-08-14;TIME=00:00:00;STAT=207222;TMPA=18;TMPP=185;TMPB=22;TMPC=21;RHUA=90;DWPA=16;PTYP=1;PNAM=MS-80SH;PIRA=0;PIRP=0;PIRM=0;PIRL=0;PIRH=0;
C-----;?
V-----;SWVNR=2102190;SQNDL=2;DATE=24-08-14;TIME=00:00:07;THTYP=85;TTEMP=15;TDEWP=5;IUFAN=800;ILFAN=5;IUHEA=3000;PYDEF=21;PYAVT=30;PYAVW=1;PYOST=0;MSDLY=15;FNDLY=30;OSTRG=3;DBGFL=0;ASIRE=0;DBGRE=0;MPPFL=-1;
SQNR=15;DATE=24-08-14;TIME=00:00:15;STAT=201222;TMPA=18;TMPP=185;TMPB=22;TMPC=21;RHUA=89;DWPA=16;PTYP=1;PNAM=MS-80SH;PIRA=0;PIRP=0;PIRM=0;PIRL=0;PIRH=1;
SQNR=30;DATE=24-08-14;TIME=00:00:30;STAT=201222;TMPA=18;TMPP=185;TMPB=22;TMPC=21;RHUA=90;DWPA=16;PTYP=1;PNAM=MS-80SH;PIRA=0;PIRP=0;PIRM=0;PIRL=0;PIRH=1;
SQNR=45;DATE=24-08-14;TIME=00:00:45;STAT=201222;TMPA=18;TMPP=185;TMPB=22;TMPC=21;RHUA=90;DWPA=16;PTYP=1;PNAM=MS-80SH;PIRA=0;PIRP=0;PIRM=0;PIRL=0;PIRH=1;
SQNR=60;DATE=24-08-14;TIME=00:01:00;STAT=201222;TMPA=18;TMPP=185;TMPB=22;TMPC=21;RHUA=89;DWPA=16;PTYP=1;PNAM=MS-80SH;PIRA=1;PIRP=0;PIRM=0;PIRL=-1;PIRH=1;
C-----;P1001
P-----;DATE=24-08-14;TIME=00:01:02;PSNR=23059772;PTMP=224;PRHU=5;PSTX=-24;PSTY=15;
SQNR=75;DATE=24-08-14;TIME=00:01:15;STAT=201222;TMPA=18;TMPP=186;TMPB=22;TMPC=21;RHUA=89;DWPA=16;PTYP=1;PNAM=MS-80SH;PIRA=0;PIRP=0;PIRM=0;PIRL=0;PIRH=0;
SQNR=90;DATE=24-08-14;TIME=00:01:30;STAT=201222;TMPA=18;TMPP=185;TMPB=22;TMPC=21;RHUA=89;DWPA=16;PTYP=1;PNAM=MS-80SH;PIRA=0;PIRP=1;PIRM=1;PIRL=0;PIRH=1;
SQNR=105;DATE=24-08-14;TIME=00:01:45;STAT=201222;TMPA=18;TMPP=186;TMPB=22;TMPC=21;RHUA=89;DWPA=16;PTYP=1;PNAM=MS-80SH;PIRA=0;PIRP=0;PIRM=0;PIRL=0;PIRH=1;
SQNR=120;DATE=24-08-14;TIME=00:02:00;STAT=201222;TMPA=18;TMPP=186;TMPB=22;TMPC=21;RHUA=89;DWPA=16;PTYP=1;PNAM=MS-80SH;PIRA=0;PIRP=0;PIRM=0;PIRL=0;PIRH=1;
SQNR=135;DATE=24-08-14;TIME=00:02:15;STAT=201222;TMPA=18;TMPP=186;TMPB=22;TMPC=21;RHUA=89;DWPA=16;PTYP=1;PNAM=MS-80SH;PIRA=0;PIRP=0;PIRM=0;PIRL=0;PIRH=1;
SQNR=150;DATE=24-08-14;TIME=00:02:30;STAT=201222;TMPA=18;TMPP=186;TMPB=22;TMPC=21;RHUA=89;DWPA=16;PTYP=1;PNAM=MS-80SH;PIRA=0;PIRP=0;PIRM=0;PIRL=0;PIRH=1;
SQNR=165;DATE=24-08-14;TIME=00:02:45;STAT=201222;TMPA=18;TMPP=186;TMPB=22;TMPC=21;RHUA=89;DWPA=16;PTYP=1;PNAM=MS-80SH;PIRA=1;PIRP=0;PIRM=0;PIRL=0;PIRH=1;
SQNR=180;DATE=24-08-14;TIME=00:03:00;STAT=201222;TMPA=18;TMPP=186;TMPB=22;TMPC=21;RHUA=89;DWPA=16;PTYP=1;PNAM=MS-80SH;PIRA=0;PIRP=0;PIRM=0;PIRL=0;PIRH=1;
SQNR=195;DATE=24-08-14;TIME=00:03:15;STAT=201222;TMPA=18;TMPP=186;TMPB=22;TMPC=21;RHUA=89;DWPA=16;PTYP=1;PNAM=MS-80SH;PIRA=0;PIRP=0;PIRM=0;PIRL=0;PIRH=1;
SQNR=210;DATE=24-08-14;TIME=00:03:30;STAT=201222;TMPA=18;TMPP=186;TMPB=22;TMPC=21;RHUA=90;DWPA=16;PTYP=1;PNAM=MS-80SH;PIRA=0;PIRP=0;PIRM=0;PIRL=0;PIRH=1;
SQNR=225;DATE=24-08-14;TIME=00:03:45;STAT=201222;TMPA=18;TMPP=186;TMPB=22;TMPC=21;RHUA=90;DWPA=16;PTYP=1;PNAM=MS-80SH;PIRA=0;PIRP=0;PIRM=0;PIRL=0;PIRH=1;
SQNR=240;DATE=24-08-14;TIME=00:04:00;STAT=201222;TMPA=18;TMPP=185;TMPB=22;TMPC=21;RHUA=89;DWPA=16;PTYP=1;PNAM=MS-80SH;PIRA=1;PIRP=0;PIRM=0;PIRL=0;PIRH=1;
SQNR=255;DATE=24-08-14;TIME=00:04:15;STAT=201222;TMPA=18;TMPP=186;TMPB=22;TMPC=21;RHUA=90;DWPA=16;PTYP=1;PNAM=MS-80SH;PIRA=0;PIRP=0;PIRM=0;PIRL=0;PIRH=1;
SQNR=270;DATE=24-08-14;TIME=00:04:30;STAT=201222;TMPA=18;TMPP=186;TMPB=22;TMPC=21;RHUA=89;DWPA=16;PTYP=1;PNAM=MS-80SH;PIRA=0;PIRP=0;PIRM=0;PIRL=0;PIRH=1;
SQNR=285;DATE=24-08-14;TIME=00:04:45;STAT=201222;TMPA=18;TMPP=185;TMPB=22;TMPC=21;RHUA=90;DWPA=16;PTYP=1;PNAM=MS-80SH;PIRA=0;PIRP=0;PIRM=0;PIRL=0;PIRH=1;
SQNR=300;DATE=24-08-14;TIME=00:05:00;STAT=201222;TMPA=18;TMPP=185;TMPB=22;TMPC=21;RHUA=90;DWPA=16;PTYP=1;PNAM=MS-80SH;PIRA=0;PIRP=0;PIRM=0;PIRL=0;PIRH=1;
C-----;?
V-----;SWVNR=2102190;SQNDL=301;DATE=24-08-14;TIME=00:05:06;THTYP=85;TTEMP=15;TDEWP=5;IUFAN=800;ILFAN=5;IUHEA=3000;PYDEF=21;PYAVT=30;PYAVW=1;PYOST=0;MSDLY=15;FNDLY=30;OSTRG=3;DBGFL=0;ASIRE=0;DBGRE=0;MPPFL=-1;
SQNR=315;DATE=24-08-14;TIME=00:05:15;STAT=201222;TMPA=18;TMPP=185;TMPB=22;TMPC=21;RHUA=90;DWPA=16;PTYP=1;PNAM=MS-80SH;PIRA=1;PIRP=0;PIRM=0;PIRL=0;PIRH=1;
SQNR=330;DATE=24-08-14;TIME=00:05:30;STAT=201222;TMPA=18;TMPP=185;TMPB=22;TMPC=21;RHUA=89;DWPA=16;PTYP=1;PNAM=MS-80SH;PIRA=0;PIRP=0;PIRM=0;PIRL=0;PIRH=1;
SQNR=345;DATE=24-08-14;TIME=00:05:45;STAT=201222;TMPA=18;TMPP=185;TMPB=22;TMPC=21;RHUA=90;DWPA=16;PTYP=1;PNAM=MS-80SH;PIRA=1;PIRP=1;PIRM=0;PIRL=0;PIRH=1;
SQNR=360;DATE=24-08-14;TIME=00:06:00;STAT=201222;TMPA=18;TMPP=185;TMPB=22;TMPC=21;RHUA=90;DWPA=16;PTYP=1;PNAM=MS-80SH;PIRA=0;PIRP=0;PIRM=0;PIRL=0;PIRH=1;
SQNR=375;DATE=24-08-14;TIME=00:06:15;STAT=201222;TMPA=18;TMPP=185;TMPB=22;TMPC=21;RHUA=89;DWPA=16;PTYP=1;PNAM=MS-80SH;PIRA=0;PIRP=0;PIRM=0;PIRL=0;PIRH=1;
SQNR=390;DATE=24-08-14;TIME=00:06:30;STAT=201222;TMPA=18;TMPP=185;TMPB=22;TMPC=21;RHUA=89;DWPA=16;PTYP=1;PNAM=MS-80SH;PIRA=0;PIRP=0;PIRM=0;PIRL=0;PIRH=1;
SQNR=405;DATE=24-08-14;TIME=00:06:45;STAT=201222;TMPA=18;TMPP=185;TMPB=22;TMPC=21;RHUA=90;DWPA=16;PTYP=1;PNAM=MS-80SH;PIRA=0;PIRP=0;PIRM=0;PIRL=0;PIRH=1;
SQNR=420;DATE=24-08-14;TIME=00:07:00;STAT=201222;TMPA=18;TMPP=185;TMPB=22;TMPC=21;RHUA=90;DWPA=16;PTYP=1;PNAM=MS-80SH;PIRA=1;PIRP=0;PIRM=0;PIRL=0;PIRH=1;
SQNR=435;DATE=24-08-14;TIME=00:07:15;STAT=201222;TMPA=18;TMPP=185;TMPB=22;TMPC=21;RHUA=90;DWPA=16;PTYP=1;PNAM=MS-80SH;PIRA=0;PIRP=0;PIRM=0;PIRL=0;PIRH=1;
SQNR=450;DATE=24-08-14;TIME=00:07:30;STAT=201222;TMPA=18;TMPP=185;TMPB=22;TMPC=21;RHUA=90;DWPA=16;PTYP=1;PNAM=MS-80SH;PIRA=0;PIRP=0;PIRM=0;PIRL=0;PIRH=1;
SQNR=465;DATE=24-08-14;TIME=00:07:45;STAT=201222;TMPA=18;TMPP=185;TMPB=22;TMPC=21;RHUA=90;DWPA=16;PTYP=1;PNAM=MS-80SH;PIRA=0;PIRP=0;PIRM=0;PIRL=0;PIRH=1;
SQNR=480;DATE=24-08-14;TIME=00:08:00;STAT=201222;TMPA=18;TMPP=185;TMPB=22;TMPC=21;RHUA=90;DWPA=16;PTYP=1;PNAM=MS-80SH;PIRA=0;PIRP=0;PIRM=0;PIRL=0;PIRH=1;
SQNR=495;DATE=24-08-14;TIME=00:08:15;STAT=201222;TMPA=18;TMPP=185;TMPB=22;TMPC=21;RHUA=90;DWPA=16;PTYP=1;PNAM=MS-80SH;PIRA=1;PIRP=0;PIRM=0;PIRL=0;PIRH=1;
SQNR=510;DATE=24-08-14;TIME=00:08:30;STAT=201222;TMPA=18;TMPP=185;TMPB=22;TMPC=21;RHUA=90;DWPA=16;PTYP=1;PNAM=MS-80SH;PIRA=0;PIRP=0;PIRM=0;PIRL=0;PIRH=1;
SQNR=525;DATE=24-08-14;TIME=00:08:45;STAT=201222;TMPA=18;TMPP=186;TMPB=22;TMPC=21;RHUA=90;DWPA=16;PTYP=1;PNAM=MS-80SH;PIRA=0;PIRP=0;PIRM=0;PIRL=0;PIRH=1;
SQNR=540;DATE=24-08-14;TIME=00:09:00;STAT=201222;TMPA=18;TMPP=185;TMPB=22;TMPC=21;RHUA=89;DWPA=16;PTYP=1;PNAM=MS-80SH;PIRA=0;PIRP=0;PIRM=0;PIRL=0;PIRH=1;
SQNR=555;DATE=24-08-14;TIME=00:09:15;STAT=201222;TMPA=18;TMPP=185;TMPB=22;TMPC=21;RHUA=89;DWPA=16;PTYP=1;PNAM=MS-80SH;PIRA=0;PIRP=0;PIRM=0;PIRL=0;PIRH=1;
SQNR=570;DATE=24-08-14;TIME=00:09:30;STAT=201222;TMPA=18;TMPP=185;TMPB=22;TMPC=21;RHUA=89;DWPA=16;PTYP=1;PNAM=MS-80SH;PIRA=0;PIRP=0;PIRM=0;PIRL=0;PIRH=1;
SQNR=585;DATE=24-08-14;TIME=00:09:45;STAT=201222;TMPA=18;TMPP=185;TMPB=22;TMPC=21;RHUA=89;DWPA=16;PTYP=1;PNAM=MS-80SH;PIRA=0;PIRP=0;PIRM=0;PIRL=0;PIRH=1;
C-----;?
SQNR=600;DATE=24-08-14;TIME=00:10:00;STAT=201222;TMPA=18;TMPP=186;TMPB=22;TMPC=21;RHUA=89;DWPA=16;PTYP=1;PNAM=MS-80SH;PIRA=1;PIRP=0;PIRM=0;PIRL=0;PIRH=1;
V-----;SWVNR=2102190;SQNDL=601;DATE=24-08-14;TIME=00:10:06;THTYP=85;TTEMP=15;TDEWP=5;IUFAN=800;ILFAN=5;IUHEA=3000;PYDEF=21;PYAVT=30;PYAVW=1;PYOST=0;MSDLY=15;FNDLY=30;OSTRG=3;DBGFL=0;ASIRE=0;DBGRE=0;MPPFL=-1;
ÿSQNR=615;DATE=24-08-14;TIME=00:10:15;STAT=201222;TMPA=18;TMPP=185;TMPB=22;TMPC=21;RHUA=89;DWPA=16;PTYP=1;PNAM=MS-80SH;PIRA=0;PIRP=0;PIRM=0;PIRL=0;PIRH=1;
SQNR=630;DATE=24-08-14;TIME=00:10:30;STAT=201222;TMPA=18;TMPP=185;TMPB=22;TMPC=21;RHUA=89;DWPA=16;PTYP=1;PNAM=MS-80SH;PIRA=0;PIRP=0;PIRM=0;PIRL=0;PIRH=1;
SQNR=645;DATE=24-08-14;TIME=00:10:45;STAT=201222;TMPA=18;TMPP=185;TMPB=22;TMPC=21;RHUA=89;DWPA=16;PTYP=1;PNAM=MS-80SH;PIRA=0;PIRP=0;PIRM=0;PIRL=0;PIRH=1;
SQNR=660;DATE=24-08-14;TIME=00:11:00;STAT=201222;TMPA=18;TMPP=185;TMPB=22;TMPC=21;RHUA=89;DWPA=16;PTYP=1;PNAM=MS-80SH;PIRA=0;PIRP=0;PIRM=0;PIRL=0;PIRH=1;
SQNR=675;DATE=24-08-14;TIME=00:11:15;STAT=201222;TMPA=18;TMPP=185;TMPB=22;TMPC=21;RHUA=89;DWPA=16;PTYP=1;PNAM=MS-80SH;PIRA=0;PIRP=0;PIRM=0;PIRL=0;PIRH=1;
SQNR=690;DATE=24-08-14;TIME=00:11:30;STAT=201222;TMPA=18;TMPP=186;TMPB=22;TMPC=21;RHUA=89;DWPA=16;PTYP=1;PNAM=MS-80SH;PIRA=0;PIRP=0;PIRM=0;PIRL=0;PIRH=1;
SQNR=705;DATE=24-08-14;TIME=00:11:45;STAT=201222;TMPA=18;TMPP=186;TMPB=22;TMPC=21;RHUA=88;DWPA=16;PTYP=1;PNAM=MS-80SH;PIRA=0;PIRP=0;PIRM=0;PIRL=0;PIRH=1;
SQNR=720;DATE=24-08-14;TIME=00:12:00;STAT=201222;TMPA=18;TMPP=186;TMPB=22;TMPC=21;RHUA=88;DWPA=16;PTYP=1;PNAM=MS-80SH;PIRA=-1;PIRP=0;PIRM=0;PIRL=-1;PIRH=1;
SQNR=735;DATE=24-08-14;TIME=00:12:15;STAT=201222;TMPA=18;TMPP=187;TMPB=22;TMPC=21;RHUA=88;DWPA=16;PTYP=1;PNAM=MS-80SH;PIRA=0;PIRP=0;PIRM=0;PIRL=-1;PIRH=1;
SQNR=750;DATE=24-08-14;TIME=00:12:30;STAT=201222;TMPA=18;TMPP=188;TMPB=22;TMPC=21;RHUA=87;DWPA=16;PTYP=1;PNAM=MS-80SH;PIRA=0;PIRP=0;PIRM=0;PIRL=-1;PIRH=1;
SQNR=765;DATE=24-08-14;TIME=00:12:45;STAT=201222;TMPA=18;TMPP=188;TMPB=22;TMPC=21;RHUA=87;DWPA=16;PTYP=1;PNAM=MS-80SH;PIRA=-1;PIRP=0;PIRM=0;PIRL=-1;PIRH=1;
SQNR=780;DATE=24-08-14;TIME=00:13:00;STAT=201222;TMPA=18;TMPP=189;TMPB=22;TMPC=21;RHUA=87;DWPA=16;PTYP=1;PNAM=MS-80SH;PIRA=0;PIRP=0;PIRM=0;PIRL=-1;PIRH=1;
SQNR=795;DATE=24-08-14;TIME=00:13:15;STAT=201222;TMPA=18;TMPP=189;TMPB=22;TMPC=22;RHUA=87;DWPA=16;PTYP=1;PNAM=MS-80SH;PIRA=-1;PIRP=-1;PIRM=0;PIRL=-1;PIRH=1;
SQNR=810;DATE=24-08-14;TIME=00:13:30;STAT=201222;TMPA=18;TMPP=189;TMPB=22;TMPC=21;RHUA=86;DWPA=16;PTYP=1;PNAM=MS-80SH;PIRA=-1;PIRP=-1;PIRM=0;PIRL=-1;PIRH=1;
SQNR=825;DATE=24-08-14;TIME=00:13:45;STAT=201222;TMPA=19;TMPP=190;TMPB=22;TMPC=22;RHUA=86;DWPA=16;PTYP=1;PNAM=MS-80SH;PIRA=-1;PIRP=-1;PIRM=-1;PIRL=-1;PIRH=1;
SQNR=840;DATE=24-08-14;TIME=00:14:00;STAT=201222;TMPA=19;TMPP=190;TMPB=22;TMPC=22;RHUA=86;DWPA=16;PTYP=1;PNAM=MS-80SH;PIRA=-1;PIRP=-1;PIRM=-1;PIRL=-1;PIRH=1;
SQNR=855;DATE=24-08-14;TIME=00:14:15;STAT=201222;TMPA=19;TMPP=190;TMPB=22;TMPC=22;RHUA=86;DWPA=16;PTYP=1;PNAM=MS-80SH;PIRA=0;PIRP=-1;PIRM=-1;PIRL=-1;PIRH=1;
SQNR=870;DATE=24-08-14;TIME=00:14:30;STAT=201222;TMPA=19;TMPP=190;TMPB=23;TMPC=22;RHUA=86;DWPA=16;PTYP=1;PNAM=MS-80SH;PIRA=-1;PIRP=-1;PIRM=-1;PIRL=-1;PIRH=1;
SQNR=885;DATE=24-08-14;TIME=00:14:45;STAT=201222;TMPA=19;TMPP=190;TMPB=23;TMPC=22;RHUA=86;DWPA=16;PTYP=1;PNAM=MS-80SH;PIRA=-1;PIRP=-1;PIRM=-1;PIRL=-1;PIRH=1;
SQNR=900;DATE=24-08-14;TIME=00:15:00;STAT=201222;TMPA=19;TMPP=191;TMPB=23;TMPC=22;RHUA=85;DWPA=16;PTYP=1;PNAM=MS-80SH;PIRA=-1;PIRP=-1;PIRM=-1;PIRL=-1;PIRH=1;
C-----;?
V-----;SWVNR=2102190;SQNDL=901;DATE=24-08-14;TIME=00:15:06;THTYP=85;TTEMP=15;TDEWP=5;IUFAN=800;ILFAN=5;IUHEA=3000;PYDEF=21;PYAVT=30;PYAVW=1;PYOST=0;MSDLY=15;FNDLY=30;OSTRG=3;DBGFL=0;ASIRE=0;DBGRE=0;MPPFL=-1;
SQNR=915;DATE=24-08-14;TIME=00:15:15;STAT=201222;TMPA=19;TMPP=191;TMPB=23;TMPC=22;RHUA=85;DWPA=16;PTYP=1;PNAM=MS-80SH;PIRA=-1;PIRP=-1;PIRM=-1;PIRL=-1;PIRH=1;
SQNR=930;DATE=24-08-14;TIME=00:15:30;STAT=201222;TMPA=19;TMPP=192;TMPB=23;TMPC=22;RHUA=85;DWPA=16;PTYP=1;PNAM=MS-80SH;PIRA=0;PIRP=-1;PIRM=-1;PIRL=-1;PIRH=1;
SQNR=945;DATE=24-08-14;TIME=00:15:45;STAT=201222;TMPA=19;TMPP=192;TMPB=23;TMPC=22;RHUA=85;DWPA=16;PTYP=1;PNAM=MS-80SH;PIRA=-1;PIRP=-1;PIRM=-1;PIRL=-1;PIRH=1;
SQNR=960;DATE=24-08-14;TIME=00:16:00;STAT=201222;TMPA=19;TMPP=193;TMPB=23;TMPC=22;RHUA=84;DWPA=16;PTYP=1;PNAM=MS-80SH;PIRA=0;PIRP=-1;PIRM=-1;PIRL=-1;PIRH=1;
SQNR=975;DATE=24-08-14;TIME=00:16:15;STAT=201222;TMPA=19;TMPP=193;TMPB=23;TMPC=22;RHUA=84;DWPA=16;PTYP=1;PNAM=MS-80SH;PIRA=-1;PIRP=-1;PIRM=-1;PIRL=-1;PIRH=1;
SQNR=990;DATE=24-08-14;TIME=00:16:30;STAT=201222;TMPA=19;TMPP=193;TMPB=23;TMPC=22;RHUA=84;DWPA=16;PTYP=1;PNAM=MS-80SH;PIRA=-1;PIRP=-1;PIRM=-1;PIRL=-1;PIRH=1;
SQNR=1005;DATE=24-08-14;TIME=00:16:45;STAT=201222;TMPA=19;TMPP=194;TMPB=23;TMPC=22;RHUA=84;DWPA=16;PTYP=1;PNAM=MS-80SH;PIRA=-1;PIRP=-1;PIRM=-1;PIRL=-1;PIRH=1;
SQNR=1020;DATE=24-08-14;TIME=00:17:00;STAT=201222;TMPA=19;TMPP=194;TMPB=23;TMPC=22;RHUA=84;DWPA=16;PTYP=1;PNAM=MS-80SH;PIRA=-1;PIRP=-1;PIRM=-1;PIRL=-1;PIRH=1;
SQNR=1035;DATE=24-08-14;TIME=00:17:15;STAT=201222;TMPA=19;TMPP=194;TMPB=23;TMPC=22;RHUA=84;DWPA=16;PTYP=1;PNAM=MS-80SH;PIRA=0;PIRP=-1;PIRM=-1;PIRL=-1;PIRH=1;
SQNR=1050;DATE=24-08-14;TIME=00:17:30;STAT=201222;TMPA=19;TMPP=195;TMPB=23;TMPC=22;RHUA=84;DWPA=16;PTYP=1;PNAM=MS-80SH;PIRA=-1;PIRP=-1;PIRM=-1;PIRL=-1;PIRH=1;
SQNR=1065;DATE=24-08-14;TIME=00:17:45;STAT=201222;TMPA=19;TMPP=195;TMPB=23;TMPC=22;RHUA=84;DWPA=16;PTYP=1;PNAM=MS-80SH;PIRA=-1;PIRP=-1;PIRM=-1;PIRL=-1;PIRH=1;
SQNR=1080;DATE=24-08-14;TIME=00:18:00;STAT=201222;TMPA=19;TMPP=194;TMPB=23;TMPC=22;RHUA=83;DWPA=16;PTYP=1;PNAM=MS-80SH;PIRA=-1;PIRP=-1;PIRM=-1;PIRL=-1;PIRH=1;
SQNR=1095;DATE=24-08-14;TIME=00:18:15;STAT=201222;TMPA=19;TMPP=195;TMPB=23;TMPC=22;RHUA=83;DWPA=16;PTYP=1;PNAM=MS-80SH;PIRA=-1;PIRP=-1;PIRM=-1;PIRL=-1;PIRH=1;
SQNR=1110;DATE=24-08-14;TIME=00:18:30;STAT=201222;TMPA=19;TMPP=195;TMPB=23;TMPC=22;RHUA=83;DWPA=16;PTYP=1;PNAM=MS-80SH;PIRA=0;PIRP=-1;PIRM=-1;PIRL=-1;PIRH=1;
SQNR=1125;DATE=24-08-14;TIME=00:18:45;STAT=201222;TMPA=19;TMPP=195;TMPB=23;TMPC=22;RHUA=83;DWPA=16;PTYP=1;PNAM=MS-80SH;PIRA=-1;PIRP=-1;PIRM=-1;PIRL=-1;PIRH=1;
SQNR=1140;DATE=24-08-14;TIME=00:19:00;STAT=201222;TMPA=19;TMPP=195;TMPB=23;TMPC=22;RHUA=83;DWPA=16;PTYP=1;PNAM=MS-80SH;PIRA=0;PIRP=-1;PIRM=-1;PIRL=-1;PIRH=1;
SQNR=1155;DATE=24-08-14;TIME=00:19:15;STAT=201222;TMPA=19;TMPP=195;TMPB=23;TMPC=22;RHUA=83;DWPA=16;PTYP=1;PNAM=MS-80SH;PIRA=-1;PIRP=-1;PIRM=-1;PIRL=-1;PIRH=1;
SQNR=1170;DATE=24-08-14;TIME=00:19:30;STAT=201222;TMPA=19;TMPP=195;TMPB=23;TMPC=22;RHUA=83;DWPA=16;PTYP=1;PNAM=MS-80SH;PIRA=-1;PIRP=-1;PIRM=-1;PIRL=-1;PIRH=1;
SQNR=1185;DATE=24-08-14;TIME=00:19:45;STAT=201222;TMPA=19;TMPP=196;TMPB=23;TMPC=22;RHUA=83;DWPA=16;PTYP=1;PNAM=MS-80SH;PIRA=-1;PIRP=-1;PIRM=-1;PIRL=-1;PIRH=1;
SQNR=1200;DATE=24-08-14;TIME=00:20:00;STAT=201222;TMPA=19;TMPP=196;TMPB=23;TMPC=22;RHUA=83;DWPA=16;PTYP=1;PNAM=MS-80SH;PIRA=-1;PIRP=-1;PIRM=-1;PIRL=-1;PIRH=1;
C-----;?
SQNR=1215;DATE=24-08-14;TIME=00:20:15;STAT=201222;TMPA=19;TMPP=195;TMPB=23;TMPC=22;RHUA=83;DWPA=16;PTYP=1;PNAM=MS-80SH;PIRA=0;PIRP=-1;PIRM=-1;PIRL=-1;PIRH=1;
SQNR=1230;DATE=24-08-14;TIME=00:20:30;STAT=201222;TMPA=19;TMPP=196;TMPB=23;TMPC=22;RHUA=82;DWPA=16;PTYP=1;PNAM=MS-80SH;PIRA=-1;PIRP=-1;PIRM=-1;PIRL=-1;PIRH=1;
SQNR=1245;DATE=24-08-14;TIME=00:20:45;STAT=201222;TMPA=19;TMPP=196;TMPB=23;TMPC=22;RHUA=82;DWPA=16;PTYP=1;PNAM=MS-80SH;PIRA=-1;PIRP=-1;PIRM=-1;PIRL=-1;PIRH=1;
SQNR=1260;DATE=24-08-14;TIME=00:21:00;STAT=201222;TMPA=19;TMPP=196;TMPB=23;TMPC=22;RHUA=82;DWPA=16;PTYP=1;PNAM=MS-80SH;PIRA=-1;PIRP=-1;PIRM=-1;PIRL=-1;PIRH=1;
SQNR=1275;DATE=24-08-14;TIME=00:21:15;STAT=201222;TMPA=19;TMPP=196;TMPB=23;TMPC=22;RHUA=82;DWPA=16;PTYP=1;PNAM=MS-80SH;PIRA=-1;PIRP=-1;PIRM=-1;PIRL=-1;PIRH=1;
SQNR=1290;DATE=24-08-14;TIME=00:21:30;STAT=201222;TMPA=19;TMPP=197;TMPB=23;TMPC=22;RHUA=82;DWPA=16;PTYP=1;PNAM=MS-80SH;PIRA=-1;PIRP=-1;PIRM=-1;PIRL=-2;PIRH=1;
SQNR=1305;DATE=24-08-14;TIME=00:21:45;STAT=201222;TMPA=19;TMPP=197;TMPB=23;TMPC=22;RHUA=81;DWPA=16;PTYP=1;PNAM=MS-80SH;PIRA=-1;PIRP=-1;PIRM=-1;PIRL=-2;PIRH=1;
SQNR=1320;DATE=24-08-14;TIME=00:22:00;STAT=201222;TMPA=19;TMPP=197;TMPB=23;TMPC=22;RHUA=81;DWPA=16;PTYP=1;PNAM=MS-80SH;PIRA=-1;PIRP=-1;PIRM=-1;PIRL=-2;PIRH=1;
SQNR=1335;DATE=24-08-14;TIME=00:22:15;STAT=201222;TMPA=19;TMPP=198;TMPB=23;TMPC=22;RHUA=81;DWPA=16;PTYP=1;PNAM=MS-80SH;PIRA=-1;PIRP=-1;PIRM=-1;PIRL=-2;PIRH=1;
SQNR=1350;DATE=24-08-14;TIME=00:22:30;STAT=201222;TMPA=19;TMPP=198;TMPB=24;TMPC=22;RHUA=81;DWPA=16;PTYP=1;PNAM=MS-80SH;PIRA=-1;PIRP=-1;PIRM=-1;PIRL=-2;PIRH=1;
SQNR=1365;DATE=24-08-14;TIME=00:22:45;STAT=201222;TMPA=19;TMPP=199;TMPB=24;TMPC=22;RHUA=81;DWPA=16;PTYP=1;PNAM=MS-80SH;PIRA=-1;PIRP=-1;PIRM=-1;PIRL=-2;PIRH=1;
SQNR=1380;DATE=24-08-14;TIME=00:23:00;STAT=201222;TMPA=19;TMPP=199;TMPB=24;TMPC=22;RHUA=82;DWPA=16;PTYP=1;PNAM=MS-80SH;PIRA=-2;PIRP=-1;PIRM=-1;PIRL=-2;PIRH=1;
SQNR=1395;DATE=24-08-14;TIME=00:23:15;STAT=201222;TMPA=20;TMPP=200;TMPB=24;TMPC=22;RHUA=81;DWPA=16;PTYP=1;PNAM=MS-80SH;PIRA=-1;PIRP=-1;PIRM=-1;PIRL=-2;PIRH=1;
SQNR=1410;DATE=24-08-14;TIME=00:23:30;STAT=201222;TMPA=20;TMPP=200;TMPB=24;TMPC=22;RHUA=82;DWPA=16;PTYP=1;PNAM=MS-80SH;PIRA=-1;PIRP=-1;PIRM=-1;PIRL=-2;PIRH=1;
SQNR=1425;DATE=24-08-14;TIME=00:23:45;STAT=201222;TMPA=20;TMPP=201;TMPB=24;TMPC=22;RHUA=82;DWPA=17;PTYP=1;PNAM=MS-80SH;PIRA=-1;PIRP=-1;PIRM=-1;PIRL=-2;PIRH=1;
SQNR=1440;DATE=24-08-14;TIME=00:24:00;STAT=201222;TMPA=20;TMPP=202;TMPB=24;TMPC=22;RHUA=81;DWPA=17;PTYP=1;PNAM=MS-80SH;PIRA=-2;PIRP=-1;PIRM=-1;PIRL=-2;PIRH=1;
SQNR=1455;DATE=24-08-14;TIME=00:24:15;STAT=201222;TMPA=20;TMPP=201;TMPB=24;TMPC=22;RHUA=81;DWPA=16;PTYP=1;PNAM=MS-80SH;PIRA=-1;PIRP=-1;PIRM=-1;PIRL=-2;PIRH=1;
SQNR=1470;DATE=24-08-14;TIME=00:24:30;STAT=201222;TMPA=20;TMPP=201;TMPB=23;TMPC=22;RHUA=81;DWPA=16;PTYP=1;PNAM=MS-80SH;PIRA=0;PIRP=-1;PIRM=-1;PIRL=-2;PIRH=1;
SQNR=1485;DATE=24-08-14;TIME=00:24:45;STAT=201222;TMPA=20;TMPP=202;TMPB=23;TMPC=22;RHUA=81;DWPA=16;PTYP=1;PNAM=MS-80SH;PIRA=-1;PIRP=-1;PIRM=-1;PIRL=-2;PIRH=1;
C-----;?
SQNR=1500;DATE=24-08-14;TIME=00:25:00;STAT=201222;TMPA=20;TMPP=201;TMPB=23;TMPC=22;RHUA=81;DWPA=16;PTYP=1;PNAM=MS-80SH;PIRA=0;PIRP=-1;PIRM=-1;PIRL=-2;PIRH=1;
V-----;SWVNR=2102190;SQNDL=1501;DATE=24-08-14;TIME=00:25:06;THTYP=85;TTEMP=15;TDEWP=5;IUFAN=800;ILFAN=5;IUHEA=3000;PYDEF=21;PYAVT=30;PYAVW=1;PYOST=0;MSDLY=15;FNDLY=30;OSTRG=3;DBGFL=0;ASIRE=0;DBGRE=0;MPPFL=-1;
SQNR=1515;DATE=24-08-14;TIME=00:25:15;STAT=201222;TMPA=20;TMPP=201;TMPB=23;TMPC=22;RHUA=81;DWPA=16;PTYP=1;PNAM=MS-80SH;PIRA=-1;PIRP=-1;PIRM=-1;PIRL=-2;PIRH=1;
SQNR=1530;DATE=24-08-14;TIME=00:25:30;STAT=201222;TMPA=20;TMPP=201;TMPB=23;TMPC=22;RHUA=82;DWPA=17;PTYP=1;PNAM=MS-80SH;PIRA=-1;PIRP=-1;PIRM=-1;PIRL=-2;PIRH=1;
SQNR=1545;DATE=24-08-14;TIME=00:25:45;STAT=201222;TMPA=20;TMPP=200;TMPB=23;TMPC=22;RHUA=82;DWPA=16;PTYP=1;PNAM=MS-80SH;PIRA=0;PIRP=-1;PIRM=-1;PIRL=-2;PIRH=1;
SQNR=1560;DATE=24-08-14;TIME=00:26:00;STAT=201222;TMPA=20;TMPP=200;TMPB=23;TMPC=22;RHUA=82;DWPA=16;PTYP=1;PNAM=MS-80SH;PIRA=-1;PIRP=-1;PIRM=-1;PIRL=-2;PIRH=1;
SQNR=1575;DATE=24-08-14;TIME=00:26:15;STAT=201222;TMPA=20;TMPP=200;TMPB=23;TMPC=22;RHUA=82;DWPA=17;PTYP=1;PNAM=MS-80SH;PIRA=0;PIRP=-1;PIRM=-1;PIRL=-2;PIRH=1;
SQNR=1590;DATE=24-08-14;TIME=00:26:30;STAT=201222;TMPA=20;TMPP=200;TMPB=23;TMPC=22;RHUA=82;DWPA=17;PTYP=1;PNAM=MS-80SH;PIRA=-1;PIRP=-1;PIRM=-1;PIRL=-2;PIRH=1;
SQNR=1605;DATE=24-08-14;TIME=00:26:45;STAT=201222;TMPA=20;TMPP=200;TMPB=23;TMPC=22;RHUA=82;DWPA=17;PTYP=1;PNAM=MS-80SH;PIRA=-1;PIRP=-1;PIRM=-1;PIRL=-2;PIRH=1;
SQNR=1620;DATE=24-08-14;TIME=00:27:00;STAT=201222;TMPA=20;TMPP=200;TMPB=23;TMPC=22;RHUA=83;DWPA=17;PTYP=1;PNAM=MS-80SH;PIRA=-1;PIRP=-1;PIRM=-1;PIRL=-2;PIRH=1;
SQNR=1635;DATE=24-08-14;TIME=00:27:15;STAT=201222;TMPA=20;TMPP=200;TMPB=24;TMPC=22;RHUA=82;DWPA=16;PTYP=1;PNAM=MS-80SH;PIRA=-1;PIRP=-1;PIRM=-1;PIRL=-2;PIRH=1;
SQNR=1650;DATE=24-08-14;TIME=00:27:30;STAT=201222;TMPA=20;TMPP=200;TMPB=24;TMPC=22;RHUA=81;DWPA=16;PTYP=1;PNAM=MS-80SH;PIRA=0;PIRP=-1;PIRM=-1;PIRL=-2;PIRH=1;
SQNR=1665;DATE=24-08-14;TIME=00:27:45;STAT=201222;TMPA=20;TMPP=201;TMPB=24;TMPC=22;RHUA=80;DWPA=16;PTYP=1;PNAM=MS-80SH;PIRA=-1;PIRP=-1;PIRM=-1;PIRL=-2;PIRH=1;
SQNR=1680;DATE=24-08-14;TIME=00:28:00;STAT=201222;TMPA=20;TMPP=201;TMPB=24;TMPC=22;RHUA=80;DWPA=16;PTYP=1;PNAM=MS-80SH;PIRA=-1;PIRP=-1;PIRM=-1;PIRL=-2;PIRH=1;
SQNR=1695;DATE=24-08-14;TIME=00:28:15;STAT=201222;TMPA=20;TMPP=202;TMPB=24;TMPC=22;RHUA=79;DWPA=16;PTYP=1;PNAM=MS-80SH;PIRA=-1;PIRP=-1;PIRM=-1;PIRL=-2;PIRH=1;
SQNR=1710;DATE=24-08-14;TIME=00:28:30;STAT=201222;TMPA=20;TMPP=202;TMPB=24;TMPC=22;RHUA=79;DWPA=16;PTYP=1;PNAM=MS-80SH;PIRA=-1;PIRP=-1;PIRM=-1;PIRL=-2;PIRH=1;
SQNR=1725;DATE=24-08-14;TIME=00:28:45;STAT=201222;TMPA=20;TMPP=202;TMPB=24;TMPC=22;RHUA=78;DWPA=16;PTYP=1;PNAM=MS-80SH;PIRA=0;PIRP=-1;PIRM=-1;PIRL=-2;PIRH=1;
SQNR=1740;DATE=24-08-14;TIME=00:29:00;STAT=201222;TMPA=20;TMPP=203;TMPB=24;TMPC=22;RHUA=78;DWPA=16;PTYP=1;PNAM=MS-80SH;PIRA=-1;PIRP=-1;PIRM=-1;PIRL=-2;PIRH=1;
SQNR=1755;DATE=24-08-14;TIME=00:29:15;STAT=201222;TMPA=20;TMPP=203;TMPB=24;TMPC=22;RHUA=78;DWPA=16;PTYP=1;PNAM=MS-80SH;PIRA=0;PIRP=-1;PIRM=-1;PIRL=-2;PIRH=1;
SQNR=1770;DATE=24-08-14;TIME=00:29:30;STAT=201222;TMPA=20;TMPP=203;TMPB=24;TMPC=22;RHUA=79;DWPA=16;PTYP=1;PNAM=MS-80SH;PIRA=-1;PIRP=0;PIRM=-1;PIRL=-2;PIRH=1;
SQNR=1785;DATE=24-08-14;TIME=00:29:45;STAT=201222;TMPA=20;TMPP=203;TMPB=24;TMPC=22;RHUA=78;DWPA=16;PTYP=1;PNAM=MS-80SH;PIRA=0;PIRP=0;PIRM=0;PIRL=-2;PIRH=1;
C-----;?
SQNR=1800;DATE=24-08-14;TIME=00:30:00;STAT=201222;TMPA=20;TMPP=203;TMPB=24;TMPC=22;RHUA=79;DWPA=16;PTYP=1;PNAM=MS-80SH;PIRA=0;PIRP=0;PIRM=0;PIRL=-2;PIRH=1;
V-----;SWVNR=2102190;SQNDL=1800;DATE=24-08-14;TIME=00:30:05;THTYP=85;TTEMP=15;TDEWP=5;IUFAN=800;ILFAN=5;IUHEA=3000;PYDEF=21;PYAVT=30;PYAVW=1;PYOST=0;MSDLY=15;FNDLY=30;OSTRG=3;DBGFL=0;ASIRE=0;DBGRE=0;MPPFL=-1;
SQNR=1815;DATE=24-08-14;TIME=00:30:15;STAT=201222;TMPA=20;TMPP=203;TMPB=24;TMPC=22;RHUA=79;DWPA=16;PTYP=1;PNAM=MS-80SH;PIRA=0;PIRP=0;PIRM=0;PIRL=-2;PIRH=1;
SQNR=1830;DATE=24-08-14;TIME=00:30:30;STAT=201222;TMPA=20;TMPP=202;TMPB=23;TMPC=22;RHUA=79;DWPA=16;PTYP=1;PNAM=MS-80SH;PIRA=1;PIRP=0;PIRM=0;PIRL=-2;PIRH=1;
SQNR=1845;DATE=24-08-14;TIME=00:30:45;STAT=201222;TMPA=20;TMPP=202;TMPB=23;TMPC=22;RHUA=79;DWPA=16;PTYP=1;PNAM=MS-80SH;PIRA=0;PIRP=0;PIRM=0;PIRL=-2;PIRH=1;
SQNR=1860;DATE=24-08-14;TIME=00:31:00;STAT=201222;TMPA=20;TMPP=201;TMPB=23;TMPC=22;RHUA=80;DWPA=16;PTYP=1;PNAM=MS-80SH;PIRA=0;PIRP=0;PIRM=0;PIRL=-2;PIRH=1;
SQNR=1875;DATE=24-08-14;TIME=00:31:15;STAT=201222;TMPA=20;TMPP=201;TMPB=23;TMPC=22;RHUA=79;DWPA=16;PTYP=1;PNAM=MS-80SH;PIRA=0;PIRP=0;PIRM=0;PIRL=-2;PIRH=1;
SQNR=1890;DATE=24-08-14;TIME=00:31:30;STAT=201222;TMPA=20;TMPP=201;TMPB=23;TMPC=22;RHUA=80;DWPA=16;PTYP=1;PNAM=MS-80SH;PIRA=0;PIRP=0;PIRM=0;PIRL=-2;PIRH=1;
SQNR=1905;DATE=24-08-14;TIME=00:31:45;STAT=201222;TMPA=20;TMPP=201;TMPB=23;TMPC=22;RHUA=80;DWPA=16;PTYP=1;PNAM=MS-80SH;PIRA=0;PIRP=0;PIRM=0;PIRL=-2;PIRH=1;
SQNR=1920;DATE=24-08-14;TIME=00:32:00;STAT=201222;TMPA=20;TMPP=201;TMPB=23;TMPC=22;RHUA=81;DWPA=16;PTYP=1;PNAM=MS-80SH;PIRA=0;PIRP=0;PIRM=0;PIRL=-2;PIRH=1;
SQNR=1935;DATE=24-08-14;TIME=00:32:15;STAT=201222;TMPA=20;TMPP=201;TMPB=23;TMPC=22;RHUA=80;DWPA=16;PTYP=1;PNAM=MS-80SH;PIRA=0;PIRP=0;PIRM=0;PIRL=-2;PIRH=1;
SQNR=1950;DATE=24-08-14;TIME=00:32:30;STAT=201222;TMPA=20;TMPP=200;TMPB=23;TMPC=22;RHUA=81;DWPA=16;PTYP=1;PNAM=MS-80SH;PIRA=0;PIRP=0;PIRM=0;PIRL=-2;PIRH=1;
SQNR=1965;DATE=24-08-14;TIME=00:32:45;STAT=201222;TMPA=20;TMPP=200;TMPB=23;TMPC=22;RHUA=81;DWPA=16;PTYP=1;PNAM=MS-80SH;PIRA=0;PIRP=0;PIRM=0;PIRL=-2;PIRH=1;
SQNR=1980;DATE=24-08-14;TIME=00:33:00;STAT=201222;TMPA=20;TMPP=200;TMPB=23;TMPC=22;RHUA=81;DWPA=16;PTYP=1;PNAM=MS-80SH;PIRA=0;PIRP=0;PIRM=0;PIRL=-2;PIRH=1;
SQNR=1995;DATE=24-08-14;TIME=00:33:15;STAT=201222;TMPA=20;TMPP=200;TMPB=23;TMPC=22;RHUA=81;DWPA=16;PTYP=1;PNAM=MS-80SH;PIRA=0;PIRP=0;PIRM=0;PIRL=-2;PIRH=1;
SQNR=2010;DATE=24-08-14;TIME=00:33:30;STAT=201222;TMPA=19;TMPP=199;TMPB=23;TMPC=22;RHUA=82;DWPA=16;PTYP=1;PNAM=MS-80SH;PIRA=0;PIRP=0;PIRM=0;PIRL=-2;PIRH=1;
SQNR=2025;DATE=24-08-14;TIME=00:33:45;STAT=201222;TMPA=19;TMPP=199;TMPB=23;TMPC=22;RHUA=82;DWPA=16;PTYP=1;PNAM=MS-80SH;PIRA=0;PIRP=0;PIRM=0;PIRL=-2;PIRH=1;
SQNR=2040;DATE=24-08-14;TIME=00:34:00;STAT=201222;TMPA=19;TMPP=199;TMPB=23;TMPC=22;RHUA=81;DWPA=16;PTYP=1;PNAM=MS-80SH;PIRA=0;PIRP=0;PIRM=0;PIRL=-2;PIRH=1;
SQNR=2055;DATE=24-08-14;TIME=00:34:15;STAT=201222;TMPA=19;TMPP=199;TMPB=24;TMPC=22;RHUA=79;DWPA=16;PTYP=1;PNAM=MS-80SH;PIRA=-1;PIRP=0;PIRM=0;PIRL=-2;PIRH=1;
SQNR=2070;DATE=24-08-14;TIME=00:34:30;STAT=201222;TMPA=20;TMPP=200;TMPB=24;TMPC=22;RHUA=79;DWPA=16;PTYP=1;PNAM=MS-80SH;PIRA=-1;PIRP=0;PIRM=0;PIRL=-2;PIRH=1;
SQNR=2085;DATE=24-08-14;TIME=00:34:45;STAT=201222;TMPA=20;TMPP=200;TMPB=24;TMPC=22;RHUA=80;DWPA=16;PTYP=1;PNAM=MS-80SH;PIRA=0;PIRP=-1;PIRM=0;PIRL=-2;PIRH=1;
SQNR=2100;DATE=24-08-14;TIME=00:35:00;STAT=201222;TMPA=20;TMPP=201;TMPB=24;TMPC=22;RHUA=78;DWPA=16;PTYP=1;PNAM=MS-80SH;PIRA=-1;PIRP=0;PIRM=0;PIRL=-2;PIRH=1;
C-----;?
V-----;SWVNR=2102190;SQNDL=2101;DATE=24-08-14;TIME=00:35:06;THTYP=85;TTEMP=15;TDEWP=5;IUFAN=800;ILFAN=5;IUHEA=3000;PYDEF=21;PYAVT=30;PYAVW=1;PYOST=0;MSDLY=15;FNDLY=30;OSTRG=3;DBGFL=0;ASIRE=0;DBGRE=0;MPPFL=-1;
SQNR=2115;DATE=24-08-14;TIME=00:35:15;STAT=201222;TMPA=20;TMPP=201;TMPB=24;TMPC=22;RHUA=78;DWPA=16;PTYP=1;PNAM=MS-80SH;PIRA=0;PIRP=0;PIRM=0;PIRL=-2;PIRH=1;
SQNR=2130;DATE=24-08-14;TIME=00:35:30;STAT=201222;TMPA=20;TMPP=202;TMPB=24;TMPC=22;RHUA=78;DWPA=16;PTYP=1;PNAM=MS-80SH;PIRA=-1;PIRP=0;PIRM=0;PIRL=-2;PIRH=1;
SQNR=2145;DATE=24-08-14;TIME=00:35:45;STAT=201222;TMPA=20;TMPP=202;TMPB=24;TMPC=22;RHUA=78;DWPA=16;PTYP=1;PNAM=MS-80SH;PIRA=-1;PIRP=0;PIRM=0;PIRL=-2;PIRH=1;
SQNR=2160;DATE=24-08-14;TIME=00:36:00;STAT=201222;TMPA=20;TMPP=203;TMPB=24;TMPC=22;RHUA=78;DWPA=16;PTYP=1;PNAM=MS-80SH;PIRA=0;PIRP=0;PIRM=-1;PIRL=-2;PIRH=1;
SQNR=2175;DATE=24-08-14;TIME=00:36:15;STAT=201222;TMPA=20;TMPP=203;TMPB=24;TMPC=22;RHUA=78;DWPA=16;PTYP=1;PNAM=MS-80SH;PIRA=-1;PIRP=-1;PIRM=0;PIRL=-2;PIRH=1;
SQNR=2190;DATE=24-08-14;TIME=00:36:30;STAT=201222;TMPA=20;TMPP=203;TMPB=24;TMPC=22;RHUA=77;DWPA=16;PTYP=1;PNAM=MS-80SH;PIRA=0;PIRP=0;PIRM=-1;PIRL=-2;PIRH=1;
SQNR=2205;DATE=24-08-14;TIME=00:36:45;STAT=201222;TMPA=20;TMPP=204;TMPB=24;TMPC=22;RHUA=77;DWPA=16;PTYP=1;PNAM=MS-80SH;PIRA=-1;PIRP=-1;PIRM=-1;PIRL=-2;PIRH=1;
SQNR=2220;DATE=24-08-14;TIME=00:37:00;STAT=201222;TMPA=20;TMPP=204;TMPB=24;TMPC=22;RHUA=77;DWPA=16;PTYP=1;PNAM=MS-80SH;PIRA=-1;PIRP=-1;PIRM=-1;PIRL=-2;PIRH=1;
SQNR=2235;DATE=24-08-14;TIME=00:37:15;STAT=201222;TMPA=20;TMPP=205;TMPB=24;TMPC=22;RHUA=77;DWPA=16;PTYP=1;PNAM=MS-80SH;PIRA=-1;PIRP=-1;PIRM=-1;PIRL=-2;PIRH=1;
SQNR=2250;DATE=24-08-14;TIME=00:37:30;STAT=201222;TMPA=20;TMPP=205;TMPB=24;TMPC=23;RHUA=78;DWPA=16;PTYP=1;PNAM=MS-80SH;PIRA=-1;PIRP=-1;PIRM=-1;PIRL=-2;PIRH=1;
SQNR=2265;DATE=24-08-14;TIME=00:37:45;STAT=201222;TMPA=20;TMPP=205;TMPB=24;TMPC=22;RHUA=78;DWPA=16;PTYP=1;PNAM=MS-80SH;PIRA=0;PIRP=-1;PIRM=-1;PIRL=-2;PIRH=1;
SQNR=2280;DATE=24-08-14;TIME=00:38:00;STAT=201222;TMPA=20;TMPP=205;TMPB=24;TMPC=23;RHUA=77;DWPA=16;PTYP=1;PNAM=MS-80SH;PIRA=-1;PIRP=-1;PIRM=-1;PIRL=-2;PIRH=1;
SQNR=2295;DATE=24-08-14;TIME=00:38:15;STAT=201222;TMPA=20;TMPP=205;TMPB=24;TMPC=23;RHUA=78;DWPA=16;PTYP=1;PNAM=MS-80SH;PIRA=0;PIRP=-1;PIRM=-1;PIRL=-2;PIRH=1;
SQNR=2310;DATE=24-08-14;TIME=00:38:30;STAT=201222;TMPA=20;TMPP=205;TMPB=24;TMPC=23;RHUA=78;DWPA=16;PTYP=1;PNAM=MS-80SH;PIRA=-1;PIRP=-1;PIRM=-1;PIRL=-2;PIRH=1;
SQNR=2325;DATE=24-08-14;TIME=00:38:45;STAT=201222;TMPA=20;TMPP=205;TMPB=24;TMPC=23;RHUA=78;DWPA=16;PTYP=1;PNAM=MS-80SH;PIRA=-1;PIRP=-1;PIRM=-1;PIRL=-2;PIRH=1;
SQNR=2340;DATE=24-08-14;TIME=00:39:00;STAT=201222;TMPA=20;TMPP=205;TMPB=24;TMPC=23;RHUA=78;DWPA=16;PTYP=1;PNAM=MS-80SH;PIRA=-1;PIRP=-1;PIRM=-1;PIRL=-2;PIRH=1;
SQNR=2355;DATE=24-08-14;TIME=00:39:15;STAT=201222;TMPA=20;TMPP=206;TMPB=24;TMPC=23;RHUA=78;DWPA=16;PTYP=1;PNAM=MS-80SH;PIRA=-1;PIRP=-1;PIRM=-1;PIRL=-2;PIRH=1;
SQNR=2370;DATE=24-08-14;TIME=00:39:30;STAT=201222;TMPA=20;TMPP=207;TMPB=24;TMPC=23;RHUA=78;DWPA=16;PTYP=1;PNAM=MS-80SH;PIRA=0;PIRP=-1;PIRM=-1;PIRL=-2;PIRH=1;
SQNR=2385;DATE=24-08-14;TIME=00:39:45;STAT=201222;TMPA=20;TMPP=207;TMPB=24;TMPC=23;RHUA=78;DWPA=16;PTYP=1;PNAM=MS-80SH;PIRA=-1;PIRP=-1;PIRM=-1;PIRL=-2;PIRH=1;
SQNR=2400;DATE=24-08-14;TIME=00:40:00;STAT=201222;TMPA=20;TMPP=207;TMPB=24;TMPC=23;RHUA=78;DWPA=16;PTYP=1;PNAM=MS-80SH;PIRA=-1;PIRP=-1;PIRM=-1;PIRL=-2;PIRH=1;
C-----;?
V-----;SWVNR=2102190;SQNDL=2401;DATE=24-08-14;TIME=00:40:06;THTYP=85;TTEMP=15;TDEWP=5;IUFAN=800;ILFAN=5;IUHEA=3000;PYDEF=21;PYAVT=30;PYAVW=1;PYOST=0;MSDLY=15;FNDLY=30;OSTRG=3;DBGFL=0;ASIRE=0;DBGRE=0;MPPFL=-1;
SQNR=2415;DATE=24-08-14;TIME=00:40:15;STAT=201222;TMPA=20;TMPP=207;TMPB=24;TMPC=23;RHUA=79;DWPA=17;PTYP=1;PNAM=MS-80SH;PIRA=-1;PIRP=-1;PIRM=-1;PIRL=-2;PIRH=1;
SQNR=2430;DATE=24-08-14;TIME=00:40:30;STAT=201222;TMPA=20;TMPP=208;TMPB=24;TMPC=23;RHUA=79;DWPA=17;PTYP=1;PNAM=MS-80SH;PIRA=-1;PIRP=-1;PIRM=-1;PIRL=-2;PIRH=1;
SQNR=2445;DATE=24-08-14;TIME=00:40:45;STAT=201222;TMPA=20;TMPP=207;TMPB=24;TMPC=23;RHUA=80;DWPA=17;PTYP=1;PNAM=MS-80SH;PIRA=0;PIRP=-1;PIRM=-1;PIRL=-2;PIRH=1;
SQNR=2460;DATE=24-08-14;TIME=00:41:00;STAT=201222;TMPA=20;TMPP=207;TMPB=23;TMPC=23;RHUA=80;DWPA=17;PTYP=1;PNAM=MS-80SH;PIRA=0;PIRP=-1;PIRM=-1;PIRL=-2;PIRH=1;
SQNR=2475;DATE=24-08-14;TIME=00:41:15;STAT=201222;TMPA=20;TMPP=207;TMPB=23;TMPC=23;RHUA=80;DWPA=17;PTYP=1;PNAM=MS-80SH;PIRA=0;PIRP=0;PIRM=0;PIRL=-2;PIRH=1;
SQNR=2490;DATE=24-08-14;TIME=00:41:30;STAT=201222;TMPA=20;TMPP=206;TMPB=23;TMPC=23;RHUA=80;DWPA=17;PTYP=1;PNAM=MS-80SH;PIRA=0;PIRP=0;PIRM=0;PIRL=-2;PIRH=1;
SQNR=2505;DATE=24-08-14;TIME=00:41:45;STAT=201222;TMPA=20;TMPP=205;TMPB=23;TMPC=23;RHUA=80;DWPA=17;PTYP=1;PNAM=MS-80SH;PIRA=0;PIRP=0;PIRM=0;PIRL=-2;PIRH=1;
SQNR=2520;DATE=24-08-14;TIME=00:42:00;STAT=201222;TMPA=20;TMPP=205;TMPB=23;TMPC=23;RHUA=80;DWPA=17;PTYP=1;PNAM=MS-80SH;PIRA=1;PIRP=0;PIRM=0;PIRL=-2;PIRH=1;
SQNR=2535;DATE=24-08-14;TIME=00:42:15;STAT=201222;TMPA=20;TMPP=204;TMPB=23;TMPC=23;RHUA=80;DWPA=17;PTYP=1;PNAM=MS-80SH;PIRA=0;PIRP=0;PIRM=0;PIRL=-2;PIRH=1;
SQNR=2550;DATE=24-08-14;TIME=00:42:30;STAT=201222;TMPA=20;TMPP=203;TMPB=23;TMPC=22;RHUA=81;DWPA=17;PTYP=1;PNAM=MS-80SH;PIRA=1;PIRP=0;PIRM=0;PIRL=-2;PIRH=1;
SQNR=2565;DATE=24-08-14;TIME=00:42:45;STAT=201222;TMPA=20;TMPP=203;TMPB=23;TMPC=22;RHUA=80;DWPA=16;PTYP=1;PNAM=MS-80SH;PIRA=0;PIRP=0;PIRM=0;PIRL=-2;PIRH=1;
SQNR=2580;DATE=24-08-14;TIME=00:43:00;STAT=201222;TMPA=20;TMPP=203;TMPB=23;TMPC=22;RHUA=80;DWPA=16;PTYP=1;PNAM=MS-80SH;PIRA=0;PIRP=0;PIRM=0;PIRL=-2;PIRH=1;
SQNR=2595;DATE=24-08-14;TIME=00:43:15;STAT=201222;TMPA=20;TMPP=202;TMPB=23;TMPC=22;RHUA=81;DWPA=16;PTYP=1;PNAM=MS-80SH;PIRA=-1;PIRP=-1;PIRM=-1;PIRL=-1;PIRH=0;
SQNR=2610;DATE=24-08-14;TIME=00:43:30;STAT=201222;TMPA=20;TMPP=202;TMPB=23;TMPC=22;RHUA=80;DWPA=16;PTYP=1;PNAM=MS-80SH;PIRA=-1;PIRP=0;PIRM=0;PIRL=-1;PIRH=0;
SQNR=2625;DATE=24-08-14;TIME=00:43:45;STAT=201222;TMPA=20;TMPP=202;TMPB=23;TMPC=22;RHUA=81;DWPA=16;PTYP=1;PNAM=MS-80SH;PIRA=0;PIRP=0;PIRM=0;PIRL=-1;PIRH=0;
SQNR=2640;DATE=24-08-14;TIME=00:44:00;STAT=201222;TMPA=20;TMPP=202;TMPB=23;TMPC=22;RHUA=79;DWPA=16;PTYP=1;PNAM=MS-80SH;PIRA=-1;PIRP=-1;PIRM=-1;PIRL=-1;PIRH=0;
SQNR=2655;DATE=24-08-14;TIME=00:44:15;STAT=201222;TMPA=20;TMPP=202;TMPB=23;TMPC=22;RHUA=80;DWPA=16;PTYP=1;PNAM=MS-80SH;PIRA=-1;PIRP=-1;PIRM=-1;PIRL=-1;PIRH=0;
SQNR=2670;DATE=24-08-14;TIME=00:44:30;STAT=201222;TMPA=20;TMPP=202;TMPB=24;TMPC=22;RHUA=80;DWPA=16;PTYP=1;PNAM=MS-80SH;PIRA=-1;PIRP=-1;PIRM=-1;PIRL=-1;PIRH=0;
SQNR=2685;DATE=24-08-14;TIME=00:44:45;STAT=201222;TMPA=20;TMPP=202;TMPB=24;TMPC=22;RHUA=80;DWPA=16;PTYP=1;PNAM=MS-80SH;PIRA=-1;PIRP=-1;PIRM=-1;PIRL=-1;PIRH=0;
SQNR=2700;DATE=24-08-14;TIME=00:45:00;STAT=201222;TMPA=20;TMPP=203;TMPB=24;TMPC=22;RHUA=78;DWPA=16;PTYP=1;PNAM=MS-80SH;PIRA=0;PIRP=-1;PIRM=-1;PIRL=-2;PIRH=0;
C-----;?
V-----;SWVNR=2102190;SQNDL=2701;DATE=24-08-14;TIME=00:45:06;THTYP=85;TTEMP=15;TDEWP=5;IUFAN=800;ILFAN=5;IUHEA=3000;PYDEF=21;PYAVT=30;PYAVW=1;PYOST=0;MSDLY=15;FNDLY=30;OSTRG=3;DBGFL=0;ASIRE=0;DBGRE=0;MPPFL=-1;
SQNR=2715;DATE=24-08-14;TIME=00:45:15;STAT=201222;TMPA=20;TMPP=204;TMPB=24;TMPC=23;RHUA=77;DWPA=16;PTYP=1;PNAM=MS-80SH;PIRA=-1;PIRP=-1;PIRM=-1;PIRL=-2;PIRH=0;
SQNR=2730;DATE=24-08-14;TIME=00:45:30;STAT=201222;TMPA=20;TMPP=204;TMPB=24;TMPC=23;RHUA=79;DWPA=16;PTYP=1;PNAM=MS-80SH;PIRA=0;PIRP=-1;PIRM=-1;PIRL=-2;PIRH=0;
SQNR=2745;DATE=24-08-14;TIME=00:45:45;STAT=201222;TMPA=20;TMPP=204;TMPB=24;TMPC=23;RHUA=78;DWPA=16;PTYP=1;PNAM=MS-80SH;PIRA=-1;PIRP=-1;PIRM=-1;PIRL=-2;PIRH=0;
SQNR=2760;DATE=24-08-14;TIME=00:46:00;STAT=201222;TMPA=20;TMPP=205;TMPB=24;TMPC=23;RHUA=78;DWPA=16;PTYP=1;PNAM=MS-80SH;PIRA=-1;PIRP=-1;PIRM=-1;PIRL=-2;PIRH=0;
SQNR=2775;DATE=24-08-14;TIME=00:46:15;STAT=201222;TMPA=20;TMPP=205;TMPB=24;TMPC=23;RHUA=78;DWPA=16;PTYP=1;PNAM=MS-80SH;PIRA=-1;PIRP=-1;PIRM=-1;PIRL=-2;PIRH=0;
SQNR=2790;DATE=24-08-14;TIME=00:46:30;STAT=201222;TMPA=20;TMPP=205;TMPB=24;TMPC=23;RHUA=79;DWPA=16;PTYP=1;PNAM=MS-80SH;PIRA=-1;PIRP=-1;PIRM=-1;PIRL=-2;PIRH=0;
SQNR=2805;DATE=24-08-14;TIME=00:46:45;STAT=201222;TMPA=20;TMPP=205;TMPB=24;TMPC=23;RHUA=78;DWPA=16;PTYP=1;PNAM=MS-80SH;PIRA=-1;PIRP=-1;PIRM=-1;PIRL=-2;PIRH=0;
SQNR=2820;DATE=24-08-14;TIME=00:47:00;STAT=201222;TMPA=20;TMPP=206;TMPB=24;TMPC=23;RHUA=77;DWPA=16;PTYP=1;PNAM=MS-80SH;PIRA=-1;PIRP=-1;PIRM=-1;PIRL=-2;PIRH=0;
SQNR=2835;DATE=24-08-14;TIME=00:47:15;STAT=201222;TMPA=20;TMPP=206;TMPB=24;TMPC=23;RHUA=77;DWPA=16;PTYP=1;PNAM=MS-80SH;PIRA=-1;PIRP=-1;PIRM=-1;PIRL=-2;PIRH=0;
SQNR=2850;DATE=24-08-14;TIME=00:47:30;STAT=201222;TMPA=20;TMPP=206;TMPB=24;TMPC=23;RHUA=77;DWPA=16;PTYP=1;PNAM=MS-80SH;PIRA=-1;PIRP=-1;PIRM=-1;PIRL=-2;PIRH=0;
SQNR=2865;DATE=24-08-14;TIME=00:47:45;STAT=201222;TMPA=20;TMPP=206;TMPB=24;TMPC=23;RHUA=77;DWPA=16;PTYP=1;PNAM=MS-80SH;PIRA=-1;PIRP=-1;PIRM=-1;PIRL=-2;PIRH=0;
SQNR=2880;DATE=24-08-14;TIME=00:48:00;STAT=201222;TMPA=20;TMPP=206;TMPB=24;TMPC=23;RHUA=76;DWPA=16;PTYP=1;PNAM=MS-80SH;PIRA=-1;PIRP=-1;PIRM=-1;PIRL=-2;PIRH=0;
SQNR=2895;DATE=24-08-14;TIME=00:48:15;STAT=201222;TMPA=20;TMPP=207;TMPB=24;TMPC=23;RHUA=77;DWPA=16;PTYP=1;PNAM=MS-80SH;PIRA=-1;PIRP=-1;PIRM=-1;PIRL=-2;PIRH=0;
SQNR=2910;DATE=24-08-14;TIME=00:48:30;STAT=201222;TMPA=20;TMPP=207;TMPB=24;TMPC=23;RHUA=77;DWPA=16;PTYP=1;PNAM=MS-80SH;PIRA=-1;PIRP=-1;PIRM=-1;PIRL=-2;PIRH=0;
SQNR=2925;DATE=24-08-14;TIME=00:48:45;STAT=201222;TMPA=20;TMPP=207;TMPB=24;TMPC=23;RHUA=77;DWPA=16;PTYP=1;PNAM=MS-80SH;PIRA=-1;PIRP=-1;PIRM=-1;PIRL=-2;PIRH=0;
SQNR=2940;DATE=24-08-14;TIME=00:49:00;STAT=201222;TMPA=20;TMPP=207;TMPB=24;TMPC=23;RHUA=77;DWPA=16;PTYP=1;PNAM=MS-80SH;PIRA=-1;PIRP=-1;PIRM=-1;PIRL=-2;PIRH=0;
SQNR=2955;DATE=24-08-14;TIME=00:49:15;STAT=201222;TMPA=20;TMPP=207;TMPB=25;TMPC=23;RHUA=77;DWPA=16;PTYP=1;PNAM=MS-80SH;PIRA=-1;PIRP=-1;PIRM=-1;PIRL=-2;PIRH=0;
SQNR=2970;DATE=24-08-14;TIME=00:49:30;STAT=201222;TMPA=20;TMPP=208;TMPB=25;TMPC=23;RHUA=77;DWPA=16;PTYP=1;PNAM=MS-80SH;PIRA=-1;PIRP=-1;PIRM=-1;PIRL=-2;PIRH=0;
SQNR=2985;DATE=24-08-14;TIME=00:49:45;STAT=201222;TMPA=20;TMPP=208;TMPB=25;TMPC=23;RHUA=77;DWPA=16;PTYP=1;PNAM=MS-80SH;PIRA=-1;PIRP=-1;PIRM=-1;PIRL=-2;PIRH=0;
SQNR=3000;DATE=24-08-14;TIME=00:50:00;STAT=201222;TMPA=20;TMPP=209;TMPB=25;TMPC=23;RHUA=77;DWPA=16;PTYP=1;PNAM=MS-80SH;PIRA=-2;PIRP=-1;PIRM=-1;PIRL=-2;PIRH=0;
C-----;?
V-----;SWVNR=2102190;SQNDL=3001;DATE=24-08-14;TIME=00:50:06;THTYP=85;TTEMP=15;TDEWP=5;IUFAN=800;ILFAN=5;IUHEA=3000;PYDEF=21;PYAVT=30;PYAVW=1;PYOST=0;MSDLY=15;FNDLY=30;OSTRG=3;DBGFL=0;ASIRE=0;DBGRE=0;MPPFL=-1;
SQNR=3015;DATE=24-08-14;TIME=00:50:15;STAT=201222;TMPA=20;TMPP=209;TMPB=25;TMPC=23;RHUA=77;DWPA=16;PTYP=1;PNAM=MS-80SH;PIRA=-1;PIRP=-1;PIRM=-1;PIRL=-2;PIRH=0;
SQNR=3030;DATE=24-08-14;TIME=00:50:30;STAT=201222;TMPA=20;TMPP=209;TMPB=24;TMPC=23;RHUA=77;DWPA=16;PTYP=1;PNAM=MS-80SH;PIRA=-1;PIRP=-1;PIRM=-1;PIRL=-2;PIRH=0;
SQNR=3045;DATE=24-08-14;TIME=00:50:45;STAT=201222;TMPA=20;TMPP=209;TMPB=24;TMPC=23;RHUA=77;DWPA=16;PTYP=1;PNAM=MS-80SH;PIRA=-1;PIRP=-1;PIRM=-1;PIRL=-2;PIRH=0;
SQNR=3060;DATE=24-08-14;TIME=00:51:00;STAT=201222;TMPA=20;TMPP=209;TMPB=24;TMPC=23;RHUA=77;DWPA=16;PTYP=1;PNAM=MS-80SH;PIRA=-1;PIRP=-1;PIRM=-1;PIRL=-2;PIRH=0;
SQNR=3075;DATE=24-08-14;TIME=00:51:15;STAT=201222;TMPA=20;TMPP=209;TMPB=23;TMPC=23;RHUA=77;DWPA=16;PTYP=1;PNAM=MS-80SH;PIRA=0;PIRP=-1;PIRM=-1;PIRL=-2;PIRH=0;
SQNR=3090;DATE=24-08-14;TIME=00:51:30;STAT=201222;TMPA=20;TMPP=209;TMPB=23;TMPC=23;RHUA=77;DWPA=16;PTYP=1;PNAM=MS-80SH;PIRA=-1;PIRP=-1;PIRM=-1;PIRL=-2;PIRH=0;
SQNR=3105;DATE=24-08-14;TIME=00:51:45;STAT=201222;TMPA=20;TMPP=209;TMPB=23;TMPC=23;RHUA=77;DWPA=16;PTYP=1;PNAM=MS-80SH;PIRA=-1;PIRP=-1;PIRM=-1;PIRL=-1;PIRH=0;
SQNR=3120;DATE=24-08-14;TIME=00:52:00;STAT=201222;TMPA=20;TMPP=208;TMPB=23;TMPC=23;RHUA=77;DWPA=16;PTYP=1;PNAM=MS-80SH;PIRA=0;PIRP=0;PIRM=0;PIRL=0;PIRH=0;
SQNR=3135;DATE=24-08-14;TIME=00:52:15;STAT=201222;TMPA=20;TMPP=207;TMPB=23;TMPC=23;RHUA=77;DWPA=16;PTYP=1;PNAM=MS-80SH;PIRA=1;PIRP=0;PIRM=0;PIRL=-1;PIRH=1;
SQNR=3150;DATE=24-08-14;TIME=00:52:30;STAT=201222;TMPA=20;TMPP=206;TMPB=23;TMPC=23;RHUA=78;DWPA=16;PTYP=1;PNAM=MS-80SH;PIRA=0;PIRP=0;PIRM=0;PIRL=-1;PIRH=1;
SQNR=3165;DATE=24-08-14;TIME=00:52:45;STAT=201222;TMPA=20;TMPP=205;TMPB=23;TMPC=23;RHUA=79;DWPA=16;PTYP=1;PNAM=MS-80SH;PIRA=1;PIRP=0;PIRM=0;PIRL=-1;PIRH=1;
SQNR=3180;DATE=24-08-14;TIME=00:53:00;STAT=201222;TMPA=20;TMPP=204;TMPB=22;TMPC=23;RHUA=79;DWPA=16;PTYP=1;PNAM=MS-80SH;PIRA=0;PIRP=0;PIRM=0;PIRL=-1;PIRH=1;
SQNR=3195;DATE=24-08-14;TIME=00:53:15;STAT=201222;TMPA=20;TMPP=203;TMPB=22;TMPC=23;RHUA=80;DWPA=16;PTYP=1;PNAM=MS-80SH;PIRA=0;PIRP=0;PIRM=0;PIRL=-1;PIRH=1;
SQNR=3210;DATE=24-08-14;TIME=00:53:30;STAT=201222;TMPA=20;TMPP=201;TMPB=22;TMPC=23;RHUA=81;DWPA=16;PTYP=1;PNAM=MS-80SH;PIRA=1;PIRP=1;PIRM=0;PIRL=-1;PIRH=1;
SQNR=3225;DATE=24-08-14;TIME=00:53:45;STAT=201222;TMPA=20;TMPP=200;TMPB=22;TMPC=23;RHUA=81;DWPA=16;PTYP=1;PNAM=MS-80SH;PIRA=0;PIRP=1;PIRM=1;PIRL=0;PIRH=1;
SQNR=3240;DATE=24-08-14;TIME=00:54:00;STAT=201222;TMPA=19;TMPP=199;TMPB=22;TMPC=23;RHUA=82;DWPA=16;PTYP=1;PNAM=MS-80SH;PIRA=1;PIRP=1;PIRM=1;PIRL=0;PIRH=1;
SQNR=3255;DATE=24-08-14;TIME=00:54:15;STAT=201222;TMPA=19;TMPP=198;TMPB=22;TMPC=22;RHUA=83;DWPA=16;PTYP=1;PNAM=MS-80SH;PIRA=0;PIRP=0;PIRM=1;PIRL=0;PIRH=1;
SQNR=3270;DATE=24-08-14;TIME=00:54:30;STAT=201222;TMPA=19;TMPP=196;TMPB=22;TMPC=22;RHUA=83;DWPA=16;PTYP=1;PNAM=MS-80SH;PIRA=0;PIRP=0;PIRM=1;PIRL=0;PIRH=1;
SQNR=3285;DATE=24-08-14;TIME=00:54:45;STAT=201222;TMPA=19;TMPP=195;TMPB=22;TMPC=22;RHUA=83;DWPA=16;PTYP=1;PNAM=MS-80SH;PIRA=0;PIRP=0;PIRM=0;PIRL=0;PIRH=0;
C-----;?
SQNR=3300;DATE=24-08-14;TIME=00:55:00;STAT=201222;TMPA=19;TMPP=195;TMPB=22;TMPC=22;RHUA=84;DWPA=16;PTYP=1;PNAM=MS-80SH;PIRA=0;PIRP=0;PIRM=0;PIRL=0;PIRH=1;
SQNR=3315;DATE=24-08-14;TIME=00:55:15;STAT=201222;TMPA=19;TMPP=194;TMPB=22;TMPC=22;RHUA=83;DWPA=16;PTYP=1;PNAM=MS-80SH;PIRA=0;PIRP=0;PIRM=0;PIRL=-1;PIRH=1;
SQNR=3330;DATE=24-08-14;TIME=00:55:30;STAT=207222;TMPA=19;TMPP=194;TMPB=22;TMPC=22;RHUA=84;DWPA=16;PTYP=1;PNAM=NotCon;PIRA=9999;PIRP=9999;PIRM=9999;PIRL=9999;PIRH=9999;
SQNR=3345;DATE=24-08-14;TIME=00:55:45;STAT=201222;TMPA=19;TMPP=193;TMPB=22;TMPC=22;RHUA=84;DWPA=16;PTYP=1;PNAM=NotCon;PIRA=9999;PIRP=9999;PIRM=9999;PIRL=9999;PIRH=9999;
SQNR=3360;DATE=24-08-14;TIME=00:56:00;STAT=201222;TMPA=19;TMPP=193;TMPB=23;TMPC=22;RHUA=84;DWPA=16;PTYP=1;PNAM=MS-80SH;PIRA=-1;PIRP=0;PIRM=0;PIRL=-1;PIRH=0;
SQNR=3375;DATE=24-08-14;TIME=00:56:15;STAT=201222;TMPA=19;TMPP=193;TMPB=23;TMPC=22;RHUA=84;DWPA=16;PTYP=1;PNAM=MS-80SH;PIRA=0;PIRP=0;PIRM=0;PIRL=-1;PIRH=0;
SQNR=3390;DATE=24-08-14;TIME=00:56:30;STAT=201222;TMPA=19;TMPP=193;TMPB=23;TMPC=22;RHUA=84;DWPA=16;PTYP=1;PNAM=MS-80SH;PIRA=0;PIRP=0;PIRM=0;PIRL=-1;PIRH=0;
SQNR=3405;DATE=24-08-14;TIME=00:56:45;STAT=201222;TMPA=19;TMPP=193;TMPB=23;TMPC=22;RHUA=84;DWPA=16;PTYP=1;PNAM=MS-80SH;PIRA=-1;PIRP=0;PIRM=0;PIRL=-1;PIRH=0;
SQNR=3420;DATE=24-08-14;TIME=00:57:00;STAT=201222;TMPA=19;TMPP=193;TMPB=23;TMPC=22;RHUA=84;DWPA=16;PTYP=1;PNAM=MS-80SH;PIRA=0;PIRP=0;PIRM=0;PIRL=0;PIRH=0;
SQNR=3435;DATE=24-08-14;TIME=00:57:15;STAT=201222;TMPA=19;TMPP=194;TMPB=23;TMPC=22;RHUA=84;DWPA=16;PTYP=1;PNAM=NotCon;PIRA=9999;PIRP=9999;PIRM=9999;PIRL=9999;PIRH=9999;
SQNR=3450;DATE=24-08-14;TIME=00:57:30;STAT=201222;TMPA=19;TMPP=194;TMPB=23;TMPC=22;RHUA=84;DWPA=16;PTYP=1;PNAM=MS-80SH;PIRA=0;PIRP=0;PIRM=0;PIRL=-1;PIRH=0;
SQNR=3465;DATE=24-08-14;TIME=00:57:45;STAT=201222;TMPA=19;TMPP=194;TMPB=23;TMPC=22;RHUA=83;DWPA=16;PTYP=1;PNAM=MS-80SH;PIRA=-1;PIRP=0;PIRM=-1;PIRL=-1;PIRH=0;
SQNR=3480;DATE=24-08-14;TIME=00:58:00;STAT=201222;TMPA=19;TMPP=194;TMPB=23;TMPC=22;RHUA=83;DWPA=16;PTYP=1;PNAM=MS-80SH;PIRA=0;PIRP=0;PIRM=0;PIRL=-1;PIRH=0;
SQNR=3495;DATE=24-08-14;TIME=00:58:15;STAT=207222;TMPA=19;TMPP=194;TMPB=23;TMPC=22;RHUA=83;DWPA=16;PTYP=1;PNAM=MS-80SH;PIRA=0;PIRP=0;PIRM=0;PIRL=0;PIRH=0;
SQNR=3510;DATE=24-08-14;TIME=00:58:30;STAT=201222;TMPA=19;TMPP=194;TMPB=23;TMPC=22;RHUA=83;DWPA=16;PTYP=1;PNAM=MS-80SH;PIRA=0;PIRP=0;PIRM=0;PIRL=-1;PIRH=0;
SQNR=3525;DATE=24-08-14;TIME=00:58:45;STAT=201222;TMPA=19;TMPP=194;TMPB=23;TMPC=22;RHUA=83;DWPA=16;PTYP=1;PNAM=MS-80SH;PIRA=0;PIRP=0;PIRM=0;PIRL=-1;PIRH=0;
SQNR=3540;DATE=24-08-14;TIME=00:59:00;STAT=201222;TMPA=19;TMPP=194;TMPB=23;TMPC=22;RHUA=84;DWPA=16;PTYP=1;PNAM=MS-80SH;PIRA=-1;PIRP=0;PIRM=0;PIRL=-1;PIRH=0;
SQNR=3555;DATE=24-08-14;TIME=00:59:15;STAT=207222;TMPA=19;TMPP=194;TMPB=23;TMPC=22;RHUA=84;DWPA=16;PTYP=1;PNAM=MS-80SH;PIRA=0;PIRP=0;PIRM=0;PIRL=0;PIRH=0;
SQNR=3570;DATE=24-08-14;TIME=00:59:30;STAT=201222;TMPA=19;TMPP=193;TMPB=23;TMPC=22;RHUA=84;DWPA=16;PTYP=1;PNAM=MS-80SH;PIRA=0;PIRP=0;PIRM=0;PIRL=-1;PIRH=0;
SQNR=3585;DATE=24-08-14;TIME=00:59:45;STAT=201222;TMPA=19;TMPP=193;TMPB=23;TMPC=22;RHUA=85;DWPA=16;PTYP=1;PNAM=MS-80SH;PIRA=0;PIRP=0;PIRM=0;PIRL=-1;PIRH=0;

C-----;?
SQNR=3600;DATE=24-08-14;TIME=01:00:00;STAT=201222;TMPA=19;TMPP=193;TMPB=23;TMPC=22;RHUA=84;DWPA=16;PTYP=1;PNAM=MS-80SH;PIRA=0;PIRP=0;PIRM=0;PIRL=-1;PIRH=0;
V-----;SWVNR=2102190;SQNDL=3601;DATE=24-08-14;TIME=01:00:06;THTYP=85;TTEMP=15;TDEWP=5;IUFAN=800;ILFAN=5;IUHEA=3000;PYDEF=21;PYAVT=30;PYAVW=1;PYOST=0;MSDLY=15;FNDLY=30;OSTRG=3;DBGFL=0;ASIRE=0;DBGRE=0;MPPFL=-1;
SQNR=3615;DATE=24-08-14;TIME=01:00:15;STAT=201222;TMPA=19;TMPP=193;TMPB=23;TMPC=22;RHUA=83;DWPA=16;PTYP=1;PNAM=MS-80SH;PIRA=-1;PIRP=0;PIRM=0;PIRL=-1;PIRH=0;
SQNR=3630;DATE=24-08-14;TIME=01:00:30;STAT=201222;TMPA=19;TMPP=193;TMPB=23;TMPC=22;RHUA=83;DWPA=16;PTYP=1;PNAM=MS-80SH;PIRA=-1;PIRP=-1;PIRM=-1;PIRL=-1;PIRH=0;
SQNR=3645;DATE=24-08-14;TIME=01:00:45;STAT=201222;TMPA=19;TMPP=193;TMPB=23;TMPC=22;RHUA=83;DWPA=16;PTYP=1;PNAM=MS-80SH;PIRA=-1;PIRP=-1;PIRM=-1;PIRL=-1;PIRH=0;
C-----;P1001
P-----;DATE=24-08-14;TIME=01:00:46;PSNR=23059772;PTMP=232;PRHU=6;PSTX=-23;PSTY=15;
SQNR=3660;DATE=24-08-14;TIME=01:01:00;STAT=201222;TMPA=19;TMPP=193;TMPB=23;TMPC=22;RHUA=84;DWPA=16;PTYP=1;PNAM=MS-80SH;PIRA=-1;PIRP=0;PIRM=0;PIRL=-1;PIRH=0;
SQNR=3675;DATE=24-08-14;TIME=01:01:15;STAT=201222;TMPA=19;TMPP=193;TMPB=23;TMPC=22;RHUA=83;DWPA=16;PTYP=1;PNAM=MS-80SH;PIRA=0;PIRP=0;PIRM=0;PIRL=-1;PIRH=0;
SQNR=3690;DATE=24-08-14;TIME=01:01:30;STAT=201222;TMPA=19;TMPP=194;TMPB=23;TMPC=22;RHUA=83;DWPA=16;PTYP=1;PNAM=MS-80SH;PIRA=-1;PIRP=0;PIRM=0;PIRL=-1;PIRH=0;
SQNR=3705;DATE=24-08-14;TIME=01:01:45;STAT=201222;TMPA=19;TMPP=194;TMPB=23;TMPC=22;RHUA=83;DWPA=16;PTYP=1;PNAM=MS-80SH;PIRA=0;PIRP=0;PIRM=0;PIRL=-1;PIRH=0;
SQNR=3720;DATE=24-08-14;TIME=01:02:00;STAT=201222;TMPA=19;TMPP=195;TMPB=23;TMPC=22;RHUA=84;DWPA=16;PTYP=1;PNAM=MS-80SH;PIRA=-1;PIRP=-1;PIRM=-1;PIRL=-1;PIRH=0;
SQNR=3735;DATE=24-08-14;TIME=01:02:15;STAT=201222;TMPA=19;TMPP=195;TMPB=23;TMPC=22;RHUA=83;DWPA=16;PTYP=1;PNAM=MS-80SH;PIRA=-1;PIRP=-1;PIRM=-1;PIRL=-1;PIRH=0;
SQNR=3750;DATE=24-08-14;TIME=01:02:30;STAT=201222;TMPA=19;TMPP=195;TMPB=23;TMPC=22;RHUA=83;DWPA=16;PTYP=1;PNAM=MS-80SH;PIRA=0;PIRP=-1;PIRM=-1;PIRL=-1;PIRH=0;
SQNR=3765;DATE=24-08-14;TIME=01:02:45;STAT=201222;TMPA=19;TMPP=196;TMPB=23;TMPC=22;RHUA=82;DWPA=16;PTYP=1;PNAM=MS-80SH;PIRA=-1;PIRP=-1;PIRM=-1;PIRL=-1;PIRH=0;
SQNR=3780;DATE=24-08-14;TIME=01:03:00;STAT=201222;TMPA=19;TMPP=195;TMPB=23;TMPC=22;RHUA=82;DWPA=16;PTYP=1;PNAM=MS-80SH;PIRA=0;PIRP=-1;PIRM=-1;PIRL=-1;PIRH=0;
SQNR=3795;DATE=24-08-14;TIME=01:03:15;STAT=201222;TMPA=19;TMPP=196;TMPB=23;TMPC=22;RHUA=82;DWPA=16;PTYP=1;PNAM=NotCon;PIRA=9999;PIRP=9999;PIRM=9999;PIRL=9999;PIRH=9999;
SQNR=3810;DATE=24-08-14;TIME=01:03:30;STAT=201222;TMPA=19;TMPP=196;TMPB=23;TMPC=22;RHUA=83;DWPA=16;PTYP=1;PNAM=MS-80SH;PIRA=0;PIRP=0;PIRM=0;PIRL=-1;PIRH=0;
SQNR=3825;DATE=24-08-14;TIME=01:03:45;STAT=201222;TMPA=19;TMPP=195;TMPB=23;TMPC=22;RHUA=82;DWPA=16;PTYP=1;PNAM=MS-80SH;PIRA=0;PIRP=0;PIRM=0;PIRL=-1;PIRH=0;
SQNR=3840;DATE=24-08-14;TIME=01:04:00;STAT=201222;TMPA=19;TMPP=196;TMPB=23;TMPC=22;RHUA=82;DWPA=16;PTYP=1;PNAM=NotCon;PIRA=9999;PIRP=9999;PIRM=9999;PIRL=9999;PIRH=9999;
SQNR=3855;DATE=24-08-14;TIME=01:04:15;STAT=201222;TMPA=19;TMPP=196;TMPB=23;TMPC=22;RHUA=82;DWPA=16;PTYP=1;PNAM=MS-80SH;PIRA=0;PIRP=-1;PIRM=-1;PIRL=-1;PIRH=0;
SQNR=3870;DATE=24-08-14;TIME=01:04:30;STAT=201222;TMPA=19;TMPP=196;TMPB=23;TMPC=22;RHUA=82;DWPA=16;PTYP=1;PNAM=MS-80SH;PIRA=-1;PIRP=0;PIRM=0;PIRL=-1;PIRH=0;
SQNR=3885;DATE=24-08-14;TIME=01:04:45;STAT=201222;TMPA=19;TMPP=196;TMPB=23;TMPC=22;RHUA=82;DWPA=16;PTYP=1;PNAM=MS-80SH;PIRA=-1;PIRP=0;PIRM=0;PIRL=-1;PIRH=0;
SQNR=3900;DATE=24-08-14;TIME=01:05:00;STAT=201222;TMPA=19;TMPP=196;TMPB=23;TMPC=22;RHUA=82;DWPA=16;PTYP=1;PNAM=MS-80SH;PIRA=-1;PIRP=-1;PIRM=-1;PIRL=-1;PIRH=0;
C-----;?
V-----;SWVNR=2102190;SQNDL=3901;DATE=24-08-14;TIME=01:05:06;THTYP=85;TTEMP=15;TDEWP=5;IUFAN=800;ILFAN=5;IUHEA=3000;PYDEF=21;PYAVT=30;PYAVW=1;PYOST=0;MSDLY=15;FNDLY=30;OSTRG=3;DBGFL=0;ASIRE=0;DBGRE=0;MPPFL=-1;
SQNR=3915;DATE=24-08-14;TIME=01:05:15;STAT=201222;TMPA=19;TMPP=197;TMPB=23;TMPC=22;RHUA=82;DWPA=16;PTYP=1;PNAM=MS-80SH;PIRA=-1;PIRP=0;PIRM=0;PIRL=-1;PIRH=0;
SQNR=3930;DATE=24-08-14;TIME=01:05:30;STAT=201222;TMPA=19;TMPP=197;TMPB=24;TMPC=22;RHUA=83;DWPA=16;PTYP=1;PNAM=MS-80SH;PIRA=0;PIRP=-1;PIRM=-1;PIRL=-1;PIRH=0;
SQNR=3945;DATE=24-08-14;TIME=01:05:45;STAT=201222;TMPA=19;TMPP=197;TMPB=24;TMPC=22;RHUA=83;DWPA=16;PTYP=1;PNAM=MS-80SH;PIRA=-1;PIRP=-1;PIRM=-1;PIRL=-1;PIRH=0;
SQNR=3960;DATE=24-08-14;TIME=01:06:00;STAT=207222;TMPA=19;TMPP=198;TMPB=24;TMPC=22;RHUA=83;DWPA=16;PTYP=1;PNAM=MS-80SH;PIRA=-1;PIRP=-1;PIRM=-1;PIRL=-1;PIRH=0;
SQNR=3975;DATE=24-08-14;TIME=01:06:15;STAT=201222;TMPA=19;TMPP=198;TMPB=24;TMPC=22;RHUA=83;DWPA=16;PTYP=1;PNAM=MS-80SH;PIRA=-1;PIRP=-1;PIRM=-1;PIRL=-1;PIRH=0;
SQNR=3990;DATE=24-08-14;TIME=01:06:30;STAT=207222;TMPA=19;TMPP=198;TMPB=24;TMPC=22;RHUA=82;DWPA=16;PTYP=1;PNAM=MS-80SH;PIRA=-1;PIRP=-1;PIRM=-1;PIRL=-1;PIRH=0;
SQNR=4005;DATE=24-08-14;TIME=01:06:45;STAT=201222;TMPA=19;TMPP=199;TMPB=24;TMPC=22;RHUA=82;DWPA=16;PTYP=1;PNAM=MS-80SH;PIRA=-1;PIRP=-1;PIRM=-1;PIRL=-1;PIRH=0;
SQNR=4020;DATE=24-08-14;TIME=01:07:00;STAT=201222;TMPA=20;TMPP=200;TMPB=24;TMPC=22;RHUA=81;DWPA=16;PTYP=1;PNAM=MS-80SH;PIRA=-1;PIRP=-1;PIRM=-1;PIRL=-1;PIRH=0;
SQNR=4035;DATE=24-08-14;TIME=01:07:15;STAT=201222;TMPA=20;TMPP=200;TMPB=24;TMPC=22;RHUA=81;DWPA=16;PTYP=1;PNAM=MS-80SH;PIRA=0;PIRP=-1;PIRM=-1;PIRL=-1;PIRH=0;
SQNR=4050;DATE=24-08-14;TIME=01:07:30;STAT=201222;TMPA=20;TMPP=200;TMPB=24;TMPC=22;RHUA=82;DWPA=16;PTYP=1;PNAM=MS-80SH;PIRA=-1;PIRP=-1;PIRM=-1;PIRL=-1;PIRH=0;
SQNR=4065;DATE=24-08-14;TIME=01:07:45;STAT=201222;TMPA=20;TMPP=200;TMPB=23;TMPC=22;RHUA=82;DWPA=16;PTYP=1;PNAM=MS-80SH;PIRA=-1;PIRP=-1;PIRM=-1;PIRL=-1;PIRH=0;
SQNR=4080;DATE=24-08-14;TIME=01:08:00;STAT=201222;TMPA=20;TMPP=200;TMPB=23;TMPC=22;RHUA=82;DWPA=16;PTYP=1;PNAM=MS-80SH;PIRA=-1;PIRP=-1;PIRM=-1;PIRL=-1;PIRH=0;
SQNR=4095;DATE=24-08-14;TIME=01:08:15;STAT=201222;TMPA=19;TMPP=199;TMPB=23;TMPC=22;RHUA=83;DWPA=17;PTYP=1;PNAM=MS-80SH;PIRA=0;PIRP=0;PIRM=0;PIRL=0;PIRH=0;
SQNR=4110;DATE=24-08-14;TIME=01:08:30;STAT=201222;TMPA=19;TMPP=199;TMPB=23;TMPC=22;RHUA=83;DWPA=17;PTYP=1;PNAM=MS-80SH;PIRA=0;PIRP=0;PIRM=0;PIRL=-1;PIRH=0;
SQNR=4125;DATE=24-08-14;TIME=01:08:45;STAT=207222;TMPA=19;TMPP=199;TMPB=23;TMPC=22;RHUA=83;DWPA=16;PTYP=1;PNAM=MS-80SH;PIRA=0;PIRP=0;PIRM=0;PIRL=0;PIRH=0;
SQNR=4140;DATE=24-08-14;TIME=01:09:00;STAT=201222;TMPA=19;TMPP=198;TMPB=23;TMPC=22;RHUA=83;DWPA=17;PTYP=1;PNAM=MS-80SH;PIRA=0;PIRP=0;PIRM=0;PIRL=-1;PIRH=1;
SQNR=4155;DATE=24-08-14;TIME=01:09:15;STAT=201222;TMPA=19;TMPP=198;TMPB=23;TMPC=22;RHUA=85;DWPA=17;PTYP=1;PNAM=MS-80SH;PIRA=0;PIRP=0;PIRM=0;PIRL=-1;PIRH=1;
SQNR=4170;DATE=24-08-14;TIME=01:09:30;STAT=201222;TMPA=19;TMPP=198;TMPB=23;TMPC=22;RHUA=85;DWPA=17;PTYP=1;PNAM=MS-80SH;PIRA=0;PIRP=0;PIRM=0;PIRL=-1;PIRH=1;
SQNR=4185;DATE=24-08-14;TIME=01:09:45;STAT=201222;TMPA=19;TMPP=197;TMPB=23;TMPC=22;RHUA=84;DWPA=17;PTYP=1;PNAM=MS-80SH;PIRA=0;PIRP=0;PIRM=0;PIRL=0;PIRH=0;
C-----;?
SQNR=4200;DATE=24-08-14;TIME=01:10:00;STAT=201222;TMPA=19;TMPP=196;TMPB=23;TMPC=22;RHUA=84;DWPA=16;PTYP=1;PNAM=MS-80SH;PIRA=0;PIRP=0;PIRM=0;PIRL=0;PIRH=1;
SQNR=4215;DATE=24-08-14;TIME=01:10:15;STAT=201222;TMPA=19;TMPP=196;TMPB=23;TMPC=22;RHUA=83;DWPA=16;PTYP=1;PNAM=MS-80SH;PIRA=0;PIRP=0;PIRM=0;PIRL=-1;PIRH=1;
SQNR=4230;DATE=24-08-14;TIME=01:10:30;STAT=201222;TMPA=19;TMPP=196;TMPB=23;TMPC=22;RHUA=83;DWPA=16;PTYP=1;PNAM=MS-80SH;PIRA=-1;PIRP=0;PIRM=0;PIRL=-1;PIRH=1;
SQNR=4245;DATE=24-08-14;TIME=01:10:45;STAT=201222;TMPA=19;TMPP=196;TMPB=23;TMPC=22;RHUA=83;DWPA=16;PTYP=1;PNAM=MS-80SH;PIRA=0;PIRP=0;PIRM=0;PIRL=-1;PIRH=0;
SQNR=4260;DATE=24-08-14;TIME=01:11:00;STAT=201222;TMPA=19;TMPP=197;TMPB=23;TMPC=22;RHUA=83;DWPA=16;PTYP=1;PNAM=MS-80SH;PIRA=-1;PIRP=-1;PIRM=-1;PIRL=-1;PIRH=0;
SQNR=4275;DATE=24-08-14;TIME=01:11:15;STAT=201222;TMPA=19;TMPP=197;TMPB=23;TMPC=22;RHUA=83;DWPA=16;PTYP=1;PNAM=MS-80SH;PIRA=-1;PIRP=-1;PIRM=-1;PIRL=-1;PIRH=0;
SQNR=4290;DATE=24-08-14;TIME=01:11:30;STAT=201222;TMPA=19;TMPP=197;TMPB=23;TMPC=22;RHUA=82;DWPA=16;PTYP=1;PNAM=MS-80SH;PIRA=0;PIRP=-1;PIRM=-1;PIRL=-1;PIRH=0;
SQNR=4305;DATE=24-08-14;TIME=01:11:45;STAT=201222;TMPA=19;TMPP=197;TMPB=23;TMPC=22;RHUA=82;DWPA=16;PTYP=1;PNAM=MS-80SH;PIRA=-1;PIRP=-1;PIRM=-1;PIRL=-1;PIRH=0;
SQNR=4320;DATE=24-08-14;TIME=01:12:00;STAT=201222;TMPA=19;TMPP=197;TMPB=23;TMPC=22;RHUA=81;DWPA=16;PTYP=1;PNAM=MS-80SH;PIRA=0;PIRP=0;PIRM=0;PIRL=-1;PIRH=0;
SQNR=4335;DATE=24-08-14;TIME=01:12:15;STAT=201222;TMPA=19;TMPP=197;TMPB=23;TMPC=22;RHUA=82;DWPA=16;PTYP=1;PNAM=MS-80SH;PIRA=-1;PIRP=0;PIRM=-1;PIRL=-1;PIRH=0;
SQNR=4350;DATE=24-08-14;TIME=01:12:30;STAT=201222;TMPA=19;TMPP=197;TMPB=23;TMPC=22;RHUA=81;DWPA=16;PTYP=1;PNAM=MS-80SH;PIRA=-1;PIRP=-1;PIRM=-1;PIRL=-1;PIRH=0;
SQNR=4365;DATE=24-08-14;TIME=01:12:45;STAT=201222;TMPA=19;TMPP=196;TMPB=23;TMPC=22;RHUA=81;DWPA=16;PTYP=1;PNAM=MS-80SH;PIRA=0;PIRP=0;PIRM=0;PIRL=-1;PIRH=0;
SQNR=4380;DATE=24-08-14;TIME=01:13:00;STAT=201222;TMPA=19;TMPP=196;TMPB=23;TMPC=22;RHUA=82;DWPA=16;PTYP=1;PNAM=MS-80SH;PIRA=0;PIRP=0;PIRM=0;PIRL=-1;PIRH=0;
SQNR=4395;DATE=24-08-14;TIME=01:13:15;STAT=201222;TMPA=19;TMPP=196;TMPB=23;TMPC=22;RHUA=82;DWPA=16;PTYP=1;PNAM=MS-80SH;PIRA=0;PIRP=0;PIRM=0;PIRL=-1;PIRH=0;
SQNR=4410;DATE=24-08-14;TIME=01:13:30;STAT=201222;TMPA=19;TMPP=196;TMPB=23;TMPC=22;RHUA=81;DWPA=16;PTYP=1;PNAM=MS-80SH;PIRA=0;PIRP=0;PIRM=0;PIRL=-1;PIRH=0;
SQNR=4425;DATE=24-08-14;TIME=01:13:45;STAT=201222;TMPA=19;TMPP=196;TMPB=23;TMPC=22;RHUA=81;DWPA=16;PTYP=1;PNAM=NotCon;PIRA=9999;PIRP=9999;PIRM=9999;PIRL=9999;PIRH=9999;
SQNR=4440;DATE=24-08-14;TIME=01:14:00;STAT=201222;TMPA=19;TMPP=196;TMPB=23;TMPC=22;RHUA=80;DWPA=16;PTYP=1;PNAM=MS-80SH;PIRA=0;PIRP=-1;PIRM=-1;PIRL=-1;PIRH=0;
SQNR=4455;DATE=24-08-14;TIME=01:14:15;STAT=201222;TMPA=19;TMPP=196;TMPB=23;TMPC=22;RHUA=80;DWPA=16;PTYP=1;PNAM=MS-80SH;PIRA=-1;PIRP=-1;PIRM=-1;PIRL=-1;PIRH=0;
SQNR=4470;DATE=24-08-14;TIME=01:14:30;STAT=201222;TMPA=19;TMPP=196;TMPB=23;TMPC=22;RHUA=81;DWPA=16;PTYP=1;PNAM=MS-80SH;PIRA=0;PIRP=-1;PIRM=-1;PIRL=-1;PIRH=0;
SQNR=4485;DATE=24-08-14;TIME=01:14:45;STAT=201222;TMPA=19;TMPP=196;TMPB=23;TMPC=22;RHUA=81;DWPA=16;PTYP=1;PNAM=MS-80SH;PIRA=-1;PIRP=-1;PIRM=-1;PIRL=-1;PIRH=0;
C-----;?
SQNR=4500;DATE=24-08-14;TIME=01:15:00;STAT=201222;TMPA=19;TMPP=196;TMPB=24;TMPC=22;RHUA=81;DWPA=16;PTYP=1;PNAM=MS-80SH;PIRA=-1;PIRP=-1;PIRM=-1;PIRL=-1;PIRH=0;
V-----;SWVNR=2102190;SQNDL=4501;DATE=24-08-14;TIME=01:15:06;THTYP=85;TTEMP=15;TDEWP=5;IUFAN=800;ILFAN=5;IUHEA=3000;PYDEF=21;PYAVT=30;PYAVW=1;PYOST=0;MSDLY=15;FNDLY=30;OSTRG=3;DBGFL=0;ASIRE=0;DBGRE=0;MPPFL=-1;
SQNR=4515;DATE=24-08-14;TIME=01:15:15;STAT=207222;TMPA=19;TMPP=196;TMPB=24;TMPC=22;RHUA=81;DWPA=16;PTYP=1;PNAM=MS-80SH;PIRA=-1;PIRP=-1;PIRM=-1;PIRL=-1;PIRH=0;
SQNR=4530;DATE=24-08-14;TIME=01:15:30;STAT=201222;TMPA=19;TMPP=197;TMPB=24;TMPC=22;RHUA=81;DWPA=16;PTYP=1;PNAM=MS-80SH;PIRA=-1;PIRP=0;PIRM=0;PIRL=-1;PIRH=0;
SQNR=4545;DATE=24-08-14;TIME=01:15:45;STAT=201222;TMPA=19;TMPP=198;TMPB=24;TMPC=22;RHUA=81;DWPA=16;PTYP=1;PNAM=MS-80SH;PIRA=0;PIRP=-1;PIRM=-1;PIRL=-1;PIRH=0;
SQNR=4560;DATE=24-08-14;TIME=01:16:00;STAT=201222;TMPA=19;TMPP=199;TMPB=24;TMPC=22;RHUA=81;DWPA=16;PTYP=1;PNAM=NotCon;PIRA=9999;PIRP=9999;PIRM=9999;PIRL=9999;PIRH=9999;
SQNR=4575;DATE=24-08-14;TIME=01:16:15;STAT=207222;TMPA=19;TMPP=199;TMPB=24;TMPC=22;RHUA=82;DWPA=16;PTYP=1;PNAM=MS-80SH;PIRA=-1;PIRP=-1;PIRM=-1;PIRL=-1;PIRH=0;
SQNR=4590;DATE=24-08-14;TIME=01:16:30;STAT=207222;TMPA=20;TMPP=200;TMPB=24;TMPC=22;RHUA=82;DWPA=16;PTYP=1;PNAM=MS-80SH;PIRA=-1;PIRP=-1;PIRM=-1;PIRL=-1;PIRH=0;
SQNR=4605;DATE=24-08-14;TIME=01:16:45;STAT=207222;TMPA=20;TMPP=201;TMPB=24;TMPC=23;RHUA=81;DWPA=16;PTYP=1;PNAM=NotCon;PIRA=9999;PIRP=9999;PIRM=9999;PIRL=9999;PIRH=9999;
SQNR=4620;DATE=24-08-14;TIME=01:17:00;STAT=201222;TMPA=20;TMPP=202;TMPB=24;TMPC=23;RHUA=81;DWPA=16;PTYP=1;PNAM=MS-80SH;PIRA=0;PIRP=-1;PIRM=-1;PIRL=-1;PIRH=0;
SQNR=4635;DATE=24-08-14;TIME=01:17:15;STAT=201222;TMPA=20;TMPP=202;TMPB=24;TMPC=23;RHUA=81;DWPA=16;PTYP=1;PNAM=MS-80SH;PIRA=-1;PIRP=-1;PIRM=-1;PIRL=-1;PIRH=0;
SQNR=4650;DATE=24-08-14;TIME=01:17:30;STAT=201222;TMPA=20;TMPP=202;TMPB=24;TMPC=23;RHUA=81;DWPA=17;PTYP=1;PNAM=MS-80SH;PIRA=0;PIRP=-1;PIRM=-1;PIRL=-1;PIRH=0;
SQNR=4665;DATE=24-08-14;TIME=01:17:45;STAT=201222;TMPA=20;TMPP=203;TMPB=24;TMPC=23;RHUA=81;DWPA=17;PTYP=1;PNAM=MS-80SH;PIRA=0;PIRP=0;PIRM=-1;PIRL=-1;PIRH=0;
SQNR=4680;DATE=24-08-14;TIME=01:18:00;STAT=201222;TMPA=20;TMPP=203;TMPB=24;TMPC=23;RHUA=81;DWPA=17;PTYP=1;PNAM=MS-80SH;PIRA=0;PIRP=0;PIRM=0;PIRL=-1;PIRH=1;
SQNR=4695;DATE=24-08-14;TIME=01:18:15;STAT=201222;TMPA=20;TMPP=202;TMPB=24;TMPC=23;RHUA=81;DWPA=17;PTYP=1;PNAM=MS-80SH;PIRA=0;PIRP=0;PIRM=0;PIRL=-1;PIRH=1;
SQNR=4710;DATE=24-08-14;TIME=01:18:30;STAT=201222;TMPA=20;TMPP=202;TMPB=24;TMPC=23;RHUA=81;DWPA=16;PTYP=1;PNAM=MS-80SH;PIRA=0;PIRP=0;PIRM=0;PIRL=-1;PIRH=1;
SQNR=4725;DATE=24-08-14;TIME=01:18:45;STAT=201222;TMPA=20;TMPP=202;TMPB=24;TMPC=23;RHUA=81;DWPA=17;PTYP=1;PNAM=MS-80SH;PIRA=1;PIRP=0;PIRM=0;PIRL=-1;PIRH=1;
SQNR=4740;DATE=24-08-14;TIME=01:19:00;STAT=201222;TMPA=20;TMPP=202;TMPB=24;TMPC=23;RHUA=81;DWPA=17;PTYP=1;PNAM=MS-80SH;PIRA=0;PIRP=0;PIRM=0;PIRL=-1;PIRH=1;
SQNR=4755;DATE=24-08-14;TIME=01:19:15;STAT=201222;TMPA=20;TMPP=201;TMPB=24;TMPC=23;RHUA=82;DWPA=17;PTYP=1;PNAM=MS-80SH;PIRA=0;PIRP=0;PIRM=0;PIRL=-1;PIRH=1;
SQNR=4770;DATE=24-08-14;TIME=01:19:30;STAT=201222;TMPA=20;TMPP=201;TMPB=24;TMPC=23;RHUA=81;DWPA=17;PTYP=1;PNAM=MS-80SH;PIRA=0;PIRP=0;PIRM=0;PIRL=-1;PIRH=1;
SQNR=4785;DATE=24-08-14;TIME=01:19:45;STAT=201222;TMPA=20;TMPP=201;TMPB=24;TMPC=23;RHUA=81;DWPA=17;PTYP=1;PNAM=MS-80SH;PIRA=0;PIRP=0;PIRM=0;PIRL=-1;PIRH=1;
C-----;?
SQNR=4800;DATE=24-08-14;TIME=01:20:00;STAT=201222;TMPA=20;TMPP=201;TMPB=24;TMPC=23;RHUA=82;DWPA=16;PTYP=1;PNAM=MS-80SH;PIRA=0;PIRP=0;PIRM=0;PIRL=-1;PIRH=1;
V-----;SWVNR=2102190;SQNDL=4801;DATE=24-08-14;TIME=01:20:06;THTYP=85;TTEMP=15;TDEWP=5;IUFAN=800;ILFAN=5;IUHEA=3000;PYDEF=21;PYAVT=30;PYAVW=1;PYOST=0;MSDLY=15;FNDLY=30;OSTRG=3;DBGFL=0;ASIRE=0;DBGRE=0;MPPFL=-1;
SQNR=4815;DATE=24-08-14;TIME=01:20:15;STAT=201222;TMPA=20;TMPP=201;TMPB=24;TMPC=23;RHUA=82;DWPA=17;PTYP=1;PNAM=MS-80SH;PIRA=0;PIRP=0;PIRM=0;PIRL=-1;PIRH=1;
SQNR=4830;DATE=24-08-14;TIME=01:20:30;STAT=201222;TMPA=20;TMPP=201;TMPB=24;TMPC=23;RHUA=82;DWPA=17;PTYP=1;PNAM=MS-80SH;PIRA=1;PIRP=0;PIRM=0;PIRL=-1;PIRH=1;
SQNR=4845;DATE=24-08-14;TIME=01:20:45;STAT=201222;TMPA=20;TMPP=201;TMPB=24;TMPC=23;RHUA=82;DWPA=17;PTYP=1;PNAM=MS-80SH;PIRA=0;PIRP=0;PIRM=0;PIRL=-1;PIRH=1;
SQNR=4860;DATE=24-08-14;TIME=01:21:00;STAT=201222;TMPA=20;TMPP=201;TMPB=24;TMPC=23;RHUA=82;DWPA=17;PTYP=1;PNAM=MS-80SH;PIRA=0;PIRP=0;PIRM=0;PIRL=-1;PIRH=1;
SQNR=4875;DATE=24-08-14;TIME=01:21:15;STAT=201222;TMPA=20;TMPP=201;TMPB=24;TMPC=23;RHUA=82;DWPA=17;PTYP=1;PNAM=MS-80SH;PIRA=0;PIRP=0;PIRM=0;PIRL=-1;PIRH=1;
SQNR=4890;DATE=24-08-14;TIME=01:21:30;STAT=201222;TMPA=20;TMPP=201;TMPB=24;TMPC=23;RHUA=82;DWPA=17;PTYP=1;PNAM=MS-80SH;PIRA=-1;PIRP=0;PIRM=0;PIRL=-1;PIRH=1;
SQNR=4905;DATE=24-08-14;TIME=01:21:45;STAT=201222;TMPA=20;TMPP=202;TMPB=23;TMPC=23;RHUA=82;DWPA=17;PTYP=1;PNAM=MS-80SH;PIRA=0;PIRP=0;PIRM=0;PIRL=-1;PIRH=1;
SQNR=4920;DATE=24-08-14;TIME=01:22:00;STAT=201222;TMPA=20;TMPP=202;TMPB=24;TMPC=23;RHUA=82;DWPA=17;PTYP=1;PNAM=MS-80SH;PIRA=-1;PIRP=0;PIRM=0;PIRL=-1;PIRH=1;
SQNR=4935;DATE=24-08-14;TIME=01:22:15;STAT=201222;TMPA=20;TMPP=202;TMPB=23;TMPC=23;RHUA=81;DWPA=17;PTYP=1;PNAM=MS-80SH;PIRA=0;PIRP=0;PIRM=0;PIRL=-1;PIRH=1;
SQNR=4950;DATE=24-08-14;TIME=01:22:30;STAT=201222;TMPA=20;TMPP=202;TMPB=23;TMPC=23;RHUA=81;DWPA=16;PTYP=1;PNAM=MS-80SH;PIRA=-1;PIRP=0;PIRM=0;PIRL=-1;PIRH=1;
SQNR=4965;DATE=24-08-14;TIME=01:22:45;STAT=201222;TMPA=20;TMPP=202;TMPB=23;TMPC=23;RHUA=81;DWPA=17;PTYP=1;PNAM=MS-80SH;PIRA=0;PIRP=0;PIRM=0;PIRL=-1;PIRH=1;
SQNR=4980;DATE=24-08-14;TIME=01:23:00;STAT=201222;TMPA=20;TMPP=202;TMPB=23;TMPC=23;RHUA=81;DWPA=17;PTYP=1;PNAM=MS-80SH;PIRA=0;PIRP=0;PIRM=0;PIRL=-1;PIRH=1;
SQNR=4995;DATE=24-08-14;TIME=01:23:15;STAT=201222;TMPA=20;TMPP=201;TMPB=23;TMPC=23;RHUA=82;DWPA=17;PTYP=1;PNAM=MS-80SH;PIRA=0;PIRP=0;PIRM=0;PIRL=-1;PIRH=1;
SQNR=5010;DATE=24-08-14;TIME=01:23:30;STAT=201222;TMPA=20;TMPP=201;TMPB=23;TMPC=23;RHUA=82;DWPA=16;PTYP=1;PNAM=MS-80SH;PIRA=1;PIRP=0;PIRM=0;PIRL=-1;PIRH=1;
SQNR=5025;DATE=24-08-14;TIME=01:23:45;STAT=201222;TMPA=20;TMPP=201;TMPB=23;TMPC=22;RHUA=82;DWPA=16;PTYP=1;PNAM=MS-80SH;PIRA=0;PIRP=0;PIRM=0;PIRL=0;PIRH=0;
SQNR=5040;DATE=24-08-14;TIME=01:24:00;STAT=201222;TMPA=20;TMPP=201;TMPB=23;TMPC=23;RHUA=82;DWPA=16;PTYP=1;PNAM=MS-80SH;PIRA=0;PIRP=0;PIRM=0;PIRL=0;PIRH=0;
SQNR=5055;DATE=24-08-14;TIME=01:24:15;STAT=201222;TMPA=20;TMPP=201;TMPB=23;TMPC=22;RHUA=82;DWPA=16;PTYP=1;PNAM=MS-80SH;PIRA=0;PIRP=1;PIRM=1;PIRL=0;PIRH=1;
SQNR=5070;DATE=24-08-14;TIME=01:24:30;STAT=201222;TMPA=20;TMPP=200;TMPB=23;TMPC=23;RHUA=82;DWPA=16;PTYP=1;PNAM=MS-80SH;PIRA=0;PIRP=0;PIRM=0;PIRL=0;PIRH=1;
SQNR=5085;DATE=24-08-14;TIME=01:24:45;STAT=201222;TMPA=20;TMPP=200;TMPB=23;TMPC=22;RHUA=82;DWPA=16;PTYP=1;PNAM=MS-80SH;PIRA=1;PIRP=1;PIRM=1;PIRL=0;PIRH=1;
C-----;?
SQNR=5100;DATE=24-08-14;TIME=01:25:00;STAT=201222;TMPA=19;TMPP=199;TMPB=23;TMPC=23;RHUA=82;DWPA=16;PTYP=1;PNAM=MS-80SH;PIRA=0;PIRP=1;PIRM=1;PIRL=0;PIRH=1;
V-----;SWVNR=2102190;SQNDL=5101;DATE=24-08-14;TIME=01:25:06;THTYP=85;TTEMP=15;TDEWP=5;IUFAN=800;ILFAN=5;IUHEA=3000;PYDEF=21;PYAVT=30;PYAVW=1;PYOST=0;MSDLY=15;FNDLY=30;OSTRG=3;DBGFL=0;ASIRE=0;DBGRE=0;MPPFL=-1;
SQNR=5115;DATE=24-08-14;TIME=01:25:15;STAT=201222;TMPA=19;TMPP=199;TMPB=23;TMPC=22;RHUA=81;DWPA=16;PTYP=1;PNAM=MS-80SH;PIRA=0;PIRP=0;PIRM=1;PIRL=0;PIRH=1;
SQNR=5130;DATE=24-08-14;TIME=01:25:30;STAT=201222;TMPA=19;TMPP=199;TMPB=23;TMPC=22;RHUA=81;DWPA=16;PTYP=1;PNAM=MS-80SH;PIRA=0;PIRP=0;PIRM=0;PIRL=0;PIRH=1;
SQNR=5145;DATE=24-08-14;TIME=01:25:45;STAT=201222;TMPA=19;TMPP=199;TMPB=24;TMPC=22;RHUA=81;DWPA=16;PTYP=1;PNAM=MS-80SH;PIRA=0;PIRP=0;PIRM=0;PIRL=0;PIRH=1;
SQNR=5160;DATE=24-08-14;TIME=01:26:00;STAT=201222;TMPA=20;TMPP=200;TMPB=24;TMPC=22;RHUA=81;DWPA=16;PTYP=1;PNAM=MS-80SH;PIRA=0;PIRP=-1;PIRM=-1;PIRL=-1;PIRH=0;
SQNR=5175;DATE=24-08-14;TIME=01:26:15;STAT=201222;TMPA=20;TMPP=201;TMPB=24;TMPC=23;RHUA=81;DWPA=16;PTYP=1;PNAM=MS-80SH;PIRA=-1;PIRP=-1;PIRM=-1;PIRL=-1;PIRH=0;
SQNR=5190;DATE=24-08-14;TIME=01:26:30;STAT=201222;TMPA=20;TMPP=202;TMPB=24;TMPC=23;RHUA=81;DWPA=16;PTYP=1;PNAM=MS-80SH;PIRA=-1;PIRP=-1;PIRM=-1;PIRL=-1;PIRH=0;
SQNR=5205;DATE=24-08-14;TIME=01:26:45;STAT=201222;TMPA=20;TMPP=204;TMPB=24;TMPC=23;RHUA=80;DWPA=17;PTYP=1;PNAM=MS-80SH;PIRA=-1;PIRP=-1;PIRM=-1;PIRL=-1;PIRH=0;
SQNR=5220;DATE=24-08-14;TIME=01:27:00;STAT=201222;TMPA=20;TMPP=205;TMPB=24;TMPC=23;RHUA=79;DWPA=16;PTYP=1;PNAM=MS-80SH;PIRA=-1;PIRP=0;PIRM=0;PIRL=-1;PIRH=0;
SQNR=5235;DATE=24-08-14;TIME=01:27:15;STAT=201222;TMPA=20;TMPP=206;TMPB=24;TMPC=23;RHUA=79;DWPA=16;PTYP=1;PNAM=MS-80SH;PIRA=-1;PIRP=-1;PIRM=-1;PIRL=-1;PIRH=0;
SQNR=5250;DATE=24-08-14;TIME=01:27:30;STAT=201222;TMPA=20;TMPP=207;TMPB=24;TMPC=23;RHUA=79;DWPA=17;PTYP=1;PNAM=MS-80SH;PIRA=-1;PIRP=-1;PIRM=-1;PIRL=-1;PIRH=0;
SQNR=5265;DATE=24-08-14;TIME=01:27:45;STAT=201222;TMPA=20;TMPP=208;TMPB=25;TMPC=23;RHUA=78;DWPA=17;PTYP=1;PNAM=MS-80SH;PIRA=0;PIRP=-1;PIRM=-1;PIRL=-1;PIRH=0;
SQNR=5280;DATE=24-08-14;TIME=01:28:00;STAT=201222;TMPA=20;TMPP=209;TMPB=24;TMPC=23;RHUA=77;DWPA=16;PTYP=1;PNAM=MS-80SH;PIRA=0;PIRP=-1;PIRM=-1;PIRL=-1;PIRH=0;
SQNR=5295;DATE=24-08-14;TIME=01:28:15;STAT=201222;TMPA=21;TMPP=211;TMPB=24;TMPC=23;RHUA=77;DWPA=17;PTYP=1;PNAM=MS-80SH;PIRA=-1;PIRP=0;PIRM=-1;PIRL=-1;PIRH=0;
SQNR=5310;DATE=24-08-14;TIME=01:28:30;STAT=201222;TMPA=21;TMPP=211;TMPB=24;TMPC=23;RHUA=77;DWPA=17;PTYP=1;PNAM=MS-80SH;PIRA=-1;PIRP=-1;PIRM=-1;PIRL=-1;PIRH=0;
SQNR=5325;DATE=24-08-14;TIME=01:28:45;STAT=201212;TMPA=21;TMPP=212;TMPB=24;TMPC=23;RHUA=76;DWPA=16;PTYP=1;PNAM=MS-80SH;PIRA=-1;PIRP=-1;PIRM=-1;PIRL=-1;PIRH=0;
SQNR=5340;DATE=24-08-14;TIME=01:29:00;STAT=201212;TMPA=21;TMPP=212;TMPB=23;TMPC=23;RHUA=75;DWPA=16;PTYP=1;PNAM=MS-80SH;PIRA=-1;PIRP=-1;PIRM=-1;PIRL=-1;PIRH=0;
SQNR=5355;DATE=24-08-14;TIME=01:29:15;STAT=201212;TMPA=21;TMPP=212;TMPB=22;TMPC=23;RHUA=75;DWPA=16;PTYP=1;PNAM=MS-80SH;PIRA=-1;PIRP=-1;PIRM=-1;PIRL=-1;PIRH=0;
SQNR=5370;DATE=24-08-14;TIME=01:29:30;STAT=201212;TMPA=21;TMPP=211;TMPB=22;TMPC=23;RHUA=75;DWPA=16;PTYP=1;PNAM=MS-80SH;PIRA=-1;PIRP=-1;PIRM=-1;PIRL=-1;PIRH=0;
SQNR=5385;DATE=24-08-14;TIME=01:29:45;STAT=201212;TMPA=21;TMPP=211;TMPB=21;TMPC=23;RHUA=75;DWPA=16;PTYP=1;PNAM=MS-80SH;PIRA=0;PIRP=-1;PIRM=-1;PIRL=-1;PIRH=0;
SQNR=5400;DATE=24-08-14;TIME=01:30:00;STAT=201212;TMPA=21;TMPP=210;TMPB=20;TMPC=23;RHUA=75;DWPA=16;PTYP=1;PNAM=MS-80SH;PIRA=0;PIRP=0;PIRM=0;PIRL=-1;PIRH=0;
C-----;?
V-----;SWVNR=2102190;SQNDL=5402;DATE=24-08-14;TIME=01:30:07;THTYP=85;TTEMP=15;TDEWP=5;IUFAN=800;ILFAN=5;IUHEA=3000;PYDEF=21;PYAVT=30;PYAVW=1;PYOST=0;MSDLY=15;FNDLY=30;OSTRG=3;DBGFL=0;ASIRE=0;DBGRE=0;MPPFL=-1;
SQNR=5415;DATE=24-08-14;TIME=01:30:15;STAT=201222;TMPA=20;TMPP=209;TMPB=20;TMPC=22;RHUA=75;DWPA=16;PTYP=1;PNAM=MS-80SH;PIRA=0;PIRP=0;PIRM=0;PIRL=0;PIRH=0;
SQNR=5430;DATE=24-08-14;TIME=01:30:30;STAT=201222;TMPA=20;TMPP=208;TMPB=20;TMPC=22;RHUA=75;DWPA=16;PTYP=1;PNAM=MS-80SH;PIRA=0;PIRP=0;PIRM=0;PIRL=0;PIRH=0;
SQNR=5445;DATE=24-08-14;TIME=01:30:45;STAT=201222;TMPA=20;TMPP=207;TMPB=21;TMPC=22;RHUA=76;DWPA=16;PTYP=1;PNAM=MS-80SH;PIRA=-1;PIRP=-1;PIRM=-1;PIRL=-1;PIRH=0;
SQNR=5460;DATE=24-08-14;TIME=01:31:00;STAT=201222;TMPA=20;TMPP=207;TMPB=22;TMPC=22;RHUA=77;DWPA=16;PTYP=1;PNAM=MS-80SH;PIRA=0;PIRP=0;PIRM=0;PIRL=-1;PIRH=0;
SQNR=5475;DATE=24-08-14;TIME=01:31:15;STAT=201222;TMPA=20;TMPP=206;TMPB=22;TMPC=22;RHUA=77;DWPA=16;PTYP=1;PNAM=MS-80SH;PIRA=1;PIRP=0;PIRM=0;PIRL=-1;PIRH=1;
SQNR=5490;DATE=24-08-14;TIME=01:31:30;STAT=201222;TMPA=20;TMPP=205;TMPB=22;TMPC=22;RHUA=77;DWPA=16;PTYP=1;PNAM=NotCon;PIRA=9999;PIRP=9999;PIRM=9999;PIRL=9999;PIRH=9999;
SQNR=5505;DATE=24-08-14;TIME=01:31:45;STAT=201222;TMPA=20;TMPP=205;TMPB=22;TMPC=22;RHUA=77;DWPA=16;PTYP=1;PNAM=MS-80SH;PIRA=1;PIRP=0;PIRM=0;PIRL=-1;PIRH=1;
SQNR=5520;DATE=24-08-14;TIME=01:32:00;STAT=201222;TMPA=20;TMPP=204;TMPB=22;TMPC=22;RHUA=77;DWPA=16;PTYP=1;PNAM=MS-80SH;PIRA=0;PIRP=0;PIRM=0;PIRL=-1;PIRH=1;
SQNR=5535;DATE=24-08-14;TIME=01:32:15;STAT=201222;TMPA=20;TMPP=204;TMPB=23;TMPC=22;RHUA=77;DWPA=16;PTYP=1;PNAM=MS-80SH;PIRA=0;PIRP=0;PIRM=0;PIRL=-1;PIRH=1;
SQNR=5550;DATE=24-08-14;TIME=01:32:30;STAT=201222;TMPA=20;TMPP=203;TMPB=23;TMPC=22;RHUA=77;DWPA=16;PTYP=1;PNAM=MS-80SH;PIRA=0;PIRP=0;PIRM=0;PIRL=-1;PIRH=1;
SQNR=5565;DATE=24-08-14;TIME=01:32:45;STAT=201222;TMPA=20;TMPP=203;TMPB=23;TMPC=22;RHUA=77;DWPA=16;PTYP=1;PNAM=MS-80SH;PIRA=0;PIRP=0;PIRM=0;PIRL=-1;PIRH=1;
SQNR=5580;DATE=24-08-14;TIME=01:33:00;STAT=201222;TMPA=20;TMPP=203;TMPB=23;TMPC=22;RHUA=77;DWPA=16;PTYP=1;PNAM=MS-80SH;PIRA=0;PIRP=-1;PIRM=-1;PIRL=-1;PIRH=1;
SQNR=5595;DATE=24-08-14;TIME=01:33:15;STAT=201222;TMPA=20;TMPP=203;TMPB=23;TMPC=22;RHUA=77;DWPA=16;PTYP=1;PNAM=MS-80SH;PIRA=-1;PIRP=0;PIRM=0;PIRL=-1;PIRH=1;
SQNR=5610;DATE=24-08-14;TIME=01:33:30;STAT=201222;TMPA=20;TMPP=203;TMPB=23;TMPC=22;RHUA=77;DWPA=16;PTYP=1;PNAM=MS-80SH;PIRA=-1;PIRP=-1;PIRM=-1;PIRL=-1;PIRH=0;
SQNR=5625;DATE=24-08-14;TIME=01:33:45;STAT=201222;TMPA=20;TMPP=203;TMPB=23;TMPC=22;RHUA=77;DWPA=16;PTYP=1;PNAM=MS-80SH;PIRA=-1;PIRP=-1;PIRM=-1;PIRL=-1;PIRH=0;
SQNR=5640;DATE=24-08-14;TIME=01:34:00;STAT=207222;TMPA=20;TMPP=203;TMPB=23;TMPC=22;RHUA=77;DWPA=16;PTYP=1;PNAM=MS-80SH;PIRA=-1;PIRP=-1;PIRM=-1;PIRL=-1;PIRH=0;
SQNR=5655;DATE=24-08-14;TIME=01:34:15;STAT=207222;TMPA=20;TMPP=203;TMPB=23;TMPC=22;RHUA=77;DWPA=16;PTYP=1;PNAM=NotCon;PIRA=9999;PIRP=9999;PIRM=9999;PIRL=9999;PIRH=9999;
SQNR=5670;DATE=24-08-14;TIME=01:34:30;STAT=201222;TMPA=20;TMPP=202;TMPB=23;TMPC=22;RHUA=77;DWPA=16;PTYP=1;PNAM=MS-80SH;PIRA=-1;PIRP=0;PIRM=0;PIRL=-1;PIRH=0;
SQNR=5685;DATE=24-08-14;TIME=01:34:45;STAT=201222;TMPA=20;TMPP=202;TMPB=23;TMPC=22;RHUA=77;DWPA=16;PTYP=1;PNAM=MS-80SH;PIRA=0;PIRP=0;PIRM=0;PIRL=-1;PIRH=0;
SQNR=5700;DATE=24-08-14;TIME=01:35:00;STAT=201222;TMPA=20;TMPP=202;TMPB=23;TMPC=22;RHUA=77;DWPA=16;PTYP=1;PNAM=MS-80SH;PIRA=-1;PIRP=-1;PIRM=0;PIRL=-1;PIRH=0;
C-----;?
V-----;SWVNR=2102190;SQNDL=5701;DATE=24-08-14;TIME=01:35:06;THTYP=85;TTEMP=15;TDEWP=5;IUFAN=800;ILFAN=5;IUHEA=3000;PYDEF=21;PYAVT=30;PYAVW=1;PYOST=0;MSDLY=15;FNDLY=30;OSTRG=3;DBGFL=0;ASIRE=0;DBGRE=0;MPPFL=-1;
SQNR=5715;DATE=24-08-14;TIME=01:35:15;STAT=201222;TMPA=20;TMPP=202;TMPB=23;TMPC=22;RHUA=78;DWPA=16;PTYP=1;PNAM=MS-80SH;PIRA=-1;PIRP=0;PIRM=0;PIRL=-1;PIRH=0;
SQNR=5730;DATE=24-08-14;TIME=01:35:30;STAT=201222;TMPA=20;TMPP=202;TMPB=23;TMPC=22;RHUA=78;DWPA=16;PTYP=1;PNAM=MS-80SH;PIRA=0;PIRP=-1;PIRM=-1;PIRL=-1;PIRH=0;
SQNR=5745;DATE=24-08-14;TIME=01:35:45;STAT=201222;TMPA=20;TMPP=202;TMPB=23;TMPC=22;RHUA=80;DWPA=16;PTYP=1;PNAM=MS-80SH;PIRA=-1;PIRP=-1;PIRM=-1;PIRL=-1;PIRH=0;
SQNR=5760;DATE=24-08-14;TIME=01:36:00;STAT=201222;TMPA=20;TMPP=202;TMPB=23;TMPC=22;RHUA=80;DWPA=16;PTYP=1;PNAM=MS-80SH;PIRA=0;PIRP=0;PIRM=-1;PIRL=-1;PIRH=0;
SQNR=5775;DATE=24-08-14;TIME=01:36:15;STAT=201222;TMPA=20;TMPP=202;TMPB=23;TMPC=22;RHUA=80;DWPA=16;PTYP=1;PNAM=MS-80SH;PIRA=-1;PIRP=0;PIRM=0;PIRL=-1;PIRH=0;
SQNR=5790;DATE=24-08-14;TIME=01:36:30;STAT=201222;TMPA=20;TMPP=201;TMPB=23;TMPC=22;RHUA=81;DWPA=16;PTYP=1;PNAM=MS-80SH;PIRA=0;PIRP=0;PIRM=0;PIRL=-1;PIRH=1;
SQNR=5805;DATE=24-08-14;TIME=01:36:45;STAT=201222;TMPA=20;TMPP=201;TMPB=23;TMPC=22;RHUA=81;DWPA=16;PTYP=1;PNAM=MS-80SH;PIRA=0;PIRP=0;PIRM=0;PIRL=-1;PIRH=1;
SQNR=5820;DATE=24-08-14;TIME=01:37:00;STAT=201222;TMPA=20;TMPP=200;TMPB=23;TMPC=22;RHUA=81;DWPA=16;PTYP=1;PNAM=MS-80SH;PIRA=0;PIRP=0;PIRM=0;PIRL=-1;PIRH=1;
SQNR=5835;DATE=24-08-14;TIME=01:37:15;STAT=201222;TMPA=19;TMPP=199;TMPB=23;TMPC=22;RHUA=81;DWPA=16;PTYP=1;PNAM=MS-80SH;PIRA=1;PIRP=0;PIRM=0;PIRL=-1;PIRH=1;
SQNR=5850;DATE=24-08-14;TIME=01:37:30;STAT=201222;TMPA=19;TMPP=199;TMPB=23;TMPC=22;RHUA=82;DWPA=16;PTYP=1;PNAM=MS-80SH;PIRA=0;PIRP=0;PIRM=0;PIRL=0;PIRH=0;
SQNR=5865;DATE=24-08-14;TIME=01:37:45;STAT=201222;TMPA=19;TMPP=199;TMPB=23;TMPC=22;RHUA=82;DWPA=16;PTYP=1;PNAM=MS-80SH;PIRA=0;PIRP=0;PIRM=0;PIRL=-1;PIRH=1;
SQNR=5880;DATE=24-08-14;TIME=01:38:00;STAT=201222;TMPA=19;TMPP=199;TMPB=23;TMPC=22;RHUA=82;DWPA=16;PTYP=1;PNAM=MS-80SH;PIRA=-1;PIRP=0;PIRM=0;PIRL=-1;PIRH=1;
SQNR=5895;DATE=24-08-14;TIME=01:38:15;STAT=201222;TMPA=19;TMPP=199;TMPB=23;TMPC=22;RHUA=82;DWPA=16;PTYP=1;PNAM=MS-80SH;PIRA=0;PIRP=0;PIRM=0;PIRL=-1;PIRH=1;
SQNR=5910;DATE=24-08-14;TIME=01:38:30;STAT=201222;TMPA=19;TMPP=199;TMPB=23;TMPC=22;RHUA=82;DWPA=16;PTYP=1;PNAM=MS-80SH;PIRA=1;PIRP=0;PIRM=0;PIRL=-1;PIRH=1;
SQNR=5925;DATE=24-08-14;TIME=01:38:45;STAT=201222;TMPA=19;TMPP=199;TMPB=23;TMPC=22;RHUA=82;DWPA=16;PTYP=1;PNAM=MS-80SH;PIRA=0;PIRP=0;PIRM=0;PIRL=-1;PIRH=1;
SQNR=5940;DATE=24-08-14;TIME=01:39:00;STAT=201222;TMPA=19;TMPP=199;TMPB=23;TMPC=22;RHUA=82;DWPA=16;PTYP=1;PNAM=MS-80SH;PIRA=1;PIRP=0;PIRM=0;PIRL=-1;PIRH=1;
SQNR=5956;DATE=24-08-14;TIME=01:39:15;STAT=201222;TMPA=19;TMPP=199;TMPB=23;TMPC=22;RHUA=82;DWPA=16;PTYP=1;PNAM=MS-80SH;PIRA=0;PIRP=0;PIRM=0;PIRL=-1;PIRH=1;
SQNR=5971;DATE=24-08-14;TIME=01:39:30;STAT=201222;TMPA=19;TMPP=198;TMPB=23;TMPC=22;RHUA=82;DWPA=16;PTYP=1;PNAM=MS-80SH;PIRA=0;PIRP=0;PIRM=0;PIRL=-1;PIRH=1;
SQNR=5986;DATE=24-08-14;TIME=01:39:45;STAT=201222;TMPA=19;TMPP=198;TMPB=23;TMPC=22;RHUA=82;DWPA=16;PTYP=1;PNAM=MS-80SH;PIRA=1;PIRP=0;PIRM=0;PIRL=-1;PIRH=1;
SQNR=6001;DATE=24-08-14;TIME=01:40:00;STAT=201222;TMPA=19;TMPP=198;TMPB=23;TMPC=22;RHUA=82;DWPA=16;PTYP=1;PNAM=MS-80SH;PIRA=1;PIRP=1;PIRM=0;PIRL=-1;PIRH=1;
C-----;?
V-----;SWVNR=2102190;SQNDL=6002;DATE=24-08-14;TIME=01:40:06;THTYP=85;TTEMP=15;TDEWP=5;IUFAN=800;ILFAN=5;IUHEA=3000;PYDEF=21;PYAVT=30;PYAVW=1;PYOST=0;MSDLY=15;FNDLY=30;OSTRG=3;DBGFL=0;ASIRE=0;DBGRE=0;MPPFL=-1;
SQNR=6016;DATE=24-08-14;TIME=01:40:15;STAT=201222;TMPA=19;TMPP=198;TMPB=23;TMPC=22;RHUA=83;DWPA=16;PTYP=1;PNAM=MS-80SH;PIRA=2;PIRP=1;PIRM=1;PIRL=-1;PIRH=2;
SQNR=6031;DATE=24-08-14;TIME=01:40:30;STAT=201222;TMPA=19;TMPP=197;TMPB=23;TMPC=22;RHUA=83;DWPA=16;PTYP=1;PNAM=MS-80SH;PIRA=0;PIRP=1;PIRM=1;PIRL=-1;PIRH=2;
SQNR=6046;DATE=24-08-14;TIME=01:40:45;STAT=201222;TMPA=19;TMPP=196;TMPB=23;TMPC=22;RHUA=83;DWPA=16;PTYP=1;PNAM=MS-80SH;PIRA=1;PIRP=1;PIRM=1;PIRL=-1;PIRH=2;
SQNR=6061;DATE=24-08-14;TIME=01:41:00;STAT=201222;TMPA=19;TMPP=196;TMPB=23;TMPC=22;RHUA=83;DWPA=16;PTYP=1;PNAM=MS-80SH;PIRA=1;PIRP=1;PIRM=1;PIRL=-1;PIRH=2;
SQNR=6076;DATE=24-08-14;TIME=01:41:15;STAT=201222;TMPA=19;TMPP=195;TMPB=23;TMPC=22;RHUA=84;DWPA=16;PTYP=1;PNAM=MS-80SH;PIRA=1;PIRP=1;PIRM=1;PIRL=-1;PIRH=2;
SQNR=6091;DATE=24-08-14;TIME=01:41:30;STAT=201222;TMPA=19;TMPP=195;TMPB=23;TMPC=22;RHUA=84;DWPA=16;PTYP=1;PNAM=MS-80SH;PIRA=1;PIRP=1;PIRM=1;PIRL=-1;PIRH=2;
SQNR=6106;DATE=24-08-14;TIME=01:41:45;STAT=201222;TMPA=19;TMPP=194;TMPB=23;TMPC=22;RHUA=84;DWPA=16;PTYP=1;PNAM=MS-80SH;PIRA=0;PIRP=1;PIRM=1;PIRL=-1;PIRH=2;
SQNR=6121;DATE=24-08-14;TIME=01:42:00;STAT=201222;TMPA=19;TMPP=194;TMPB=23;TMPC=22;RHUA=84;DWPA=16;PTYP=1;PNAM=MS-80SH;PIRA=1;PIRP=1;PIRM=1;PIRL=-1;PIRH=2;
SQNR=6136;DATE=24-08-14;TIME=01:42:15;STAT=201222;TMPA=19;TMPP=194;TMPB=23;TMPC=22;RHUA=84;DWPA=16;PTYP=1;PNAM=MS-80SH;PIRA=0;PIRP=0;PIRM=0;PIRL=-1;PIRH=2;
SQNR=6151;DATE=24-08-14;TIME=01:42:30;STAT=201222;TMPA=19;TMPP=194;TMPB=23;TMPC=22;RHUA=84;DWPA=16;PTYP=1;PNAM=MS-80SH;PIRA=0;PIRP=0;PIRM=0;PIRL=-1;PIRH=2;
SQNR=6166;DATE=24-08-14;TIME=01:42:45;STAT=201222;TMPA=19;TMPP=194;TMPB=23;TMPC=22;RHUA=84;DWPA=16;PTYP=1;PNAM=MS-80SH;PIRA=1;PIRP=0;PIRM=0;PIRL=-1;PIRH=2;
SQNR=6181;DATE=24-08-14;TIME=01:43:00;STAT=201222;TMPA=19;TMPP=194;TMPB=23;TMPC=22;RHUA=83;DWPA=16;PTYP=1;PNAM=MS-80SH;PIRA=0;PIRP=0;PIRM=0;PIRL=-1;PIRH=2;
SQNR=6196;DATE=24-08-14;TIME=01:43:15;STAT=201222;TMPA=19;TMPP=194;TMPB=22;TMPC=22;RHUA=83;DWPA=16;PTYP=1;PNAM=MS-80SH;PIRA=1;PIRP=0;PIRM=0;PIRL=-1;PIRH=2;
SQNR=6211;DATE=24-08-14;TIME=01:43:30;STAT=201222;TMPA=19;TMPP=193;TMPB=22;TMPC=22;RHUA=83;DWPA=16;PTYP=1;PNAM=MS-80SH;PIRA=0;PIRP=0;PIRM=0;PIRL=-1;PIRH=2;
SQNR=6226;DATE=24-08-14;TIME=01:43:45;STAT=201222;TMPA=19;TMPP=193;TMPB=22;TMPC=22;RHUA=84;DWPA=16;PTYP=1;PNAM=MS-80SH;PIRA=0;PIRP=1;PIRM=1;PIRL=-1;PIRH=2;
SQNR=6241;DATE=24-08-14;TIME=01:44:00;STAT=201222;TMPA=19;TMPP=192;TMPB=22;TMPC=22;RHUA=84;DWPA=16;PTYP=1;PNAM=MS-80SH;PIRA=0;PIRP=0;PIRM=0;PIRL=-1;PIRH=2;
SQNR=6256;DATE=24-08-14;TIME=01:44:15;STAT=201222;TMPA=19;TMPP=192;TMPB=22;TMPC=22;RHUA=84;DWPA=16;PTYP=1;PNAM=MS-80SH;PIRA=0;PIRP=0;PIRM=0;PIRL=-1;PIRH=2;
SQNR=6271;DATE=24-08-14;TIME=01:44:30;STAT=201222;TMPA=19;TMPP=192;TMPB=22;TMPC=22;RHUA=85;DWPA=16;PTYP=1;PNAM=MS-80SH;PIRA=1;PIRP=0;PIRM=0;PIRL=-1;PIRH=2;
SQNR=6286;DATE=24-08-14;TIME=01:44:45;STAT=201222;TMPA=19;TMPP=191;TMPB=22;TMPC=22;RHUA=85;DWPA=16;PTYP=1;PNAM=MS-80SH;PIRA=0;PIRP=0;PIRM=0;PIRL=-1;PIRH=2;
C-----;?
SQNR=6301;DATE=24-08-14;TIME=01:45:00;STAT=201222;TMPA=19;TMPP=191;TMPB=22;TMPC=22;RHUA=85;DWPA=16;PTYP=1;PNAM=MS-80SH;PIRA=0;PIRP=0;PIRM=0;PIRL=-1;PIRH=2;
SQNR=6316;DATE=24-08-14;TIME=01:45:15;STAT=201222;TMPA=19;TMPP=191;TMPB=22;TMPC=22;RHUA=85;DWPA=16;PTYP=1;PNAM=MS-80SH;PIRA=0;PIRP=0;PIRM=0;PIRL=-1;PIRH=2;
SQNR=6331;DATE=24-08-14;TIME=01:45:30;STAT=201222;TMPA=19;TMPP=190;TMPB=22;TMPC=22;RHUA=85;DWPA=16;PTYP=1;PNAM=MS-80SH;PIRA=0;PIRP=0;PIRM=0;PIRL=-1;PIRH=2;
SQNR=6346;DATE=24-08-14;TIME=01:45:45;STAT=201222;TMPA=19;TMPP=190;TMPB=22;TMPC=22;RHUA=86;DWPA=16;PTYP=1;PNAM=MS-80SH;PIRA=1;PIRP=0;PIRM=0;PIRL=-1;PIRH=2;
SQNR=6361;DATE=24-08-14;TIME=01:46:00;STAT=201222;TMPA=19;TMPP=190;TMPB=22;TMPC=22;RHUA=86;DWPA=16;PTYP=1;PNAM=MS-80SH;PIRA=0;PIRP=0;PIRM=0;PIRL=-1;PIRH=2;
SQNR=6376;DATE=24-08-14;TIME=01:46:15;STAT=201222;TMPA=18;TMPP=189;TMPB=22;TMPC=22;RHUA=86;DWPA=16;PTYP=1;PNAM=MS-80SH;PIRA=1;PIRP=0;PIRM=0;PIRL=-1;PIRH=2;
SQNR=6391;DATE=24-08-14;TIME=01:46:30;STAT=201222;TMPA=18;TMPP=189;TMPB=22;TMPC=22;RHUA=86;DWPA=16;PTYP=1;PNAM=MS-80SH;PIRA=0;PIRP=0;PIRM=0;PIRL=-1;PIRH=2;
SQNR=6406;DATE=24-08-14;TIME=01:46:45;STAT=201222;TMPA=18;TMPP=188;TMPB=22;TMPC=22;RHUA=86;DWPA=16;PTYP=1;PNAM=MS-80SH;PIRA=0;PIRP=0;PIRM=0;PIRL=-1;PIRH=2;
SQNR=6421;DATE=24-08-14;TIME=01:47:00;STAT=201222;TMPA=18;TMPP=189;TMPB=22;TMPC=22;RHUA=87;DWPA=16;PTYP=1;PNAM=MS-80SH;PIRA=0;PIRP=0;PIRM=0;PIRL=-1;PIRH=2;
SQNR=6436;DATE=24-08-14;TIME=01:47:15;STAT=201222;TMPA=19;TMPP=190;TMPB=23;TMPC=22;RHUA=86;DWPA=16;PTYP=1;PNAM=MS-80SH;PIRA=0;PIRP=0;PIRM=0;PIRL=-1;PIRH=2;
SQNR=6451;DATE=24-08-14;TIME=01:47:30;STAT=201222;TMPA=19;TMPP=190;TMPB=23;TMPC=22;RHUA=86;DWPA=16;PTYP=1;PNAM=MS-80SH;PIRA=0;PIRP=0;PIRM=0;PIRL=-1;PIRH=2;
SQNR=6466;DATE=24-08-14;TIME=01:47:45;STAT=201222;TMPA=19;TMPP=192;TMPB=23;TMPC=22;RHUA=86;DWPA=16;PTYP=1;PNAM=MS-80SH;PIRA=-1;PIRP=0;PIRM=0;PIRL=-1;PIRH=2;
SQNR=6481;DATE=24-08-14;TIME=01:48:00;STAT=201222;TMPA=19;TMPP=193;TMPB=23;TMPC=22;RHUA=85;DWPA=16;PTYP=1;PNAM=MS-80SH;PIRA=0;PIRP=0;PIRM=0;PIRL=-1;PIRH=2;
SQNR=6496;DATE=24-08-14;TIME=01:48:15;STAT=201222;TMPA=19;TMPP=194;TMPB=23;TMPC=22;RHUA=85;DWPA=16;PTYP=1;PNAM=MS-80SH;PIRA=0;PIRP=0;PIRM=0;PIRL=-1;PIRH=2;
SQNR=6511;DATE=24-08-14;TIME=01:48:30;STAT=201222;TMPA=19;TMPP=195;TMPB=23;TMPC=22;RHUA=84;DWPA=16;PTYP=1;PNAM=MS-80SH;PIRA=0;PIRP=0;PIRM=0;PIRL=-1;PIRH=2;
SQNR=6526;DATE=24-08-14;TIME=01:48:45;STAT=201222;TMPA=19;TMPP=196;TMPB=23;TMPC=22;RHUA=84;DWPA=16;PTYP=1;PNAM=MS-80SH;PIRA=0;PIRP=0;PIRM=0;PIRL=-1;PIRH=2;
SQNR=6541;DATE=24-08-14;TIME=01:49:00;STAT=201222;TMPA=19;TMPP=196;TMPB=23;TMPC=22;RHUA=84;DWPA=16;PTYP=1;PNAM=MS-80SH;PIRA=0;PIRP=0;PIRM=0;PIRL=-1;PIRH=2;
SQNR=6556;DATE=24-08-14;TIME=01:49:15;STAT=201222;TMPA=19;TMPP=196;TMPB=23;TMPC=22;RHUA=84;DWPA=16;PTYP=1;PNAM=MS-80SH;PIRA=0;PIRP=0;PIRM=0;PIRL=-1;PIRH=2;
SQNR=6571;DATE=24-08-14;TIME=01:49:30;STAT=201222;TMPA=19;TMPP=197;TMPB=22;TMPC=22;RHUA=83;DWPA=16;PTYP=1;PNAM=MS-80SH;PIRA=0;PIRP=0;PIRM=0;PIRL=-1;PIRH=2;
SQNR=6586;DATE=24-08-14;TIME=01:49:45;STAT=201222;TMPA=19;TMPP=196;TMPB=23;TMPC=22;RHUA=83;DWPA=16;PTYP=1;PNAM=MS-80SH;PIRA=0;PIRP=0;PIRM=0;PIRL=-1;PIRH=2;
SQNR=6601;DATE=24-08-14;TIME=01:50:00;STAT=201222;TMPA=19;TMPP=196;TMPB=23;TMPC=22;RHUA=83;DWPA=16;PTYP=1;PNAM=MS-80SH;PIRA=0;PIRP=0;PIRM=0;PIRL=-1;PIRH=2;
C-----;?
V-----;SWVNR=2102190;SQNDL=6602;DATE=24-08-14;TIME=01:50:06;THTYP=85;TTEMP=15;TDEWP=5;IUFAN=800;ILFAN=5;IUHEA=3000;PYDEF=21;PYAVT=30;PYAVW=1;PYOST=0;MSDLY=15;FNDLY=30;OSTRG=3;DBGFL=0;ASIRE=0;DBGRE=0;MPPFL=-1;
SQNR=6616;DATE=24-08-14;TIME=01:50:15;STAT=201222;TMPA=19;TMPP=197;TMPB=23;TMPC=22;RHUA=83;DWPA=16;PTYP=1;PNAM=MS-80SH;PIRA=0;PIRP=0;PIRM=0;PIRL=-1;PIRH=2;
SQNR=6631;DATE=24-08-14;TIME=01:50:30;STAT=201222;TMPA=19;TMPP=198;TMPB=23;TMPC=22;RHUA=83;DWPA=16;PTYP=1;PNAM=MS-80SH;PIRA=0;PIRP=0;PIRM=0;PIRL=-1;PIRH=2;
SQNR=6646;DATE=24-08-14;TIME=01:50:45;STAT=201222;TMPA=20;TMPP=200;TMPB=23;TMPC=22;RHUA=82;DWPA=17;PTYP=1;PNAM=MS-80SH;PIRA=-1;PIRP=0;PIRM=0;PIRL=-1;PIRH=2;
SQNR=6661;DATE=24-08-14;TIME=01:51:00;STAT=201222;TMPA=20;TMPP=203;TMPB=23;TMPC=22;RHUA=81;DWPA=17;PTYP=1;PNAM=MS-80SH;PIRA=-1;PIRP=-1;PIRM=0;PIRL=-1;PIRH=2;
SQNR=6676;DATE=24-08-14;TIME=01:51:15;STAT=201222;TMPA=20;TMPP=204;TMPB=23;TMPC=22;RHUA=81;DWPA=17;PTYP=1;PNAM=MS-80SH;PIRA=-1;PIRP=-1;PIRM=-1;PIRL=-1;PIRH=2;
SQNR=6691;DATE=24-08-14;TIME=01:51:30;STAT=201222;TMPA=20;TMPP=205;TMPB=23;TMPC=22;RHUA=80;DWPA=17;PTYP=1;PNAM=MS-80SH;PIRA=-1;PIRP=-1;PIRM=-1;PIRL=-1;PIRH=2;
SQNR=6706;DATE=24-08-14;TIME=01:51:45;STAT=201222;TMPA=20;TMPP=205;TMPB=23;TMPC=22;RHUA=80;DWPA=17;PTYP=1;PNAM=MS-80SH;PIRA=0;PIRP=-1;PIRM=-1;PIRL=-1;PIRH=2;
SQNR=6721;DATE=24-08-14;TIME=01:52:00;STAT=201222;TMPA=20;TMPP=206;TMPB=23;TMPC=22;RHUA=79;DWPA=17;PTYP=1;PNAM=MS-80SH;PIRA=-1;PIRP=-1;PIRM=-1;PIRL=-1;PIRH=2;
SQNR=6736;DATE=24-08-14;TIME=01:52:15;STAT=201222;TMPA=20;TMPP=206;TMPB=23;TMPC=22;RHUA=80;DWPA=17;PTYP=1;PNAM=MS-80SH;PIRA=0;PIRP=-1;PIRM=-1;PIRL=-1;PIRH=2;
SQNR=6751;DATE=24-08-14;TIME=01:52:30;STAT=201222;TMPA=20;TMPP=205;TMPB=23;TMPC=22;RHUA=79;DWPA=16;PTYP=1;PNAM=MS-80SH;PIRA=0;PIRP=0;PIRM=0;PIRL=-1;PIRH=2;
SQNR=6765;DATE=24-08-14;TIME=01:52:45;STAT=201222;TMPA=20;TMPP=204;TMPB=23;TMPC=22;RHUA=80;DWPA=16;PTYP=1;PNAM=MS-80SH;PIRA=0;PIRP=0;PIRM=0;PIRL=-1;PIRH=2;
SQNR=6780;DATE=24-08-14;TIME=01:53:00;STAT=201222;TMPA=20;TMPP=203;TMPB=23;TMPC=22;RHUA=80;DWPA=16;PTYP=1;PNAM=MS-80SH;PIRA=0;PIRP=0;PIRM=0;PIRL=-1;PIRH=2;
SQNR=6795;DATE=24-08-14;TIME=01:53:15;STAT=201222;TMPA=20;TMPP=202;TMPB=23;TMPC=22;RHUA=80;DWPA=16;PTYP=1;PNAM=MS-80SH;PIRA=0;PIRP=0;PIRM=0;PIRL=-1;PIRH=2;
SQNR=6810;DATE=24-08-14;TIME=01:53:30;STAT=201222;TMPA=20;TMPP=202;TMPB=23;TMPC=22;RHUA=81;DWPA=16;PTYP=1;PNAM=MS-80SH;PIRA=0;PIRP=0;PIRM=0;PIRL=-1;PIRH=2;
SQNR=6825;DATE=24-08-14;TIME=01:53:45;STAT=201222;TMPA=20;TMPP=202;TMPB=23;TMPC=22;RHUA=81;DWPA=16;PTYP=1;PNAM=MS-80SH;PIRA=-1;PIRP=-1;PIRM=0;PIRL=-1;PIRH=2;
SQNR=6840;DATE=24-08-14;TIME=01:54:00;STAT=201222;TMPA=20;TMPP=201;TMPB=23;TMPC=22;RHUA=81;DWPA=16;PTYP=1;PNAM=MS-80SH;PIRA=-1;PIRP=-1;PIRM=-1;PIRL=-1;PIRH=2;
SQNR=6855;DATE=24-08-14;TIME=01:54:15;STAT=201222;TMPA=20;TMPP=200;TMPB=23;TMPC=22;RHUA=81;DWPA=16;PTYP=1;PNAM=MS-80SH;PIRA=-1;PIRP=-1;PIRM=-1;PIRL=-1;PIRH=2;
SQNR=6870;DATE=24-08-14;TIME=01:54:30;STAT=201222;TMPA=20;TMPP=200;TMPB=23;TMPC=22;RHUA=81;DWPA=16;PTYP=1;PNAM=MS-80SH;PIRA=0;PIRP=-1;PIRM=-1;PIRL=-1;PIRH=2;
SQNR=6885;DATE=24-08-14;TIME=01:54:45;STAT=201222;TMPA=19;TMPP=199;TMPB=23;TMPC=22;RHUA=82;DWPA=16;PTYP=1;PNAM=MS-80SH;PIRA=0;PIRP=0;PIRM=0;PIRL=-1;PIRH=2;
SQNR=6900;DATE=24-08-14;TIME=01:55:00;STAT=201222;TMPA=19;TMPP=198;TMPB=23;TMPC=22;RHUA=82;DWPA=16;PTYP=1;PNAM=MS-80SH;PIRA=0;PIRP=0;PIRM=0;PIRL=-1;PIRH=2;
C-----;?
V-----;SWVNR=2102190;SQNDL=6901;DATE=24-08-14;TIME=01:55:06;THTYP=85;TTEMP=15;TDEWP=5;IUFAN=800;ILFAN=5;IUHEA=3000;PYDEF=21;PYAVT=30;PYAVW=1;PYOST=0;MSDLY=15;FNDLY=30;OSTRG=3;DBGFL=0;ASIRE=0;DBGRE=0;MPPFL=-1;
SQNR=6915;DATE=24-08-14;TIME=01:55:15;STAT=201222;TMPA=19;TMPP=197;TMPB=23;TMPC=22;RHUA=82;DWPA=16;PTYP=1;PNAM=MS-80SH;PIRA=1;PIRP=0;PIRM=0;PIRL=-1;PIRH=2;
SQNR=6930;DATE=24-08-14;TIME=01:55:30;STAT=201222;TMPA=19;TMPP=196;TMPB=22;TMPC=22;RHUA=83;DWPA=16;PTYP=1;PNAM=MS-80SH;PIRA=0;PIRP=0;PIRM=0;PIRL=-1;PIRH=2;
SQNR=6945;DATE=24-08-14;TIME=01:55:45;STAT=201222;TMPA=19;TMPP=195;TMPB=22;TMPC=22;RHUA=83;DWPA=16;PTYP=1;PNAM=MS-80SH;PIRA=0;PIRP=0;PIRM=0;PIRL=-1;PIRH=2;
SQNR=6960;DATE=24-08-14;TIME=01:56:00;STAT=201222;TMPA=19;TMPP=194;TMPB=22;TMPC=22;RHUA=84;DWPA=16;PTYP=1;PNAM=MS-80SH;PIRA=0;PIRP=0;PIRM=0;PIRL=-1;PIRH=2;
SQNR=6975;DATE=24-08-14;TIME=01:56:15;STAT=201222;TMPA=19;TMPP=193;TMPB=22;TMPC=22;RHUA=84;DWPA=16;PTYP=1;PNAM=MS-80SH;PIRA=0;PIRP=0;PIRM=0;PIRL=-1;PIRH=2;
SQNR=6990;DATE=24-08-14;TIME=01:56:30;STAT=201222;TMPA=19;TMPP=192;TMPB=22;TMPC=22;RHUA=84;DWPA=16;PTYP=1;PNAM=MS-80SH;PIRA=0;PIRP=0;PIRM=0;PIRL=-1;PIRH=2;
SQNR=7005;DATE=24-08-14;TIME=01:56:45;STAT=201222;TMPA=19;TMPP=192;TMPB=22;TMPC=22;RHUA=85;DWPA=16;PTYP=1;PNAM=MS-80SH;PIRA=0;PIRP=0;PIRM=0;PIRL=-1;PIRH=2;
SQNR=7020;DATE=24-08-14;TIME=01:57:00;STAT=201222;TMPA=19;TMPP=191;TMPB=22;TMPC=22;RHUA=85;DWPA=16;PTYP=1;PNAM=MS-80SH;PIRA=0;PIRP=0;PIRM=0;PIRL=-1;PIRH=2;
SQNR=7035;DATE=24-08-14;TIME=01:57:15;STAT=201222;TMPA=19;TMPP=191;TMPB=22;TMPC=22;RHUA=85;DWPA=16;PTYP=1;PNAM=MS-80SH;PIRA=0;PIRP=0;PIRM=0;PIRL=-1;PIRH=2;
SQNR=7050;DATE=24-08-14;TIME=01:57:30;STAT=201222;TMPA=19;TMPP=191;TMPB=22;TMPC=22;RHUA=85;DWPA=16;PTYP=1;PNAM=MS-80SH;PIRA=0;PIRP=0;PIRM=0;PIRL=-1;PIRH=2;
SQNR=7065;DATE=24-08-14;TIME=01:57:45;STAT=201222;TMPA=19;TMPP=191;TMPB=22;TMPC=22;RHUA=85;DWPA=16;PTYP=1;PNAM=MS-80SH;PIRA=0;PIRP=0;PIRM=0;PIRL=-1;PIRH=2;
SQNR=7080;DATE=24-08-14;TIME=01:58:00;STAT=201222;TMPA=19;TMPP=191;TMPB=23;TMPC=22;RHUA=85;DWPA=16;PTYP=1;PNAM=MS-80SH;PIRA=-1;PIRP=0;PIRM=0;PIRL=-1;PIRH=2;
SQNR=7095;DATE=24-08-14;TIME=01:58:15;STAT=201222;TMPA=19;TMPP=191;TMPB=23;TMPC=22;RHUA=85;DWPA=16;PTYP=1;PNAM=MS-80SH;PIRA=0;PIRP=0;PIRM=0;PIRL=-1;PIRH=2;
SQNR=7110;DATE=24-08-14;TIME=01:58:30;STAT=201222;TMPA=19;TMPP=191;TMPB=22;TMPC=22;RHUA=85;DWPA=16;PTYP=1;PNAM=MS-80SH;PIRA=-1;PIRP=-1;PIRM=0;PIRL=-1;PIRH=2;
SQNR=7125;DATE=24-08-14;TIME=01:58:45;STAT=201222;TMPA=19;TMPP=191;TMPB=22;TMPC=22;RHUA=85;DWPA=16;PTYP=1;PNAM=MS-80SH;PIRA=-1;PIRP=-1;PIRM=-1;PIRL=-1;PIRH=2;
SQNR=7140;DATE=24-08-14;TIME=01:59:00;STAT=201222;TMPA=19;TMPP=191;TMPB=22;TMPC=22;RHUA=85;DWPA=16;PTYP=1;PNAM=MS-80SH;PIRA=-1;PIRP=-1;PIRM=-1;PIRL=-1;PIRH=2;
SQNR=7155;DATE=24-08-14;TIME=01:59:15;STAT=201222;TMPA=19;TMPP=191;TMPB=22;TMPC=22;RHUA=85;DWPA=16;PTYP=1;PNAM=MS-80SH;PIRA=-1;PIRP=-1;PIRM=-1;PIRL=-1;PIRH=2;
SQNR=7170;DATE=24-08-14;TIME=01:59:30;STAT=201222;TMPA=19;TMPP=191;TMPB=22;TMPC=22;RHUA=85;DWPA=16;PTYP=1;PNAM=MS-80SH;PIRA=-1;PIRP=-1;PIRM=-1;PIRL=-1;PIRH=2;
SQNR=7185;DATE=24-08-14;TIME=01:59:45;STAT=201222;TMPA=19;TMPP=191;TMPB=22;TMPC=22;RHUA=85;DWPA=16;PTYP=1;PNAM=MS-80SH;PIRA=-1;PIRP=-1;PIRM=-1;PIRL=-1;PIRH=2;
SQNR=7200;DATE=24-08-14;TIME=02:00:00;STAT=201222;TMPA=19;TMPP=191;TMPB=22;TMPC=22;RHUA=85;DWPA=16;PTYP=1;PNAM=MS-80SH;PIRA=-1;PIRP=-1;PIRM=-1;PIRL=-1;PIRH=2;
C-----;?
V-----;SWVNR=2102190;SQNDL=7201;DATE=24-08-14;TIME=02:00:06;THTYP=85;TTEMP=15;TDEWP=5;IUFAN=800;ILFAN=5;IUHEA=3000;PYDEF=21;PYAVT=30;PYAVW=1;PYOST=0;MSDLY=15;FNDLY=30;OSTRG=3;DBGFL=0;ASIRE=0;DBGRE=0;MPPFL=-1;
SQNR=7215;DATE=24-08-14;TIME=02:00:15;STAT=201222;TMPA=19;TMPP=191;TMPB=22;TMPC=22;RHUA=85;DWPA=16;PTYP=1;PNAM=MS-80SH;PIRA=-1;PIRP=-1;PIRM=-1;PIRL=-1;PIRH=2;
SQNR=7230;DATE=24-08-14;TIME=02:00:30;STAT=201222;TMPA=19;TMPP=191;TMPB=23;TMPC=22;RHUA=85;DWPA=16;PTYP=1;PNAM=MS-80SH;PIRA=-1;PIRP=-1;PIRM=-1;PIRL=-1;PIRH=2;
SQNR=7245;DATE=24-08-14;TIME=02:00:45;STAT=201222;TMPA=19;TMPP=191;TMPB=23;TMPC=22;RHUA=85;DWPA=16;PTYP=1;PNAM=MS-80SH;PIRA=0;PIRP=-1;PIRM=-1;PIRL=-1;PIRH=2;
C-----;P1001
R-----;REBOOT - ASI-16 PeriCon MK2 - ;SWVNR=2102190;SQNR=7263;Date=24-08-14;Time=02:01:04;
V-----;SWVNR=2102190;SQNDL=7263;DATE=24-08-14;TIME=02:01:08;THTYP=85;TTEMP=15;TDEWP=5;IUFAN=800;ILFAN=5;IUHEA=3000;PYDEF=21;PYAVT=30;PYAVW=1;PYOST=0;MSDLY=15;FNDLY=30;OSTRG=3;DBGFL=0;ASIRE=0;DBGRE=0;MPPFL=-1;
SQNR=7275;DATE=24-08-14;TIME=02:01:15;STAT=201222;TMPA=19;TMPP=190;TMPB=22;TMPC=22;RHUA=86;DWPA=16;PTYP=1;PNAM=MS-80SH;PIRA=0;PIRP=0;PIRM=0;PIRL=0;PIRH=0;
SQNR=7290;DATE=24-08-14;TIME=02:01:30;STAT=201222;TMPA=19;TMPP=191;TMPB=22;TMPC=22;RHUA=85;DWPA=16;PTYP=1;PNAM=MS-80SH;PIRA=0;PIRP=0;PIRM=0;PIRL=0;PIRH=0;
SQNR=7305;DATE=24-08-14;TIME=02:01:45;STAT=201222;TMPA=19;TMPP=190;TMPB=22;TMPC=22;RHUA=85;DWPA=16;PTYP=1;PNAM=MS-80SH;PIRA=0;PIRP=0;PIRM=0;PIRL=0;PIRH=0;
SQNR=7320;DATE=24-08-14;TIME=02:02:00;STAT=201222;TMPA=19;TMPP=190;TMPB=22;TMPC=22;RHUA=85;DWPA=16;PTYP=1;PNAM=MS-80SH;PIRA=1;PIRP=0;PIRM=0;PIRL=0;PIRH=1;
SQNR=7335;DATE=24-08-14;TIME=02:02:15;STAT=201222;TMPA=19;TMPP=190;TMPB=22;TMPC=22;RHUA=85;DWPA=16;PTYP=1;PNAM=MS-80SH;PIRA=1;PIRP=0;PIRM=0;PIRL=0;PIRH=1;
SQNR=7350;DATE=24-08-14;TIME=02:02:30;STAT=201222;TMPA=18;TMPP=189;TMPB=22;TMPC=22;RHUA=85;DWPA=16;PTYP=1;PNAM=MS-80SH;PIRA=1;PIRP=1;PIRM=0;PIRL=0;PIRH=1;
SQNR=7365;DATE=24-08-14;TIME=02:02:45;STAT=201222;TMPA=18;TMPP=189;TMPB=22;TMPC=22;RHUA=85;DWPA=16;PTYP=1;PNAM=MS-80SH;PIRA=0;PIRP=1;PIRM=0;PIRL=0;PIRH=1;
SQNR=7380;DATE=24-08-14;TIME=02:03:00;STAT=201222;TMPA=18;TMPP=188;TMPB=22;TMPC=22;RHUA=85;DWPA=16;PTYP=1;PNAM=MS-80SH;PIRA=0;PIRP=0;PIRM=0;PIRL=0;PIRH=1;
SQNR=7395;DATE=24-08-14;TIME=02:03:15;STAT=201222;TMPA=18;TMPP=188;TMPB=22;TMPC=22;RHUA=86;DWPA=16;PTYP=1;PNAM=MS-80SH;PIRA=0;PIRP=0;PIRM=0;PIRL=0;PIRH=1;
SQNR=7410;DATE=24-08-14;TIME=02:03:30;STAT=201222;TMPA=18;TMPP=188;TMPB=22;TMPC=22;RHUA=86;DWPA=16;PTYP=1;PNAM=MS-80SH;PIRA=0;PIRP=0;PIRM=0;PIRL=0;PIRH=1;
SQNR=7425;DATE=24-08-14;TIME=02:03:45;STAT=201222;TMPA=18;TMPP=188;TMPB=22;TMPC=22;RHUA=86;DWPA=16;PTYP=1;PNAM=MS-80SH;PIRA=0;PIRP=0;PIRM=0;PIRL=0;PIRH=1;
SQNR=7440;DATE=24-08-14;TIME=02:04:00;STAT=201222;TMPA=18;TMPP=188;TMPB=22;TMPC=22;RHUA=86;DWPA=16;PTYP=1;PNAM=MS-80SH;PIRA=0;PIRP=0;PIRM=0;PIRL=0;PIRH=1;
SQNR=7455;DATE=24-08-14;TIME=02:04:15;STAT=201222;TMPA=18;TMPP=187;TMPB=22;TMPC=22;RHUA=86;DWPA=16;PTYP=1;PNAM=MS-80SH;PIRA=0;PIRP=0;PIRM=0;PIRL=0;PIRH=1;
SQNR=7470;DATE=24-08-14;TIME=02:04:30;STAT=201222;TMPA=18;TMPP=188;TMPB=22;TMPC=22;RHUA=86;DWPA=16;PTYP=1;PNAM=MS-80SH;PIRA=0;PIRP=0;PIRM=0;PIRL=0;PIRH=1;
SQNR=7485;DATE=24-08-14;TIME=02:04:45;STAT=201222;TMPA=18;TMPP=187;TMPB=22;TMPC=22;RHUA=86;DWPA=16;PTYP=1;PNAM=MS-80SH;PIRA=0;PIRP=0;PIRM=0;PIRL=0;PIRH=1;
SQNR=7500;DATE=24-08-14;TIME=02:05:00;STAT=201222;TMPA=18;TMPP=187;TMPB=22;TMPC=22;RHUA=86;DWPA=16;PTYP=1;PNAM=MS-80SH;PIRA=0;PIRP=0;PIRM=0;PIRL=0;PIRH=1;
C-----;?
V-----;SWVNR=2102190;SQNDL=7501;DATE=24-08-14;TIME=02:05:06;THTYP=85;TTEMP=15;TDEWP=5;IUFAN=800;ILFAN=5;IUHEA=3000;PYDEF=21;PYAVT=30;PYAVW=1;PYOST=0;MSDLY=15;FNDLY=30;OSTRG=3;DBGFL=0;ASIRE=0;DBGRE=0;MPPFL=-1;
SQNR=7515;DATE=24-08-14;TIME=02:05:15;STAT=201222;TMPA=18;TMPP=188;TMPB=22;TMPC=22;RHUA=86;DWPA=16;PTYP=1;PNAM=MS-80SH;PIRA=0;PIRP=0;PIRM=0;PIRL=0;PIRH=1;
SQNR=7530;DATE=24-08-14;TIME=02:05:30;STAT=201222;TMPA=18;TMPP=188;TMPB=22;TMPC=22;RHUA=86;DWPA=16;PTYP=1;PNAM=MS-80SH;PIRA=0;PIRP=0;PIRM=0;PIRL=0;PIRH=1;
SQNR=7545;DATE=24-08-14;TIME=02:05:45;STAT=201222;TMPA=18;TMPP=188;TMPB=22;TMPC=22;RHUA=85;DWPA=16;PTYP=1;PNAM=MS-80SH;PIRA=0;PIRP=0;PIRM=0;PIRL=-1;PIRH=1;
SQNR=7560;DATE=24-08-14;TIME=02:06:00;STAT=201222;TMPA=18;TMPP=188;TMPB=22;TMPC=22;RHUA=86;DWPA=16;PTYP=1;PNAM=MS-80SH;PIRA=-1;PIRP=0;PIRM=0;PIRL=-1;PIRH=1;
SQNR=7575;DATE=24-08-14;TIME=02:06:15;STAT=201222;TMPA=18;TMPP=188;TMPB=23;TMPC=22;RHUA=86;DWPA=16;PTYP=1;PNAM=MS-80SH;PIRA=-1;PIRP=-1;PIRM=-1;PIRL=-1;PIRH=1;
SQNR=7590;DATE=24-08-14;TIME=02:06:30;STAT=201222;TMPA=18;TMPP=188;TMPB=22;TMPC=22;RHUA=86;DWPA=16;PTYP=1;PNAM=MS-80SH;PIRA=-1;PIRP=-1;PIRM=-1;PIRL=-1;PIRH=1;
SQNR=7605;DATE=24-08-14;TIME=02:06:45;STAT=201222;TMPA=18;TMPP=188;TMPB=22;TMPC=22;RHUA=86;DWPA=16;PTYP=1;PNAM=MS-80SH;PIRA=-1;PIRP=-1;PIRM=-1;PIRL=-1;PIRH=1;
SQNR=7620;DATE=24-08-14;TIME=02:07:00;STAT=201222;TMPA=18;TMPP=189;TMPB=22;TMPC=22;RHUA=86;DWPA=16;PTYP=1;PNAM=MS-80SH;PIRA=-1;PIRP=-1;PIRM=-1;PIRL=-1;PIRH=1;
SQNR=7635;DATE=24-08-14;TIME=02:07:15;STAT=201222;TMPA=18;TMPP=188;TMPB=22;TMPC=22;RHUA=85;DWPA=16;PTYP=1;PNAM=MS-80SH;PIRA=-1;PIRP=-1;PIRM=-1;PIRL=-1;PIRH=1;
SQNR=7650;DATE=24-08-14;TIME=02:07:30;STAT=201222;TMPA=18;TMPP=188;TMPB=22;TMPC=22;RHUA=85;DWPA=16;PTYP=1;PNAM=MS-80SH;PIRA=-1;PIRP=-1;PIRM=-1;PIRL=-1;PIRH=1;
SQNR=7665;DATE=24-08-14;TIME=02:07:45;STAT=201222;TMPA=18;TMPP=189;TMPB=22;TMPC=22;RHUA=85;DWPA=16;PTYP=1;PNAM=MS-80SH;PIRA=0;PIRP=-1;PIRM=-1;PIRL=-1;PIRH=1;
SQNR=7680;DATE=24-08-14;TIME=02:08:00;STAT=201222;TMPA=18;TMPP=189;TMPB=22;TMPC=22;RHUA=85;DWPA=16;PTYP=1;PNAM=MS-80SH;PIRA=0;PIRP=0;PIRM=0;PIRL=-1;PIRH=1;
SQNR=7695;DATE=24-08-14;TIME=02:08:15;STAT=201222;TMPA=18;TMPP=189;TMPB=22;TMPC=22;RHUA=85;DWPA=16;PTYP=1;PNAM=MS-80SH;PIRA=0;PIRP=0;PIRM=0;PIRL=-1;PIRH=1;
SQNR=7710;DATE=24-08-14;TIME=02:08:30;STAT=201222;TMPA=18;TMPP=189;TMPB=22;TMPC=22;RHUA=85;DWPA=16;PTYP=1;PNAM=MS-80SH;PIRA=0;PIRP=0;PIRM=0;PIRL=-1;PIRH=1;
SQNR=7725;DATE=24-08-14;TIME=02:08:45;STAT=201222;TMPA=18;TMPP=189;TMPB=22;TMPC=22;RHUA=85;DWPA=16;PTYP=1;PNAM=MS-80SH;PIRA=0;PIRP=0;PIRM=0;PIRL=-1;PIRH=1;
SQNR=7740;DATE=24-08-14;TIME=02:09:00;STAT=201222;TMPA=18;TMPP=188;TMPB=22;TMPC=22;RHUA=85;DWPA=16;PTYP=1;PNAM=MS-80SH;PIRA=1;PIRP=0;PIRM=0;PIRL=-1;PIRH=1;
SQNR=7755;DATE=24-08-14;TIME=02:09:15;STAT=201222;TMPA=18;TMPP=188;TMPB=22;TMPC=22;RHUA=85;DWPA=16;PTYP=1;PNAM=MS-80SH;PIRA=1;PIRP=1;PIRM=0;PIRL=-1;PIRH=1;
SQNR=7770;DATE=24-08-14;TIME=02:09:30;STAT=201222;TMPA=18;TMPP=187;TMPB=22;TMPC=22;RHUA=85;DWPA=16;PTYP=1;PNAM=MS-80SH;PIRA=1;PIRP=1;PIRM=1;PIRL=-1;PIRH=1;
SQNR=7785;DATE=24-08-14;TIME=02:09:45;STAT=201222;TMPA=18;TMPP=187;TMPB=22;TMPC=22;RHUA=85;DWPA=16;PTYP=1;PNAM=MS-80SH;PIRA=1;PIRP=1;PIRM=1;PIRL=-1;PIRH=1;
C-----;?
SQNR=7800;DATE=24-08-14;TIME=02:10:00;STAT=201222;TMPA=18;TMPP=186;TMPB=22;TMPC=22;RHUA=85;DWPA=16;PTYP=1;PNAM=MS-80SH;PIRA=1;PIRP=1;PIRM=1;PIRL=-1;PIRH=1;
V-----;SWVNR=2102190;SQNDL=7801;DATE=24-08-14;TIME=02:10:06;THTYP=85;TTEMP=15;TDEWP=5;IUFAN=800;ILFAN=5;IUHEA=3000;PYDEF=21;PYAVT=30;PYAVW=1;PYOST=0;MSDLY=15;FNDLY=30;OSTRG=3;DBGFL=0;ASIRE=0;DBGRE=0;MPPFL=-1;
SQNR=7815;DATE=24-08-14;TIME=02:10:15;STAT=201222;TMPA=18;TMPP=186;TMPB=22;TMPC=22;RHUA=86;DWPA=16;PTYP=1;PNAM=MS-80SH;PIRA=1;PIRP=1;PIRM=1;PIRL=-1;PIRH=1;
SQNR=7830;DATE=24-08-14;TIME=02:10:30;STAT=201222;TMPA=18;TMPP=186;TMPB=22;TMPC=22;RHUA=86;DWPA=16;PTYP=1;PNAM=MS-80SH;PIRA=0;PIRP=1;PIRM=1;PIRL=-1;PIRH=1;
SQNR=7845;DATE=24-08-14;TIME=02:10:45;STAT=201222;TMPA=18;TMPP=186;TMPB=22;TMPC=22;RHUA=86;DWPA=16;PTYP=1;PNAM=MS-80SH;PIRA=0;PIRP=0;PIRM=0;PIRL=-1;PIRH=1;
SQNR=7860;DATE=24-08-14;TIME=02:11:00;STAT=201222;TMPA=18;TMPP=186;TMPB=22;TMPC=22;RHUA=86;DWPA=16;PTYP=1;PNAM=MS-80SH;PIRA=0;PIRP=0;PIRM=0;PIRL=-1;PIRH=1;
SQNR=7875;DATE=24-08-14;TIME=02:11:15;STAT=201222;TMPA=18;TMPP=185;TMPB=22;TMPC=22;RHUA=86;DWPA=16;PTYP=1;PNAM=MS-80SH;PIRA=0;PIRP=0;PIRM=0;PIRL=-1;PIRH=1;
SQNR=7890;DATE=24-08-14;TIME=02:11:30;STAT=201222;TMPA=18;TMPP=185;TMPB=22;TMPC=22;RHUA=86;DWPA=16;PTYP=1;PNAM=MS-80SH;PIRA=0;PIRP=0;PIRM=0;PIRL=-1;PIRH=1;
SQNR=7905;DATE=24-08-14;TIME=02:11:45;STAT=201222;TMPA=18;TMPP=185;TMPB=22;TMPC=22;RHUA=86;DWPA=16;PTYP=1;PNAM=MS-80SH;PIRA=0;PIRP=0;PIRM=0;PIRL=-1;PIRH=1;
SQNR=7920;DATE=24-08-14;TIME=02:12:00;STAT=201222;TMPA=18;TMPP=185;TMPB=22;TMPC=22;RHUA=85;DWPA=16;PTYP=1;PNAM=MS-80SH;PIRA=0;PIRP=0;PIRM=0;PIRL=-1;PIRH=1;
SQNR=7935;DATE=24-08-14;TIME=02:12:15;STAT=201222;TMPA=18;TMPP=185;TMPB=22;TMPC=22;RHUA=86;DWPA=16;PTYP=1;PNAM=MS-80SH;PIRA=0;PIRP=0;PIRM=0;PIRL=-1;PIRH=1;
SQNR=7950;DATE=24-08-14;TIME=02:12:30;STAT=201222;TMPA=18;TMPP=185;TMPB=22;TMPC=22;RHUA=86;DWPA=16;PTYP=1;PNAM=MS-80SH;PIRA=0;PIRP=0;PIRM=0;PIRL=-1;PIRH=1;
SQNR=7965;DATE=24-08-14;TIME=02:12:45;STAT=201222;TMPA=18;TMPP=185;TMPB=22;TMPC=22;RHUA=86;DWPA=16;PTYP=1;PNAM=MS-80SH;PIRA=0;PIRP=0;PIRM=0;PIRL=-1;PIRH=1;
SQNR=7980;DATE=24-08-14;TIME=02:13:00;STAT=201222;TMPA=18;TMPP=185;TMPB=22;TMPC=22;RHUA=86;DWPA=16;PTYP=1;PNAM=MS-80SH;PIRA=0;PIRP=0;PIRM=0;PIRL=-1;PIRH=1;
SQNR=7995;DATE=24-08-14;TIME=02:13:15;STAT=201222;TMPA=18;TMPP=185;TMPB=22;TMPC=22;RHUA=86;DWPA=16;PTYP=1;PNAM=MS-80SH;PIRA=0;PIRP=0;PIRM=0;PIRL=-1;PIRH=1;
SQNR=8010;DATE=24-08-14;TIME=02:13:30;STAT=201222;TMPA=18;TMPP=185;TMPB=22;TMPC=22;RHUA=86;DWPA=16;PTYP=1;PNAM=MS-80SH;PIRA=0;PIRP=0;PIRM=0;PIRL=-1;PIRH=1;
SQNR=8025;DATE=24-08-14;TIME=02:13:45;STAT=201222;TMPA=18;TMPP=185;TMPB=22;TMPC=22;RHUA=86;DWPA=16;PTYP=1;PNAM=MS-80SH;PIRA=0;PIRP=0;PIRM=0;PIRL=-1;PIRH=1;
SQNR=8040;DATE=24-08-14;TIME=02:14:00;STAT=201222;TMPA=18;TMPP=185;TMPB=22;TMPC=22;RHUA=86;DWPA=16;PTYP=1;PNAM=MS-80SH;PIRA=0;PIRP=0;PIRM=0;PIRL=-1;PIRH=1;
SQNR=8055;DATE=24-08-14;TIME=02:14:15;STAT=201222;TMPA=18;TMPP=185;TMPB=22;TMPC=22;RHUA=86;DWPA=16;PTYP=1;PNAM=MS-80SH;PIRA=0;PIRP=0;PIRM=0;PIRL=-1;PIRH=1;
SQNR=8070;DATE=24-08-14;TIME=02:14:30;STAT=201222;TMPA=18;TMPP=185;TMPB=22;TMPC=21;RHUA=86;DWPA=16;PTYP=1;PNAM=MS-80SH;PIRA=0;PIRP=0;PIRM=0;PIRL=-1;PIRH=1;
SQNR=8085;DATE=24-08-14;TIME=02:14:45;STAT=201222;TMPA=18;TMPP=185;TMPB=22;TMPC=21;RHUA=86;DWPA=16;PTYP=1;PNAM=MS-80SH;PIRA=0;PIRP=0;PIRM=0;PIRL=-1;PIRH=1;
SQNR=8100;DATE=24-08-14;TIME=02:15:00;STAT=201222;TMPA=18;TMPP=185;TMPB=22;TMPC=22;RHUA=86;DWPA=16;PTYP=1;PNAM=MS-80SH;PIRA=0;PIRP=0;PIRM=0;PIRL=-1;PIRH=1;
C-----;?
V-----;SWVNR=2102190;SQNDL=8102;DATE=24-08-14;TIME=02:15:07;THTYP=85;TTEMP=15;TDEWP=5;IUFAN=800;ILFAN=5;IUHEA=3000;PYDEF=21;PYAVT=30;PYAVW=1;PYOST=0;MSDLY=15;FNDLY=30;OSTRG=3;DBGFL=0;ASIRE=0;DBGRE=0;MPPFL=-1;
SQNR=8115;DATE=24-08-14;TIME=02:15:15;STAT=201222;TMPA=18;TMPP=185;TMPB=22;TMPC=21;RHUA=86;DWPA=16;PTYP=1;PNAM=MS-80SH;PIRA=0;PIRP=0;PIRM=0;PIRL=-1;PIRH=1;
SQNR=8130;DATE=24-08-14;TIME=02:15:30;STAT=201222;TMPA=18;TMPP=185;TMPB=22;TMPC=21;RHUA=86;DWPA=16;PTYP=1;PNAM=MS-80SH;PIRA=0;PIRP=0;PIRM=0;PIRL=-1;PIRH=1;
SQNR=8145;DATE=24-08-14;TIME=02:15:45;STAT=201222;TMPA=18;TMPP=185;TMPB=22;TMPC=21;RHUA=86;DWPA=16;PTYP=1;PNAM=MS-80SH;PIRA=0;PIRP=0;PIRM=0;PIRL=-1;PIRH=1;
SQNR=8160;DATE=24-08-14;TIME=02:16:00;STAT=201222;TMPA=18;TMPP=185;TMPB=22;TMPC=21;RHUA=86;DWPA=16;PTYP=1;PNAM=MS-80SH;PIRA=0;PIRP=0;PIRM=0;PIRL=-1;PIRH=1;
SQNR=8175;DATE=24-08-14;TIME=02:16:15;STAT=201222;TMPA=18;TMPP=185;TMPB=22;TMPC=22;RHUA=86;DWPA=16;PTYP=1;PNAM=MS-80SH;PIRA=0;PIRP=0;PIRM=0;PIRL=-1;PIRH=1;
SQNR=8190;DATE=24-08-14;TIME=02:16:30;STAT=201222;TMPA=18;TMPP=185;TMPB=22;TMPC=21;RHUA=86;DWPA=16;PTYP=1;PNAM=MS-80SH;PIRA=0;PIRP=0;PIRM=0;PIRL=-1;PIRH=1;
SQNR=8205;DATE=24-08-14;TIME=02:16:45;STAT=201222;TMPA=18;TMPP=185;TMPB=22;TMPC=21;RHUA=86;DWPA=16;PTYP=1;PNAM=MS-80SH;PIRA=0;PIRP=0;PIRM=0;PIRL=-1;PIRH=1;
SQNR=8220;DATE=24-08-14;TIME=02:17:00;STAT=201222;TMPA=18;TMPP=185;TMPB=22;TMPC=21;RHUA=86;DWPA=16;PTYP=1;PNAM=MS-80SH;PIRA=0;PIRP=0;PIRM=0;PIRL=-1;PIRH=1;
SQNR=8235;DATE=24-08-14;TIME=02:17:15;STAT=201222;TMPA=18;TMPP=185;TMPB=22;TMPC=21;RHUA=86;DWPA=16;PTYP=1;PNAM=MS-80SH;PIRA=0;PIRP=0;PIRM=0;PIRL=-1;PIRH=1;
SQNR=8250;DATE=24-08-14;TIME=02:17:30;STAT=201222;TMPA=18;TMPP=185;TMPB=22;TMPC=21;RHUA=86;DWPA=16;PTYP=1;PNAM=MS-80SH;PIRA=0;PIRP=0;PIRM=0;PIRL=-1;PIRH=1;
SQNR=8265;DATE=24-08-14;TIME=02:17:45;STAT=201222;TMPA=18;TMPP=185;TMPB=22;TMPC=21;RHUA=86;DWPA=16;PTYP=1;PNAM=MS-80SH;PIRA=0;PIRP=0;PIRM=0;PIRL=-1;PIRH=1;
SQNR=8280;DATE=24-08-14;TIME=02:18:00;STAT=201222;TMPA=18;TMPP=186;TMPB=22;TMPC=21;RHUA=86;DWPA=16;PTYP=1;PNAM=MS-80SH;PIRA=0;PIRP=0;PIRM=0;PIRL=-1;PIRH=1;
SQNR=8295;DATE=24-08-14;TIME=02:18:15;STAT=201222;TMPA=18;TMPP=186;TMPB=22;TMPC=21;RHUA=86;DWPA=16;PTYP=1;PNAM=MS-80SH;PIRA=0;PIRP=0;PIRM=0;PIRL=-1;PIRH=1;
SQNR=8310;DATE=24-08-14;TIME=02:18:30;STAT=201222;TMPA=18;TMPP=186;TMPB=22;TMPC=21;RHUA=86;DWPA=16;PTYP=1;PNAM=MS-80SH;PIRA=0;PIRP=0;PIRM=0;PIRL=-1;PIRH=1;
SQNR=8325;DATE=24-08-14;TIME=02:18:45;STAT=201222;TMPA=18;TMPP=187;TMPB=22;TMPC=21;RHUA=86;DWPA=16;PTYP=1;PNAM=MS-80SH;PIRA=0;PIRP=0;PIRM=0;PIRL=-1;PIRH=1;
SQNR=8340;DATE=24-08-14;TIME=02:19:00;STAT=201222;TMPA=18;TMPP=187;TMPB=22;TMPC=21;RHUA=86;DWPA=16;PTYP=1;PNAM=MS-80SH;PIRA=0;PIRP=0;PIRM=0;PIRL=-1;PIRH=1;
SQNR=8355;DATE=24-08-14;TIME=02:19:15;STAT=201222;TMPA=18;TMPP=187;TMPB=22;TMPC=21;RHUA=86;DWPA=16;PTYP=1;PNAM=MS-80SH;PIRA=0;PIRP=0;PIRM=0;PIRL=-1;PIRH=1;
SQNR=8370;DATE=24-08-14;TIME=02:19:30;STAT=201222;TMPA=18;TMPP=188;TMPB=22;TMPC=21;RHUA=86;DWPA=16;PTYP=1;PNAM=MS-80SH;PIRA=0;PIRP=0;PIRM=0;PIRL=-1;PIRH=1;
SQNR=8385;DATE=24-08-14;TIME=02:19:45;STAT=201222;TMPA=18;TMPP=188;TMPB=22;TMPC=21;RHUA=86;DWPA=16;PTYP=1;PNAM=MS-80SH;PIRA=0;PIRP=0;PIRM=0;PIRL=-1;PIRH=1;
SQNR=8400;DATE=24-08-14;TIME=02:20:00;STAT=201222;TMPA=18;TMPP=188;TMPB=22;TMPC=21;RHUA=86;DWPA=16;PTYP=1;PNAM=MS-80SH;PIRA=0;PIRP=0;PIRM=0;PIRL=-1;PIRH=1;
C-----;?
V-----;SWVNR=2102190;SQNDL=8401;DATE=24-08-14;TIME=02:20:06;THTYP=85;TTEMP=15;TDEWP=5;IUFAN=800;ILFAN=5;IUHEA=3000;PYDEF=21;PYAVT=30;PYAVW=1;PYOST=0;MSDLY=15;FNDLY=30;OSTRG=3;DBGFL=0;ASIRE=0;DBGRE=0;MPPFL=-1;
SQNR=8415;DATE=24-08-14;TIME=02:20:15;STAT=201222;TMPA=18;TMPP=188;TMPB=22;TMPC=21;RHUA=86;DWPA=16;PTYP=1;PNAM=MS-80SH;PIRA=0;PIRP=0;PIRM=0;PIRL=-1;PIRH=1;
SQNR=8430;DATE=24-08-14;TIME=02:20:30;STAT=201222;TMPA=18;TMPP=188;TMPB=22;TMPC=22;RHUA=86;DWPA=16;PTYP=1;PNAM=MS-80SH;PIRA=0;PIRP=0;PIRM=0;PIRL=-1;PIRH=1;
SQNR=8445;DATE=24-08-14;TIME=02:20:45;STAT=201222;TMPA=18;TMPP=188;TMPB=22;TMPC=21;RHUA=86;DWPA=16;PTYP=1;PNAM=MS-80SH;PIRA=0;PIRP=0;PIRM=0;PIRL=-1;PIRH=1;
SQNR=8460;DATE=24-08-14;TIME=02:21:00;STAT=201222;TMPA=18;TMPP=188;TMPB=22;TMPC=22;RHUA=86;DWPA=16;PTYP=1;PNAM=MS-80SH;PIRA=0;PIRP=0;PIRM=0;PIRL=-1;PIRH=1;
SQNR=8475;DATE=24-08-14;TIME=02:21:15;STAT=201222;TMPA=18;TMPP=188;TMPB=22;TMPC=21;RHUA=86;DWPA=16;PTYP=1;PNAM=MS-80SH;PIRA=0;PIRP=0;PIRM=0;PIRL=-1;PIRH=1;
SQNR=8490;DATE=24-08-14;TIME=02:21:30;STAT=201222;TMPA=18;TMPP=188;TMPB=22;TMPC=21;RHUA=86;DWPA=16;PTYP=1;PNAM=MS-80SH;PIRA=0;PIRP=0;PIRM=0;PIRL=-1;PIRH=1;
SQNR=8505;DATE=24-08-14;TIME=02:21:45;STAT=201222;TMPA=18;TMPP=187;TMPB=22;TMPC=21;RHUA=86;DWPA=16;PTYP=1;PNAM=MS-80SH;PIRA=0;PIRP=0;PIRM=0;PIRL=-1;PIRH=1;
SQNR=8520;DATE=24-08-14;TIME=02:22:00;STAT=201222;TMPA=18;TMPP=187;TMPB=22;TMPC=21;RHUA=87;DWPA=16;PTYP=1;PNAM=MS-80SH;PIRA=0;PIRP=0;PIRM=0;PIRL=-1;PIRH=1;
SQNR=8535;DATE=24-08-14;TIME=02:22:15;STAT=201222;TMPA=18;TMPP=186;TMPB=22;TMPC=21;RHUA=87;DWPA=16;PTYP=1;PNAM=MS-80SH;PIRA=0;PIRP=0;PIRM=0;PIRL=-1;PIRH=1;
SQNR=8550;DATE=24-08-14;TIME=02:22:30;STAT=201222;TMPA=18;TMPP=186;TMPB=22;TMPC=21;RHUA=87;DWPA=16;PTYP=1;PNAM=MS-80SH;PIRA=0;PIRP=0;PIRM=0;PIRL=-1;PIRH=1;
SQNR=8565;DATE=24-08-14;TIME=02:22:45;STAT=201222;TMPA=18;TMPP=186;TMPB=22;TMPC=21;RHUA=87;DWPA=16;PTYP=1;PNAM=MS-80SH;PIRA=0;PIRP=0;PIRM=0;PIRL=-1;PIRH=1;
SQNR=8580;DATE=24-08-14;TIME=02:23:00;STAT=201222;TMPA=18;TMPP=186;TMPB=22;TMPC=21;RHUA=87;DWPA=16;PTYP=1;PNAM=MS-80SH;PIRA=0;PIRP=0;PIRM=0;PIRL=-1;PIRH=1;
SQNR=8595;DATE=24-08-14;TIME=02:23:15;STAT=201222;TMPA=18;TMPP=185;TMPB=22;TMPC=21;RHUA=87;DWPA=16;PTYP=1;PNAM=MS-80SH;PIRA=0;PIRP=0;PIRM=0;PIRL=-1;PIRH=1;
SQNR=8610;DATE=24-08-14;TIME=02:23:30;STAT=201222;TMPA=18;TMPP=185;TMPB=22;TMPC=21;RHUA=87;DWPA=16;PTYP=1;PNAM=MS-80SH;PIRA=0;PIRP=0;PIRM=0;PIRL=-1;PIRH=1;
SQNR=8625;DATE=24-08-14;TIME=02:23:45;STAT=201222;TMPA=18;TMPP=184;TMPB=22;TMPC=21;RHUA=88;DWPA=16;PTYP=1;PNAM=MS-80SH;PIRA=0;PIRP=0;PIRM=0;PIRL=-1;PIRH=1;
SQNR=8640;DATE=24-08-14;TIME=02:24:00;STAT=201222;TMPA=18;TMPP=184;TMPB=22;TMPC=21;RHUA=88;DWPA=16;PTYP=1;PNAM=MS-80SH;PIRA=0;PIRP=0;PIRM=0;PIRL=-1;PIRH=1;
SQNR=8655;DATE=24-08-14;TIME=02:24:15;STAT=201222;TMPA=18;TMPP=184;TMPB=22;TMPC=21;RHUA=88;DWPA=16;PTYP=1;PNAM=MS-80SH;PIRA=0;PIRP=0;PIRM=0;PIRL=-1;PIRH=1;
SQNR=8670;DATE=24-08-14;TIME=02:24:30;STAT=201222;TMPA=18;TMPP=184;TMPB=22;TMPC=21;RHUA=88;DWPA=16;PTYP=1;PNAM=MS-80SH;PIRA=0;PIRP=0;PIRM=0;PIRL=-1;PIRH=1;
SQNR=8685;DATE=24-08-14;TIME=02:24:45;STAT=201222;TMPA=18;TMPP=185;TMPB=22;TMPC=21;RHUA=87;DWPA=16;PTYP=1;PNAM=MS-80SH;PIRA=0;PIRP=0;PIRM=0;PIRL=-1;PIRH=1;
C-----;?
SQNR=8700;DATE=24-08-14;TIME=02:25:00;STAT=201222;TMPA=18;TMPP=185;TMPB=22;TMPC=21;RHUA=87;DWPA=16;PTYP=1;PNAM=MS-80SH;PIRA=-1;PIRP=-1;PIRM=0;PIRL=-1;PIRH=1;
V-----;SWVNR=2102190;SQNDL=8701;DATE=24-08-14;TIME=02:25:06;THTYP=85;TTEMP=15;TDEWP=5;IUFAN=800;ILFAN=5;IUHEA=3000;PYDEF=21;PYAVT=30;PYAVW=1;PYOST=0;MSDLY=15;FNDLY=30;OSTRG=3;DBGFL=0;ASIRE=0;DBGRE=0;MPPFL=-1;
SQNR=8715;DATE=24-08-14;TIME=02:25:15;STAT=201222;TMPA=18;TMPP=186;TMPB=22;TMPC=21;RHUA=87;DWPA=16;PTYP=1;PNAM=MS-80SH;PIRA=-1;PIRP=-1;PIRM=-1;PIRL=-1;PIRH=1;
SQNR=8730;DATE=24-08-14;TIME=02:25:30;STAT=201222;TMPA=18;TMPP=188;TMPB=22;TMPC=21;RHUA=87;DWPA=16;PTYP=1;PNAM=MS-80SH;PIRA=-1;PIRP=-1;PIRM=-1;PIRL=-1;PIRH=1;
SQNR=8745;DATE=24-08-14;TIME=02:25:45;STAT=201222;TMPA=18;TMPP=189;TMPB=22;TMPC=21;RHUA=86;DWPA=16;PTYP=1;PNAM=MS-80SH;PIRA=-1;PIRP=-1;PIRM=-1;PIRL=-1;PIRH=1;
SQNR=8760;DATE=24-08-14;TIME=02:26:00;STAT=201222;TMPA=19;TMPP=191;TMPB=22;TMPC=21;RHUA=85;DWPA=16;PTYP=1;PNAM=MS-80SH;PIRA=-1;PIRP=-1;PIRM=-1;PIRL=-1;PIRH=1;
SQNR=8775;DATE=24-08-14;TIME=02:26:15;STAT=201222;TMPA=19;TMPP=192;TMPB=22;TMPC=21;RHUA=85;DWPA=16;PTYP=1;PNAM=MS-80SH;PIRA=-1;PIRP=-1;PIRM=-1;PIRL=-1;PIRH=1;
SQNR=8790;DATE=24-08-14;TIME=02:26:30;STAT=201222;TMPA=19;TMPP=192;TMPB=22;TMPC=22;RHUA=84;DWPA=16;PTYP=1;PNAM=MS-80SH;PIRA=-1;PIRP=-1;PIRM=-1;PIRL=-1;PIRH=1;
SQNR=8805;DATE=24-08-14;TIME=02:26:45;STAT=201222;TMPA=19;TMPP=193;TMPB=22;TMPC=21;RHUA=84;DWPA=16;PTYP=1;PNAM=MS-80SH;PIRA=-1;PIRP=-1;PIRM=-1;PIRL=-1;PIRH=1;
SQNR=8820;DATE=24-08-14;TIME=02:27:00;STAT=201222;TMPA=19;TMPP=193;TMPB=22;TMPC=22;RHUA=84;DWPA=16;PTYP=1;PNAM=MS-80SH;PIRA=-1;PIRP=-1;PIRM=-1;PIRL=-1;PIRH=1;
SQNR=8835;DATE=24-08-14;TIME=02:27:15;STAT=201222;TMPA=19;TMPP=193;TMPB=22;TMPC=22;RHUA=84;DWPA=16;PTYP=1;PNAM=MS-80SH;PIRA=-1;PIRP=-1;PIRM=-1;PIRL=-1;PIRH=1;
SQNR=8850;DATE=24-08-14;TIME=02:27:30;STAT=201222;TMPA=19;TMPP=193;TMPB=22;TMPC=22;RHUA=84;DWPA=16;PTYP=1;PNAM=MS-80SH;PIRA=-1;PIRP=-1;PIRM=-1;PIRL=-1;PIRH=1;
SQNR=8865;DATE=24-08-14;TIME=02:27:45;STAT=201222;TMPA=19;TMPP=193;TMPB=22;TMPC=22;RHUA=84;DWPA=16;PTYP=1;PNAM=MS-80SH;PIRA=-1;PIRP=-1;PIRM=-1;PIRL=-1;PIRH=1;
SQNR=8880;DATE=24-08-14;TIME=02:28:00;STAT=201222;TMPA=19;TMPP=193;TMPB=22;TMPC=22;RHUA=84;DWPA=16;PTYP=1;PNAM=MS-80SH;PIRA=-1;PIRP=-1;PIRM=-1;PIRL=-1;PIRH=1;
SQNR=8895;DATE=24-08-14;TIME=02:28:15;STAT=201222;TMPA=19;TMPP=193;TMPB=22;TMPC=22;RHUA=84;DWPA=16;PTYP=1;PNAM=MS-80SH;PIRA=-1;PIRP=-1;PIRM=-1;PIRL=-1;PIRH=1;
SQNR=8910;DATE=24-08-14;TIME=02:28:30;STAT=201222;TMPA=19;TMPP=193;TMPB=22;TMPC=22;RHUA=84;DWPA=16;PTYP=1;PNAM=MS-80SH;PIRA=0;PIRP=-1;PIRM=-1;PIRL=-1;PIRH=1;
SQNR=8925;DATE=24-08-14;TIME=02:28:45;STAT=201222;TMPA=19;TMPP=192;TMPB=22;TMPC=22;RHUA=84;DWPA=16;PTYP=1;PNAM=MS-80SH;PIRA=0;PIRP=0;PIRM=0;PIRL=-1;PIRH=1;
SQNR=8940;DATE=24-08-14;TIME=02:29:00;STAT=201222;TMPA=19;TMPP=192;TMPB=22;TMPC=22;RHUA=84;DWPA=16;PTYP=1;PNAM=MS-80SH;PIRA=0;PIRP=0;PIRM=0;PIRL=-1;PIRH=1;
SQNR=8955;DATE=24-08-14;TIME=02:29:15;STAT=201222;TMPA=19;TMPP=191;TMPB=22;TMPC=22;RHUA=85;DWPA=16;PTYP=1;PNAM=MS-80SH;PIRA=0;PIRP=0;PIRM=0;PIRL=-1;PIRH=1;
SQNR=8970;DATE=24-08-14;TIME=02:29:30;STAT=201222;TMPA=19;TMPP=190;TMPB=22;TMPC=22;RHUA=85;DWPA=16;PTYP=1;PNAM=MS-80SH;PIRA=0;PIRP=0;PIRM=0;PIRL=-1;PIRH=1;
SQNR=8985;DATE=24-08-14;TIME=02:29:45;STAT=201222;TMPA=19;TMPP=190;TMPB=22;TMPC=22;RHUA=85;DWPA=16;PTYP=1;PNAM=MS-80SH;PIRA=0;PIRP=0;PIRM=0;PIRL=-1;PIRH=1;
SQNR=9000;DATE=24-08-14;TIME=02:30:00;STAT=201222;TMPA=18;TMPP=189;TMPB=22;TMPC=22;RHUA=85;DWPA=16;PTYP=1;PNAM=MS-80SH;PIRA=0;PIRP=0;PIRM=0;PIRL=-1;PIRH=1;
C-----;?
V-----;SWVNR=2102190;SQNDL=9001;DATE=24-08-14;TIME=02:30:06;THTYP=85;TTEMP=15;TDEWP=5;IUFAN=800;ILFAN=5;IUHEA=3000;PYDEF=21;PYAVT=30;PYAVW=1;PYOST=0;MSDLY=15;FNDLY=30;OSTRG=3;DBGFL=0;ASIRE=0;DBGRE=0;MPPFL=-1;
SQNR=9015;DATE=24-08-14;TIME=02:30:15;STAT=201222;TMPA=18;TMPP=189;TMPB=22;TMPC=21;RHUA=85;DWPA=16;PTYP=1;PNAM=MS-80SH;PIRA=0;PIRP=0;PIRM=0;PIRL=-1;PIRH=1;
SQNR=9030;DATE=24-08-14;TIME=02:30:30;STAT=201222;TMPA=18;TMPP=188;TMPB=22;TMPC=21;RHUA=86;DWPA=16;PTYP=1;PNAM=MS-80SH;PIRA=0;PIRP=0;PIRM=0;PIRL=-1;PIRH=1;
SQNR=9045;DATE=24-08-14;TIME=02:30:45;STAT=201222;TMPA=18;TMPP=188;TMPB=22;TMPC=22;RHUA=86;DWPA=16;PTYP=1;PNAM=MS-80SH;PIRA=0;PIRP=0;PIRM=0;PIRL=-1;PIRH=1;
SQNR=9060;DATE=24-08-14;TIME=02:31:00;STAT=201222;TMPA=18;TMPP=188;TMPB=22;TMPC=21;RHUA=86;DWPA=16;PTYP=1;PNAM=MS-80SH;PIRA=0;PIRP=0;PIRM=0;PIRL=-1;PIRH=1;
SQNR=9075;DATE=24-08-14;TIME=02:31:15;STAT=201222;TMPA=18;TMPP=188;TMPB=22;TMPC=21;RHUA=86;DWPA=16;PTYP=1;PNAM=MS-80SH;PIRA=1;PIRP=0;PIRM=0;PIRL=-1;PIRH=1;
SQNR=9090;DATE=24-08-14;TIME=02:31:30;STAT=201222;TMPA=18;TMPP=187;TMPB=22;TMPC=21;RHUA=86;DWPA=16;PTYP=1;PNAM=MS-80SH;PIRA=1;PIRP=1;PIRM=1;PIRL=-1;PIRH=1;
SQNR=9105;DATE=24-08-14;TIME=02:31:45;STAT=201222;TMPA=18;TMPP=187;TMPB=22;TMPC=21;RHUA=86;DWPA=16;PTYP=1;PNAM=MS-80SH;PIRA=1;PIRP=1;PIRM=1;PIRL=-1;PIRH=1;
SQNR=9120;DATE=24-08-14;TIME=02:32:00;STAT=201222;TMPA=18;TMPP=186;TMPB=22;TMPC=21;RHUA=86;DWPA=16;PTYP=1;PNAM=MS-80SH;PIRA=1;PIRP=1;PIRM=1;PIRL=-1;PIRH=1;
SQNR=9135;DATE=24-08-14;TIME=02:32:15;STAT=201222;TMPA=18;TMPP=185;TMPB=22;TMPC=21;RHUA=86;DWPA=16;PTYP=1;PNAM=MS-80SH;PIRA=1;PIRP=1;PIRM=1;PIRL=-1;PIRH=1;
SQNR=9150;DATE=24-08-14;TIME=02:32:30;STAT=201222;TMPA=18;TMPP=185;TMPB=22;TMPC=21;RHUA=87;DWPA=16;PTYP=1;PNAM=MS-80SH;PIRA=1;PIRP=1;PIRM=1;PIRL=-1;PIRH=1;
SQNR=9165;DATE=24-08-14;TIME=02:32:45;STAT=201222;TMPA=18;TMPP=185;TMPB=22;TMPC=21;RHUA=87;DWPA=16;PTYP=1;PNAM=MS-80SH;PIRA=0;PIRP=1;PIRM=1;PIRL=-1;PIRH=1;
SQNR=9180;DATE=24-08-14;TIME=02:33:00;STAT=201222;TMPA=18;TMPP=185;TMPB=22;TMPC=21;RHUA=87;DWPA=16;PTYP=1;PNAM=MS-80SH;PIRA=1;PIRP=1;PIRM=1;PIRL=-1;PIRH=1;
SQNR=9195;DATE=24-08-14;TIME=02:33:15;STAT=201222;TMPA=18;TMPP=184;TMPB=22;TMPC=21;RHUA=87;DWPA=16;PTYP=1;PNAM=MS-80SH;PIRA=0;PIRP=1;PIRM=1;PIRL=-1;PIRH=1;
SQNR=9210;DATE=24-08-14;TIME=02:33:30;STAT=201222;TMPA=18;TMPP=184;TMPB=22;TMPC=21;RHUA=87;DWPA=16;PTYP=1;PNAM=MS-80SH;PIRA=0;PIRP=0;PIRM=0;PIRL=-1;PIRH=1;
SQNR=9225;DATE=24-08-14;TIME=02:33:45;STAT=201222;TMPA=18;TMPP=184;TMPB=22;TMPC=21;RHUA=87;DWPA=16;PTYP=1;PNAM=MS-80SH;PIRA=0;PIRP=0;PIRM=0;PIRL=-1;PIRH=1;
SQNR=9240;DATE=24-08-14;TIME=02:34:00;STAT=201222;TMPA=18;TMPP=184;TMPB=22;TMPC=21;RHUA=87;DWPA=16;PTYP=1;PNAM=MS-80SH;PIRA=0;PIRP=0;PIRM=0;PIRL=-1;PIRH=1;
SQNR=9255;DATE=24-08-14;TIME=02:34:15;STAT=201222;TMPA=18;TMPP=183;TMPB=22;TMPC=21;RHUA=87;DWPA=16;PTYP=1;PNAM=MS-80SH;PIRA=0;PIRP=0;PIRM=0;PIRL=-1;PIRH=1;
SQNR=9270;DATE=24-08-14;TIME=02:34:30;STAT=201222;TMPA=18;TMPP=183;TMPB=22;TMPC=21;RHUA=87;DWPA=16;PTYP=1;PNAM=MS-80SH;PIRA=0;PIRP=0;PIRM=0;PIRL=-1;PIRH=1;
SQNR=9285;DATE=24-08-14;TIME=02:34:45;STAT=201222;TMPA=18;TMPP=183;TMPB=22;TMPC=21;RHUA=87;DWPA=16;PTYP=1;PNAM=MS-80SH;PIRA=0;PIRP=0;PIRM=0;PIRL=-1;PIRH=1;
SQNR=9300;DATE=24-08-14;TIME=02:35:00;STAT=201222;TMPA=18;TMPP=183;TMPB=22;TMPC=21;RHUA=88;DWPA=16;PTYP=1;PNAM=MS-80SH;PIRA=0;PIRP=0;PIRM=0;PIRL=-1;PIRH=1;
C-----;?
V-----;SWVNR=2102190;SQNDL=9301;DATE=24-08-14;TIME=02:35:06;THTYP=85;TTEMP=15;TDEWP=5;IUFAN=800;ILFAN=5;IUHEA=3000;PYDEF=21;PYAVT=30;PYAVW=1;PYOST=0;MSDLY=15;FNDLY=30;OSTRG=3;DBGFL=0;ASIRE=0;DBGRE=0;MPPFL=-1;
SQNR=9315;DATE=24-08-14;TIME=02:35:15;STAT=201222;TMPA=18;TMPP=183;TMPB=22;TMPC=21;RHUA=88;DWPA=16;PTYP=1;PNAM=MS-80SH;PIRA=0;PIRP=0;PIRM=0;PIRL=-1;PIRH=1;
SQNR=9330;DATE=24-08-14;TIME=02:35:30;STAT=201222;TMPA=18;TMPP=183;TMPB=22;TMPC=21;RHUA=88;DWPA=16;PTYP=1;PNAM=MS-80SH;PIRA=0;PIRP=0;PIRM=0;PIRL=-1;PIRH=1;
SQNR=9345;DATE=24-08-14;TIME=02:35:45;STAT=201222;TMPA=18;TMPP=182;TMPB=22;TMPC=21;RHUA=88;DWPA=16;PTYP=1;PNAM=MS-80SH;PIRA=0;PIRP=0;PIRM=0;PIRL=-1;PIRH=1;
SQNR=9360;DATE=24-08-14;TIME=02:36:00;STAT=201222;TMPA=18;TMPP=183;TMPB=22;TMPC=21;RHUA=88;DWPA=16;PTYP=1;PNAM=MS-80SH;PIRA=0;PIRP=0;PIRM=0;PIRL=-1;PIRH=1;
SQNR=9375;DATE=24-08-14;TIME=02:36:15;STAT=201222;TMPA=18;TMPP=183;TMPB=22;TMPC=21;RHUA=88;DWPA=16;PTYP=1;PNAM=MS-80SH;PIRA=0;PIRP=0;PIRM=0;PIRL=-1;PIRH=1;
SQNR=9390;DATE=24-08-14;TIME=02:36:30;STAT=201222;TMPA=18;TMPP=184;TMPB=22;TMPC=21;RHUA=87;DWPA=16;PTYP=1;PNAM=MS-80SH;PIRA=0;PIRP=0;PIRM=0;PIRL=-1;PIRH=1;
SQNR=9405;DATE=24-08-14;TIME=02:36:45;STAT=201222;TMPA=18;TMPP=184;TMPB=22;TMPC=21;RHUA=87;DWPA=16;PTYP=1;PNAM=MS-80SH;PIRA=0;PIRP=0;PIRM=0;PIRL=-1;PIRH=1;
SQNR=9420;DATE=24-08-14;TIME=02:37:00;STAT=201222;TMPA=18;TMPP=185;TMPB=22;TMPC=21;RHUA=86;DWPA=16;PTYP=1;PNAM=MS-80SH;PIRA=0;PIRP=0;PIRM=0;PIRL=-1;PIRH=1;
SQNR=9435;DATE=24-08-14;TIME=02:37:15;STAT=201222;TMPA=18;TMPP=186;TMPB=22;TMPC=21;RHUA=86;DWPA=16;PTYP=1;PNAM=MS-80SH;PIRA=0;PIRP=0;PIRM=0;PIRL=-1;PIRH=1;
SQNR=9450;DATE=24-08-14;TIME=02:37:30;STAT=201222;TMPA=18;TMPP=187;TMPB=22;TMPC=21;RHUA=85;DWPA=16;PTYP=1;PNAM=MS-80SH;PIRA=-1;PIRP=0;PIRM=0;PIRL=-1;PIRH=1;
SQNR=9465;DATE=24-08-14;TIME=02:37:45;STAT=201222;TMPA=18;TMPP=188;TMPB=22;TMPC=21;RHUA=85;DWPA=16;PTYP=1;PNAM=MS-80SH;PIRA=-1;PIRP=-1;PIRM=-1;PIRL=-1;PIRH=1;
SQNR=9480;DATE=24-08-14;TIME=02:38:00;STAT=201222;TMPA=18;TMPP=189;TMPB=22;TMPC=21;RHUA=85;DWPA=16;PTYP=1;PNAM=MS-80SH;PIRA=-1;PIRP=-1;PIRM=-1;PIRL=-1;PIRH=1;
SQNR=9495;DATE=24-08-14;TIME=02:38:15;STAT=201222;TMPA=19;TMPP=190;TMPB=23;TMPC=21;RHUA=85;DWPA=16;PTYP=1;PNAM=MS-80SH;PIRA=-1;PIRP=-1;PIRM=-1;PIRL=-1;PIRH=1;
SQNR=9510;DATE=24-08-14;TIME=02:38:30;STAT=201222;TMPA=19;TMPP=191;TMPB=23;TMPC=21;RHUA=84;DWPA=16;PTYP=1;PNAM=MS-80SH;PIRA=-1;PIRP=-1;PIRM=-1;PIRL=-1;PIRH=1;
SQNR=9525;DATE=24-08-14;TIME=02:38:45;STAT=201222;TMPA=19;TMPP=192;TMPB=23;TMPC=21;RHUA=84;DWPA=16;PTYP=1;PNAM=MS-80SH;PIRA=-1;PIRP=-1;PIRM=-1;PIRL=-2;PIRH=1;
SQNR=9540;DATE=24-08-14;TIME=02:39:00;STAT=201222;TMPA=19;TMPP=193;TMPB=23;TMPC=21;RHUA=83;DWPA=16;PTYP=1;PNAM=MS-80SH;PIRA=-1;PIRP=-1;PIRM=-1;PIRL=-2;PIRH=1;
SQNR=9555;DATE=24-08-14;TIME=02:39:15;STAT=201222;TMPA=19;TMPP=194;TMPB=23;TMPC=21;RHUA=82;DWPA=16;PTYP=1;PNAM=MS-80SH;PIRA=-1;PIRP=-1;PIRM=-1;PIRL=-2;PIRH=1;
SQNR=9570;DATE=24-08-14;TIME=02:39:30;STAT=201222;TMPA=19;TMPP=194;TMPB=23;TMPC=21;RHUA=82;DWPA=16;PTYP=1;PNAM=MS-80SH;PIRA=-1;PIRP=-1;PIRM=-1;PIRL=-2;PIRH=1;
SQNR=9585;DATE=24-08-14;TIME=02:39:45;STAT=201222;TMPA=19;TMPP=195;TMPB=23;TMPC=22;RHUA=82;DWPA=16;PTYP=1;PNAM=MS-80SH;PIRA=-1;PIRP=-1;PIRM=-1;PIRL=-2;PIRH=1;
C-----;?
SQNR=9600;DATE=24-08-14;TIME=02:40:00;STAT=201222;TMPA=19;TMPP=195;TMPB=23;TMPC=22;RHUA=82;DWPA=16;PTYP=1;PNAM=MS-80SH;PIRA=-1;PIRP=-1;PIRM=-1;PIRL=-2;PIRH=1;
V-----;SWVNR=2102190;SQNDL=9600;DATE=24-08-14;TIME=02:40:05;THTYP=85;TTEMP=15;TDEWP=5;IUFAN=800;ILFAN=5;IUHEA=3000;PYDEF=21;PYAVT=30;PYAVW=1;PYOST=0;MSDLY=15;FNDLY=30;OSTRG=3;DBGFL=0;ASIRE=0;DBGRE=0;MPPFL=-1;
SQNR=9615;DATE=24-08-14;TIME=02:40:15;STAT=201222;TMPA=19;TMPP=195;TMPB=23;TMPC=22;RHUA=82;DWPA=16;PTYP=1;PNAM=MS-80SH;PIRA=-1;PIRP=-1;PIRM=-1;PIRL=-2;PIRH=1;
SQNR=9630;DATE=24-08-14;TIME=02:40:30;STAT=201222;TMPA=19;TMPP=196;TMPB=23;TMPC=22;RHUA=82;DWPA=16;PTYP=1;PNAM=MS-80SH;PIRA=-1;PIRP=-1;PIRM=-1;PIRL=-2;PIRH=1;
SQNR=9645;DATE=24-08-14;TIME=02:40:45;STAT=201222;TMPA=19;TMPP=196;TMPB=23;TMPC=22;RHUA=82;DWPA=16;PTYP=1;PNAM=MS-80SH;PIRA=-2;PIRP=-2;PIRM=-1;PIRL=-2;PIRH=1;
SQNR=9660;DATE=24-08-14;TIME=02:41:00;STAT=201222;TMPA=19;TMPP=197;TMPB=23;TMPC=22;RHUA=82;DWPA=16;PTYP=1;PNAM=MS-80SH;PIRA=-2;PIRP=-2;PIRM=-1;PIRL=-2;PIRH=1;
SQNR=9675;DATE=24-08-14;TIME=02:41:15;STAT=201222;TMPA=19;TMPP=198;TMPB=23;TMPC=22;RHUA=81;DWPA=16;PTYP=1;PNAM=MS-80SH;PIRA=-1;PIRP=-2;PIRM=-1;PIRL=-2;PIRH=1;
SQNR=9690;DATE=24-08-14;TIME=02:41:30;STAT=201222;TMPA=19;TMPP=198;TMPB=23;TMPC=22;RHUA=81;DWPA=16;PTYP=1;PNAM=MS-80SH;PIRA=-1;PIRP=-1;PIRM=-1;PIRL=-2;PIRH=1;
SQNR=9705;DATE=24-08-14;TIME=02:41:45;STAT=201222;TMPA=19;TMPP=198;TMPB=23;TMPC=22;RHUA=80;DWPA=16;PTYP=1;PNAM=MS-80SH;PIRA=-1;PIRP=-1;PIRM=-1;PIRL=-2;PIRH=1;
SQNR=9720;DATE=24-08-14;TIME=02:42:00;STAT=201222;TMPA=19;TMPP=198;TMPB=23;TMPC=22;RHUA=81;DWPA=16;PTYP=1;PNAM=MS-80SH;PIRA=-1;PIRP=-1;PIRM=-1;PIRL=-2;PIRH=1;
SQNR=9735;DATE=24-08-14;TIME=02:42:15;STAT=201222;TMPA=19;TMPP=199;TMPB=23;TMPC=22;RHUA=80;DWPA=16;PTYP=1;PNAM=MS-80SH;PIRA=-1;PIRP=-1;PIRM=-1;PIRL=-2;PIRH=1;
SQNR=9750;DATE=24-08-14;TIME=02:42:30;STAT=201222;TMPA=19;TMPP=198;TMPB=23;TMPC=22;RHUA=80;DWPA=16;PTYP=1;PNAM=MS-80SH;PIRA=0;PIRP=-1;PIRM=-1;PIRL=-2;PIRH=1;
SQNR=9765;DATE=24-08-14;TIME=02:42:45;STAT=201222;TMPA=19;TMPP=198;TMPB=23;TMPC=22;RHUA=80;DWPA=16;PTYP=1;PNAM=MS-80SH;PIRA=0;PIRP=0;PIRM=-1;PIRL=-2;PIRH=1;
SQNR=9780;DATE=24-08-14;TIME=02:43:00;STAT=201222;TMPA=19;TMPP=197;TMPB=22;TMPC=22;RHUA=80;DWPA=16;PTYP=1;PNAM=MS-80SH;PIRA=0;PIRP=0;PIRM=0;PIRL=-2;PIRH=1;
SQNR=9795;DATE=24-08-14;TIME=02:43:15;STAT=201222;TMPA=19;TMPP=195;TMPB=22;TMPC=22;RHUA=80;DWPA=16;PTYP=1;PNAM=MS-80SH;PIRA=0;PIRP=0;PIRM=0;PIRL=-2;PIRH=1;
SQNR=9810;DATE=24-08-14;TIME=02:43:30;STAT=201222;TMPA=19;TMPP=194;TMPB=22;TMPC=22;RHUA=81;DWPA=16;PTYP=1;PNAM=MS-80SH;PIRA=0;PIRP=0;PIRM=0;PIRL=-2;PIRH=1;
SQNR=9825;DATE=24-08-14;TIME=02:43:45;STAT=201222;TMPA=19;TMPP=193;TMPB=22;TMPC=22;RHUA=82;DWPA=16;PTYP=1;PNAM=MS-80SH;PIRA=0;PIRP=0;PIRM=0;PIRL=-2;PIRH=1;
SQNR=9840;DATE=24-08-14;TIME=02:44:00;STAT=201222;TMPA=19;TMPP=192;TMPB=22;TMPC=22;RHUA=83;DWPA=16;PTYP=1;PNAM=MS-80SH;PIRA=0;PIRP=0;PIRM=0;PIRL=-2;PIRH=1;
SQNR=9855;DATE=24-08-14;TIME=02:44:15;STAT=201222;TMPA=19;TMPP=191;TMPB=22;TMPC=22;RHUA=83;DWPA=16;PTYP=1;PNAM=MS-80SH;PIRA=0;PIRP=0;PIRM=0;PIRL=-2;PIRH=1;
SQNR=9870;DATE=24-08-14;TIME=02:44:30;STAT=201222;TMPA=19;TMPP=191;TMPB=22;TMPC=22;RHUA=83;DWPA=16;PTYP=1;PNAM=MS-80SH;PIRA=0;PIRP=0;PIRM=0;PIRL=-2;PIRH=1;
SQNR=9885;DATE=24-08-14;TIME=02:44:45;STAT=201222;TMPA=19;TMPP=190;TMPB=22;TMPC=22;RHUA=83;DWPA=16;PTYP=1;PNAM=MS-80SH;PIRA=0;PIRP=0;PIRM=0;PIRL=-2;PIRH=1;
C-----;?
SQNR=9900;DATE=24-08-14;TIME=02:45:00;STAT=201222;TMPA=19;TMPP=190;TMPB=22;TMPC=22;RHUA=83;DWPA=16;PTYP=1;PNAM=MS-80SH;PIRA=0;PIRP=0;PIRM=0;PIRL=-2;PIRH=1;
V-----;SWVNR=2102190;SQNDL=9901;DATE=24-08-14;TIME=02:45:06;THTYP=85;TTEMP=15;TDEWP=5;IUFAN=800;ILFAN=5;IUHEA=3000;PYDEF=21;PYAVT=30;PYAVW=1;PYOST=0;MSDLY=15;FNDLY=30;OSTRG=3;DBGFL=0;ASIRE=0;DBGRE=0;MPPFL=-1;
SQNR=9915;DATE=24-08-14;TIME=02:45:15;STAT=201222;TMPA=19;TMPP=190;TMPB=22;TMPC=22;RHUA=84;DWPA=16;PTYP=1;PNAM=MS-80SH;PIRA=0;PIRP=0;PIRM=0;PIRL=-2;PIRH=1;
SQNR=9930;DATE=24-08-14;TIME=02:45:30;STAT=201222;TMPA=19;TMPP=190;TMPB=22;TMPC=22;RHUA=84;DWPA=16;PTYP=1;PNAM=MS-80SH;PIRA=0;PIRP=0;PIRM=0;PIRL=-2;PIRH=1;
SQNR=9945;DATE=24-08-14;TIME=02:45:45;STAT=201222;TMPA=19;TMPP=190;TMPB=22;TMPC=22;RHUA=84;DWPA=16;PTYP=1;PNAM=MS-80SH;PIRA=0;PIRP=0;PIRM=0;PIRL=-2;PIRH=1;
SQNR=9960;DATE=24-08-14;TIME=02:46:00;STAT=201222;TMPA=19;TMPP=190;TMPB=22;TMPC=22;RHUA=84;DWPA=16;PTYP=1;PNAM=MS-80SH;PIRA=0;PIRP=0;PIRM=0;PIRL=-2;PIRH=1;
SQNR=9975;DATE=24-08-14;TIME=02:46:15;STAT=201222;TMPA=19;TMPP=190;TMPB=22;TMPC=22;RHUA=84;DWPA=16;PTYP=1;PNAM=MS-80SH;PIRA=0;PIRP=0;PIRM=0;PIRL=-2;PIRH=1;
SQNR=9990;DATE=24-08-14;TIME=02:46:30;STAT=201222;TMPA=19;TMPP=190;TMPB=22;TMPC=22;RHUA=84;DWPA=16;PTYP=1;PNAM=MS-80SH;PIRA=0;PIRP=0;PIRM=0;PIRL=-2;PIRH=1;
SQNR=10005;DATE=24-08-14;TIME=02:46:45;STAT=201222;TMPA=19;TMPP=190;TMPB=22;TMPC=22;RHUA=84;DWPA=16;PTYP=1;PNAM=MS-80SH;PIRA=0;PIRP=0;PIRM=0;PIRL=-2;PIRH=1;
SQNR=10020;DATE=24-08-14;TIME=02:47:00;STAT=201222;TMPA=19;TMPP=190;TMPB=22;TMPC=22;RHUA=84;DWPA=16;PTYP=1;PNAM=MS-80SH;PIRA=-1;PIRP=-1;PIRM=0;PIRL=-2;PIRH=1;
SQNR=10035;DATE=24-08-14;TIME=02:47:15;STAT=201222;TMPA=19;TMPP=191;TMPB=22;TMPC=22;RHUA=84;DWPA=16;PTYP=1;PNAM=MS-80SH;PIRA=-1;PIRP=-1;PIRM=-1;PIRL=-2;PIRH=1;
SQNR=10050;DATE=24-08-14;TIME=02:47:30;STAT=201222;TMPA=19;TMPP=191;TMPB=22;TMPC=22;RHUA=84;DWPA=16;PTYP=1;PNAM=MS-80SH;PIRA=-1;PIRP=-1;PIRM=-1;PIRL=-2;PIRH=1;
SQNR=10065;DATE=24-08-14;TIME=02:47:45;STAT=201222;TMPA=19;TMPP=191;TMPB=22;TMPC=22;RHUA=83;DWPA=16;PTYP=1;PNAM=MS-80SH;PIRA=0;PIRP=-1;PIRM=-1;PIRL=-2;PIRH=1;
SQNR=10080;DATE=24-08-14;TIME=02:48:00;STAT=201222;TMPA=19;TMPP=191;TMPB=22;TMPC=22;RHUA=83;DWPA=16;PTYP=1;PNAM=MS-80SH;PIRA=0;PIRP=-1;PIRM=-1;PIRL=-2;PIRH=1;
SQNR=10095;DATE=24-08-14;TIME=02:48:15;STAT=201222;TMPA=19;TMPP=191;TMPB=22;TMPC=22;RHUA=84;DWPA=16;PTYP=1;PNAM=MS-80SH;PIRA=0;PIRP=0;PIRM=-1;PIRL=-2;PIRH=1;
SQNR=10110;DATE=24-08-14;TIME=02:48:30;STAT=201222;TMPA=19;TMPP=191;TMPB=22;TMPC=22;RHUA=84;DWPA=16;PTYP=1;PNAM=MS-80SH;PIRA=0;PIRP=0;PIRM=-1;PIRL=-2;PIRH=1;
SQNR=10125;DATE=24-08-14;TIME=02:48:45;STAT=201222;TMPA=19;TMPP=191;TMPB=22;TMPC=22;RHUA=84;DWPA=16;PTYP=1;PNAM=MS-80SH;PIRA=0;PIRP=0;PIRM=0;PIRL=-2;PIRH=1;
SQNR=10140;DATE=24-08-14;TIME=02:49:00;STAT=201222;TMPA=19;TMPP=191;TMPB=22;TMPC=22;RHUA=84;DWPA=16;PTYP=1;PNAM=MS-80SH;PIRA=0;PIRP=0;PIRM=0;PIRL=-2;PIRH=1;
SQNR=10155;DATE=24-08-14;TIME=02:49:15;STAT=201222;TMPA=19;TMPP=190;TMPB=22;TMPC=22;RHUA=84;DWPA=16;PTYP=1;PNAM=MS-80SH;PIRA=0;PIRP=0;PIRM=0;PIRL=-2;PIRH=1;
SQNR=10185;DATE=24-08-14;TIME=02:49:45;STAT=201222;TMPA=19;TMPP=190;TMPB=22;TMPC=22;RHUA=84;DWPA=16;PTYP=1;PNAM=MS-80SH;PIRA=0;PIRP=0;PIRM=0;PIRL=-2;PIRH=1;
C-----;?
SQNR=10200;DATE=24-08-14;TIME=02:50:00;STAT=201222;TMPA=19;TMPP=190;TMPB=22;TMPC=22;RHUA=84;DWPA=16;PTYP=1;PNAM=MS-80SH;PIRA=-1;PIRP=0;PIRM=0;PIRL=-2;PIRH=1;
C-----;?
V-----;SWVNR=2102190;SQNDL=10201;DATE=24-08-14;TIME=02:50:06;THTYP=85;TTEMP=15;TDEWP=5;IUFAN=800;ILFAN=5;IUHEA=3000;PYDEF=21;PYAVT=30;PYAVW=1;PYOST=0;MSDLY=15;FNDLY=30;OSTRG=3;DBGFL=0;ASIRE=0;DBGRE=0;MPPFL=-1;
SQNR=10215;DATE=24-08-14;TIME=02:50:15;STAT=201222;TMPA=19;TMPP=190;TMPB=23;TMPC=22;RHUA=84;DWPA=16;PTYP=1;PNAM=MS-80SH;PIRA=-1;PIRP=0;PIRM=0;PIRL=-2;PIRH=1;
SQNR=10230;DATE=24-08-14;TIME=02:50:30;STAT=201222;TMPA=19;TMPP=191;TMPB=22;TMPC=22;RHUA=84;DWPA=16;PTYP=1;PNAM=MS-80SH;PIRA=0;PIRP=-1;PIRM=0;PIRL=-2;PIRH=1;
C-----;?
V-----;SWVNR=2102190;SQNDL=10230;DATE=24-08-14;TIME=02:50:35;THTYP=85;TTEMP=15;TDEWP=5;IUFAN=800;ILFAN=5;IUHEA=3000;PYDEF=21;PYAVT=30;PYAVW=1;PYOST=0;MSDLY=15;FNDLY=30;OSTRG=3;DBGFL=0;ASIRE=0;DBGRE=0;MPPFL=-1;
SQNR=10245;DATE=24-08-14;TIME=02:50:45;STAT=201222;TMPA=19;TMPP=191;TMPB=23;TMPC=22;RHUA=84;DWPA=16;PTYP=1;PNAM=MS-80SH;PIRA=0;PIRP=0;PIRM=0;PIRL=-2;PIRH=1;
C-----;?
V-----;SWVNR=2102190;SQNDL=10245;DATE=24-08-14;TIME=02:50:50;THTYP=85;TTEMP=15;TDEWP=5;IUFAN=800;ILFAN=5;IUHEA=3000;PYDEF=21;PYAVT=30;PYAVW=1;PYOST=0;MSDLY=15;FNDLY=30;OSTRG=3;DBGFL=0;ASIRE=0;DBGRE=0;MPPFL=-1;
SQNR=10260;DATE=24-08-14;TIME=02:51:00;STAT=201222;TMPA=19;TMPP=192;TMPB=23;TMPC=22;RHUA=83;DWPA=16;PTYP=1;PNAM=MS-80SH;PIRA=0;PIRP=0;PIRM=0;PIRL=-2;PIRH=1;
SQNR=10275;DATE=24-08-14;TIME=02:51:15;STAT=201222;TMPA=19;TMPP=192;TMPB=23;TMPC=22;RHUA=83;DWPA=16;PTYP=1;PNAM=MS-80SH;PIRA=0;PIRP=0;PIRM=0;PIRL=-2;PIRH=1;
SQNR=10290;DATE=24-08-14;TIME=02:51:30;STAT=201222;TMPA=19;TMPP=192;TMPB=23;TMPC=22;RHUA=83;DWPA=16;PTYP=1;PNAM=MS-80SH;PIRA=0;PIRP=0;PIRM=0;PIRL=-2;PIRH=1;
SQNR=10305;DATE=24-08-14;TIME=02:51:45;STAT=201222;TMPA=19;TMPP=192;TMPB=23;TMPC=22;RHUA=83;DWPA=16;PTYP=1;PNAM=MS-80SH;PIRA=0;PIRP=0;PIRM=0;PIRL=-2;PIRH=1;
SQNR=10320;DATE=24-08-14;TIME=02:52:00;STAT=201222;TMPA=19;TMPP=192;TMPB=23;TMPC=22;RHUA=83;DWPA=16;PTYP=1;PNAM=MS-80SH;PIRA=0;PIRP=0;PIRM=0;PIRL=-2;PIRH=1;
SQNR=10335;DATE=24-08-14;TIME=02:52:15;STAT=201222;TMPA=19;TMPP=192;TMPB=23;TMPC=22;RHUA=83;DWPA=16;PTYP=1;PNAM=MS-80SH;PIRA=0;PIRP=0;PIRM=0;PIRL=-2;PIRH=1;
SQNR=10350;DATE=24-08-14;TIME=02:52:30;STAT=201222;TMPA=19;TMPP=192;TMPB=23;TMPC=22;RHUA=83;DWPA=16;PTYP=1;PNAM=MS-80SH;PIRA=0;PIRP=0;PIRM=0;PIRL=-2;PIRH=1;
SQNR=10365;DATE=24-08-14;TIME=02:52:45;STAT=201222;TMPA=19;TMPP=192;TMPB=23;TMPC=22;RHUA=83;DWPA=16;PTYP=1;PNAM=MS-80SH;PIRA=0;PIRP=0;PIRM=0;PIRL=-2;PIRH=1;
SQNR=10380;DATE=24-08-14;TIME=02:53:00;STAT=201222;TMPA=19;TMPP=192;TMPB=23;TMPC=22;RHUA=83;DWPA=16;PTYP=1;PNAM=MS-80SH;PIRA=0;PIRP=0;PIRM=0;PIRL=-2;PIRH=1;
SQNR=10395;DATE=24-08-14;TIME=02:53:15;STAT=201222;TMPA=19;TMPP=192;TMPB=23;TMPC=22;RHUA=83;DWPA=16;PTYP=1;PNAM=MS-80SH;PIRA=0;PIRP=0;PIRM=0;PIRL=-2;PIRH=1;
SQNR=10410;DATE=24-08-14;TIME=02:53:30;STAT=201222;TMPA=19;TMPP=192;TMPB=23;TMPC=22;RHUA=83;DWPA=16;PTYP=1;PNAM=MS-80SH;PIRA=0;PIRP=0;PIRM=0;PIRL=-2;PIRH=1;
SQNR=10425;DATE=24-08-14;TIME=02:53:45;STAT=201222;TMPA=19;TMPP=192;TMPB=22;TMPC=22;RHUA=83;DWPA=16;PTYP=1;PNAM=MS-80SH;PIRA=0;PIRP=0;PIRM=0;PIRL=-2;PIRH=1;
SQNR=10440;DATE=24-08-14;TIME=02:54:00;STAT=201222;TMPA=19;TMPP=192;TMPB=22;TMPC=22;RHUA=83;DWPA=16;PTYP=1;PNAM=MS-80SH;PIRA=0;PIRP=0;PIRM=0;PIRL=-2;PIRH=1;
SQNR=10455;DATE=24-08-14;TIME=02:54:15;STAT=201222;TMPA=19;TMPP=191;TMPB=22;TMPC=22;RHUA=83;DWPA=16;PTYP=1;PNAM=MS-80SH;PIRA=0;PIRP=0;PIRM=0;PIRL=-2;PIRH=1;
SQNR=10470;DATE=24-08-14;TIME=02:54:30;STAT=201222;TMPA=19;TMPP=191;TMPB=23;TMPC=22;RHUA=83;DWPA=16;PTYP=1;PNAM=MS-80SH;PIRA=0;PIRP=0;PIRM=0;PIRL=-2;PIRH=1;
SQNR=10485;DATE=24-08-14;TIME=02:54:45;STAT=201222;TMPA=19;TMPP=191;TMPB=23;TMPC=22;RHUA=83;DWPA=16;PTYP=1;PNAM=MS-80SH;PIRA=0;PIRP=0;PIRM=0;PIRL=-2;PIRH=1;
SQNR=10500;DATE=24-08-14;TIME=02:55:00;STAT=201222;TMPA=19;TMPP=191;TMPB=22;TMPC=22;RHUA=83;DWPA=16;PTYP=1;PNAM=MS-80SH;PIRA=0;PIRP=0;PIRM=0;PIRL=-2;PIRH=1;
C-----;?
V-----;SWVNR=2102190;SQNDL=10501;DATE=24-08-14;TIME=02:55:06;THTYP=85;TTEMP=15;TDEWP=5;IUFAN=800;ILFAN=5;IUHEA=3000;PYDEF=21;PYAVT=30;PYAVW=1;PYOST=0;MSDLY=15;FNDLY=30;OSTRG=3;DBGFL=0;ASIRE=0;DBGRE=0;MPPFL=-1;
SQNR=10515;DATE=24-08-14;TIME=02:55:15;STAT=201222;TMPA=19;TMPP=191;TMPB=22;TMPC=22;RHUA=83;DWPA=16;PTYP=1;PNAM=MS-80SH;PIRA=0;PIRP=0;PIRM=0;PIRL=-2;PIRH=1;
SQNR=10530;DATE=24-08-14;TIME=02:55:30;STAT=201222;TMPA=19;TMPP=191;TMPB=22;TMPC=22;RHUA=83;DWPA=16;PTYP=1;PNAM=MS-80SH;PIRA=0;PIRP=0;PIRM=0;PIRL=-2;PIRH=1;
SQNR=10545;DATE=24-08-14;TIME=02:55:45;STAT=201222;TMPA=19;TMPP=191;TMPB=22;TMPC=22;RHUA=83;DWPA=16;PTYP=1;PNAM=MS-80SH;PIRA=0;PIRP=0;PIRM=0;PIRL=-2;PIRH=1;
SQNR=10560;DATE=24-08-14;TIME=02:56:00;STAT=201222;TMPA=19;TMPP=191;TMPB=22;TMPC=22;RHUA=83;DWPA=16;PTYP=1;PNAM=MS-80SH;PIRA=0;PIRP=0;PIRM=0;PIRL=-2;PIRH=1;
SQNR=10575;DATE=24-08-14;TIME=02:56:15;STAT=201222;TMPA=19;TMPP=191;TMPB=22;TMPC=22;RHUA=83;DWPA=16;PTYP=1;PNAM=MS-80SH;PIRA=0;PIRP=0;PIRM=0;PIRL=-2;PIRH=1;
SQNR=10590;DATE=24-08-14;TIME=02:56:30;STAT=201222;TMPA=19;TMPP=191;TMPB=22;TMPC=22;RHUA=83;DWPA=16;PTYP=1;PNAM=MS-80SH;PIRA=0;PIRP=0;PIRM=0;PIRL=-2;PIRH=1;
SQNR=10605;DATE=24-08-14;TIME=02:56:45;STAT=201222;TMPA=19;TMPP=191;TMPB=22;TMPC=22;RHUA=83;DWPA=16;PTYP=1;PNAM=MS-80SH;PIRA=0;PIRP=0;PIRM=0;PIRL=-2;PIRH=1;
SQNR=10620;DATE=24-08-14;TIME=02:57:00;STAT=201222;TMPA=19;TMPP=191;TMPB=22;TMPC=22;RHUA=83;DWPA=16;PTYP=1;PNAM=MS-80SH;PIRA=0;PIRP=0;PIRM=0;PIRL=-2;PIRH=1;
SQNR=10635;DATE=24-08-14;TIME=02:57:15;STAT=201222;TMPA=19;TMPP=191;TMPB=22;TMPC=22;RHUA=83;DWPA=16;PTYP=1;PNAM=MS-80SH;PIRA=0;PIRP=0;PIRM=0;PIRL=-2;PIRH=1;
SQNR=10650;DATE=24-08-14;TIME=02:57:30;STAT=201222;TMPA=19;TMPP=191;TMPB=22;TMPC=22;RHUA=83;DWPA=16;PTYP=1;PNAM=MS-80SH;PIRA=0;PIRP=0;PIRM=0;PIRL=-2;PIRH=1;
SQNR=10665;DATE=24-08-14;TIME=02:57:45;STAT=201222;TMPA=19;TMPP=191;TMPB=22;TMPC=22;RHUA=83;DWPA=16;PTYP=1;PNAM=MS-80SH;PIRA=0;PIRP=0;PIRM=0;PIRL=-2;PIRH=1;
SQNR=10680;DATE=24-08-14;TIME=02:58:00;STAT=201222;TMPA=19;TMPP=191;TMPB=22;TMPC=22;RHUA=83;DWPA=16;PTYP=1;PNAM=MS-80SH;PIRA=0;PIRP=0;PIRM=0;PIRL=-2;PIRH=1;
SQNR=10695;DATE=24-08-14;TIME=02:58:15;STAT=201222;TMPA=19;TMPP=191;TMPB=22;TMPC=22;RHUA=83;DWPA=16;PTYP=1;PNAM=MS-80SH;PIRA=0;PIRP=0;PIRM=0;PIRL=-2;PIRH=1;
SQNR=10710;DATE=24-08-14;TIME=02:58:30;STAT=201222;TMPA=19;TMPP=191;TMPB=22;TMPC=22;RHUA=83;DWPA=16;PTYP=1;PNAM=MS-80SH;PIRA=0;PIRP=0;PIRM=0;PIRL=-2;PIRH=1;
SQNR=10725;DATE=24-08-14;TIME=02:58:45;STAT=201222;TMPA=19;TMPP=191;TMPB=22;TMPC=22;RHUA=83;DWPA=16;PTYP=1;PNAM=MS-80SH;PIRA=0;PIRP=0;PIRM=0;PIRL=-2;PIRH=1;
SQNR=10740;DATE=24-08-14;TIME=02:59:00;STAT=201222;TMPA=19;TMPP=191;TMPB=22;TMPC=22;RHUA=83;DWPA=16;PTYP=1;PNAM=MS-80SH;PIRA=0;PIRP=0;PIRM=0;PIRL=-2;PIRH=1;
SQNR=10755;DATE=24-08-14;TIME=02:59:15;STAT=201222;TMPA=19;TMPP=191;TMPB=22;TMPC=22;RHUA=83;DWPA=16;PTYP=1;PNAM=MS-80SH;PIRA=0;PIRP=0;PIRM=0;PIRL=-2;PIRH=1;
SQNR=10770;DATE=24-08-14;TIME=02:59:30;STAT=201222;TMPA=19;TMPP=191;TMPB=22;TMPC=22;RHUA=83;DWPA=16;PTYP=1;PNAM=MS-80SH;PIRA=0;PIRP=0;PIRM=0;PIRL=-2;PIRH=1;
SQNR=10785;DATE=24-08-14;TIME=02:59:45;STAT=201222;TMPA=19;TMPP=191;TMPB=22;TMPC=22;RHUA=83;DWPA=16;PTYP=1;PNAM=MS-80SH;PIRA=0;PIRP=0;PIRM=0;PIRL=-2;PIRH=1;
C-----;?
SQNR=10800;DATE=24-08-14;TIME=03:00:00;STAT=201222;TMPA=19;TMPP=191;TMPB=22;TMPC=22;RHUA=83;DWPA=16;PTYP=1;PNAM=MS-80SH;PIRA=0;PIRP=0;PIRM=0;PIRL=-2;PIRH=1;
V-----;SWVNR=2102190;SQNDL=10801;DATE=24-08-14;TIME=03:00:06;THTYP=85;TTEMP=15;TDEWP=5;IUFAN=800;ILFAN=5;IUHEA=3000;PYDEF=21;PYAVT=30;PYAVW=1;PYOST=0;MSDLY=15;FNDLY=30;OSTRG=3;DBGFL=0;ASIRE=0;DBGRE=0;MPPFL=-1;
SQNR=10815;DATE=24-08-14;TIME=03:00:15;STAT=201222;TMPA=19;TMPP=191;TMPB=22;TMPC=22;RHUA=84;DWPA=16;PTYP=1;PNAM=MS-80SH;PIRA=0;PIRP=0;PIRM=0;PIRL=-2;PIRH=1;
SQNR=10830;DATE=24-08-14;TIME=03:00:30;STAT=201222;TMPA=19;TMPP=191;TMPB=22;TMPC=22;RHUA=83;DWPA=16;PTYP=1;PNAM=MS-80SH;PIRA=0;PIRP=0;PIRM=0;PIRL=-2;PIRH=1;
SQNR=10845;DATE=24-08-14;TIME=03:00:45;STAT=201222;TMPA=19;TMPP=191;TMPB=22;TMPC=22;RHUA=84;DWPA=16;PTYP=1;PNAM=MS-80SH;PIRA=0;PIRP=0;PIRM=0;PIRL=-2;PIRH=1;
C-----;P1001
P-----;DATE=24-08-14;TIME=03:00:46;PSNR=23059772;PTMP=220;PRHU=5;PSTX=-23;PSTY=14;
SQNR=10860;DATE=24-08-14;TIME=03:01:00;STAT=201222;TMPA=19;TMPP=190;TMPB=22;TMPC=22;RHUA=84;DWPA=16;PTYP=1;PNAM=MS-80SH;PIRA=0;PIRP=0;PIRM=0;PIRL=-2;PIRH=1;
SQNR=10875;DATE=24-08-14;TIME=03:01:15;STAT=201222;TMPA=19;TMPP=190;TMPB=22;TMPC=22;RHUA=84;DWPA=16;PTYP=1;PNAM=MS-80SH;PIRA=0;PIRP=0;PIRM=0;PIRL=-2;PIRH=1;
SQNR=10890;DATE=24-08-14;TIME=03:01:30;STAT=201222;TMPA=19;TMPP=190;TMPB=22;TMPC=22;RHUA=84;DWPA=16;PTYP=1;PNAM=MS-80SH;PIRA=-1;PIRP=0;PIRM=0;PIRL=-2;PIRH=1;
SQNR=10905;DATE=24-08-14;TIME=03:01:45;STAT=201222;TMPA=19;TMPP=190;TMPB=22;TMPC=22;RHUA=84;DWPA=16;PTYP=1;PNAM=MS-80SH;PIRA=0;PIRP=0;PIRM=0;PIRL=-2;PIRH=1;
SQNR=10920;DATE=24-08-14;TIME=03:02:00;STAT=201222;TMPA=19;TMPP=190;TMPB=22;TMPC=22;RHUA=84;DWPA=16;PTYP=1;PNAM=MS-80SH;PIRA=0;PIRP=0;PIRM=0;PIRL=-2;PIRH=1;
SQNR=10935;DATE=24-08-14;TIME=03:02:15;STAT=201222;TMPA=19;TMPP=190;TMPB=22;TMPC=22;RHUA=84;DWPA=16;PTYP=1;PNAM=MS-80SH;PIRA=1;PIRP=0;PIRM=0;PIRL=-2;PIRH=1;
SQNR=10950;DATE=24-08-14;TIME=03:02:30;STAT=201222;TMPA=19;TMPP=190;TMPB=22;TMPC=22;RHUA=84;DWPA=16;PTYP=1;PNAM=MS-80SH;PIRA=0;PIRP=0;PIRM=0;PIRL=-2;PIRH=1;
SQNR=10965;DATE=24-08-14;TIME=03:02:45;STAT=201222;TMPA=19;TMPP=190;TMPB=22;TMPC=22;RHUA=84;DWPA=16;PTYP=1;PNAM=MS-80SH;PIRA=0;PIRP=0;PIRM=0;PIRL=-2;PIRH=1;
SQNR=10980;DATE=24-08-14;TIME=03:03:00;STAT=201222;TMPA=19;TMPP=190;TMPB=22;TMPC=22;RHUA=84;DWPA=16;PTYP=1;PNAM=MS-80SH;PIRA=0;PIRP=0;PIRM=0;PIRL=-2;PIRH=1;
SQNR=10995;DATE=24-08-14;TIME=03:03:15;STAT=201222;TMPA=19;TMPP=191;TMPB=22;TMPC=22;RHUA=83;DWPA=16;PTYP=1;PNAM=MS-80SH;PIRA=0;PIRP=0;PIRM=0;PIRL=-2;PIRH=1;
SQNR=11010;DATE=24-08-14;TIME=03:03:30;STAT=201222;TMPA=19;TMPP=191;TMPB=23;TMPC=22;RHUA=83;DWPA=16;PTYP=1;PNAM=MS-80SH;PIRA=0;PIRP=0;PIRM=0;PIRL=-2;PIRH=1;
SQNR=11025;DATE=24-08-14;TIME=03:03:45;STAT=201222;TMPA=19;TMPP=191;TMPB=22;TMPC=22;RHUA=83;DWPA=16;PTYP=1;PNAM=MS-80SH;PIRA=0;PIRP=0;PIRM=0;PIRL=-2;PIRH=1;
SQNR=11040;DATE=24-08-14;TIME=03:04:00;STAT=201222;TMPA=19;TMPP=191;TMPB=23;TMPC=22;RHUA=83;DWPA=16;PTYP=1;PNAM=MS-80SH;PIRA=0;PIRP=0;PIRM=0;PIRL=-2;PIRH=1;
SQNR=11055;DATE=24-08-14;TIME=03:04:15;STAT=201222;TMPA=19;TMPP=191;TMPB=22;TMPC=22;RHUA=83;DWPA=16;PTYP=1;PNAM=MS-80SH;PIRA=0;PIRP=0;PIRM=0;PIRL=-2;PIRH=1;
SQNR=11070;DATE=24-08-14;TIME=03:04:30;STAT=201222;TMPA=19;TMPP=192;TMPB=23;TMPC=22;RHUA=83;DWPA=16;PTYP=1;PNAM=MS-80SH;PIRA=0;PIRP=0;PIRM=0;PIRL=-2;PIRH=1;
SQNR=11085;DATE=24-08-14;TIME=03:04:45;STAT=201222;TMPA=19;TMPP=192;TMPB=23;TMPC=22;RHUA=83;DWPA=16;PTYP=1;PNAM=MS-80SH;PIRA=0;PIRP=0;PIRM=0;PIRL=-2;PIRH=1;
SQNR=11100;DATE=24-08-14;TIME=03:05:00;STAT=201222;TMPA=19;TMPP=192;TMPB=23;TMPC=22;RHUA=83;DWPA=16;PTYP=1;PNAM=MS-80SH;PIRA=0;PIRP=0;PIRM=0;PIRL=-2;PIRH=1;
C-----;?
V-----;SWVNR=2102190;SQNDL=11101;DATE=24-08-14;TIME=03:05:06;THTYP=85;TTEMP=15;TDEWP=5;IUFAN=800;ILFAN=5;IUHEA=3000;PYDEF=21;PYAVT=30;PYAVW=1;PYOST=0;MSDLY=15;FNDLY=30;OSTRG=3;DBGFL=0;ASIRE=0;DBGRE=0;MPPFL=-1;
SQNR=11115;DATE=24-08-14;TIME=03:05:15;STAT=201222;TMPA=19;TMPP=192;TMPB=23;TMPC=22;RHUA=83;DWPA=16;PTYP=1;PNAM=MS-80SH;PIRA=0;PIRP=0;PIRM=0;PIRL=-2;PIRH=1;
SQNR=11130;DATE=24-08-14;TIME=03:05:30;STAT=201222;TMPA=19;TMPP=192;TMPB=22;TMPC=22;RHUA=83;DWPA=16;PTYP=1;PNAM=MS-80SH;PIRA=-1;PIRP=0;PIRM=0;PIRL=-2;PIRH=1;
SQNR=11145;DATE=24-08-14;TIME=03:05:45;STAT=201222;TMPA=19;TMPP=192;TMPB=22;TMPC=22;RHUA=83;DWPA=16;PTYP=1;PNAM=MS-80SH;PIRA=0;PIRP=0;PIRM=0;PIRL=-2;PIRH=1;
SQNR=11160;DATE=24-08-14;TIME=03:06:00;STAT=201222;TMPA=19;TMPP=192;TMPB=22;TMPC=22;RHUA=83;DWPA=16;PTYP=1;PNAM=MS-80SH;PIRA=0;PIRP=0;PIRM=0;PIRL=-2;PIRH=1;
SQNR=11175;DATE=24-08-14;TIME=03:06:15;STAT=201222;TMPA=19;TMPP=192;TMPB=22;TMPC=22;RHUA=83;DWPA=16;PTYP=1;PNAM=MS-80SH;PIRA=-1;PIRP=0;PIRM=0;PIRL=-2;PIRH=1;
SQNR=11190;DATE=24-08-14;TIME=03:06:30;STAT=201222;TMPA=19;TMPP=192;TMPB=22;TMPC=22;RHUA=83;DWPA=16;PTYP=1;PNAM=MS-80SH;PIRA=-1;PIRP=0;PIRM=0;PIRL=-2;PIRH=1;
SQNR=11205;DATE=24-08-14;TIME=03:06:45;STAT=201222;TMPA=19;TMPP=192;TMPB=22;TMPC=22;RHUA=83;DWPA=16;PTYP=1;PNAM=MS-80SH;PIRA=0;PIRP=0;PIRM=0;PIRL=-2;PIRH=1;
SQNR=11220;DATE=24-08-14;TIME=03:07:00;STAT=201222;TMPA=19;TMPP=192;TMPB=23;TMPC=22;RHUA=83;DWPA=16;PTYP=1;PNAM=MS-80SH;PIRA=0;PIRP=0;PIRM=0;PIRL=-2;PIRH=1;
SQNR=11235;DATE=24-08-14;TIME=03:07:15;STAT=201222;TMPA=19;TMPP=192;TMPB=23;TMPC=22;RHUA=83;DWPA=16;PTYP=1;PNAM=MS-80SH;PIRA=0;PIRP=0;PIRM=0;PIRL=-2;PIRH=1;
SQNR=11250;DATE=24-08-14;TIME=03:07:30;STAT=201222;TMPA=19;TMPP=192;TMPB=23;TMPC=22;RHUA=83;DWPA=16;PTYP=1;PNAM=MS-80SH;PIRA=0;PIRP=0;PIRM=0;PIRL=-2;PIRH=1;
SQNR=11265;DATE=24-08-14;TIME=03:07:45;STAT=201222;TMPA=19;TMPP=192;TMPB=23;TMPC=22;RHUA=83;DWPA=16;PTYP=1;PNAM=MS-80SH;PIRA=0;PIRP=0;PIRM=0;PIRL=-2;PIRH=1;
SQNR=11280;DATE=24-08-14;TIME=03:08:00;STAT=201222;TMPA=19;TMPP=193;TMPB=23;TMPC=22;RHUA=83;DWPA=16;PTYP=1;PNAM=MS-80SH;PIRA=0;PIRP=0;PIRM=0;PIRL=-2;PIRH=1;
SQNR=11295;DATE=24-08-14;TIME=03:08:15;STAT=201222;TMPA=19;TMPP=193;TMPB=23;TMPC=22;RHUA=82;DWPA=16;PTYP=1;PNAM=MS-80SH;PIRA=0;PIRP=0;PIRM=0;PIRL=-2;PIRH=1;
SQNR=11310;DATE=24-08-14;TIME=03:08:30;STAT=201222;TMPA=19;TMPP=193;TMPB=23;TMPC=22;RHUA=82;DWPA=16;PTYP=1;PNAM=MS-80SH;PIRA=0;PIRP=0;PIRM=0;PIRL=-2;PIRH=1;
SQNR=11325;DATE=24-08-14;TIME=03:08:45;STAT=201222;TMPA=19;TMPP=193;TMPB=23;TMPC=22;RHUA=82;DWPA=16;PTYP=1;PNAM=MS-80SH;PIRA=0;PIRP=0;PIRM=0;PIRL=-2;PIRH=1;
SQNR=11340;DATE=24-08-14;TIME=03:09:00;STAT=201222;TMPA=19;TMPP=193;TMPB=23;TMPC=22;RHUA=82;DWPA=16;PTYP=1;PNAM=MS-80SH;PIRA=0;PIRP=0;PIRM=0;PIRL=-2;PIRH=1;
SQNR=11355;DATE=24-08-14;TIME=03:09:15;STAT=201222;TMPA=19;TMPP=193;TMPB=23;TMPC=22;RHUA=82;DWPA=16;PTYP=1;PNAM=MS-80SH;PIRA=0;PIRP=0;PIRM=0;PIRL=-2;PIRH=1;
SQNR=11370;DATE=24-08-14;TIME=03:09:30;STAT=201222;TMPA=19;TMPP=193;TMPB=23;TMPC=22;RHUA=82;DWPA=16;PTYP=1;PNAM=MS-80SH;PIRA=0;PIRP=0;PIRM=0;PIRL=-2;PIRH=1;
SQNR=11385;DATE=24-08-14;TIME=03:09:45;STAT=201222;TMPA=19;TMPP=193;TMPB=23;TMPC=22;RHUA=82;DWPA=16;PTYP=1;PNAM=MS-80SH;PIRA=0;PIRP=0;PIRM=0;PIRL=-2;PIRH=1;
SQNR=11400;DATE=24-08-14;TIME=03:10:00;STAT=201222;TMPA=19;TMPP=193;TMPB=23;TMPC=22;RHUA=82;DWPA=16;PTYP=1;PNAM=MS-80SH;PIRA=0;PIRP=0;PIRM=0;PIRL=-2;PIRH=1;
C-----;?
V-----;SWVNR=2102190;SQNDL=11401;DATE=24-08-14;TIME=03:10:06;THTYP=85;TTEMP=15;TDEWP=5;IUFAN=800;ILFAN=5;IUHEA=3000;PYDEF=21;PYAVT=30;PYAVW=1;PYOST=0;MSDLY=15;FNDLY=30;OSTRG=3;DBGFL=0;ASIRE=0;DBGRE=0;MPPFL=-1;
SQNR=11415;DATE=24-08-14;TIME=03:10:15;STAT=201222;TMPA=19;TMPP=193;TMPB=23;TMPC=22;RHUA=82;DWPA=16;PTYP=1;PNAM=MS-80SH;PIRA=0;PIRP=0;PIRM=0;PIRL=-2;PIRH=1;
SQNR=11430;DATE=24-08-14;TIME=03:10:30;STAT=201222;TMPA=19;TMPP=193;TMPB=23;TMPC=22;RHUA=82;DWPA=16;PTYP=1;PNAM=MS-80SH;PIRA=-1;PIRP=0;PIRM=0;PIRL=-2;PIRH=1;
SQNR=11445;DATE=24-08-14;TIME=03:10:45;STAT=201222;TMPA=19;TMPP=193;TMPB=23;TMPC=22;RHUA=82;DWPA=16;PTYP=1;PNAM=MS-80SH;PIRA=-1;PIRP=0;PIRM=0;PIRL=-2;PIRH=1;
SQNR=11460;DATE=24-08-14;TIME=03:11:00;STAT=201222;TMPA=19;TMPP=194;TMPB=23;TMPC=22;RHUA=82;DWPA=16;PTYP=1;PNAM=MS-80SH;PIRA=0;PIRP=0;PIRM=0;PIRL=-2;PIRH=1;
SQNR=11475;DATE=24-08-14;TIME=03:11:15;STAT=201222;TMPA=19;TMPP=194;TMPB=23;TMPC=22;RHUA=82;DWPA=16;PTYP=1;PNAM=MS-80SH;PIRA=0;PIRP=0;PIRM=0;PIRL=-2;PIRH=1;
SQNR=11490;DATE=24-08-14;TIME=03:11:30;STAT=201222;TMPA=19;TMPP=194;TMPB=23;TMPC=22;RHUA=82;DWPA=16;PTYP=1;PNAM=MS-80SH;PIRA=0;PIRP=0;PIRM=0;PIRL=-2;PIRH=1;
SQNR=11505;DATE=24-08-14;TIME=03:11:45;STAT=201222;TMPA=19;TMPP=194;TMPB=23;TMPC=22;RHUA=82;DWPA=16;PTYP=1;PNAM=MS-80SH;PIRA=0;PIRP=0;PIRM=0;PIRL=-2;PIRH=1;
SQNR=11520;DATE=24-08-14;TIME=03:12:00;STAT=201222;TMPA=19;TMPP=193;TMPB=23;TMPC=22;RHUA=82;DWPA=16;PTYP=1;PNAM=MS-80SH;PIRA=0;PIRP=0;PIRM=0;PIRL=-2;PIRH=1;
SQNR=11535;DATE=24-08-14;TIME=03:12:15;STAT=201222;TMPA=19;TMPP=193;TMPB=23;TMPC=22;RHUA=82;DWPA=16;PTYP=1;PNAM=MS-80SH;PIRA=0;PIRP=0;PIRM=0;PIRL=-2;PIRH=1;
SQNR=11550;DATE=24-08-14;TIME=03:12:30;STAT=201222;TMPA=19;TMPP=193;TMPB=23;TMPC=22;RHUA=82;DWPA=16;PTYP=1;PNAM=MS-80SH;PIRA=0;PIRP=0;PIRM=0;PIRL=-2;PIRH=1;
SQNR=11565;DATE=24-08-14;TIME=03:12:45;STAT=201222;TMPA=19;TMPP=193;TMPB=23;TMPC=22;RHUA=82;DWPA=16;PTYP=1;PNAM=MS-80SH;PIRA=0;PIRP=0;PIRM=0;PIRL=-2;PIRH=1;
SQNR=11580;DATE=24-08-14;TIME=03:13:00;STAT=201222;TMPA=19;TMPP=193;TMPB=23;TMPC=22;RHUA=82;DWPA=16;PTYP=1;PNAM=MS-80SH;PIRA=0;PIRP=0;PIRM=0;PIRL=-2;PIRH=1;
SQNR=11595;DATE=24-08-14;TIME=03:13:15;STAT=201222;TMPA=19;TMPP=193;TMPB=23;TMPC=22;RHUA=83;DWPA=16;PTYP=1;PNAM=MS-80SH;PIRA=0;PIRP=0;PIRM=0;PIRL=-2;PIRH=1;
SQNR=11610;DATE=24-08-14;TIME=03:13:30;STAT=201222;TMPA=19;TMPP=193;TMPB=22;TMPC=22;RHUA=83;DWPA=16;PTYP=1;PNAM=MS-80SH;PIRA=0;PIRP=0;PIRM=0;PIRL=-2;PIRH=1;
SQNR=11625;DATE=24-08-14;TIME=03:13:45;STAT=201222;TMPA=19;TMPP=192;TMPB=22;TMPC=22;RHUA=83;DWPA=16;PTYP=1;PNAM=MS-80SH;PIRA=0;PIRP=0;PIRM=0;PIRL=-2;PIRH=1;
SQNR=11640;DATE=24-08-14;TIME=03:14:00;STAT=201222;TMPA=19;TMPP=192;TMPB=22;TMPC=22;RHUA=83;DWPA=16;PTYP=1;PNAM=MS-80SH;PIRA=0;PIRP=0;PIRM=0;PIRL=-2;PIRH=1;
SQNR=11655;DATE=24-08-14;TIME=03:14:15;STAT=201222;TMPA=19;TMPP=192;TMPB=22;TMPC=22;RHUA=83;DWPA=16;PTYP=1;PNAM=MS-80SH;PIRA=0;PIRP=0;PIRM=0;PIRL=-2;PIRH=1;
SQNR=11670;DATE=24-08-14;TIME=03:14:30;STAT=201222;TMPA=19;TMPP=192;TMPB=23;TMPC=22;RHUA=83;DWPA=16;PTYP=1;PNAM=MS-80SH;PIRA=0;PIRP=0;PIRM=0;PIRL=-2;PIRH=1;
SQNR=11685;DATE=24-08-14;TIME=03:14:45;STAT=201222;TMPA=19;TMPP=192;TMPB=23;TMPC=22;RHUA=83;DWPA=16;PTYP=1;PNAM=MS-80SH;PIRA=0;PIRP=0;PIRM=0;PIRL=-2;PIRH=1;
C-----;?
SQNR=11700;DATE=24-08-14;TIME=03:15:00;STAT=201222;TMPA=19;TMPP=192;TMPB=23;TMPC=22;RHUA=83;DWPA=16;PTYP=1;PNAM=MS-80SH;PIRA=0;PIRP=0;PIRM=0;PIRL=-2;PIRH=1;
V-----;SWVNR=2102190;SQNDL=11701;DATE=24-08-14;TIME=03:15:06;THTYP=85;TTEMP=15;TDEWP=5;IUFAN=800;ILFAN=5;IUHEA=3000;PYDEF=21;PYAVT=30;PYAVW=1;PYOST=0;MSDLY=15;FNDLY=30;OSTRG=3;DBGFL=0;ASIRE=0;DBGRE=0;MPPFL=-1;
SQNR=11715;DATE=24-08-14;TIME=03:15:15;STAT=201222;TMPA=19;TMPP=192;TMPB=23;TMPC=22;RHUA=83;DWPA=16;PTYP=1;PNAM=MS-80SH;PIRA=0;PIRP=0;PIRM=0;PIRL=-2;PIRH=1;
SQNR=11730;DATE=24-08-14;TIME=03:15:30;STAT=201222;TMPA=19;TMPP=192;TMPB=22;TMPC=22;RHUA=83;DWPA=16;PTYP=1;PNAM=MS-80SH;PIRA=0;PIRP=0;PIRM=0;PIRL=-2;PIRH=1;
SQNR=11745;DATE=24-08-14;TIME=03:15:45;STAT=201222;TMPA=19;TMPP=192;TMPB=22;TMPC=22;RHUA=83;DWPA=16;PTYP=1;PNAM=MS-80SH;PIRA=0;PIRP=0;PIRM=0;PIRL=-2;PIRH=1;
SQNR=11760;DATE=24-08-14;TIME=03:16:00;STAT=201222;TMPA=19;TMPP=191;TMPB=22;TMPC=22;RHUA=83;DWPA=16;PTYP=1;PNAM=MS-80SH;PIRA=0;PIRP=0;PIRM=0;PIRL=-2;PIRH=1;
SQNR=11775;DATE=24-08-14;TIME=03:16:15;STAT=201222;TMPA=19;TMPP=191;TMPB=22;TMPC=22;RHUA=83;DWPA=16;PTYP=1;PNAM=MS-80SH;PIRA=0;PIRP=0;PIRM=0;PIRL=-2;PIRH=1;
SQNR=11790;DATE=24-08-14;TIME=03:16:30;STAT=201222;TMPA=19;TMPP=191;TMPB=23;TMPC=22;RHUA=83;DWPA=16;PTYP=1;PNAM=MS-80SH;PIRA=0;PIRP=0;PIRM=0;PIRL=-2;PIRH=1;
SQNR=11805;DATE=24-08-14;TIME=03:16:45;STAT=201222;TMPA=19;TMPP=191;TMPB=23;TMPC=22;RHUA=83;DWPA=16;PTYP=1;PNAM=MS-80SH;PIRA=0;PIRP=0;PIRM=0;PIRL=-2;PIRH=1;
SQNR=11820;DATE=24-08-14;TIME=03:17:00;STAT=201222;TMPA=19;TMPP=192;TMPB=23;TMPC=22;RHUA=83;DWPA=16;PTYP=1;PNAM=MS-80SH;PIRA=0;PIRP=0;PIRM=0;PIRL=-2;PIRH=1;
SQNR=11835;DATE=24-08-14;TIME=03:17:15;STAT=201222;TMPA=19;TMPP=192;TMPB=23;TMPC=22;RHUA=83;DWPA=16;PTYP=1;PNAM=MS-80SH;PIRA=0;PIRP=0;PIRM=0;PIRL=-2;PIRH=1;
SQNR=11850;DATE=24-08-14;TIME=03:17:30;STAT=201222;TMPA=19;TMPP=192;TMPB=23;TMPC=22;RHUA=83;DWPA=16;PTYP=1;PNAM=MS-80SH;PIRA=0;PIRP=0;PIRM=0;PIRL=-2;PIRH=1;
SQNR=11865;DATE=24-08-14;TIME=03:17:45;STAT=201222;TMPA=19;TMPP=192;TMPB=22;TMPC=22;RHUA=83;DWPA=16;PTYP=1;PNAM=MS-80SH;PIRA=0;PIRP=0;PIRM=0;PIRL=-2;PIRH=1;
SQNR=11880;DATE=24-08-14;TIME=03:18:00;STAT=201222;TMPA=19;TMPP=192;TMPB=23;TMPC=22;RHUA=83;DWPA=16;PTYP=1;PNAM=MS-80SH;PIRA=0;PIRP=0;PIRM=0;PIRL=-2;PIRH=1;
SQNR=11895;DATE=24-08-14;TIME=03:18:15;STAT=201222;TMPA=19;TMPP=192;TMPB=23;TMPC=22;RHUA=83;DWPA=16;PTYP=1;PNAM=MS-80SH;PIRA=0;PIRP=0;PIRM=0;PIRL=-2;PIRH=1;
SQNR=11910;DATE=24-08-14;TIME=03:18:30;STAT=201222;TMPA=19;TMPP=192;TMPB=23;TMPC=22;RHUA=83;DWPA=16;PTYP=1;PNAM=MS-80SH;PIRA=0;PIRP=0;PIRM=0;PIRL=-2;PIRH=1;
SQNR=11925;DATE=24-08-14;TIME=03:18:45;STAT=201222;TMPA=19;TMPP=192;TMPB=23;TMPC=22;RHUA=83;DWPA=16;PTYP=1;PNAM=MS-80SH;PIRA=0;PIRP=0;PIRM=0;PIRL=-2;PIRH=1;
SQNR=11940;DATE=24-08-14;TIME=03:19:00;STAT=201222;TMPA=19;TMPP=192;TMPB=23;TMPC=22;RHUA=83;DWPA=16;PTYP=1;PNAM=MS-80SH;PIRA=0;PIRP=0;PIRM=0;PIRL=-2;PIRH=1;
SQNR=11955;DATE=24-08-14;TIME=03:19:15;STAT=201222;TMPA=19;TMPP=193;TMPB=23;TMPC=22;RHUA=83;DWPA=16;PTYP=1;PNAM=MS-80SH;PIRA=-1;PIRP=0;PIRM=0;PIRL=-2;PIRH=1;
SQNR=11970;DATE=24-08-14;TIME=03:19:30;STAT=201222;TMPA=19;TMPP=193;TMPB=23;TMPC=22;RHUA=83;DWPA=16;PTYP=1;PNAM=MS-80SH;PIRA=-1;PIRP=0;PIRM=0;PIRL=-2;PIRH=1;
SQNR=11985;DATE=24-08-14;TIME=03:19:45;STAT=201222;TMPA=19;TMPP=193;TMPB=23;TMPC=22;RHUA=83;DWPA=16;PTYP=1;PNAM=MS-80SH;PIRA=0;PIRP=0;PIRM=0;PIRL=-2;PIRH=1;
SQNR=12000;DATE=24-08-14;TIME=03:20:00;STAT=201222;TMPA=19;TMPP=193;TMPB=23;TMPC=22;RHUA=83;DWPA=16;PTYP=1;PNAM=MS-80SH;PIRA=0;PIRP=0;PIRM=0;PIRL=-2;PIRH=1;
C-----;?
V-----;SWVNR=2102190;SQNDL=12001;DATE=24-08-14;TIME=03:20:06;THTYP=85;TTEMP=15;TDEWP=5;IUFAN=800;ILFAN=5;IUHEA=3000;PYDEF=21;PYAVT=30;PYAVW=1;PYOST=0;MSDLY=15;FNDLY=30;OSTRG=3;DBGFL=0;ASIRE=0;DBGRE=0;MPPFL=-1;
SQNR=12015;DATE=24-08-14;TIME=03:20:15;STAT=201222;TMPA=19;TMPP=193;TMPB=23;TMPC=22;RHUA=83;DWPA=16;PTYP=1;PNAM=MS-80SH;PIRA=0;PIRP=0;PIRM=0;PIRL=-2;PIRH=1;
SQNR=12030;DATE=24-08-14;TIME=03:20:30;STAT=201222;TMPA=19;TMPP=193;TMPB=23;TMPC=22;RHUA=83;DWPA=16;PTYP=1;PNAM=MS-80SH;PIRA=0;PIRP=0;PIRM=0;PIRL=-2;PIRH=1;
SQNR=12045;DATE=24-08-14;TIME=03:20:45;STAT=201222;TMPA=19;TMPP=193;TMPB=23;TMPC=22;RHUA=83;DWPA=16;PTYP=1;PNAM=MS-80SH;PIRA=0;PIRP=0;PIRM=0;PIRL=-2;PIRH=1;
SQNR=12060;DATE=24-08-14;TIME=03:21:00;STAT=201222;TMPA=19;TMPP=193;TMPB=23;TMPC=22;RHUA=83;DWPA=16;PTYP=1;PNAM=MS-80SH;PIRA=0;PIRP=0;PIRM=0;PIRL=-2;PIRH=1;
SQNR=12075;DATE=24-08-14;TIME=03:21:15;STAT=201222;TMPA=19;TMPP=192;TMPB=23;TMPC=22;RHUA=83;DWPA=16;PTYP=1;PNAM=MS-80SH;PIRA=0;PIRP=0;PIRM=0;PIRL=-2;PIRH=1;
SQNR=12090;DATE=24-08-14;TIME=03:21:30;STAT=201222;TMPA=19;TMPP=192;TMPB=22;TMPC=22;RHUA=83;DWPA=16;PTYP=1;PNAM=MS-80SH;PIRA=0;PIRP=0;PIRM=0;PIRL=-2;PIRH=1;
SQNR=12105;DATE=24-08-14;TIME=03:21:45;STAT=201222;TMPA=19;TMPP=192;TMPB=22;TMPC=22;RHUA=83;DWPA=16;PTYP=1;PNAM=MS-80SH;PIRA=0;PIRP=0;PIRM=0;PIRL=-2;PIRH=1;
SQNR=12120;DATE=24-08-14;TIME=03:22:00;STAT=201222;TMPA=19;TMPP=192;TMPB=23;TMPC=22;RHUA=83;DWPA=16;PTYP=1;PNAM=MS-80SH;PIRA=0;PIRP=0;PIRM=0;PIRL=-2;PIRH=1;
SQNR=12135;DATE=24-08-14;TIME=03:22:15;STAT=201222;TMPA=19;TMPP=192;TMPB=23;TMPC=22;RHUA=83;DWPA=16;PTYP=1;PNAM=MS-80SH;PIRA=0;PIRP=0;PIRM=0;PIRL=-2;PIRH=1;
SQNR=12150;DATE=24-08-14;TIME=03:22:30;STAT=201222;TMPA=19;TMPP=192;TMPB=23;TMPC=22;RHUA=83;DWPA=16;PTYP=1;PNAM=MS-80SH;PIRA=0;PIRP=0;PIRM=0;PIRL=-2;PIRH=1;
SQNR=12165;DATE=24-08-14;TIME=03:22:45;STAT=201222;TMPA=19;TMPP=192;TMPB=22;TMPC=22;RHUA=83;DWPA=16;PTYP=1;PNAM=MS-80SH;PIRA=0;PIRP=0;PIRM=0;PIRL=-2;PIRH=1;
SQNR=12180;DATE=24-08-14;TIME=03:23:00;STAT=201222;TMPA=19;TMPP=192;TMPB=22;TMPC=22;RHUA=83;DWPA=16;PTYP=1;PNAM=MS-80SH;PIRA=0;PIRP=0;PIRM=0;PIRL=-2;PIRH=1;
SQNR=12195;DATE=24-08-14;TIME=03:23:15;STAT=201222;TMPA=19;TMPP=192;TMPB=22;TMPC=22;RHUA=83;DWPA=16;PTYP=1;PNAM=MS-80SH;PIRA=0;PIRP=0;PIRM=0;PIRL=-2;PIRH=1;
SQNR=12210;DATE=24-08-14;TIME=03:23:30;STAT=201222;TMPA=19;TMPP=192;TMPB=22;TMPC=22;RHUA=83;DWPA=16;PTYP=1;PNAM=MS-80SH;PIRA=0;PIRP=0;PIRM=0;PIRL=-2;PIRH=1;
SQNR=12225;DATE=24-08-14;TIME=03:23:45;STAT=201222;TMPA=19;TMPP=192;TMPB=22;TMPC=22;RHUA=83;DWPA=16;PTYP=1;PNAM=MS-80SH;PIRA=0;PIRP=0;PIRM=0;PIRL=-2;PIRH=1;
SQNR=12240;DATE=24-08-14;TIME=03:24:00;STAT=201222;TMPA=19;TMPP=192;TMPB=22;TMPC=22;RHUA=83;DWPA=16;PTYP=1;PNAM=MS-80SH;PIRA=0;PIRP=0;PIRM=0;PIRL=-2;PIRH=1;
SQNR=12255;DATE=24-08-14;TIME=03:24:15;STAT=201222;TMPA=19;TMPP=192;TMPB=23;TMPC=22;RHUA=83;DWPA=16;PTYP=1;PNAM=MS-80SH;PIRA=0;PIRP=0;PIRM=0;PIRL=-2;PIRH=1;
SQNR=12270;DATE=24-08-14;TIME=03:24:30;STAT=201222;TMPA=19;TMPP=192;TMPB=22;TMPC=22;RHUA=83;DWPA=16;PTYP=1;PNAM=MS-80SH;PIRA=0;PIRP=0;PIRM=0;PIRL=-2;PIRH=1;
SQNR=12285;DATE=24-08-14;TIME=03:24:45;STAT=201222;TMPA=19;TMPP=192;TMPB=22;TMPC=22;RHUA=83;DWPA=16;PTYP=1;PNAM=MS-80SH;PIRA=0;PIRP=0;PIRM=0;PIRL=-2;PIRH=1;
SQNR=12300;DATE=24-08-14;TIME=03:25:00;STAT=201222;TMPA=19;TMPP=192;TMPB=22;TMPC=22;RHUA=83;DWPA=16;PTYP=1;PNAM=MS-80SH;PIRA=0;PIRP=0;PIRM=0;PIRL=-2;PIRH=1;
C-----;?
V-----;SWVNR=2102190;SQNDL=12301;DATE=24-08-14;TIME=03:25:06;THTYP=85;TTEMP=15;TDEWP=5;IUFAN=800;ILFAN=5;IUHEA=3000;PYDEF=21;PYAVT=30;PYAVW=1;PYOST=0;MSDLY=15;FNDLY=30;OSTRG=3;DBGFL=0;ASIRE=0;DBGRE=0;MPPFL=-1;
SQNR=12315;DATE=24-08-14;TIME=03:25:15;STAT=201222;TMPA=19;TMPP=192;TMPB=23;TMPC=22;RHUA=83;DWPA=16;PTYP=1;PNAM=MS-80SH;PIRA=0;PIRP=0;PIRM=0;PIRL=-2;PIRH=1;
SQNR=12330;DATE=24-08-14;TIME=03:25:30;STAT=201222;TMPA=19;TMPP=192;TMPB=22;TMPC=22;RHUA=83;DWPA=16;PTYP=1;PNAM=MS-80SH;PIRA=0;PIRP=0;PIRM=0;PIRL=-2;PIRH=1;
SQNR=12345;DATE=24-08-14;TIME=03:25:45;STAT=201222;TMPA=19;TMPP=192;TMPB=22;TMPC=22;RHUA=83;DWPA=16;PTYP=1;PNAM=MS-80SH;PIRA=0;PIRP=0;PIRM=0;PIRL=-2;PIRH=1;
SQNR=12360;DATE=24-08-14;TIME=03:26:00;STAT=201222;TMPA=19;TMPP=192;TMPB=22;TMPC=22;RHUA=83;DWPA=16;PTYP=1;PNAM=MS-80SH;PIRA=0;PIRP=0;PIRM=0;PIRL=-2;PIRH=1;
SQNR=12375;DATE=24-08-14;TIME=03:26:15;STAT=201222;TMPA=19;TMPP=192;TMPB=22;TMPC=22;RHUA=83;DWPA=16;PTYP=1;PNAM=MS-80SH;PIRA=0;PIRP=0;PIRM=0;PIRL=-2;PIRH=1;
SQNR=12390;DATE=24-08-14;TIME=03:26:30;STAT=201222;TMPA=19;TMPP=192;TMPB=22;TMPC=22;RHUA=83;DWPA=16;PTYP=1;PNAM=MS-80SH;PIRA=0;PIRP=0;PIRM=0;PIRL=-2;PIRH=1;
SQNR=12405;DATE=24-08-14;TIME=03:26:45;STAT=201222;TMPA=19;TMPP=191;TMPB=22;TMPC=22;RHUA=83;DWPA=16;PTYP=1;PNAM=MS-80SH;PIRA=0;PIRP=0;PIRM=0;PIRL=-2;PIRH=1;
SQNR=12420;DATE=24-08-14;TIME=03:27:00;STAT=201222;TMPA=19;TMPP=191;TMPB=22;TMPC=22;RHUA=84;DWPA=16;PTYP=1;PNAM=MS-80SH;PIRA=0;PIRP=0;PIRM=0;PIRL=-2;PIRH=1;
SQNR=12435;DATE=24-08-14;TIME=03:27:15;STAT=201222;TMPA=19;TMPP=191;TMPB=22;TMPC=22;RHUA=84;DWPA=16;PTYP=1;PNAM=MS-80SH;PIRA=0;PIRP=0;PIRM=0;PIRL=-2;PIRH=1;
SQNR=12450;DATE=24-08-14;TIME=03:27:30;STAT=201222;TMPA=19;TMPP=191;TMPB=22;TMPC=22;RHUA=84;DWPA=16;PTYP=1;PNAM=MS-80SH;PIRA=0;PIRP=0;PIRM=0;PIRL=-2;PIRH=1;
SQNR=12465;DATE=24-08-14;TIME=03:27:45;STAT=201222;TMPA=19;TMPP=191;TMPB=22;TMPC=22;RHUA=84;DWPA=16;PTYP=1;PNAM=MS-80SH;PIRA=0;PIRP=0;PIRM=0;PIRL=-2;PIRH=1;
SQNR=12480;DATE=24-08-14;TIME=03:28:00;STAT=201222;TMPA=19;TMPP=191;TMPB=22;TMPC=22;RHUA=84;DWPA=16;PTYP=1;PNAM=MS-80SH;PIRA=0;PIRP=0;PIRM=0;PIRL=-2;PIRH=1;
SQNR=12495;DATE=24-08-14;TIME=03:28:15;STAT=201222;TMPA=19;TMPP=191;TMPB=22;TMPC=22;RHUA=84;DWPA=16;PTYP=1;PNAM=MS-80SH;PIRA=0;PIRP=0;PIRM=0;PIRL=-2;PIRH=1;
SQNR=12510;DATE=24-08-14;TIME=03:28:30;STAT=201222;TMPA=19;TMPP=191;TMPB=22;TMPC=22;RHUA=83;DWPA=16;PTYP=1;PNAM=MS-80SH;PIRA=0;PIRP=0;PIRM=0;PIRL=-2;PIRH=1;
SQNR=12525;DATE=24-08-14;TIME=03:28:45;STAT=201222;TMPA=19;TMPP=191;TMPB=22;TMPC=22;RHUA=83;DWPA=16;PTYP=1;PNAM=MS-80SH;PIRA=0;PIRP=0;PIRM=0;PIRL=-2;PIRH=1;
SQNR=12540;DATE=24-08-14;TIME=03:29:00;STAT=201222;TMPA=19;TMPP=191;TMPB=22;TMPC=22;RHUA=83;DWPA=16;PTYP=1;PNAM=MS-80SH;PIRA=0;PIRP=0;PIRM=0;PIRL=-2;PIRH=1;
SQNR=12555;DATE=24-08-14;TIME=03:29:15;STAT=201222;TMPA=19;TMPP=191;TMPB=22;TMPC=22;RHUA=84;DWPA=16;PTYP=1;PNAM=MS-80SH;PIRA=0;PIRP=0;PIRM=0;PIRL=-2;PIRH=1;
SQNR=12570;DATE=24-08-14;TIME=03:29:30;STAT=201222;TMPA=19;TMPP=191;TMPB=22;TMPC=22;RHUA=84;DWPA=16;PTYP=1;PNAM=MS-80SH;PIRA=0;PIRP=0;PIRM=0;PIRL=-2;PIRH=1;
SQNR=12585;DATE=24-08-14;TIME=03:29:45;STAT=201222;TMPA=19;TMPP=191;TMPB=22;TMPC=22;RHUA=83;DWPA=16;PTYP=1;PNAM=MS-80SH;PIRA=0;PIRP=0;PIRM=0;PIRL=-2;PIRH=1;
C-----;?
SQNR=12600;DATE=24-08-14;TIME=03:30:00;STAT=201222;TMPA=19;TMPP=191;TMPB=22;TMPC=22;RHUA=83;DWPA=16;PTYP=1;PNAM=MS-80SH;PIRA=0;PIRP=0;PIRM=0;PIRL=-2;PIRH=1;
V-----;SWVNR=2102190;SQNDL=12601;DATE=24-08-14;TIME=03:30:06;THTYP=85;TTEMP=15;TDEWP=5;IUFAN=800;ILFAN=5;IUHEA=3000;PYDEF=21;PYAVT=30;PYAVW=1;PYOST=0;MSDLY=15;FNDLY=30;OSTRG=3;DBGFL=0;ASIRE=0;DBGRE=0;MPPFL=-1;
SQNR=12615;DATE=24-08-14;TIME=03:30:15;STAT=201222;TMPA=19;TMPP=191;TMPB=23;TMPC=22;RHUA=83;DWPA=16;PTYP=1;PNAM=MS-80SH;PIRA=0;PIRP=0;PIRM=0;PIRL=-2;PIRH=1;
SQNR=12630;DATE=24-08-14;TIME=03:30:30;STAT=201222;TMPA=19;TMPP=191;TMPB=23;TMPC=22;RHUA=83;DWPA=16;PTYP=1;PNAM=MS-80SH;PIRA=0;PIRP=0;PIRM=0;PIRL=-2;PIRH=1;
SQNR=12645;DATE=24-08-14;TIME=03:30:45;STAT=201222;TMPA=19;TMPP=192;TMPB=22;TMPC=22;RHUA=83;DWPA=16;PTYP=1;PNAM=MS-80SH;PIRA=-1;PIRP=0;PIRM=0;PIRL=-2;PIRH=1;
SQNR=12660;DATE=24-08-14;TIME=03:31:00;STAT=201222;TMPA=19;TMPP=192;TMPB=23;TMPC=22;RHUA=83;DWPA=16;PTYP=1;PNAM=MS-80SH;PIRA=0;PIRP=0;PIRM=0;PIRL=-2;PIRH=1;
SQNR=12675;DATE=24-08-14;TIME=03:31:15;STAT=201222;TMPA=19;TMPP=192;TMPB=22;TMPC=22;RHUA=83;DWPA=16;PTYP=1;PNAM=MS-80SH;PIRA=0;PIRP=0;PIRM=0;PIRL=-2;PIRH=1;
SQNR=12690;DATE=24-08-14;TIME=03:31:30;STAT=201222;TMPA=19;TMPP=192;TMPB=23;TMPC=22;RHUA=83;DWPA=16;PTYP=1;PNAM=MS-80SH;PIRA=0;PIRP=0;PIRM=0;PIRL=-2;PIRH=1;
SQNR=12705;DATE=24-08-14;TIME=03:31:45;STAT=201222;TMPA=19;TMPP=192;TMPB=23;TMPC=22;RHUA=83;DWPA=16;PTYP=1;PNAM=MS-80SH;PIRA=0;PIRP=0;PIRM=0;PIRL=-2;PIRH=1;
SQNR=12720;DATE=24-08-14;TIME=03:32:00;STAT=201222;TMPA=19;TMPP=192;TMPB=23;TMPC=22;RHUA=83;DWPA=16;PTYP=1;PNAM=MS-80SH;PIRA=-1;PIRP=0;PIRM=0;PIRL=-2;PIRH=1;
SQNR=12735;DATE=24-08-14;TIME=03:32:15;STAT=201222;TMPA=19;TMPP=192;TMPB=22;TMPC=22;RHUA=83;DWPA=16;PTYP=1;PNAM=MS-80SH;PIRA=0;PIRP=0;PIRM=0;PIRL=-2;PIRH=1;
SQNR=12750;DATE=24-08-14;TIME=03:32:30;STAT=201222;TMPA=19;TMPP=192;TMPB=22;TMPC=22;RHUA=83;DWPA=16;PTYP=1;PNAM=MS-80SH;PIRA=0;PIRP=0;PIRM=0;PIRL=-2;PIRH=1;
SQNR=12765;DATE=24-08-14;TIME=03:32:45;STAT=201222;TMPA=19;TMPP=192;TMPB=22;TMPC=22;RHUA=83;DWPA=16;PTYP=1;PNAM=MS-80SH;PIRA=0;PIRP=0;PIRM=0;PIRL=-2;PIRH=1;
SQNR=12780;DATE=24-08-14;TIME=03:33:00;STAT=201222;TMPA=19;TMPP=192;TMPB=22;TMPC=22;RHUA=83;DWPA=16;PTYP=1;PNAM=MS-80SH;PIRA=0;PIRP=0;PIRM=0;PIRL=-2;PIRH=1;
SQNR=12795;DATE=24-08-14;TIME=03:33:15;STAT=201222;TMPA=19;TMPP=192;TMPB=22;TMPC=22;RHUA=83;DWPA=16;PTYP=1;PNAM=MS-80SH;PIRA=0;PIRP=0;PIRM=0;PIRL=-2;PIRH=1;
SQNR=12810;DATE=24-08-14;TIME=03:33:30;STAT=201222;TMPA=19;TMPP=192;TMPB=22;TMPC=22;RHUA=83;DWPA=16;PTYP=1;PNAM=MS-80SH;PIRA=0;PIRP=0;PIRM=0;PIRL=-2;PIRH=1;
SQNR=12825;DATE=24-08-14;TIME=03:33:45;STAT=201222;TMPA=19;TMPP=192;TMPB=22;TMPC=22;RHUA=83;DWPA=16;PTYP=1;PNAM=MS-80SH;PIRA=0;PIRP=0;PIRM=0;PIRL=-2;PIRH=1;
SQNR=12840;DATE=24-08-14;TIME=03:34:00;STAT=201222;TMPA=19;TMPP=191;TMPB=22;TMPC=22;RHUA=83;DWPA=16;PTYP=1;PNAM=MS-80SH;PIRA=0;PIRP=0;PIRM=0;PIRL=-2;PIRH=1;
SQNR=12855;DATE=24-08-14;TIME=03:34:15;STAT=201222;TMPA=19;TMPP=191;TMPB=22;TMPC=22;RHUA=83;DWPA=16;PTYP=1;PNAM=MS-80SH;PIRA=0;PIRP=0;PIRM=0;PIRL=-2;PIRH=1;
SQNR=12870;DATE=24-08-14;TIME=03:34:30;STAT=201222;TMPA=19;TMPP=191;TMPB=22;TMPC=22;RHUA=83;DWPA=16;PTYP=1;PNAM=MS-80SH;PIRA=0;PIRP=0;PIRM=0;PIRL=-2;PIRH=1;
SQNR=12885;DATE=24-08-14;TIME=03:34:45;STAT=201222;TMPA=19;TMPP=191;TMPB=22;TMPC=22;RHUA=83;DWPA=16;PTYP=1;PNAM=MS-80SH;PIRA=0;PIRP=0;PIRM=0;PIRL=-2;PIRH=1;
SQNR=12900;DATE=24-08-14;TIME=03:35:00;STAT=201222;TMPA=19;TMPP=191;TMPB=22;TMPC=22;RHUA=83;DWPA=16;PTYP=1;PNAM=MS-80SH;PIRA=0;PIRP=0;PIRM=0;PIRL=-2;PIRH=1;
C-----;?
V-----;SWVNR=2102190;SQNDL=12901;DATE=24-08-14;TIME=03:35:06;THTYP=85;TTEMP=15;TDEWP=5;IUFAN=800;ILFAN=5;IUHEA=3000;PYDEF=21;PYAVT=30;PYAVW=1;PYOST=0;MSDLY=15;FNDLY=30;OSTRG=3;DBGFL=0;ASIRE=0;DBGRE=0;MPPFL=-1;
SQNR=12915;DATE=24-08-14;TIME=03:35:15;STAT=201222;TMPA=19;TMPP=191;TMPB=22;TMPC=22;RHUA=83;DWPA=16;PTYP=1;PNAM=MS-80SH;PIRA=0;PIRP=0;PIRM=0;PIRL=-2;PIRH=1;
SQNR=12930;DATE=24-08-14;TIME=03:35:30;STAT=201222;TMPA=19;TMPP=191;TMPB=22;TMPC=22;RHUA=83;DWPA=16;PTYP=1;PNAM=MS-80SH;PIRA=0;PIRP=0;PIRM=0;PIRL=-2;PIRH=1;
SQNR=12945;DATE=24-08-14;TIME=03:35:45;STAT=201222;TMPA=19;TMPP=191;TMPB=22;TMPC=22;RHUA=82;DWPA=16;PTYP=1;PNAM=MS-80SH;PIRA=0;PIRP=0;PIRM=0;PIRL=-2;PIRH=1;
SQNR=12960;DATE=24-08-14;TIME=03:36:00;STAT=201222;TMPA=19;TMPP=192;TMPB=23;TMPC=22;RHUA=82;DWPA=16;PTYP=1;PNAM=MS-80SH;PIRA=0;PIRP=0;PIRM=0;PIRL=-2;PIRH=1;
SQNR=12975;DATE=24-08-14;TIME=03:36:15;STAT=201222;TMPA=19;TMPP=192;TMPB=23;TMPC=22;RHUA=82;DWPA=16;PTYP=1;PNAM=MS-80SH;PIRA=0;PIRP=0;PIRM=0;PIRL=-2;PIRH=1;
SQNR=12990;DATE=24-08-14;TIME=03:36:30;STAT=201222;TMPA=19;TMPP=193;TMPB=23;TMPC=22;RHUA=82;DWPA=16;PTYP=1;PNAM=MS-80SH;PIRA=-1;PIRP=-1;PIRM=0;PIRL=-2;PIRH=1;
SQNR=13005;DATE=24-08-14;TIME=03:36:45;STAT=201222;TMPA=19;TMPP=193;TMPB=23;TMPC=22;RHUA=82;DWPA=16;PTYP=1;PNAM=MS-80SH;PIRA=-1;PIRP=-1;PIRM=-1;PIRL=-2;PIRH=1;
SQNR=13020;DATE=24-08-14;TIME=03:37:00;STAT=201222;TMPA=19;TMPP=193;TMPB=23;TMPC=22;RHUA=81;DWPA=16;PTYP=1;PNAM=MS-80SH;PIRA=-1;PIRP=-1;PIRM=-1;PIRL=-2;PIRH=1;
SQNR=13035;DATE=24-08-14;TIME=03:37:15;STAT=201222;TMPA=19;TMPP=193;TMPB=23;TMPC=22;RHUA=81;DWPA=16;PTYP=1;PNAM=MS-80SH;PIRA=-1;PIRP=-1;PIRM=-1;PIRL=-2;PIRH=1;
SQNR=13050;DATE=24-08-14;TIME=03:37:30;STAT=201222;TMPA=19;TMPP=194;TMPB=23;TMPC=22;RHUA=81;DWPA=16;PTYP=1;PNAM=MS-80SH;PIRA=-1;PIRP=-1;PIRM=-1;PIRL=-2;PIRH=1;
SQNR=13065;DATE=24-08-14;TIME=03:37:45;STAT=201222;TMPA=19;TMPP=194;TMPB=23;TMPC=22;RHUA=81;DWPA=16;PTYP=1;PNAM=MS-80SH;PIRA=-1;PIRP=-1;PIRM=-1;PIRL=-2;PIRH=1;
SQNR=13080;DATE=24-08-14;TIME=03:38:00;STAT=201222;TMPA=19;TMPP=194;TMPB=23;TMPC=22;RHUA=81;DWPA=16;PTYP=1;PNAM=MS-80SH;PIRA=-1;PIRP=-1;PIRM=-1;PIRL=-2;PIRH=1;
SQNR=13095;DATE=24-08-14;TIME=03:38:15;STAT=201222;TMPA=19;TMPP=194;TMPB=23;TMPC=22;RHUA=81;DWPA=16;PTYP=1;PNAM=MS-80SH;PIRA=-1;PIRP=-1;PIRM=-1;PIRL=-2;PIRH=1;
SQNR=13110;DATE=24-08-14;TIME=03:38:30;STAT=201222;TMPA=19;TMPP=194;TMPB=23;TMPC=22;RHUA=81;DWPA=16;PTYP=1;PNAM=MS-80SH;PIRA=-1;PIRP=-1;PIRM=-1;PIRL=-2;PIRH=1;
SQNR=13125;DATE=24-08-14;TIME=03:38:45;STAT=201222;TMPA=19;TMPP=194;TMPB=23;TMPC=22;RHUA=81;DWPA=16;PTYP=1;PNAM=MS-80SH;PIRA=-1;PIRP=-1;PIRM=-1;PIRL=-2;PIRH=1;
SQNR=13140;DATE=24-08-14;TIME=03:39:00;STAT=201222;TMPA=19;TMPP=194;TMPB=23;TMPC=22;RHUA=81;DWPA=16;PTYP=1;PNAM=MS-80SH;PIRA=-1;PIRP=-1;PIRM=-1;PIRL=-2;PIRH=1;
SQNR=13155;DATE=24-08-14;TIME=03:39:15;STAT=201222;TMPA=19;TMPP=194;TMPB=23;TMPC=22;RHUA=81;DWPA=16;PTYP=1;PNAM=MS-80SH;PIRA=-1;PIRP=-1;PIRM=-1;PIRL=-2;PIRH=1;
SQNR=13170;DATE=24-08-14;TIME=03:39:30;STAT=201222;TMPA=19;TMPP=194;TMPB=23;TMPC=22;RHUA=81;DWPA=16;PTYP=1;PNAM=MS-80SH;PIRA=0;PIRP=-1;PIRM=-1;PIRL=-2;PIRH=1;
SQNR=13185;DATE=24-08-14;TIME=03:39:45;STAT=201222;TMPA=19;TMPP=194;TMPB=23;TMPC=22;RHUA=81;DWPA=16;PTYP=1;PNAM=MS-80SH;PIRA=-1;PIRP=-1;PIRM=-1;PIRL=-2;PIRH=1;
C-----;?
SQNR=13200;DATE=24-08-14;TIME=03:40:00;STAT=201222;TMPA=19;TMPP=194;TMPB=23;TMPC=22;RHUA=82;DWPA=16;PTYP=1;PNAM=MS-80SH;PIRA=-1;PIRP=0;PIRM=-1;PIRL=-2;PIRH=1;
V-----;SWVNR=2102190;SQNDL=13202;DATE=24-08-14;TIME=03:40:06;THTYP=85;TTEMP=15;TDEWP=5;IUFAN=800;ILFAN=5;IUHEA=3000;PYDEF=21;PYAVT=30;PYAVW=1;PYOST=0;MSDLY=15;FNDLY=30;OSTRG=3;DBGFL=0;ASIRE=0;DBGRE=0;MPPFL=-1;
SQNR=13215;DATE=24-08-14;TIME=03:40:15;STAT=201222;TMPA=19;TMPP=194;TMPB=23;TMPC=22;RHUA=82;DWPA=16;PTYP=1;PNAM=MS-80SH;PIRA=0;PIRP=-1;PIRM=-1;PIRL=-2;PIRH=1;
SQNR=13231;DATE=24-08-14;TIME=03:40:30;STAT=201222;TMPA=19;TMPP=194;TMPB=23;TMPC=22;RHUA=82;DWPA=16;PTYP=1;PNAM=MS-80SH;PIRA=0;PIRP=0;PIRM=0;PIRL=-2;PIRH=1;
SQNR=13246;DATE=24-08-14;TIME=03:40:45;STAT=201222;TMPA=19;TMPP=193;TMPB=23;TMPC=22;RHUA=82;DWPA=16;PTYP=1;PNAM=MS-80SH;PIRA=0;PIRP=0;PIRM=0;PIRL=-2;PIRH=1;
SQNR=13261;DATE=24-08-14;TIME=03:41:00;STAT=201222;TMPA=19;TMPP=194;TMPB=23;TMPC=22;RHUA=82;DWPA=16;PTYP=1;PNAM=MS-80SH;PIRA=0;PIRP=0;PIRM=0;PIRL=-2;PIRH=1;
SQNR=13276;DATE=24-08-14;TIME=03:41:15;STAT=201222;TMPA=19;TMPP=193;TMPB=23;TMPC=22;RHUA=82;DWPA=16;PTYP=1;PNAM=MS-80SH;PIRA=0;PIRP=0;PIRM=0;PIRL=-2;PIRH=1;
SQNR=13291;DATE=24-08-14;TIME=03:41:30;STAT=201222;TMPA=19;TMPP=193;TMPB=23;TMPC=22;RHUA=82;DWPA=16;PTYP=1;PNAM=MS-80SH;PIRA=0;PIRP=0;PIRM=0;PIRL=-2;PIRH=1;
SQNR=13306;DATE=24-08-14;TIME=03:41:45;STAT=201222;TMPA=19;TMPP=193;TMPB=23;TMPC=22;RHUA=82;DWPA=16;PTYP=1;PNAM=MS-80SH;PIRA=0;PIRP=0;PIRM=0;PIRL=-2;PIRH=1;
SQNR=13321;DATE=24-08-14;TIME=03:42:00;STAT=201222;TMPA=19;TMPP=193;TMPB=23;TMPC=22;RHUA=82;DWPA=16;PTYP=1;PNAM=MS-80SH;PIRA=0;PIRP=0;PIRM=0;PIRL=-2;PIRH=1;
SQNR=13336;DATE=24-08-14;TIME=03:42:15;STAT=201222;TMPA=19;TMPP=193;TMPB=23;TMPC=22;RHUA=82;DWPA=16;PTYP=1;PNAM=MS-80SH;PIRA=0;PIRP=0;PIRM=0;PIRL=-2;PIRH=1;
SQNR=13351;DATE=24-08-14;TIME=03:42:30;STAT=201222;TMPA=19;TMPP=192;TMPB=22;TMPC=22;RHUA=82;DWPA=16;PTYP=1;PNAM=MS-80SH;PIRA=0;PIRP=0;PIRM=0;PIRL=-2;PIRH=1;
SQNR=13366;DATE=24-08-14;TIME=03:42:45;STAT=201222;TMPA=19;TMPP=192;TMPB=22;TMPC=22;RHUA=82;DWPA=16;PTYP=1;PNAM=MS-80SH;PIRA=0;PIRP=0;PIRM=0;PIRL=-2;PIRH=1;
SQNR=13381;DATE=24-08-14;TIME=03:43:00;STAT=201222;TMPA=19;TMPP=192;TMPB=23;TMPC=22;RHUA=82;DWPA=16;PTYP=1;PNAM=MS-80SH;PIRA=0;PIRP=0;PIRM=0;PIRL=-2;PIRH=1;
SQNR=13396;DATE=24-08-14;TIME=03:43:15;STAT=201222;TMPA=19;TMPP=192;TMPB=22;TMPC=22;RHUA=83;DWPA=16;PTYP=1;PNAM=MS-80SH;PIRA=-1;PIRP=0;PIRM=0;PIRL=-2;PIRH=1;
SQNR=13411;DATE=24-08-14;TIME=03:43:30;STAT=201222;TMPA=19;TMPP=192;TMPB=22;TMPC=22;RHUA=83;DWPA=16;PTYP=1;PNAM=MS-80SH;PIRA=0;PIRP=0;PIRM=0;PIRL=-2;PIRH=1;
SQNR=13426;DATE=24-08-14;TIME=03:43:45;STAT=201222;TMPA=19;TMPP=192;TMPB=22;TMPC=22;RHUA=83;DWPA=16;PTYP=1;PNAM=MS-80SH;PIRA=0;PIRP=0;PIRM=0;PIRL=-2;PIRH=1;
SQNR=13441;DATE=24-08-14;TIME=03:44:00;STAT=201222;TMPA=19;TMPP=192;TMPB=22;TMPC=22;RHUA=83;DWPA=16;PTYP=1;PNAM=MS-80SH;PIRA=-1;PIRP=0;PIRM=0;PIRL=-2;PIRH=1;
SQNR=13456;DATE=24-08-14;TIME=03:44:15;STAT=201222;TMPA=19;TMPP=192;TMPB=22;TMPC=22;RHUA=83;DWPA=16;PTYP=1;PNAM=MS-80SH;PIRA=-1;PIRP=-1;PIRM=0;PIRL=-2;PIRH=1;
SQNR=13471;DATE=24-08-14;TIME=03:44:30;STAT=201222;TMPA=19;TMPP=192;TMPB=23;TMPC=22;RHUA=83;DWPA=16;PTYP=1;PNAM=MS-80SH;PIRA=0;PIRP=-1;PIRM=-1;PIRL=-2;PIRH=1;
SQNR=13486;DATE=24-08-14;TIME=03:44:45;STAT=201222;TMPA=19;TMPP=192;TMPB=23;TMPC=22;RHUA=83;DWPA=16;PTYP=1;PNAM=MS-80SH;PIRA=-1;PIRP=-1;PIRM=-1;PIRL=-2;PIRH=1;
SQNR=13501;DATE=24-08-14;TIME=03:45:00;STAT=201222;TMPA=19;TMPP=192;TMPB=23;TMPC=22;RHUA=83;DWPA=16;PTYP=1;PNAM=MS-80SH;PIRA=-1;PIRP=-1;PIRM=-1;PIRL=-2;PIRH=1;
C-----;?
V-----;SWVNR=2102190;SQNDL=13503;DATE=24-08-14;TIME=03:45:07;THTYP=85;TTEMP=15;TDEWP=5;IUFAN=800;ILFAN=5;IUHEA=3000;PYDEF=21;PYAVT=30;PYAVW=1;PYOST=0;MSDLY=15;FNDLY=30;OSTRG=3;DBGFL=0;ASIRE=0;DBGRE=0;MPPFL=-1;
SQNR=13516;DATE=24-08-14;TIME=03:45:15;STAT=201222;TMPA=19;TMPP=192;TMPB=22;TMPC=22;RHUA=83;DWPA=16;PTYP=1;PNAM=MS-80SH;PIRA=0;PIRP=-1;PIRM=-1;PIRL=-2;PIRH=1;
SQNR=13531;DATE=24-08-14;TIME=03:45:30;STAT=201222;TMPA=19;TMPP=192;TMPB=22;TMPC=22;RHUA=83;DWPA=16;PTYP=1;PNAM=MS-80SH;PIRA=-1;PIRP=-1;PIRM=-1;PIRL=-2;PIRH=1;
SQNR=13546;DATE=24-08-14;TIME=03:45:45;STAT=201222;TMPA=19;TMPP=192;TMPB=22;TMPC=22;RHUA=83;DWPA=16;PTYP=1;PNAM=MS-80SH;PIRA=-1;PIRP=-1;PIRM=-1;PIRL=-2;PIRH=1;
SQNR=13561;DATE=24-08-14;TIME=03:46:00;STAT=201222;TMPA=19;TMPP=192;TMPB=22;TMPC=22;RHUA=83;DWPA=16;PTYP=1;PNAM=MS-80SH;PIRA=-1;PIRP=-1;PIRM=-1;PIRL=-2;PIRH=1;
SQNR=13576;DATE=24-08-14;TIME=03:46:15;STAT=201222;TMPA=19;TMPP=192;TMPB=22;TMPC=22;RHUA=83;DWPA=16;PTYP=1;PNAM=MS-80SH;PIRA=-1;PIRP=0;PIRM=-1;PIRL=-2;PIRH=1;
SQNR=13591;DATE=24-08-14;TIME=03:46:30;STAT=201222;TMPA=19;TMPP=192;TMPB=22;TMPC=22;RHUA=83;DWPA=16;PTYP=1;PNAM=MS-80SH;PIRA=0;PIRP=-1;PIRM=-1;PIRL=-2;PIRH=1;
SQNR=13606;DATE=24-08-14;TIME=03:46:45;STAT=201222;TMPA=19;TMPP=192;TMPB=22;TMPC=22;RHUA=83;DWPA=16;PTYP=1;PNAM=MS-80SH;PIRA=0;PIRP=-1;PIRM=-1;PIRL=-2;PIRH=1;
SQNR=13621;DATE=24-08-14;TIME=03:47:00;STAT=201222;TMPA=19;TMPP=192;TMPB=22;TMPC=22;RHUA=83;DWPA=16;PTYP=1;PNAM=MS-80SH;PIRA=0;PIRP=0;PIRM=0;PIRL=-2;PIRH=1;
SQNR=13636;DATE=24-08-14;TIME=03:47:15;STAT=201222;TMPA=19;TMPP=192;TMPB=22;TMPC=22;RHUA=83;DWPA=16;PTYP=1;PNAM=MS-80SH;PIRA=0;PIRP=0;PIRM=0;PIRL=-2;PIRH=1;
SQNR=13651;DATE=24-08-14;TIME=03:47:30;STAT=201222;TMPA=19;TMPP=192;TMPB=22;TMPC=22;RHUA=83;DWPA=16;PTYP=1;PNAM=MS-80SH;PIRA=0;PIRP=0;PIRM=0;PIRL=-2;PIRH=1;
SQNR=13666;DATE=24-08-14;TIME=03:47:45;STAT=201222;TMPA=19;TMPP=192;TMPB=22;TMPC=22;RHUA=83;DWPA=16;PTYP=1;PNAM=MS-80SH;PIRA=0;PIRP=0;PIRM=0;PIRL=-2;PIRH=1;
SQNR=13681;DATE=24-08-14;TIME=03:48:00;STAT=201222;TMPA=19;TMPP=192;TMPB=22;TMPC=22;RHUA=83;DWPA=16;PTYP=1;PNAM=MS-80SH;PIRA=0;PIRP=0;PIRM=0;PIRL=-2;PIRH=1;
SQNR=13696;DATE=24-08-14;TIME=03:48:15;STAT=201222;TMPA=19;TMPP=192;TMPB=22;TMPC=22;RHUA=83;DWPA=16;PTYP=1;PNAM=MS-80SH;PIRA=0;PIRP=0;PIRM=0;PIRL=-2;PIRH=1;
SQNR=13711;DATE=24-08-14;TIME=03:48:30;STAT=201222;TMPA=19;TMPP=191;TMPB=22;TMPC=22;RHUA=83;DWPA=16;PTYP=1;PNAM=MS-80SH;PIRA=0;PIRP=0;PIRM=0;PIRL=-2;PIRH=1;
SQNR=13726;DATE=24-08-14;TIME=03:48:45;STAT=201222;TMPA=19;TMPP=191;TMPB=22;TMPC=22;RHUA=83;DWPA=16;PTYP=1;PNAM=MS-80SH;PIRA=0;PIRP=0;PIRM=0;PIRL=-2;PIRH=1;
SQNR=13741;DATE=24-08-14;TIME=03:49:00;STAT=201222;TMPA=19;TMPP=191;TMPB=22;TMPC=22;RHUA=83;DWPA=16;PTYP=1;PNAM=MS-80SH;PIRA=0;PIRP=0;PIRM=0;PIRL=-2;PIRH=1;
SQNR=13756;DATE=24-08-14;TIME=03:49:15;STAT=201222;TMPA=19;TMPP=191;TMPB=22;TMPC=22;RHUA=83;DWPA=16;PTYP=1;PNAM=MS-80SH;PIRA=0;PIRP=0;PIRM=0;PIRL=-2;PIRH=1;
SQNR=13771;DATE=24-08-14;TIME=03:49:30;STAT=201222;TMPA=19;TMPP=191;TMPB=22;TMPC=22;RHUA=83;DWPA=16;PTYP=1;PNAM=MS-80SH;PIRA=0;PIRP=0;PIRM=0;PIRL=-2;PIRH=1;
SQNR=13786;DATE=24-08-14;TIME=03:49:45;STAT=201222;TMPA=19;TMPP=190;TMPB=22;TMPC=22;RHUA=83;DWPA=16;PTYP=1;PNAM=MS-80SH;PIRA=0;PIRP=0;PIRM=0;PIRL=-2;PIRH=1;
C-----;?
SQNR=13801;DATE=24-08-14;TIME=03:50:00;STAT=201222;TMPA=19;TMPP=190;TMPB=22;TMPC=22;RHUA=84;DWPA=16;PTYP=1;PNAM=MS-80SH;PIRA=0;PIRP=0;PIRM=0;PIRL=-2;PIRH=1;
V-----;SWVNR=2102190;SQNDL=13802;DATE=24-08-14;TIME=03:50:06;THTYP=85;TTEMP=15;TDEWP=5;IUFAN=800;ILFAN=5;IUHEA=3000;PYDEF=21;PYAVT=30;PYAVW=1;PYOST=0;MSDLY=15;FNDLY=30;OSTRG=3;DBGFL=0;ASIRE=0;DBGRE=0;MPPFL=-1;
SQNR=13816;DATE=24-08-14;TIME=03:50:15;STAT=201222;TMPA=19;TMPP=190;TMPB=22;TMPC=22;RHUA=84;DWPA=16;PTYP=1;PNAM=MS-80SH;PIRA=0;PIRP=0;PIRM=0;PIRL=-2;PIRH=1;
SQNR=13831;DATE=24-08-14;TIME=03:50:30;STAT=201222;TMPA=19;TMPP=190;TMPB=22;TMPC=22;RHUA=84;DWPA=16;PTYP=1;PNAM=MS-80SH;PIRA=0;PIRP=0;PIRM=0;PIRL=-2;PIRH=1;
SQNR=13846;DATE=24-08-14;TIME=03:50:45;STAT=201222;TMPA=19;TMPP=190;TMPB=22;TMPC=22;RHUA=84;DWPA=16;PTYP=1;PNAM=MS-80SH;PIRA=0;PIRP=0;PIRM=0;PIRL=-2;PIRH=1;
SQNR=13861;DATE=24-08-14;TIME=03:51:00;STAT=201222;TMPA=19;TMPP=190;TMPB=22;TMPC=22;RHUA=84;DWPA=16;PTYP=1;PNAM=MS-80SH;PIRA=0;PIRP=0;PIRM=0;PIRL=-2;PIRH=1;
SQNR=13876;DATE=24-08-14;TIME=03:51:15;STAT=201222;TMPA=19;TMPP=190;TMPB=22;TMPC=22;RHUA=84;DWPA=16;PTYP=1;PNAM=MS-80SH;PIRA=0;PIRP=0;PIRM=0;PIRL=-2;PIRH=1;
SQNR=13891;DATE=24-08-14;TIME=03:51:30;STAT=201222;TMPA=19;TMPP=190;TMPB=22;TMPC=22;RHUA=84;DWPA=16;PTYP=1;PNAM=MS-80SH;PIRA=0;PIRP=0;PIRM=0;PIRL=-2;PIRH=1;
SQNR=13906;DATE=24-08-14;TIME=03:51:45;STAT=201222;TMPA=19;TMPP=190;TMPB=22;TMPC=22;RHUA=84;DWPA=16;PTYP=1;PNAM=MS-80SH;PIRA=-1;PIRP=0;PIRM=0;PIRL=-2;PIRH=1;
SQNR=13921;DATE=24-08-14;TIME=03:52:00;STAT=201222;TMPA=19;TMPP=190;TMPB=22;TMPC=22;RHUA=84;DWPA=16;PTYP=1;PNAM=MS-80SH;PIRA=-1;PIRP=0;PIRM=0;PIRL=-2;PIRH=1;
SQNR=13936;DATE=24-08-14;TIME=03:52:15;STAT=201222;TMPA=19;TMPP=190;TMPB=22;TMPC=22;RHUA=84;DWPA=16;PTYP=1;PNAM=MS-80SH;PIRA=0;PIRP=0;PIRM=0;PIRL=-2;PIRH=1;
SQNR=13951;DATE=24-08-14;TIME=03:52:30;STAT=201222;TMPA=19;TMPP=190;TMPB=22;TMPC=22;RHUA=84;DWPA=16;PTYP=1;PNAM=MS-80SH;PIRA=0;PIRP=0;PIRM=0;PIRL=-2;PIRH=1;
SQNR=13966;DATE=24-08-14;TIME=03:52:45;STAT=201222;TMPA=19;TMPP=190;TMPB=22;TMPC=22;RHUA=84;DWPA=16;PTYP=1;PNAM=MS-80SH;PIRA=0;PIRP=0;PIRM=0;PIRL=-2;PIRH=1;
SQNR=13981;DATE=24-08-14;TIME=03:53:00;STAT=201222;TMPA=19;TMPP=190;TMPB=22;TMPC=22;RHUA=84;DWPA=16;PTYP=1;PNAM=MS-80SH;PIRA=0;PIRP=0;PIRM=0;PIRL=-2;PIRH=1;
SQNR=13996;DATE=24-08-14;TIME=03:53:15;STAT=201222;TMPA=19;TMPP=190;TMPB=22;TMPC=22;RHUA=84;DWPA=16;PTYP=1;PNAM=MS-80SH;PIRA=0;PIRP=0;PIRM=0;PIRL=-2;PIRH=1;
SQNR=14011;DATE=24-08-14;TIME=03:53:30;STAT=201222;TMPA=19;TMPP=190;TMPB=22;TMPC=22;RHUA=84;DWPA=16;PTYP=1;PNAM=MS-80SH;PIRA=0;PIRP=0;PIRM=0;PIRL=-2;PIRH=1;
SQNR=14026;DATE=24-08-14;TIME=03:53:45;STAT=201222;TMPA=19;TMPP=190;TMPB=22;TMPC=22;RHUA=84;DWPA=16;PTYP=1;PNAM=MS-80SH;PIRA=0;PIRP=0;PIRM=0;PIRL=-2;PIRH=1;
SQNR=14041;DATE=24-08-14;TIME=03:54:00;STAT=201222;TMPA=19;TMPP=190;TMPB=22;TMPC=22;RHUA=84;DWPA=16;PTYP=1;PNAM=MS-80SH;PIRA=0;PIRP=0;PIRM=0;PIRL=-2;PIRH=1;
SQNR=14056;DATE=24-08-14;TIME=03:54:15;STAT=201222;TMPA=19;TMPP=191;TMPB=22;TMPC=22;RHUA=84;DWPA=16;PTYP=1;PNAM=MS-80SH;PIRA=0;PIRP=0;PIRM=0;PIRL=-2;PIRH=1;
SQNR=14070;DATE=24-08-14;TIME=03:54:30;STAT=201222;TMPA=19;TMPP=191;TMPB=22;TMPC=22;RHUA=84;DWPA=16;PTYP=1;PNAM=MS-80SH;PIRA=-1;PIRP=0;PIRM=0;PIRL=-2;PIRH=1;
SQNR=14085;DATE=24-08-14;TIME=03:54:45;STAT=201222;TMPA=19;TMPP=191;TMPB=22;TMPC=22;RHUA=84;DWPA=16;PTYP=1;PNAM=MS-80SH;PIRA=-1;PIRP=0;PIRM=0;PIRL=-2;PIRH=1;
C-----;?
SQNR=14100;DATE=24-08-14;TIME=03:55:00;STAT=201222;TMPA=19;TMPP=191;TMPB=22;TMPC=22;RHUA=84;DWPA=16;PTYP=1;PNAM=MS-80SH;PIRA=-1;PIRP=0;PIRM=0;PIRL=-2;PIRH=1;
V-----;SWVNR=2102190;SQNDL=14101;DATE=24-08-14;TIME=03:55:06;THTYP=85;TTEMP=15;TDEWP=5;IUFAN=800;ILFAN=5;IUHEA=3000;PYDEF=21;PYAVT=30;PYAVW=1;PYOST=0;MSDLY=15;FNDLY=30;OSTRG=3;DBGFL=0;ASIRE=0;DBGRE=0;MPPFL=-1;
SQNR=14115;DATE=24-08-14;TIME=03:55:15;STAT=201222;TMPA=19;TMPP=191;TMPB=22;TMPC=22;RHUA=84;DWPA=16;PTYP=1;PNAM=MS-80SH;PIRA=0;PIRP=0;PIRM=0;PIRL=-2;PIRH=1;
SQNR=14130;DATE=24-08-14;TIME=03:55:30;STAT=201222;TMPA=19;TMPP=191;TMPB=22;TMPC=22;RHUA=84;DWPA=16;PTYP=1;PNAM=MS-80SH;PIRA=0;PIRP=0;PIRM=0;PIRL=-2;PIRH=1;
SQNR=14145;DATE=24-08-14;TIME=03:55:45;STAT=201222;TMPA=19;TMPP=191;TMPB=22;TMPC=22;RHUA=84;DWPA=16;PTYP=1;PNAM=MS-80SH;PIRA=0;PIRP=0;PIRM=0;PIRL=-2;PIRH=1;
SQNR=14160;DATE=24-08-14;TIME=03:56:00;STAT=201222;TMPA=19;TMPP=191;TMPB=22;TMPC=22;RHUA=84;DWPA=16;PTYP=1;PNAM=MS-80SH;PIRA=0;PIRP=0;PIRM=0;PIRL=-2;PIRH=1;
SQNR=14175;DATE=24-08-14;TIME=03:56:15;STAT=201222;TMPA=19;TMPP=191;TMPB=22;TMPC=22;RHUA=84;DWPA=16;PTYP=1;PNAM=MS-80SH;PIRA=0;PIRP=0;PIRM=0;PIRL=-2;PIRH=1;
SQNR=14190;DATE=24-08-14;TIME=03:56:30;STAT=201222;TMPA=19;TMPP=191;TMPB=22;TMPC=22;RHUA=84;DWPA=16;PTYP=1;PNAM=MS-80SH;PIRA=0;PIRP=0;PIRM=0;PIRL=-2;PIRH=1;
SQNR=14205;DATE=24-08-14;TIME=03:56:45;STAT=201222;TMPA=19;TMPP=191;TMPB=22;TMPC=22;RHUA=83;DWPA=16;PTYP=1;PNAM=MS-80SH;PIRA=0;PIRP=0;PIRM=0;PIRL=-2;PIRH=1;
SQNR=14220;DATE=24-08-14;TIME=03:57:00;STAT=201222;TMPA=19;TMPP=191;TMPB=22;TMPC=22;RHUA=83;DWPA=16;PTYP=1;PNAM=MS-80SH;PIRA=0;PIRP=0;PIRM=0;PIRL=-2;PIRH=1;
SQNR=14235;DATE=24-08-14;TIME=03:57:15;STAT=201222;TMPA=19;TMPP=191;TMPB=22;TMPC=22;RHUA=83;DWPA=16;PTYP=1;PNAM=MS-80SH;PIRA=0;PIRP=0;PIRM=0;PIRL=-2;PIRH=1;
SQNR=14250;DATE=24-08-14;TIME=03:57:30;STAT=201222;TMPA=19;TMPP=190;TMPB=22;TMPC=22;RHUA=84;DWPA=16;PTYP=1;PNAM=MS-80SH;PIRA=0;PIRP=0;PIRM=0;PIRL=-2;PIRH=1;
SQNR=14265;DATE=24-08-14;TIME=03:57:45;STAT=201222;TMPA=19;TMPP=190;TMPB=22;TMPC=22;RHUA=84;DWPA=16;PTYP=1;PNAM=MS-80SH;PIRA=0;PIRP=0;PIRM=0;PIRL=-2;PIRH=1;
SQNR=14280;DATE=24-08-14;TIME=03:58:00;STAT=201222;TMPA=19;TMPP=190;TMPB=22;TMPC=22;RHUA=84;DWPA=16;PTYP=1;PNAM=MS-80SH;PIRA=0;PIRP=0;PIRM=0;PIRL=-2;PIRH=1;
SQNR=14295;DATE=24-08-14;TIME=03:58:15;STAT=201222;TMPA=18;TMPP=189;TMPB=22;TMPC=22;RHUA=84;DWPA=16;PTYP=1;PNAM=MS-80SH;PIRA=0;PIRP=0;PIRM=0;PIRL=-2;PIRH=1;
SQNR=14310;DATE=24-08-14;TIME=03:58:30;STAT=201222;TMPA=18;TMPP=189;TMPB=22;TMPC=22;RHUA=84;DWPA=16;PTYP=1;PNAM=MS-80SH;PIRA=0;PIRP=0;PIRM=0;PIRL=-2;PIRH=1;
SQNR=14325;DATE=24-08-14;TIME=03:58:45;STAT=201222;TMPA=18;TMPP=189;TMPB=22;TMPC=22;RHUA=84;DWPA=16;PTYP=1;PNAM=MS-80SH;PIRA=0;PIRP=0;PIRM=0;PIRL=-2;PIRH=1;
SQNR=14340;DATE=24-08-14;TIME=03:59:00;STAT=201222;TMPA=18;TMPP=189;TMPB=22;TMPC=22;RHUA=84;DWPA=16;PTYP=1;PNAM=MS-80SH;PIRA=0;PIRP=0;PIRM=0;PIRL=-2;PIRH=1;
SQNR=14355;DATE=24-08-14;TIME=03:59:15;STAT=201222;TMPA=19;TMPP=190;TMPB=22;TMPC=22;RHUA=84;DWPA=16;PTYP=1;PNAM=MS-80SH;PIRA=-1;PIRP=-1;PIRM=0;PIRL=-2;PIRH=1;
SQNR=14370;DATE=24-08-14;TIME=03:59:30;STAT=201222;TMPA=19;TMPP=190;TMPB=22;TMPC=22;RHUA=84;DWPA=16;PTYP=1;PNAM=MS-80SH;PIRA=-1;PIRP=-1;PIRM=-1;PIRL=-2;PIRH=1;
SQNR=14385;DATE=24-08-14;TIME=03:59:45;STAT=201222;TMPA=19;TMPP=190;TMPB=22;TMPC=22;RHUA=84;DWPA=16;PTYP=1;PNAM=MS-80SH;PIRA=0;PIRP=-1;PIRM=-1;PIRL=-2;PIRH=1;
C-----;?
SQNR=14400;DATE=24-08-14;TIME=04:00:00;STAT=201222;TMPA=19;TMPP=190;TMPB=22;TMPC=22;RHUA=84;DWPA=16;PTYP=1;PNAM=MS-80SH;PIRA=-1;PIRP=-1;PIRM=-1;PIRL=-2;PIRH=1;
C-----;P1001
P-----;DATE=24-08-14;TIME=04:00:03;PSNR=23059772;PTMP=219;PRHU=5;PSTX=-23;PSTY=15;
V-----;SWVNR=2102190;SQNDL=14401;DATE=24-08-14;TIME=04:00:06;THTYP=85;TTEMP=15;TDEWP=5;IUFAN=800;ILFAN=5;IUHEA=3000;PYDEF=21;PYAVT=30;PYAVW=1;PYOST=0;MSDLY=15;FNDLY=30;OSTRG=3;DBGFL=0;ASIRE=0;DBGRE=0;MPPFL=-1;
SQNR=14415;DATE=24-08-14;TIME=04:00:15;STAT=201222;TMPA=19;TMPP=190;TMPB=22;TMPC=22;RHUA=84;DWPA=16;PTYP=1;PNAM=MS-80SH;PIRA=0;PIRP=-1;PIRM=-1;PIRL=-2;PIRH=1;
SQNR=14430;DATE=24-08-14;TIME=04:00:30;STAT=201222;TMPA=19;TMPP=190;TMPB=22;TMPC=22;RHUA=84;DWPA=16;PTYP=1;PNAM=MS-80SH;PIRA=0;PIRP=-1;PIRM=-1;PIRL=-2;PIRH=1;
SQNR=14445;DATE=24-08-14;TIME=04:00:45;STAT=201222;TMPA=19;TMPP=190;TMPB=22;TMPC=22;RHUA=84;DWPA=16;PTYP=1;PNAM=MS-80SH;PIRA=0;PIRP=-1;PIRM=-1;PIRL=-2;PIRH=1;
SQNR=14460;DATE=24-08-14;TIME=04:01:00;STAT=201222;TMPA=19;TMPP=190;TMPB=22;TMPC=22;RHUA=84;DWPA=16;PTYP=1;PNAM=MS-80SH;PIRA=0;PIRP=0;PIRM=0;PIRL=-2;PIRH=1;
SQNR=14475;DATE=24-08-14;TIME=04:01:15;STAT=201222;TMPA=19;TMPP=191;TMPB=23;TMPC=22;RHUA=84;DWPA=16;PTYP=1;PNAM=MS-80SH;PIRA=-1;PIRP=-1;PIRM=-1;PIRL=-2;PIRH=1;
SQNR=14490;DATE=24-08-14;TIME=04:01:30;STAT=201222;TMPA=19;TMPP=191;TMPB=23;TMPC=22;RHUA=83;DWPA=16;PTYP=1;PNAM=MS-80SH;PIRA=-1;PIRP=-1;PIRM=-1;PIRL=-2;PIRH=1;
SQNR=14505;DATE=24-08-14;TIME=04:01:45;STAT=201222;TMPA=19;TMPP=192;TMPB=23;TMPC=22;RHUA=83;DWPA=16;PTYP=1;PNAM=MS-80SH;PIRA=-1;PIRP=-1;PIRM=-1;PIRL=-2;PIRH=1;
SQNR=14520;DATE=24-08-14;TIME=04:02:00;STAT=201222;TMPA=19;TMPP=192;TMPB=23;TMPC=22;RHUA=83;DWPA=16;PTYP=1;PNAM=MS-80SH;PIRA=-1;PIRP=-1;PIRM=-1;PIRL=-2;PIRH=1;
SQNR=14535;DATE=24-08-14;TIME=04:02:15;STAT=201222;TMPA=19;TMPP=192;TMPB=23;TMPC=22;RHUA=83;DWPA=16;PTYP=1;PNAM=MS-80SH;PIRA=-1;PIRP=-1;PIRM=-1;PIRL=-2;PIRH=1;
SQNR=14550;DATE=24-08-14;TIME=04:02:30;STAT=201222;TMPA=19;TMPP=193;TMPB=23;TMPC=22;RHUA=83;DWPA=16;PTYP=1;PNAM=MS-80SH;PIRA=-1;PIRP=-1;PIRM=-1;PIRL=-2;PIRH=1;
SQNR=14565;DATE=24-08-14;TIME=04:02:45;STAT=201222;TMPA=19;TMPP=194;TMPB=23;TMPC=22;RHUA=83;DWPA=16;PTYP=1;PNAM=MS-80SH;PIRA=-1;PIRP=-1;PIRM=-1;PIRL=-2;PIRH=1;
SQNR=14580;DATE=24-08-14;TIME=04:03:00;STAT=201222;TMPA=19;TMPP=194;TMPB=23;TMPC=22;RHUA=82;DWPA=16;PTYP=1;PNAM=MS-80SH;PIRA=-1;PIRP=-1;PIRM=-1;PIRL=-2;PIRH=1;
SQNR=14595;DATE=24-08-14;TIME=04:03:15;STAT=201222;TMPA=19;TMPP=194;TMPB=23;TMPC=22;RHUA=82;DWPA=16;PTYP=1;PNAM=MS-80SH;PIRA=-1;PIRP=-1;PIRM=-1;PIRL=-2;PIRH=1;
SQNR=14610;DATE=24-08-14;TIME=04:03:30;STAT=201222;TMPA=19;TMPP=195;TMPB=23;TMPC=22;RHUA=82;DWPA=16;PTYP=1;PNAM=MS-80SH;PIRA=-1;PIRP=-1;PIRM=-1;PIRL=-2;PIRH=1;
SQNR=14625;DATE=24-08-14;TIME=04:03:45;STAT=201222;TMPA=19;TMPP=194;TMPB=23;TMPC=22;RHUA=82;DWPA=16;PTYP=1;PNAM=MS-80SH;PIRA=-1;PIRP=-1;PIRM=-1;PIRL=-2;PIRH=1;
SQNR=14640;DATE=24-08-14;TIME=04:04:00;STAT=201222;TMPA=19;TMPP=194;TMPB=23;TMPC=22;RHUA=82;DWPA=16;PTYP=1;PNAM=MS-80SH;PIRA=-1;PIRP=-1;PIRM=-1;PIRL=-2;PIRH=1;
SQNR=14655;DATE=24-08-14;TIME=04:04:15;STAT=201222;TMPA=19;TMPP=194;TMPB=23;TMPC=22;RHUA=82;DWPA=16;PTYP=1;PNAM=MS-80SH;PIRA=0;PIRP=0;PIRM=-1;PIRL=-2;PIRH=1;
SQNR=14670;DATE=24-08-14;TIME=04:04:30;STAT=201222;TMPA=19;TMPP=193;TMPB=22;TMPC=22;RHUA=82;DWPA=16;PTYP=1;PNAM=MS-80SH;PIRA=0;PIRP=0;PIRM=0;PIRL=-2;PIRH=1;
SQNR=14685;DATE=24-08-14;TIME=04:04:45;STAT=201222;TMPA=19;TMPP=193;TMPB=22;TMPC=22;RHUA=83;DWPA=16;PTYP=1;PNAM=MS-80SH;PIRA=0;PIRP=0;PIRM=0;PIRL=-2;PIRH=1;
SQNR=14700;DATE=24-08-14;TIME=04:05:00;STAT=201222;TMPA=19;TMPP=193;TMPB=22;TMPC=22;RHUA=83;DWPA=16;PTYP=1;PNAM=MS-80SH;PIRA=0;PIRP=0;PIRM=0;PIRL=-2;PIRH=1;
C-----;?
V-----;SWVNR=2102190;SQNDL=14701;DATE=24-08-14;TIME=04:05:06;THTYP=85;TTEMP=15;TDEWP=5;IUFAN=800;ILFAN=5;IUHEA=3000;PYDEF=21;PYAVT=30;PYAVW=1;PYOST=0;MSDLY=15;FNDLY=30;OSTRG=3;DBGFL=0;ASIRE=0;DBGRE=0;MPPFL=-1;
SQNR=14715;DATE=24-08-14;TIME=04:05:15;STAT=201222;TMPA=19;TMPP=193;TMPB=22;TMPC=22;RHUA=83;DWPA=16;PTYP=1;PNAM=MS-80SH;PIRA=0;PIRP=0;PIRM=0;PIRL=-2;PIRH=1;
SQNR=14730;DATE=24-08-14;TIME=04:05:30;STAT=201222;TMPA=19;TMPP=192;TMPB=22;TMPC=22;RHUA=83;DWPA=16;PTYP=1;PNAM=MS-80SH;PIRA=0;PIRP=0;PIRM=0;PIRL=-2;PIRH=1;
SQNR=14745;DATE=24-08-14;TIME=04:05:45;STAT=201222;TMPA=19;TMPP=192;TMPB=22;TMPC=22;RHUA=83;DWPA=16;PTYP=1;PNAM=MS-80SH;PIRA=0;PIRP=0;PIRM=0;PIRL=-2;PIRH=1;
SQNR=14760;DATE=24-08-14;TIME=04:06:00;STAT=201222;TMPA=19;TMPP=192;TMPB=22;TMPC=22;RHUA=83;DWPA=16;PTYP=1;PNAM=MS-80SH;PIRA=0;PIRP=0;PIRM=0;PIRL=-2;PIRH=1;
SQNR=14775;DATE=24-08-14;TIME=04:06:15;STAT=201222;TMPA=19;TMPP=191;TMPB=22;TMPC=22;RHUA=83;DWPA=16;PTYP=1;PNAM=MS-80SH;PIRA=0;PIRP=0;PIRM=0;PIRL=-2;PIRH=1;
SQNR=14790;DATE=24-08-14;TIME=04:06:30;STAT=201222;TMPA=19;TMPP=191;TMPB=22;TMPC=22;RHUA=83;DWPA=16;PTYP=1;PNAM=MS-80SH;PIRA=0;PIRP=0;PIRM=0;PIRL=-2;PIRH=1;
SQNR=14805;DATE=24-08-14;TIME=04:06:45;STAT=201222;TMPA=19;TMPP=191;TMPB=22;TMPC=22;RHUA=83;DWPA=16;PTYP=1;PNAM=MS-80SH;PIRA=0;PIRP=0;PIRM=0;PIRL=-2;PIRH=1;
SQNR=14820;DATE=24-08-14;TIME=04:07:00;STAT=201222;TMPA=19;TMPP=190;TMPB=22;TMPC=22;RHUA=83;DWPA=16;PTYP=1;PNAM=MS-80SH;PIRA=0;PIRP=0;PIRM=0;PIRL=-2;PIRH=1;
SQNR=14835;DATE=24-08-14;TIME=04:07:15;STAT=201222;TMPA=19;TMPP=190;TMPB=22;TMPC=22;RHUA=84;DWPA=16;PTYP=1;PNAM=MS-80SH;PIRA=0;PIRP=0;PIRM=0;PIRL=-2;PIRH=1;
SQNR=14850;DATE=24-08-14;TIME=04:07:30;STAT=201222;TMPA=19;TMPP=190;TMPB=22;TMPC=22;RHUA=84;DWPA=16;PTYP=1;PNAM=MS-80SH;PIRA=0;PIRP=0;PIRM=0;PIRL=-2;PIRH=1;
SQNR=14865;DATE=24-08-14;TIME=04:07:45;STAT=201222;TMPA=19;TMPP=190;TMPB=22;TMPC=22;RHUA=84;DWPA=16;PTYP=1;PNAM=MS-80SH;PIRA=0;PIRP=0;PIRM=0;PIRL=-2;PIRH=1;
SQNR=14880;DATE=24-08-14;TIME=04:08:00;STAT=201222;TMPA=19;TMPP=190;TMPB=22;TMPC=22;RHUA=84;DWPA=16;PTYP=1;PNAM=MS-80SH;PIRA=0;PIRP=0;PIRM=0;PIRL=-2;PIRH=1;
SQNR=14895;DATE=24-08-14;TIME=04:08:15;STAT=201222;TMPA=19;TMPP=190;TMPB=22;TMPC=22;RHUA=84;DWPA=16;PTYP=1;PNAM=MS-80SH;PIRA=0;PIRP=0;PIRM=0;PIRL=-2;PIRH=1;
SQNR=14910;DATE=24-08-14;TIME=04:08:30;STAT=201222;TMPA=19;TMPP=190;TMPB=22;TMPC=22;RHUA=84;DWPA=16;PTYP=1;PNAM=MS-80SH;PIRA=0;PIRP=0;PIRM=0;PIRL=-2;PIRH=1;
SQNR=14925;DATE=24-08-14;TIME=04:08:45;STAT=201222;TMPA=18;TMPP=189;TMPB=22;TMPC=22;RHUA=84;DWPA=16;PTYP=1;PNAM=MS-80SH;PIRA=0;PIRP=0;PIRM=0;PIRL=-2;PIRH=1;
SQNR=14940;DATE=24-08-14;TIME=04:09:00;STAT=201222;TMPA=18;TMPP=189;TMPB=22;TMPC=22;RHUA=84;DWPA=16;PTYP=1;PNAM=MS-80SH;PIRA=0;PIRP=0;PIRM=0;PIRL=-2;PIRH=1;
SQNR=14955;DATE=24-08-14;TIME=04:09:15;STAT=201222;TMPA=18;TMPP=189;TMPB=22;TMPC=22;RHUA=84;DWPA=16;PTYP=1;PNAM=MS-80SH;PIRA=0;PIRP=0;PIRM=0;PIRL=-2;PIRH=1;
SQNR=14970;DATE=24-08-14;TIME=04:09:30;STAT=201222;TMPA=18;TMPP=189;TMPB=22;TMPC=22;RHUA=84;DWPA=16;PTYP=1;PNAM=MS-80SH;PIRA=0;PIRP=0;PIRM=0;PIRL=-2;PIRH=1;
SQNR=14985;DATE=24-08-14;TIME=04:09:45;STAT=201222;TMPA=18;TMPP=189;TMPB=22;TMPC=22;RHUA=84;DWPA=16;PTYP=1;PNAM=MS-80SH;PIRA=0;PIRP=0;PIRM=0;PIRL=-2;PIRH=1;
C-----;?
SQNR=15000;DATE=24-08-14;TIME=04:10:00;STAT=201222;TMPA=18;TMPP=189;TMPB=22;TMPC=22;RHUA=84;DWPA=16;PTYP=1;PNAM=MS-80SH;PIRA=0;PIRP=0;PIRM=0;PIRL=-2;PIRH=1;
V-----;SWVNR=2102190;SQNDL=15001;DATE=24-08-14;TIME=04:10:06;THTYP=85;TTEMP=15;TDEWP=5;IUFAN=800;ILFAN=5;IUHEA=3000;PYDEF=21;PYAVT=30;PYAVW=1;PYOST=0;MSDLY=15;FNDLY=30;OSTRG=3;DBGFL=0;ASIRE=0;DBGRE=0;MPPFL=-1;
SQNR=15015;DATE=24-08-14;TIME=04:10:15;STAT=201222;TMPA=18;TMPP=189;TMPB=22;TMPC=22;RHUA=84;DWPA=16;PTYP=1;PNAM=MS-80SH;PIRA=0;PIRP=0;PIRM=0;PIRL=-2;PIRH=1;
SQNR=15030;DATE=24-08-14;TIME=04:10:30;STAT=201222;TMPA=18;TMPP=189;TMPB=22;TMPC=22;RHUA=84;DWPA=16;PTYP=1;PNAM=MS-80SH;PIRA=0;PIRP=0;PIRM=0;PIRL=-2;PIRH=1;
SQNR=15045;DATE=24-08-14;TIME=04:10:45;STAT=201222;TMPA=18;TMPP=189;TMPB=22;TMPC=22;RHUA=84;DWPA=16;PTYP=1;PNAM=MS-80SH;PIRA=0;PIRP=0;PIRM=0;PIRL=-2;PIRH=1;
SQNR=15060;DATE=24-08-14;TIME=04:11:00;STAT=201222;TMPA=18;TMPP=189;TMPB=22;TMPC=22;RHUA=84;DWPA=16;PTYP=1;PNAM=MS-80SH;PIRA=0;PIRP=0;PIRM=0;PIRL=-2;PIRH=1;
SQNR=15075;DATE=24-08-14;TIME=04:11:15;STAT=201222;TMPA=18;TMPP=189;TMPB=22;TMPC=22;RHUA=84;DWPA=16;PTYP=1;PNAM=MS-80SH;PIRA=0;PIRP=0;PIRM=0;PIRL=-2;PIRH=1;
SQNR=15090;DATE=24-08-14;TIME=04:11:30;STAT=201222;TMPA=18;TMPP=189;TMPB=22;TMPC=22;RHUA=84;DWPA=16;PTYP=1;PNAM=MS-80SH;PIRA=0;PIRP=0;PIRM=0;PIRL=-2;PIRH=1;
SQNR=15105;DATE=24-08-14;TIME=04:11:45;STAT=201222;TMPA=18;TMPP=189;TMPB=22;TMPC=22;RHUA=84;DWPA=16;PTYP=1;PNAM=MS-80SH;PIRA=0;PIRP=0;PIRM=0;PIRL=-2;PIRH=1;
SQNR=15120;DATE=24-08-14;TIME=04:12:00;STAT=201222;TMPA=18;TMPP=189;TMPB=22;TMPC=22;RHUA=84;DWPA=16;PTYP=1;PNAM=MS-80SH;PIRA=0;PIRP=0;PIRM=0;PIRL=-2;PIRH=1;
SQNR=15135;DATE=24-08-14;TIME=04:12:15;STAT=201222;TMPA=18;TMPP=189;TMPB=22;TMPC=22;RHUA=84;DWPA=16;PTYP=1;PNAM=MS-80SH;PIRA=0;PIRP=0;PIRM=0;PIRL=-2;PIRH=1;
SQNR=15150;DATE=24-08-14;TIME=04:12:30;STAT=201222;TMPA=18;TMPP=189;TMPB=22;TMPC=22;RHUA=84;DWPA=16;PTYP=1;PNAM=MS-80SH;PIRA=0;PIRP=0;PIRM=0;PIRL=-2;PIRH=1;
SQNR=15165;DATE=24-08-14;TIME=04:12:45;STAT=201222;TMPA=18;TMPP=189;TMPB=22;TMPC=22;RHUA=84;DWPA=16;PTYP=1;PNAM=MS-80SH;PIRA=0;PIRP=0;PIRM=0;PIRL=-2;PIRH=1;
SQNR=15180;DATE=24-08-14;TIME=04:13:00;STAT=201222;TMPA=18;TMPP=189;TMPB=22;TMPC=22;RHUA=84;DWPA=16;PTYP=1;PNAM=MS-80SH;PIRA=0;PIRP=0;PIRM=0;PIRL=-2;PIRH=1;
SQNR=15195;DATE=24-08-14;TIME=04:13:15;STAT=201222;TMPA=18;TMPP=189;TMPB=22;TMPC=22;RHUA=84;DWPA=16;PTYP=1;PNAM=MS-80SH;PIRA=0;PIRP=0;PIRM=0;PIRL=-2;PIRH=1;
SQNR=15210;DATE=24-08-14;TIME=04:13:30;STAT=201222;TMPA=18;TMPP=189;TMPB=22;TMPC=22;RHUA=84;DWPA=16;PTYP=1;PNAM=MS-80SH;PIRA=0;PIRP=0;PIRM=0;PIRL=-2;PIRH=1;
SQNR=15225;DATE=24-08-14;TIME=04:13:45;STAT=201222;TMPA=18;TMPP=189;TMPB=22;TMPC=22;RHUA=84;DWPA=16;PTYP=1;PNAM=MS-80SH;PIRA=0;PIRP=0;PIRM=0;PIRL=-2;PIRH=1;
SQNR=15240;DATE=24-08-14;TIME=04:14:00;STAT=201222;TMPA=18;TMPP=189;TMPB=22;TMPC=22;RHUA=84;DWPA=16;PTYP=1;PNAM=MS-80SH;PIRA=0;PIRP=0;PIRM=0;PIRL=-2;PIRH=1;
SQNR=15255;DATE=24-08-14;TIME=04:14:15;STAT=201222;TMPA=18;TMPP=189;TMPB=22;TMPC=22;RHUA=84;DWPA=16;PTYP=1;PNAM=MS-80SH;PIRA=-1;PIRP=0;PIRM=0;PIRL=-2;PIRH=1;
SQNR=15270;DATE=24-08-14;TIME=04:14:30;STAT=201222;TMPA=18;TMPP=189;TMPB=22;TMPC=22;RHUA=84;DWPA=16;PTYP=1;PNAM=MS-80SH;PIRA=0;PIRP=-1;PIRM=0;PIRL=-2;PIRH=1;
SQNR=15285;DATE=24-08-14;TIME=04:14:45;STAT=201222;TMPA=18;TMPP=189;TMPB=22;TMPC=22;RHUA=83;DWPA=16;PTYP=1;PNAM=MS-80SH;PIRA=0;PIRP=0;PIRM=0;PIRL=-2;PIRH=1;
SQNR=15300;DATE=24-08-14;TIME=04:15:00;STAT=201222;TMPA=18;TMPP=189;TMPB=22;TMPC=22;RHUA=83;DWPA=16;PTYP=1;PNAM=MS-80SH;PIRA=0;PIRP=0;PIRM=0;PIRL=-2;PIRH=1;
C-----;?
V-----;SWVNR=2102190;SQNDL=15302;DATE=24-08-14;TIME=04:15:07;THTYP=85;TTEMP=15;TDEWP=5;IUFAN=800;ILFAN=5;IUHEA=3000;PYDEF=21;PYAVT=30;PYAVW=1;PYOST=0;MSDLY=15;FNDLY=30;OSTRG=3;DBGFL=0;ASIRE=0;DBGRE=0;MPPFL=-1;
SQNR=15315;DATE=24-08-14;TIME=04:15:15;STAT=201222;TMPA=18;TMPP=189;TMPB=22;TMPC=22;RHUA=83;DWPA=16;PTYP=1;PNAM=MS-80SH;PIRA=0;PIRP=0;PIRM=0;PIRL=-2;PIRH=1;
SQNR=15330;DATE=24-08-14;TIME=04:15:30;STAT=201222;TMPA=18;TMPP=189;TMPB=22;TMPC=22;RHUA=83;DWPA=16;PTYP=1;PNAM=MS-80SH;PIRA=0;PIRP=0;PIRM=0;PIRL=-2;PIRH=1;
SQNR=15345;DATE=24-08-14;TIME=04:15:45;STAT=201222;TMPA=18;TMPP=189;TMPB=22;TMPC=22;RHUA=83;DWPA=16;PTYP=1;PNAM=MS-80SH;PIRA=0;PIRP=0;PIRM=0;PIRL=-2;PIRH=1;
SQNR=15360;DATE=24-08-14;TIME=04:16:00;STAT=201222;TMPA=18;TMPP=189;TMPB=22;TMPC=22;RHUA=83;DWPA=16;PTYP=1;PNAM=MS-80SH;PIRA=0;PIRP=0;PIRM=0;PIRL=-2;PIRH=1;
SQNR=15375;DATE=24-08-14;TIME=04:16:15;STAT=201222;TMPA=18;TMPP=189;TMPB=22;TMPC=22;RHUA=83;DWPA=16;PTYP=1;PNAM=MS-80SH;PIRA=0;PIRP=0;PIRM=0;PIRL=-2;PIRH=1;
SQNR=15390;DATE=24-08-14;TIME=04:16:30;STAT=201222;TMPA=18;TMPP=189;TMPB=22;TMPC=22;RHUA=83;DWPA=16;PTYP=1;PNAM=MS-80SH;PIRA=0;PIRP=0;PIRM=0;PIRL=-2;PIRH=1;
SQNR=15405;DATE=24-08-14;TIME=04:16:45;STAT=201222;TMPA=18;TMPP=189;TMPB=22;TMPC=22;RHUA=84;DWPA=16;PTYP=1;PNAM=MS-80SH;PIRA=0;PIRP=0;PIRM=0;PIRL=-2;PIRH=1;
SQNR=15420;DATE=24-08-14;TIME=04:17:00;STAT=201222;TMPA=18;TMPP=188;TMPB=22;TMPC=22;RHUA=84;DWPA=16;PTYP=1;PNAM=MS-80SH;PIRA=0;PIRP=0;PIRM=0;PIRL=-2;PIRH=1;
SQNR=15435;DATE=24-08-14;TIME=04:17:15;STAT=201222;TMPA=18;TMPP=188;TMPB=22;TMPC=22;RHUA=83;DWPA=16;PTYP=1;PNAM=MS-80SH;PIRA=0;PIRP=0;PIRM=0;PIRL=-2;PIRH=1;
SQNR=15450;DATE=24-08-14;TIME=04:17:30;STAT=201222;TMPA=18;TMPP=188;TMPB=22;TMPC=22;RHUA=84;DWPA=16;PTYP=1;PNAM=MS-80SH;PIRA=0;PIRP=0;PIRM=0;PIRL=-2;PIRH=1;
SQNR=15465;DATE=24-08-14;TIME=04:17:45;STAT=201222;TMPA=18;TMPP=188;TMPB=22;TMPC=22;RHUA=84;DWPA=16;PTYP=1;PNAM=MS-80SH;PIRA=0;PIRP=0;PIRM=0;PIRL=-2;PIRH=1;
SQNR=15480;DATE=24-08-14;TIME=04:18:00;STAT=201222;TMPA=18;TMPP=188;TMPB=22;TMPC=22;RHUA=84;DWPA=16;PTYP=1;PNAM=MS-80SH;PIRA=0;PIRP=0;PIRM=0;PIRL=-2;PIRH=1;
SQNR=15495;DATE=24-08-14;TIME=04:18:15;STAT=201222;TMPA=18;TMPP=188;TMPB=22;TMPC=21;RHUA=84;DWPA=16;PTYP=1;PNAM=MS-80SH;PIRA=0;PIRP=0;PIRM=0;PIRL=-2;PIRH=1;
SQNR=15510;DATE=24-08-14;TIME=04:18:30;STAT=201222;TMPA=18;TMPP=188;TMPB=22;TMPC=22;RHUA=83;DWPA=16;PTYP=1;PNAM=MS-80SH;PIRA=0;PIRP=0;PIRM=0;PIRL=-2;PIRH=1;
SQNR=15525;DATE=24-08-14;TIME=04:18:45;STAT=201222;TMPA=18;TMPP=188;TMPB=22;TMPC=21;RHUA=83;DWPA=16;PTYP=1;PNAM=MS-80SH;PIRA=0;PIRP=0;PIRM=0;PIRL=-2;PIRH=1;
SQNR=15540;DATE=24-08-14;TIME=04:19:00;STAT=201222;TMPA=18;TMPP=188;TMPB=22;TMPC=21;RHUA=83;DWPA=16;PTYP=1;PNAM=MS-80SH;PIRA=0;PIRP=0;PIRM=0;PIRL=-2;PIRH=1;
SQNR=15555;DATE=24-08-14;TIME=04:19:15;STAT=201222;TMPA=18;TMPP=188;TMPB=22;TMPC=22;RHUA=83;DWPA=16;PTYP=1;PNAM=MS-80SH;PIRA=0;PIRP=0;PIRM=0;PIRL=-2;PIRH=1;
SQNR=15570;DATE=24-08-14;TIME=04:19:30;STAT=201222;TMPA=18;TMPP=189;TMPB=22;TMPC=21;RHUA=83;DWPA=16;PTYP=1;PNAM=MS-80SH;PIRA=0;PIRP=0;PIRM=0;PIRL=-2;PIRH=1;
SQNR=15585;DATE=24-08-14;TIME=04:19:45;STAT=201222;TMPA=18;TMPP=188;TMPB=22;TMPC=22;RHUA=83;DWPA=16;PTYP=1;PNAM=MS-80SH;PIRA=0;PIRP=0;PIRM=0;PIRL=-2;PIRH=1;
C-----;?
SQNR=15600;DATE=24-08-14;TIME=04:20:00;STAT=201222;TMPA=18;TMPP=188;TMPB=22;TMPC=21;RHUA=84;DWPA=16;PTYP=1;PNAM=MS-80SH;PIRA=0;PIRP=0;PIRM=0;PIRL=-2;PIRH=1;
V-----;SWVNR=2102190;SQNDL=15601;DATE=24-08-14;TIME=04:20:06;THTYP=85;TTEMP=15;TDEWP=5;IUFAN=800;ILFAN=5;IUHEA=3000;PYDEF=21;PYAVT=30;PYAVW=1;PYOST=0;MSDLY=15;FNDLY=30;OSTRG=3;DBGFL=0;ASIRE=0;DBGRE=0;MPPFL=-1;
SQNR=15615;DATE=24-08-14;TIME=04:20:15;STAT=201222;TMPA=18;TMPP=188;TMPB=22;TMPC=21;RHUA=84;DWPA=16;PTYP=1;PNAM=MS-80SH;PIRA=0;PIRP=0;PIRM=0;PIRL=-2;PIRH=1;
SQNR=15630;DATE=24-08-14;TIME=04:20:30;STAT=201222;TMPA=18;TMPP=188;TMPB=22;TMPC=21;RHUA=84;DWPA=16;PTYP=1;PNAM=MS-80SH;PIRA=0;PIRP=0;PIRM=0;PIRL=-2;PIRH=1;
SQNR=15645;DATE=24-08-14;TIME=04:20:45;STAT=201222;TMPA=18;TMPP=188;TMPB=22;TMPC=21;RHUA=84;DWPA=16;PTYP=1;PNAM=MS-80SH;PIRA=0;PIRP=0;PIRM=0;PIRL=-2;PIRH=1;
SQNR=15660;DATE=24-08-14;TIME=04:21:00;STAT=201222;TMPA=18;TMPP=188;TMPB=22;TMPC=22;RHUA=84;DWPA=16;PTYP=1;PNAM=MS-80SH;PIRA=0;PIRP=0;PIRM=0;PIRL=-2;PIRH=1;
SQNR=15675;DATE=24-08-14;TIME=04:21:15;STAT=201222;TMPA=18;TMPP=187;TMPB=22;TMPC=21;RHUA=84;DWPA=16;PTYP=1;PNAM=MS-80SH;PIRA=0;PIRP=0;PIRM=0;PIRL=-2;PIRH=1;
SQNR=15690;DATE=24-08-14;TIME=04:21:30;STAT=201222;TMPA=18;TMPP=187;TMPB=22;TMPC=21;RHUA=84;DWPA=16;PTYP=1;PNAM=MS-80SH;PIRA=0;PIRP=0;PIRM=0;PIRL=-2;PIRH=1;
SQNR=15705;DATE=24-08-14;TIME=04:21:45;STAT=201222;TMPA=18;TMPP=187;TMPB=22;TMPC=21;RHUA=84;DWPA=16;PTYP=1;PNAM=MS-80SH;PIRA=0;PIRP=0;PIRM=0;PIRL=-2;PIRH=1;
SQNR=15720;DATE=24-08-14;TIME=04:22:00;STAT=201222;TMPA=18;TMPP=186;TMPB=22;TMPC=21;RHUA=84;DWPA=16;PTYP=1;PNAM=MS-80SH;PIRA=0;PIRP=0;PIRM=0;PIRL=-2;PIRH=1;
SQNR=15735;DATE=24-08-14;TIME=04:22:15;STAT=201222;TMPA=18;TMPP=187;TMPB=22;TMPC=21;RHUA=84;DWPA=16;PTYP=1;PNAM=MS-80SH;PIRA=0;PIRP=0;PIRM=0;PIRL=-2;PIRH=1;
SQNR=15750;DATE=24-08-14;TIME=04:22:30;STAT=201222;TMPA=18;TMPP=187;TMPB=22;TMPC=21;RHUA=84;DWPA=16;PTYP=1;PNAM=MS-80SH;PIRA=0;PIRP=0;PIRM=0;PIRL=-2;PIRH=1;
SQNR=15765;DATE=24-08-14;TIME=04:22:45;STAT=201222;TMPA=18;TMPP=186;TMPB=22;TMPC=21;RHUA=84;DWPA=16;PTYP=1;PNAM=MS-80SH;PIRA=0;PIRP=0;PIRM=0;PIRL=-2;PIRH=1;
SQNR=15780;DATE=24-08-14;TIME=04:23:00;STAT=201222;TMPA=18;TMPP=187;TMPB=22;TMPC=21;RHUA=84;DWPA=16;PTYP=1;PNAM=MS-80SH;PIRA=0;PIRP=0;PIRM=0;PIRL=-2;PIRH=1;
SQNR=15795;DATE=24-08-14;TIME=04:23:15;STAT=201222;TMPA=18;TMPP=186;TMPB=22;TMPC=21;RHUA=84;DWPA=16;PTYP=1;PNAM=MS-80SH;PIRA=0;PIRP=0;PIRM=0;PIRL=-2;PIRH=1;
SQNR=15810;DATE=24-08-14;TIME=04:23:30;STAT=201222;TMPA=18;TMPP=186;TMPB=22;TMPC=21;RHUA=84;DWPA=16;PTYP=1;PNAM=MS-80SH;PIRA=0;PIRP=0;PIRM=0;PIRL=-2;PIRH=1;
SQNR=15825;DATE=24-08-14;TIME=04:23:45;STAT=201222;TMPA=18;TMPP=186;TMPB=22;TMPC=21;RHUA=84;DWPA=16;PTYP=1;PNAM=MS-80SH;PIRA=0;PIRP=0;PIRM=0;PIRL=-2;PIRH=1;
SQNR=15840;DATE=24-08-14;TIME=04:24:00;STAT=201222;TMPA=18;TMPP=185;TMPB=22;TMPC=21;RHUA=85;DWPA=16;PTYP=1;PNAM=MS-80SH;PIRA=0;PIRP=0;PIRM=0;PIRL=-2;PIRH=1;
SQNR=15855;DATE=24-08-14;TIME=04:24:15;STAT=201222;TMPA=18;TMPP=185;TMPB=22;TMPC=21;RHUA=85;DWPA=16;PTYP=1;PNAM=MS-80SH;PIRA=0;PIRP=0;PIRM=0;PIRL=-2;PIRH=1;
SQNR=15870;DATE=24-08-14;TIME=04:24:30;STAT=201222;TMPA=18;TMPP=185;TMPB=22;TMPC=21;RHUA=85;DWPA=16;PTYP=1;PNAM=MS-80SH;PIRA=0;PIRP=0;PIRM=0;PIRL=-2;PIRH=1;
SQNR=15885;DATE=24-08-14;TIME=04:24:45;STAT=201222;TMPA=18;TMPP=185;TMPB=22;TMPC=21;RHUA=85;DWPA=16;PTYP=1;PNAM=MS-80SH;PIRA=0;PIRP=0;PIRM=0;PIRL=-2;PIRH=1;
SQNR=15900;DATE=24-08-14;TIME=04:25:00;STAT=201222;TMPA=18;TMPP=185;TMPB=22;TMPC=21;RHUA=85;DWPA=15;PTYP=1;PNAM=MS-80SH;PIRA=0;PIRP=0;PIRM=0;PIRL=-2;PIRH=1;
C-----;?
V-----;SWVNR=2102190;SQNDL=15901;DATE=24-08-14;TIME=04:25:06;THTYP=85;TTEMP=15;TDEWP=5;IUFAN=800;ILFAN=5;IUHEA=3000;PYDEF=21;PYAVT=30;PYAVW=1;PYOST=0;MSDLY=15;FNDLY=30;OSTRG=3;DBGFL=0;ASIRE=0;DBGRE=0;MPPFL=-1;
SQNR=15915;DATE=24-08-14;TIME=04:25:15;STAT=201222;TMPA=18;TMPP=185;TMPB=22;TMPC=21;RHUA=85;DWPA=16;PTYP=1;PNAM=MS-80SH;PIRA=0;PIRP=0;PIRM=0;PIRL=-2;PIRH=1;
SQNR=15930;DATE=24-08-14;TIME=04:25:30;STAT=201222;TMPA=18;TMPP=185;TMPB=22;TMPC=21;RHUA=85;DWPA=16;PTYP=1;PNAM=MS-80SH;PIRA=0;PIRP=0;PIRM=0;PIRL=-2;PIRH=1;
SQNR=15945;DATE=24-08-14;TIME=04:25:45;STAT=201222;TMPA=18;TMPP=185;TMPB=22;TMPC=21;RHUA=85;DWPA=16;PTYP=1;PNAM=MS-80SH;PIRA=0;PIRP=0;PIRM=0;PIRL=-2;PIRH=1;
SQNR=15960;DATE=24-08-14;TIME=04:26:00;STAT=201222;TMPA=18;TMPP=185;TMPB=22;TMPC=21;RHUA=85;DWPA=16;PTYP=1;PNAM=MS-80SH;PIRA=0;PIRP=0;PIRM=0;PIRL=-2;PIRH=1;
SQNR=15975;DATE=24-08-14;TIME=04:26:15;STAT=201222;TMPA=18;TMPP=184;TMPB=22;TMPC=21;RHUA=85;DWPA=16;PTYP=1;PNAM=MS-80SH;PIRA=0;PIRP=0;PIRM=0;PIRL=-2;PIRH=1;
SQNR=15990;DATE=24-08-14;TIME=04:26:30;STAT=201222;TMPA=18;TMPP=184;TMPB=22;TMPC=21;RHUA=85;DWPA=16;PTYP=1;PNAM=MS-80SH;PIRA=0;PIRP=0;PIRM=0;PIRL=-2;PIRH=1;
SQNR=16005;DATE=24-08-14;TIME=04:26:45;STAT=201222;TMPA=18;TMPP=184;TMPB=22;TMPC=21;RHUA=85;DWPA=16;PTYP=1;PNAM=MS-80SH;PIRA=0;PIRP=0;PIRM=0;PIRL=-2;PIRH=1;
SQNR=16020;DATE=24-08-14;TIME=04:27:00;STAT=201222;TMPA=18;TMPP=184;TMPB=22;TMPC=21;RHUA=85;DWPA=16;PTYP=1;PNAM=MS-80SH;PIRA=0;PIRP=0;PIRM=0;PIRL=-2;PIRH=1;
SQNR=16035;DATE=24-08-14;TIME=04:27:15;STAT=201222;TMPA=18;TMPP=184;TMPB=22;TMPC=21;RHUA=85;DWPA=16;PTYP=1;PNAM=MS-80SH;PIRA=0;PIRP=0;PIRM=0;PIRL=-2;PIRH=1;
SQNR=16050;DATE=24-08-14;TIME=04:27:30;STAT=201222;TMPA=18;TMPP=184;TMPB=22;TMPC=21;RHUA=85;DWPA=16;PTYP=1;PNAM=MS-80SH;PIRA=0;PIRP=0;PIRM=0;PIRL=-2;PIRH=1;
SQNR=16065;DATE=24-08-14;TIME=04:27:45;STAT=201222;TMPA=18;TMPP=184;TMPB=22;TMPC=21;RHUA=85;DWPA=16;PTYP=1;PNAM=MS-80SH;PIRA=0;PIRP=0;PIRM=0;PIRL=-2;PIRH=1;
SQNR=16080;DATE=24-08-14;TIME=04:28:00;STAT=201222;TMPA=18;TMPP=184;TMPB=22;TMPC=21;RHUA=85;DWPA=16;PTYP=1;PNAM=MS-80SH;PIRA=0;PIRP=0;PIRM=0;PIRL=-2;PIRH=1;
SQNR=16095;DATE=24-08-14;TIME=04:28:15;STAT=201222;TMPA=18;TMPP=184;TMPB=22;TMPC=21;RHUA=85;DWPA=16;PTYP=1;PNAM=MS-80SH;PIRA=0;PIRP=0;PIRM=0;PIRL=-2;PIRH=1;
SQNR=16110;DATE=24-08-14;TIME=04:28:30;STAT=201222;TMPA=18;TMPP=184;TMPB=22;TMPC=21;RHUA=85;DWPA=16;PTYP=1;PNAM=MS-80SH;PIRA=0;PIRP=0;PIRM=0;PIRL=-2;PIRH=1;
SQNR=16125;DATE=24-08-14;TIME=04:28:45;STAT=201222;TMPA=18;TMPP=184;TMPB=22;TMPC=21;RHUA=85;DWPA=16;PTYP=1;PNAM=MS-80SH;PIRA=0;PIRP=0;PIRM=0;PIRL=-2;PIRH=1;
SQNR=16140;DATE=24-08-14;TIME=04:29:00;STAT=201222;TMPA=18;TMPP=184;TMPB=22;TMPC=21;RHUA=85;DWPA=16;PTYP=1;PNAM=MS-80SH;PIRA=0;PIRP=0;PIRM=0;PIRL=-2;PIRH=1;
SQNR=16155;DATE=24-08-14;TIME=04:29:15;STAT=201222;TMPA=18;TMPP=184;TMPB=22;TMPC=21;RHUA=85;DWPA=16;PTYP=1;PNAM=MS-80SH;PIRA=0;PIRP=0;PIRM=0;PIRL=-2;PIRH=1;
SQNR=16170;DATE=24-08-14;TIME=04:29:30;STAT=201222;TMPA=18;TMPP=184;TMPB=22;TMPC=21;RHUA=85;DWPA=16;PTYP=1;PNAM=MS-80SH;PIRA=0;PIRP=0;PIRM=0;PIRL=-2;PIRH=1;
SQNR=16185;DATE=24-08-14;TIME=04:29:45;STAT=201222;TMPA=18;TMPP=184;TMPB=22;TMPC=21;RHUA=85;DWPA=16;PTYP=1;PNAM=MS-80SH;PIRA=-1;PIRP=0;PIRM=0;PIRL=-2;PIRH=1;
C-----;?
SQNR=16200;DATE=24-08-14;TIME=04:30:00;STAT=201222;TMPA=18;TMPP=184;TMPB=22;TMPC=21;RHUA=85;DWPA=16;PTYP=1;PNAM=MS-80SH;PIRA=-1;PIRP=-1;PIRM=0;PIRL=-2;PIRH=1;
V-----;SWVNR=2102190;SQNDL=16201;DATE=24-08-14;TIME=04:30:06;THTYP=85;TTEMP=15;TDEWP=5;IUFAN=800;ILFAN=5;IUHEA=3000;PYDEF=21;PYAVT=30;PYAVW=1;PYOST=0;MSDLY=15;FNDLY=30;OSTRG=3;DBGFL=0;ASIRE=0;DBGRE=0;MPPFL=-1;
SQNR=16215;DATE=24-08-14;TIME=04:30:15;STAT=201222;TMPA=18;TMPP=185;TMPB=22;TMPC=21;RHUA=85;DWPA=16;PTYP=1;PNAM=MS-80SH;PIRA=0;PIRP=-1;PIRM=0;PIRL=-2;PIRH=1;
SQNR=16230;DATE=24-08-14;TIME=04:30:30;STAT=201222;TMPA=18;TMPP=185;TMPB=22;TMPC=21;RHUA=85;DWPA=16;PTYP=1;PNAM=MS-80SH;PIRA=-1;PIRP=-1;PIRM=-1;PIRL=-2;PIRH=1;
SQNR=16245;DATE=24-08-14;TIME=04:30:45;STAT=201222;TMPA=18;TMPP=185;TMPB=22;TMPC=21;RHUA=85;DWPA=16;PTYP=1;PNAM=MS-80SH;PIRA=-1;PIRP=-1;PIRM=-1;PIRL=-2;PIRH=1;
SQNR=16260;DATE=24-08-14;TIME=04:31:00;STAT=201222;TMPA=18;TMPP=185;TMPB=22;TMPC=21;RHUA=85;DWPA=16;PTYP=1;PNAM=MS-80SH;PIRA=-1;PIRP=-1;PIRM=-1;PIRL=-2;PIRH=1;
SQNR=16275;DATE=24-08-14;TIME=04:31:15;STAT=201222;TMPA=18;TMPP=185;TMPB=22;TMPC=21;RHUA=85;DWPA=16;PTYP=1;PNAM=MS-80SH;PIRA=-1;PIRP=-1;PIRM=-1;PIRL=-2;PIRH=1;
SQNR=16290;DATE=24-08-14;TIME=04:31:30;STAT=201222;TMPA=18;TMPP=185;TMPB=22;TMPC=21;RHUA=85;DWPA=16;PTYP=1;PNAM=MS-80SH;PIRA=-1;PIRP=-1;PIRM=-1;PIRL=-2;PIRH=1;
SQNR=16305;DATE=24-08-14;TIME=04:31:45;STAT=201222;TMPA=18;TMPP=185;TMPB=22;TMPC=21;RHUA=85;DWPA=16;PTYP=1;PNAM=MS-80SH;PIRA=-1;PIRP=-1;PIRM=-1;PIRL=-2;PIRH=1;
SQNR=16320;DATE=24-08-14;TIME=04:32:00;STAT=201222;TMPA=18;TMPP=185;TMPB=22;TMPC=21;RHUA=85;DWPA=16;PTYP=1;PNAM=MS-80SH;PIRA=-1;PIRP=-1;PIRM=-1;PIRL=-2;PIRH=1;
SQNR=16335;DATE=24-08-14;TIME=04:32:15;STAT=201222;TMPA=18;TMPP=186;TMPB=22;TMPC=21;RHUA=85;DWPA=16;PTYP=1;PNAM=MS-80SH;PIRA=-1;PIRP=-1;PIRM=-1;PIRL=-2;PIRH=1;
SQNR=16350;DATE=24-08-14;TIME=04:32:30;STAT=201222;TMPA=18;TMPP=186;TMPB=22;TMPC=21;RHUA=85;DWPA=16;PTYP=1;PNAM=MS-80SH;PIRA=-1;PIRP=-1;PIRM=-1;PIRL=-2;PIRH=1;
SQNR=16365;DATE=24-08-14;TIME=04:32:45;STAT=201222;TMPA=18;TMPP=186;TMPB=22;TMPC=21;RHUA=85;DWPA=16;PTYP=1;PNAM=MS-80SH;PIRA=-1;PIRP=-1;PIRM=-1;PIRL=-2;PIRH=1;
SQNR=16380;DATE=24-08-14;TIME=04:33:00;STAT=201222;TMPA=18;TMPP=186;TMPB=22;TMPC=21;RHUA=85;DWPA=16;PTYP=1;PNAM=MS-80SH;PIRA=-1;PIRP=-1;PIRM=-1;PIRL=-2;PIRH=1;
SQNR=16395;DATE=24-08-14;TIME=04:33:15;STAT=201222;TMPA=18;TMPP=186;TMPB=22;TMPC=21;RHUA=85;DWPA=16;PTYP=1;PNAM=MS-80SH;PIRA=-1;PIRP=-1;PIRM=-1;PIRL=-2;PIRH=1;
SQNR=16410;DATE=24-08-14;TIME=04:33:30;STAT=201222;TMPA=18;TMPP=186;TMPB=22;TMPC=21;RHUA=84;DWPA=16;PTYP=1;PNAM=MS-80SH;PIRA=-1;PIRP=-1;PIRM=-1;PIRL=-2;PIRH=1;
SQNR=16425;DATE=24-08-14;TIME=04:33:45;STAT=201222;TMPA=18;TMPP=187;TMPB=22;TMPC=21;RHUA=84;DWPA=16;PTYP=1;PNAM=MS-80SH;PIRA=0;PIRP=-1;PIRM=-1;PIRL=-2;PIRH=1;
SQNR=16440;DATE=24-08-14;TIME=04:34:00;STAT=201222;TMPA=18;TMPP=187;TMPB=22;TMPC=21;RHUA=84;DWPA=16;PTYP=1;PNAM=MS-80SH;PIRA=0;PIRP=0;PIRM=-1;PIRL=-2;PIRH=1;
SQNR=16455;DATE=24-08-14;TIME=04:34:15;STAT=201222;TMPA=18;TMPP=187;TMPB=22;TMPC=21;RHUA=84;DWPA=16;PTYP=1;PNAM=MS-80SH;PIRA=0;PIRP=0;PIRM=0;PIRL=-2;PIRH=1;
SQNR=16470;DATE=24-08-14;TIME=04:34:30;STAT=201222;TMPA=18;TMPP=186;TMPB=22;TMPC=21;RHUA=84;DWPA=16;PTYP=1;PNAM=MS-80SH;PIRA=0;PIRP=0;PIRM=0;PIRL=-2;PIRH=1;
SQNR=16485;DATE=24-08-14;TIME=04:34:45;STAT=201222;TMPA=18;TMPP=186;TMPB=22;TMPC=21;RHUA=84;DWPA=16;PTYP=1;PNAM=MS-80SH;PIRA=0;PIRP=0;PIRM=0;PIRL=-2;PIRH=1;
SQNR=16500;DATE=24-08-14;TIME=04:35:00;STAT=201222;TMPA=18;TMPP=185;TMPB=22;TMPC=21;RHUA=84;DWPA=15;PTYP=1;PNAM=MS-80SH;PIRA=0;PIRP=0;PIRM=0;PIRL=-2;PIRH=1;
C-----;?
V-----;SWVNR=2102190;SQNDL=16502;DATE=24-08-14;TIME=04:35:07;THTYP=85;TTEMP=15;TDEWP=5;IUFAN=800;ILFAN=5;IUHEA=3000;PYDEF=21;PYAVT=30;PYAVW=1;PYOST=0;MSDLY=15;FNDLY=30;OSTRG=3;DBGFL=0;ASIRE=0;DBGRE=0;MPPFL=-1;
SQNR=16515;DATE=24-08-14;TIME=04:35:15;STAT=201222;TMPA=18;TMPP=185;TMPB=22;TMPC=21;RHUA=85;DWPA=15;PTYP=1;PNAM=MS-80SH;PIRA=0;PIRP=0;PIRM=0;PIRL=-2;PIRH=1;
SQNR=16530;DATE=24-08-14;TIME=04:35:30;STAT=201222;TMPA=18;TMPP=185;TMPB=22;TMPC=21;RHUA=85;DWPA=16;PTYP=1;PNAM=MS-80SH;PIRA=-1;PIRP=0;PIRM=0;PIRL=-2;PIRH=1;
SQNR=16545;DATE=24-08-14;TIME=04:35:45;STAT=201222;TMPA=18;TMPP=185;TMPB=22;TMPC=21;RHUA=85;DWPA=16;PTYP=1;PNAM=MS-80SH;PIRA=-1;PIRP=-1;PIRM=0;PIRL=-2;PIRH=1;
SQNR=16560;DATE=24-08-14;TIME=04:36:00;STAT=201222;TMPA=18;TMPP=185;TMPB=22;TMPC=21;RHUA=85;DWPA=16;PTYP=1;PNAM=MS-80SH;PIRA=-1;PIRP=-1;PIRM=-1;PIRL=-2;PIRH=1;
SQNR=16575;DATE=24-08-14;TIME=04:36:15;STAT=201222;TMPA=18;TMPP=185;TMPB=22;TMPC=21;RHUA=85;DWPA=16;PTYP=1;PNAM=MS-80SH;PIRA=-1;PIRP=-1;PIRM=-1;PIRL=-2;PIRH=1;
SQNR=16590;DATE=24-08-14;TIME=04:36:30;STAT=201222;TMPA=18;TMPP=185;TMPB=22;TMPC=21;RHUA=85;DWPA=16;PTYP=1;PNAM=MS-80SH;PIRA=-1;PIRP=-1;PIRM=-1;PIRL=-2;PIRH=1;
SQNR=16605;DATE=24-08-14;TIME=04:36:45;STAT=201222;TMPA=18;TMPP=185;TMPB=22;TMPC=21;RHUA=85;DWPA=16;PTYP=1;PNAM=MS-80SH;PIRA=-1;PIRP=-1;PIRM=-1;PIRL=-2;PIRH=1;
SQNR=16620;DATE=24-08-14;TIME=04:37:00;STAT=201222;TMPA=18;TMPP=185;TMPB=22;TMPC=21;RHUA=85;DWPA=16;PTYP=1;PNAM=MS-80SH;PIRA=-1;PIRP=-1;PIRM=-1;PIRL=-2;PIRH=1;
SQNR=16635;DATE=24-08-14;TIME=04:37:15;STAT=201222;TMPA=18;TMPP=185;TMPB=22;TMPC=21;RHUA=85;DWPA=16;PTYP=1;PNAM=MS-80SH;PIRA=-1;PIRP=-1;PIRM=-1;PIRL=-2;PIRH=1;
SQNR=16650;DATE=24-08-14;TIME=04:37:30;STAT=201222;TMPA=18;TMPP=186;TMPB=22;TMPC=21;RHUA=85;DWPA=16;PTYP=1;PNAM=MS-80SH;PIRA=-1;PIRP=-1;PIRM=-1;PIRL=-2;PIRH=1;
SQNR=16665;DATE=24-08-14;TIME=04:37:45;STAT=201222;TMPA=18;TMPP=186;TMPB=22;TMPC=21;RHUA=85;DWPA=16;PTYP=1;PNAM=MS-80SH;PIRA=-1;PIRP=-1;PIRM=-1;PIRL=-2;PIRH=1;
SQNR=16680;DATE=24-08-14;TIME=04:38:00;STAT=201222;TMPA=18;TMPP=186;TMPB=22;TMPC=21;RHUA=85;DWPA=16;PTYP=1;PNAM=MS-80SH;PIRA=-1;PIRP=-1;PIRM=-1;PIRL=-2;PIRH=1;
SQNR=16695;DATE=24-08-14;TIME=04:38:15;STAT=201222;TMPA=18;TMPP=186;TMPB=22;TMPC=21;RHUA=85;DWPA=16;PTYP=1;PNAM=MS-80SH;PIRA=-1;PIRP=-1;PIRM=-1;PIRL=-2;PIRH=1;
SQNR=16710;DATE=24-08-14;TIME=04:38:30;STAT=201222;TMPA=18;TMPP=186;TMPB=22;TMPC=21;RHUA=85;DWPA=16;PTYP=1;PNAM=MS-80SH;PIRA=-1;PIRP=-1;PIRM=-1;PIRL=-2;PIRH=1;
SQNR=16725;DATE=24-08-14;TIME=04:38:45;STAT=201222;TMPA=18;TMPP=186;TMPB=22;TMPC=21;RHUA=85;DWPA=16;PTYP=1;PNAM=MS-80SH;PIRA=-1;PIRP=-1;PIRM=-1;PIRL=-2;PIRH=1;
SQNR=16740;DATE=24-08-14;TIME=04:39:00;STAT=201222;TMPA=18;TMPP=186;TMPB=22;TMPC=21;RHUA=85;DWPA=16;PTYP=1;PNAM=MS-80SH;PIRA=-1;PIRP=-1;PIRM=-1;PIRL=-2;PIRH=1;
SQNR=16755;DATE=24-08-14;TIME=04:39:15;STAT=201222;TMPA=18;TMPP=186;TMPB=22;TMPC=21;RHUA=85;DWPA=16;PTYP=1;PNAM=MS-80SH;PIRA=-1;PIRP=-1;PIRM=-1;PIRL=-2;PIRH=1;
SQNR=16770;DATE=24-08-14;TIME=04:39:30;STAT=201222;TMPA=18;TMPP=186;TMPB=22;TMPC=21;RHUA=85;DWPA=16;PTYP=1;PNAM=MS-80SH;PIRA=-1;PIRP=-1;PIRM=-1;PIRL=-2;PIRH=1;
SQNR=16785;DATE=24-08-14;TIME=04:39:45;STAT=201222;TMPA=18;TMPP=186;TMPB=22;TMPC=21;RHUA=84;DWPA=16;PTYP=1;PNAM=MS-80SH;PIRA=-1;PIRP=-1;PIRM=-1;PIRL=-2;PIRH=1;
C-----;?
SQNR=16800;DATE=24-08-14;TIME=04:40:00;STAT=201222;TMPA=18;TMPP=186;TMPB=22;TMPC=21;RHUA=84;DWPA=16;PTYP=1;PNAM=MS-80SH;PIRA=-1;PIRP=-1;PIRM=-1;PIRL=-2;PIRH=1;
V-----;SWVNR=2102190;SQNDL=16801;DATE=24-08-14;TIME=04:40:06;THTYP=85;TTEMP=15;TDEWP=5;IUFAN=800;ILFAN=5;IUHEA=3000;PYDEF=21;PYAVT=30;PYAVW=1;PYOST=0;MSDLY=15;FNDLY=30;OSTRG=3;DBGFL=0;ASIRE=0;DBGRE=0;MPPFL=-1;
SQNR=16815;DATE=24-08-14;TIME=04:40:15;STAT=201222;TMPA=18;TMPP=186;TMPB=22;TMPC=21;RHUA=85;DWPA=16;PTYP=1;PNAM=MS-80SH;PIRA=-1;PIRP=-1;PIRM=-1;PIRL=-2;PIRH=1;
SQNR=16830;DATE=24-08-14;TIME=04:40:30;STAT=201222;TMPA=18;TMPP=186;TMPB=22;TMPC=21;RHUA=85;DWPA=16;PTYP=1;PNAM=MS-80SH;PIRA=-1;PIRP=-1;PIRM=-1;PIRL=-2;PIRH=1;
SQNR=16845;DATE=24-08-14;TIME=04:40:45;STAT=201222;TMPA=18;TMPP=186;TMPB=22;TMPC=21;RHUA=85;DWPA=16;PTYP=1;PNAM=MS-80SH;PIRA=-1;PIRP=-1;PIRM=-1;PIRL=-2;PIRH=1;
SQNR=16860;DATE=24-08-14;TIME=04:41:00;STAT=201222;TMPA=18;TMPP=186;TMPB=22;TMPC=21;RHUA=85;DWPA=16;PTYP=1;PNAM=MS-80SH;PIRA=-1;PIRP=-1;PIRM=-1;PIRL=-2;PIRH=1;
SQNR=16875;DATE=24-08-14;TIME=04:41:15;STAT=201222;TMPA=18;TMPP=187;TMPB=22;TMPC=21;RHUA=85;DWPA=16;PTYP=1;PNAM=MS-80SH;PIRA=-1;PIRP=-1;PIRM=-1;PIRL=-2;PIRH=1;
SQNR=16890;DATE=24-08-14;TIME=04:41:30;STAT=201222;TMPA=18;TMPP=187;TMPB=22;TMPC=21;RHUA=84;DWPA=16;PTYP=1;PNAM=MS-80SH;PIRA=-1;PIRP=-1;PIRM=-1;PIRL=-2;PIRH=1;
SQNR=16905;DATE=24-08-14;TIME=04:41:45;STAT=201222;TMPA=18;TMPP=187;TMPB=22;TMPC=21;RHUA=84;DWPA=16;PTYP=1;PNAM=MS-80SH;PIRA=-1;PIRP=-1;PIRM=-1;PIRL=-2;PIRH=1;
SQNR=16920;DATE=24-08-14;TIME=04:42:00;STAT=201222;TMPA=18;TMPP=187;TMPB=22;TMPC=21;RHUA=84;DWPA=16;PTYP=1;PNAM=MS-80SH;PIRA=-1;PIRP=-1;PIRM=-1;PIRL=-2;PIRH=1;
SQNR=16935;DATE=24-08-14;TIME=04:42:15;STAT=201222;TMPA=18;TMPP=187;TMPB=22;TMPC=21;RHUA=84;DWPA=16;PTYP=1;PNAM=MS-80SH;PIRA=-1;PIRP=-1;PIRM=-1;PIRL=-2;PIRH=1;
SQNR=16950;DATE=24-08-14;TIME=04:42:30;STAT=201222;TMPA=18;TMPP=188;TMPB=22;TMPC=21;RHUA=84;DWPA=16;PTYP=1;PNAM=MS-80SH;PIRA=-1;PIRP=-1;PIRM=-1;PIRL=-2;PIRH=1;
SQNR=16965;DATE=24-08-14;TIME=04:42:45;STAT=201222;TMPA=18;TMPP=188;TMPB=22;TMPC=21;RHUA=84;DWPA=16;PTYP=1;PNAM=MS-80SH;PIRA=-1;PIRP=-1;PIRM=-1;PIRL=-2;PIRH=1;
SQNR=16980;DATE=24-08-14;TIME=04:43:00;STAT=201222;TMPA=18;TMPP=188;TMPB=22;TMPC=21;RHUA=84;DWPA=16;PTYP=1;PNAM=MS-80SH;PIRA=-1;PIRP=-1;PIRM=-1;PIRL=-2;PIRH=1;
SQNR=16995;DATE=24-08-14;TIME=04:43:15;STAT=201222;TMPA=18;TMPP=188;TMPB=22;TMPC=21;RHUA=84;DWPA=16;PTYP=1;PNAM=MS-80SH;PIRA=-1;PIRP=-1;PIRM=-1;PIRL=-2;PIRH=1;
SQNR=17010;DATE=24-08-14;TIME=04:43:30;STAT=201222;TMPA=18;TMPP=189;TMPB=22;TMPC=21;RHUA=84;DWPA=16;PTYP=1;PNAM=MS-80SH;PIRA=-1;PIRP=-1;PIRM=-1;PIRL=-2;PIRH=1;
SQNR=17025;DATE=24-08-14;TIME=04:43:45;STAT=201222;TMPA=18;TMPP=189;TMPB=22;TMPC=21;RHUA=84;DWPA=16;PTYP=1;PNAM=MS-80SH;PIRA=-1;PIRP=-1;PIRM=-1;PIRL=-2;PIRH=1;
SQNR=17040;DATE=24-08-14;TIME=04:44:00;STAT=201222;TMPA=18;TMPP=189;TMPB=22;TMPC=21;RHUA=84;DWPA=16;PTYP=1;PNAM=MS-80SH;PIRA=-1;PIRP=-1;PIRM=-1;PIRL=-2;PIRH=1;
SQNR=17055;DATE=24-08-14;TIME=04:44:15;STAT=201222;TMPA=18;TMPP=189;TMPB=23;TMPC=21;RHUA=84;DWPA=16;PTYP=1;PNAM=MS-80SH;PIRA=-1;PIRP=-1;PIRM=-1;PIRL=-2;PIRH=1;
SQNR=17070;DATE=24-08-14;TIME=04:44:30;STAT=201222;TMPA=18;TMPP=189;TMPB=23;TMPC=22;RHUA=84;DWPA=16;PTYP=1;PNAM=MS-80SH;PIRA=-1;PIRP=-1;PIRM=-1;PIRL=-2;PIRH=1;
SQNR=17085;DATE=24-08-14;TIME=04:44:45;STAT=201222;TMPA=18;TMPP=189;TMPB=23;TMPC=22;RHUA=84;DWPA=16;PTYP=1;PNAM=MS-80SH;PIRA=-1;PIRP=-1;PIRM=-1;PIRL=-2;PIRH=1;
SQNR=17100;DATE=24-08-14;TIME=04:45:00;STAT=201222;TMPA=19;TMPP=190;TMPB=23;TMPC=22;RHUA=84;DWPA=16;PTYP=1;PNAM=MS-80SH;PIRA=-1;PIRP=-1;PIRM=-1;PIRL=-2;PIRH=1;
C-----;?
V-----;SWVNR=2102190;SQNDL=17101;DATE=24-08-14;TIME=04:45:06;THTYP=85;TTEMP=15;TDEWP=5;IUFAN=800;ILFAN=5;IUHEA=3000;PYDEF=21;PYAVT=30;PYAVW=1;PYOST=0;MSDLY=15;FNDLY=30;OSTRG=3;DBGFL=0;ASIRE=0;DBGRE=0;MPPFL=-1;
SQNR=17115;DATE=24-08-14;TIME=04:45:15;STAT=201222;TMPA=19;TMPP=190;TMPB=23;TMPC=22;RHUA=84;DWPA=16;PTYP=1;PNAM=MS-80SH;PIRA=-1;PIRP=-1;PIRM=-1;PIRL=-2;PIRH=1;
SQNR=17130;DATE=24-08-14;TIME=04:45:30;STAT=201222;TMPA=19;TMPP=190;TMPB=23;TMPC=22;RHUA=83;DWPA=16;PTYP=1;PNAM=MS-80SH;PIRA=-1;PIRP=-1;PIRM=-1;PIRL=-2;PIRH=1;
SQNR=17145;DATE=24-08-14;TIME=04:45:45;STAT=201222;TMPA=19;TMPP=190;TMPB=23;TMPC=22;RHUA=83;DWPA=16;PTYP=1;PNAM=MS-80SH;PIRA=-1;PIRP=-1;PIRM=-1;PIRL=-2;PIRH=1;
SQNR=17160;DATE=24-08-14;TIME=04:46:00;STAT=201222;TMPA=19;TMPP=191;TMPB=23;TMPC=22;RHUA=83;DWPA=16;PTYP=1;PNAM=MS-80SH;PIRA=-1;PIRP=-1;PIRM=-1;PIRL=-2;PIRH=1;
SQNR=17175;DATE=24-08-14;TIME=04:46:15;STAT=201222;TMPA=19;TMPP=191;TMPB=23;TMPC=22;RHUA=83;DWPA=16;PTYP=1;PNAM=MS-80SH;PIRA=-1;PIRP=-1;PIRM=-1;PIRL=-2;PIRH=1;
SQNR=17190;DATE=24-08-14;TIME=04:46:30;STAT=201222;TMPA=19;TMPP=191;TMPB=23;TMPC=22;RHUA=83;DWPA=16;PTYP=1;PNAM=MS-80SH;PIRA=-1;PIRP=-1;PIRM=-1;PIRL=-2;PIRH=1;
SQNR=17205;DATE=24-08-14;TIME=04:46:45;STAT=201222;TMPA=19;TMPP=192;TMPB=23;TMPC=22;RHUA=82;DWPA=16;PTYP=1;PNAM=MS-80SH;PIRA=-1;PIRP=-1;PIRM=-1;PIRL=-2;PIRH=1;
SQNR=17220;DATE=24-08-14;TIME=04:47:00;STAT=201222;TMPA=19;TMPP=192;TMPB=22;TMPC=22;RHUA=82;DWPA=16;PTYP=1;PNAM=MS-80SH;PIRA=-1;PIRP=-1;PIRM=-1;PIRL=-2;PIRH=1;
SQNR=17235;DATE=24-08-14;TIME=04:47:15;STAT=201222;TMPA=19;TMPP=192;TMPB=23;TMPC=22;RHUA=82;DWPA=16;PTYP=1;PNAM=MS-80SH;PIRA=-1;PIRP=-1;PIRM=-1;PIRL=-2;PIRH=1;
SQNR=17250;DATE=24-08-14;TIME=04:47:30;STAT=201222;TMPA=19;TMPP=192;TMPB=23;TMPC=22;RHUA=82;DWPA=16;PTYP=1;PNAM=MS-80SH;PIRA=-1;PIRP=-1;PIRM=-1;PIRL=-2;PIRH=1;
SQNR=17265;DATE=24-08-14;TIME=04:47:45;STAT=201222;TMPA=19;TMPP=192;TMPB=23;TMPC=22;RHUA=82;DWPA=16;PTYP=1;PNAM=MS-80SH;PIRA=-1;PIRP=-1;PIRM=-1;PIRL=-2;PIRH=1;
SQNR=17280;DATE=24-08-14;TIME=04:48:00;STAT=201222;TMPA=19;TMPP=192;TMPB=23;TMPC=22;RHUA=82;DWPA=16;PTYP=1;PNAM=MS-80SH;PIRA=-1;PIRP=-1;PIRM=-1;PIRL=-2;PIRH=1;
SQNR=17295;DATE=24-08-14;TIME=04:48:15;STAT=201222;TMPA=19;TMPP=193;TMPB=23;TMPC=22;RHUA=82;DWPA=16;PTYP=1;PNAM=MS-80SH;PIRA=-1;PIRP=-1;PIRM=-1;PIRL=-2;PIRH=1;
SQNR=17310;DATE=24-08-14;TIME=04:48:30;STAT=201222;TMPA=19;TMPP=193;TMPB=23;TMPC=22;RHUA=82;DWPA=16;PTYP=1;PNAM=MS-80SH;PIRA=-1;PIRP=-1;PIRM=-1;PIRL=-2;PIRH=1;
SQNR=17325;DATE=24-08-14;TIME=04:48:45;STAT=201222;TMPA=19;TMPP=193;TMPB=23;TMPC=22;RHUA=82;DWPA=16;PTYP=1;PNAM=MS-80SH;PIRA=-1;PIRP=-1;PIRM=-1;PIRL=-2;PIRH=1;
SQNR=17340;DATE=24-08-14;TIME=04:49:00;STAT=201222;TMPA=19;TMPP=193;TMPB=23;TMPC=22;RHUA=82;DWPA=16;PTYP=1;PNAM=MS-80SH;PIRA=-1;PIRP=-1;PIRM=-1;PIRL=-2;PIRH=1;
SQNR=17355;DATE=24-08-14;TIME=04:49:15;STAT=201222;TMPA=19;TMPP=193;TMPB=23;TMPC=22;RHUA=82;DWPA=16;PTYP=1;PNAM=MS-80SH;PIRA=-1;PIRP=-1;PIRM=-1;PIRL=-2;PIRH=1;
SQNR=17370;DATE=24-08-14;TIME=04:49:30;STAT=201222;TMPA=19;TMPP=193;TMPB=23;TMPC=22;RHUA=82;DWPA=16;PTYP=1;PNAM=MS-80SH;PIRA=-1;PIRP=-1;PIRM=-1;PIRL=-2;PIRH=1;
SQNR=17385;DATE=24-08-14;TIME=04:49:45;STAT=201222;TMPA=19;TMPP=193;TMPB=23;TMPC=22;RHUA=82;DWPA=16;PTYP=1;PNAM=MS-80SH;PIRA=-1;PIRP=-1;PIRM=-1;PIRL=-2;PIRH=1;
SQNR=17400;DATE=24-08-14;TIME=04:50:00;STAT=201222;TMPA=19;TMPP=193;TMPB=23;TMPC=22;RHUA=82;DWPA=16;PTYP=1;PNAM=MS-80SH;PIRA=-1;PIRP=-1;PIRM=-1;PIRL=-2;PIRH=1;
C-----;?
V-----;SWVNR=2102190;SQNDL=17401;DATE=24-08-14;TIME=04:50:06;THTYP=85;TTEMP=15;TDEWP=5;IUFAN=800;ILFAN=5;IUHEA=3000;PYDEF=21;PYAVT=30;PYAVW=1;PYOST=0;MSDLY=15;FNDLY=30;OSTRG=3;DBGFL=0;ASIRE=0;DBGRE=0;MPPFL=-1;
SQNR=17415;DATE=24-08-14;TIME=04:50:15;STAT=201222;TMPA=19;TMPP=193;TMPB=23;TMPC=22;RHUA=82;DWPA=16;PTYP=1;PNAM=MS-80SH;PIRA=-1;PIRP=-1;PIRM=-1;PIRL=-2;PIRH=1;
SQNR=17430;DATE=24-08-14;TIME=04:50:30;STAT=201222;TMPA=19;TMPP=193;TMPB=23;TMPC=22;RHUA=82;DWPA=16;PTYP=1;PNAM=MS-80SH;PIRA=-1;PIRP=-1;PIRM=-1;PIRL=-2;PIRH=1;
SQNR=17445;DATE=24-08-14;TIME=04:50:45;STAT=201222;TMPA=19;TMPP=194;TMPB=22;TMPC=22;RHUA=82;DWPA=16;PTYP=1;PNAM=MS-80SH;PIRA=-1;PIRP=-1;PIRM=-1;PIRL=-2;PIRH=1;
SQNR=17460;DATE=24-08-14;TIME=04:51:00;STAT=201222;TMPA=19;TMPP=194;TMPB=22;TMPC=22;RHUA=81;DWPA=16;PTYP=1;PNAM=MS-80SH;PIRA=-1;PIRP=-1;PIRM=-1;PIRL=-2;PIRH=1;
SQNR=17475;DATE=24-08-14;TIME=04:51:15;STAT=201222;TMPA=19;TMPP=194;TMPB=22;TMPC=22;RHUA=81;DWPA=16;PTYP=1;PNAM=MS-80SH;PIRA=-1;PIRP=-1;PIRM=-1;PIRL=-2;PIRH=1;
SQNR=17490;DATE=24-08-14;TIME=04:51:30;STAT=201222;TMPA=19;TMPP=194;TMPB=22;TMPC=22;RHUA=81;DWPA=16;PTYP=1;PNAM=MS-80SH;PIRA=-1;PIRP=-1;PIRM=-1;PIRL=-2;PIRH=1;
SQNR=17505;DATE=24-08-14;TIME=04:51:45;STAT=201222;TMPA=19;TMPP=195;TMPB=22;TMPC=22;RHUA=81;DWPA=16;PTYP=1;PNAM=MS-80SH;PIRA=0;PIRP=-1;PIRM=-1;PIRL=-2;PIRH=1;
SQNR=17520;DATE=24-08-14;TIME=04:52:00;STAT=201222;TMPA=19;TMPP=194;TMPB=22;TMPC=22;RHUA=81;DWPA=16;PTYP=1;PNAM=MS-80SH;PIRA=0;PIRP=0;PIRM=-1;PIRL=-2;PIRH=1;
SQNR=17535;DATE=24-08-14;TIME=04:52:15;STAT=201222;TMPA=19;TMPP=194;TMPB=22;TMPC=22;RHUA=81;DWPA=16;PTYP=1;PNAM=MS-80SH;PIRA=0;PIRP=0;PIRM=0;PIRL=-2;PIRH=1;
SQNR=17550;DATE=24-08-14;TIME=04:52:30;STAT=201222;TMPA=19;TMPP=194;TMPB=22;TMPC=22;RHUA=81;DWPA=16;PTYP=1;PNAM=MS-80SH;PIRA=0;PIRP=0;PIRM=0;PIRL=-2;PIRH=1;
SQNR=17565;DATE=24-08-14;TIME=04:52:45;STAT=201222;TMPA=19;TMPP=193;TMPB=22;TMPC=22;RHUA=82;DWPA=16;PTYP=1;PNAM=MS-80SH;PIRA=0;PIRP=0;PIRM=0;PIRL=-2;PIRH=1;
SQNR=17580;DATE=24-08-14;TIME=04:53:00;STAT=201222;TMPA=19;TMPP=193;TMPB=22;TMPC=22;RHUA=81;DWPA=16;PTYP=1;PNAM=MS-80SH;PIRA=0;PIRP=0;PIRM=0;PIRL=-2;PIRH=1;
SQNR=17595;DATE=24-08-14;TIME=04:53:15;STAT=201222;TMPA=19;TMPP=192;TMPB=22;TMPC=22;RHUA=81;DWPA=15;PTYP=1;PNAM=MS-80SH;PIRA=0;PIRP=0;PIRM=0;PIRL=-2;PIRH=1;
SQNR=17610;DATE=24-08-14;TIME=04:53:30;STAT=201222;TMPA=19;TMPP=192;TMPB=22;TMPC=22;RHUA=81;DWPA=16;PTYP=1;PNAM=MS-80SH;PIRA=1;PIRP=0;PIRM=0;PIRL=-2;PIRH=1;
SQNR=17625;DATE=24-08-14;TIME=04:53:45;STAT=201222;TMPA=19;TMPP=191;TMPB=21;TMPC=21;RHUA=82;DWPA=16;PTYP=1;PNAM=MS-80SH;PIRA=1;PIRP=1;PIRM=0;PIRL=-2;PIRH=1;
SQNR=17640;DATE=24-08-14;TIME=04:54:00;STAT=201222;TMPA=19;TMPP=191;TMPB=21;TMPC=21;RHUA=82;DWPA=16;PTYP=1;PNAM=MS-80SH;PIRA=0;PIRP=1;PIRM=0;PIRL=-2;PIRH=1;
SQNR=17655;DATE=24-08-14;TIME=04:54:15;STAT=201222;TMPA=19;TMPP=190;TMPB=21;TMPC=21;RHUA=82;DWPA=16;PTYP=1;PNAM=MS-80SH;PIRA=1;PIRP=1;PIRM=0;PIRL=-2;PIRH=1;
SQNR=17670;DATE=24-08-14;TIME=04:54:30;STAT=201222;TMPA=19;TMPP=190;TMPB=21;TMPC=21;RHUA=82;DWPA=16;PTYP=1;PNAM=MS-80SH;PIRA=1;PIRP=1;PIRM=1;PIRL=-2;PIRH=1;
SQNR=17685;DATE=24-08-14;TIME=04:54:45;STAT=201222;TMPA=19;TMPP=190;TMPB=21;TMPC=21;RHUA=82;DWPA=16;PTYP=1;PNAM=MS-80SH;PIRA=0;PIRP=1;PIRM=1;PIRL=-2;PIRH=1;
SQNR=17700;DATE=24-08-14;TIME=04:55:00;STAT=201222;TMPA=19;TMPP=190;TMPB=21;TMPC=21;RHUA=83;DWPA=16;PTYP=1;PNAM=MS-80SH;PIRA=1;PIRP=1;PIRM=1;PIRL=-2;PIRH=1;
C-----;?
V-----;SWVNR=2102190;SQNDL=17701;DATE=24-08-14;TIME=04:55:06;THTYP=85;TTEMP=15;TDEWP=5;IUFAN=800;ILFAN=5;IUHEA=3000;PYDEF=21;PYAVT=30;PYAVW=1;PYOST=0;MSDLY=15;FNDLY=30;OSTRG=3;DBGFL=0;ASIRE=0;DBGRE=0;MPPFL=-1;
SQNR=17715;DATE=24-08-14;TIME=04:55:15;STAT=201222;TMPA=18;TMPP=189;TMPB=21;TMPC=21;RHUA=82;DWPA=16;PTYP=1;PNAM=MS-80SH;PIRA=1;PIRP=1;PIRM=1;PIRL=-2;PIRH=1;
SQNR=17730;DATE=24-08-14;TIME=04:55:30;STAT=201222;TMPA=18;TMPP=189;TMPB=21;TMPC=21;RHUA=83;DWPA=16;PTYP=1;PNAM=MS-80SH;PIRA=1;PIRP=1;PIRM=1;PIRL=-2;PIRH=1;
SQNR=17745;DATE=24-08-14;TIME=04:55:45;STAT=201222;TMPA=18;TMPP=189;TMPB=21;TMPC=21;RHUA=82;DWPA=15;PTYP=1;PNAM=MS-80SH;PIRA=1;PIRP=1;PIRM=1;PIRL=-2;PIRH=1;
SQNR=17760;DATE=24-08-14;TIME=04:56:00;STAT=201222;TMPA=18;TMPP=188;TMPB=21;TMPC=21;RHUA=82;DWPA=15;PTYP=1;PNAM=MS-80SH;PIRA=1;PIRP=1;PIRM=1;PIRL=-2;PIRH=1;
SQNR=17775;DATE=24-08-14;TIME=04:56:15;STAT=201222;TMPA=18;TMPP=187;TMPB=21;TMPC=21;RHUA=83;DWPA=15;PTYP=1;PNAM=MS-80SH;PIRA=1;PIRP=1;PIRM=1;PIRL=-2;PIRH=1;
SQNR=17790;DATE=24-08-14;TIME=04:56:30;STAT=201222;TMPA=18;TMPP=186;TMPB=21;TMPC=21;RHUA=83;DWPA=15;PTYP=1;PNAM=MS-80SH;PIRA=0;PIRP=1;PIRM=1;PIRL=-2;PIRH=1;
SQNR=17805;DATE=24-08-14;TIME=04:56:45;STAT=201222;TMPA=18;TMPP=185;TMPB=21;TMPC=21;RHUA=83;DWPA=15;PTYP=1;PNAM=MS-80SH;PIRA=0;PIRP=0;PIRM=1;PIRL=-2;PIRH=1;
SQNR=17820;DATE=24-08-14;TIME=04:57:00;STAT=201222;TMPA=18;TMPP=184;TMPB=21;TMPC=21;RHUA=84;DWPA=15;PTYP=1;PNAM=MS-80SH;PIRA=1;PIRP=1;PIRM=1;PIRL=-2;PIRH=1;
SQNR=17835;DATE=24-08-14;TIME=04:57:15;STAT=201222;TMPA=18;TMPP=183;TMPB=21;TMPC=21;RHUA=84;DWPA=15;PTYP=1;PNAM=MS-80SH;PIRA=1;PIRP=1;PIRM=1;PIRL=-2;PIRH=1;
SQNR=17850;DATE=24-08-14;TIME=04:57:30;STAT=201222;TMPA=18;TMPP=182;TMPB=21;TMPC=21;RHUA=85;DWPA=15;PTYP=1;PNAM=MS-80SH;PIRA=0;PIRP=0;PIRM=0;PIRL=-2;PIRH=1;
SQNR=17865;DATE=24-08-14;TIME=04:57:45;STAT=201222;TMPA=18;TMPP=181;TMPB=21;TMPC=21;RHUA=85;DWPA=15;PTYP=1;PNAM=MS-80SH;PIRA=0;PIRP=0;PIRM=0;PIRL=-2;PIRH=1;
SQNR=17880;DATE=24-08-14;TIME=04:58:00;STAT=201222;TMPA=18;TMPP=180;TMPB=21;TMPC=21;RHUA=86;DWPA=15;PTYP=1;PNAM=MS-80SH;PIRA=0;PIRP=0;PIRM=0;PIRL=-2;PIRH=1;
SQNR=17895;DATE=24-08-14;TIME=04:58:15;STAT=201222;TMPA=17;TMPP=179;TMPB=21;TMPC=21;RHUA=86;DWPA=15;PTYP=1;PNAM=MS-80SH;PIRA=0;PIRP=0;PIRM=0;PIRL=-2;PIRH=1;
SQNR=17910;DATE=24-08-14;TIME=04:58:30;STAT=201222;TMPA=17;TMPP=179;TMPB=21;TMPC=21;RHUA=87;DWPA=15;PTYP=1;PNAM=MS-80SH;PIRA=0;PIRP=0;PIRM=0;PIRL=-2;PIRH=1;
SQNR=17925;DATE=24-08-14;TIME=04:58:45;STAT=201222;TMPA=17;TMPP=178;TMPB=21;TMPC=21;RHUA=87;DWPA=15;PTYP=1;PNAM=MS-80SH;PIRA=0;PIRP=0;PIRM=0;PIRL=-2;PIRH=1;
SQNR=17940;DATE=24-08-14;TIME=04:59:00;STAT=201222;TMPA=17;TMPP=178;TMPB=21;TMPC=21;RHUA=87;DWPA=15;PTYP=1;PNAM=MS-80SH;PIRA=0;PIRP=0;PIRM=0;PIRL=-2;PIRH=1;
SQNR=17955;DATE=24-08-14;TIME=04:59:15;STAT=201222;TMPA=17;TMPP=177;TMPB=21;TMPC=21;RHUA=87;DWPA=15;PTYP=1;PNAM=MS-80SH;PIRA=0;PIRP=0;PIRM=0;PIRL=-2;PIRH=1;
SQNR=17970;DATE=24-08-14;TIME=04:59:30;STAT=201222;TMPA=17;TMPP=177;TMPB=21;TMPC=21;RHUA=88;DWPA=15;PTYP=1;PNAM=MS-80SH;PIRA=0;PIRP=0;PIRM=0;PIRL=-2;PIRH=1;
SQNR=17985;DATE=24-08-14;TIME=04:59:45;STAT=201222;TMPA=17;TMPP=177;TMPB=21;TMPC=21;RHUA=88;DWPA=15;PTYP=1;PNAM=MS-80SH;PIRA=0;PIRP=0;PIRM=0;PIRL=-2;PIRH=1;
SQNR=18000;DATE=24-08-14;TIME=05:00:00;STAT=201222;TMPA=17;TMPP=176;TMPB=21;TMPC=21;RHUA=88;DWPA=15;PTYP=1;PNAM=MS-80SH;PIRA=0;PIRP=0;PIRM=0;PIRL=-2;PIRH=1;
C-----;?
V-----;SWVNR=2102190;SQNDL=18001;DATE=24-08-14;TIME=05:00:06;THTYP=85;TTEMP=15;TDEWP=5;IUFAN=800;ILFAN=5;IUHEA=3000;PYDEF=21;PYAVT=30;PYAVW=1;PYOST=0;MSDLY=15;FNDLY=30;OSTRG=3;DBGFL=0;ASIRE=0;DBGRE=0;MPPFL=-1;
SQNR=18015;DATE=24-08-14;TIME=05:00:15;STAT=201222;TMPA=17;TMPP=176;TMPB=21;TMPC=21;RHUA=88;DWPA=15;PTYP=1;PNAM=MS-80SH;PIRA=0;PIRP=0;PIRM=0;PIRL=-2;PIRH=1;
SQNR=18030;DATE=24-08-14;TIME=05:00:30;STAT=201222;TMPA=17;TMPP=176;TMPB=21;TMPC=20;RHUA=88;DWPA=15;PTYP=1;PNAM=MS-80SH;PIRA=0;PIRP=0;PIRM=0;PIRL=-2;PIRH=1;
C-----;P1001
P-----;DATE=24-08-14;TIME=05:00:31;PSNR=23059772;PTMP=219;PRHU=5;PSTX=-24;PSTY=15;
SQNR=18045;DATE=24-08-14;TIME=05:00:45;STAT=201222;TMPA=17;TMPP=175;TMPB=21;TMPC=21;RHUA=88;DWPA=15;PTYP=1;PNAM=MS-80SH;PIRA=0;PIRP=0;PIRM=0;PIRL=-2;PIRH=1;
SQNR=18060;DATE=24-08-14;TIME=05:01:00;STAT=201222;TMPA=17;TMPP=175;TMPB=21;TMPC=20;RHUA=88;DWPA=15;PTYP=1;PNAM=MS-80SH;PIRA=0;PIRP=0;PIRM=0;PIRL=-2;PIRH=1;
SQNR=18075;DATE=24-08-14;TIME=05:01:15;STAT=201222;TMPA=17;TMPP=175;TMPB=21;TMPC=20;RHUA=88;DWPA=15;PTYP=1;PNAM=MS-80SH;PIRA=0;PIRP=0;PIRM=0;PIRL=-2;PIRH=1;
SQNR=18090;DATE=24-08-14;TIME=05:01:30;STAT=201222;TMPA=17;TMPP=175;TMPB=21;TMPC=20;RHUA=89;DWPA=15;PTYP=1;PNAM=MS-80SH;PIRA=0;PIRP=0;PIRM=0;PIRL=-2;PIRH=1;
SQNR=18105;DATE=24-08-14;TIME=05:01:45;STAT=201222;TMPA=17;TMPP=175;TMPB=21;TMPC=20;RHUA=89;DWPA=15;PTYP=1;PNAM=MS-80SH;PIRA=0;PIRP=0;PIRM=0;PIRL=-2;PIRH=1;
SQNR=18120;DATE=24-08-14;TIME=05:02:00;STAT=201222;TMPA=17;TMPP=175;TMPB=21;TMPC=20;RHUA=89;DWPA=15;PTYP=1;PNAM=MS-80SH;PIRA=0;PIRP=0;PIRM=0;PIRL=-2;PIRH=1;
SQNR=18135;DATE=24-08-14;TIME=05:02:15;STAT=201222;TMPA=17;TMPP=175;TMPB=21;TMPC=20;RHUA=89;DWPA=15;PTYP=1;PNAM=MS-80SH;PIRA=0;PIRP=0;PIRM=0;PIRL=-2;PIRH=1;
SQNR=18150;DATE=24-08-14;TIME=05:02:30;STAT=201222;TMPA=17;TMPP=175;TMPB=21;TMPC=20;RHUA=89;DWPA=15;PTYP=1;PNAM=MS-80SH;PIRA=0;PIRP=0;PIRM=0;PIRL=-2;PIRH=1;
SQNR=18165;DATE=24-08-14;TIME=05:02:45;STAT=201222;TMPA=17;TMPP=175;TMPB=21;TMPC=20;RHUA=89;DWPA=15;PTYP=1;PNAM=MS-80SH;PIRA=0;PIRP=0;PIRM=0;PIRL=-2;PIRH=1;
SQNR=18180;DATE=24-08-14;TIME=05:03:00;STAT=201222;TMPA=17;TMPP=175;TMPB=21;TMPC=20;RHUA=89;DWPA=15;PTYP=1;PNAM=MS-80SH;PIRA=0;PIRP=0;PIRM=0;PIRL=-2;PIRH=1;
SQNR=18195;DATE=24-08-14;TIME=05:03:15;STAT=201222;TMPA=17;TMPP=176;TMPB=21;TMPC=20;RHUA=89;DWPA=15;PTYP=1;PNAM=MS-80SH;PIRA=-1;PIRP=0;PIRM=0;PIRL=-2;PIRH=1;
SQNR=18210;DATE=24-08-14;TIME=05:03:30;STAT=201222;TMPA=17;TMPP=176;TMPB=22;TMPC=20;RHUA=89;DWPA=15;PTYP=1;PNAM=MS-80SH;PIRA=-1;PIRP=-1;PIRM=0;PIRL=-2;PIRH=1;
SQNR=18225;DATE=24-08-14;TIME=05:03:45;STAT=201222;TMPA=17;TMPP=177;TMPB=22;TMPC=20;RHUA=88;DWPA=15;PTYP=1;PNAM=MS-80SH;PIRA=-1;PIRP=-1;PIRM=-1;PIRL=-2;PIRH=1;
SQNR=18240;DATE=24-08-14;TIME=05:04:00;STAT=201222;TMPA=17;TMPP=177;TMPB=22;TMPC=20;RHUA=88;DWPA=15;PTYP=1;PNAM=MS-80SH;PIRA=-1;PIRP=-1;PIRM=-1;PIRL=-2;PIRH=1;
SQNR=18255;DATE=24-08-14;TIME=05:04:15;STAT=201222;TMPA=17;TMPP=178;TMPB=22;TMPC=20;RHUA=88;DWPA=15;PTYP=1;PNAM=MS-80SH;PIRA=-1;PIRP=-1;PIRM=-1;PIRL=-2;PIRH=1;
SQNR=18270;DATE=24-08-14;TIME=05:04:30;STAT=201222;TMPA=17;TMPP=178;TMPB=22;TMPC=21;RHUA=88;DWPA=15;PTYP=1;PNAM=MS-80SH;PIRA=-1;PIRP=-1;PIRM=-1;PIRL=-2;PIRH=1;
SQNR=18285;DATE=24-08-14;TIME=05:04:45;STAT=201222;TMPA=17;TMPP=179;TMPB=22;TMPC=21;RHUA=87;DWPA=15;PTYP=1;PNAM=MS-80SH;PIRA=-1;PIRP=-1;PIRM=-1;PIRL=-2;PIRH=1;
SQNR=18300;DATE=24-08-14;TIME=05:05:00;STAT=201222;TMPA=17;TMPP=179;TMPB=22;TMPC=21;RHUA=87;DWPA=15;PTYP=1;PNAM=MS-80SH;PIRA=-1;PIRP=-1;PIRM=-1;PIRL=-2;PIRH=1;
C-----;?
V-----;SWVNR=2102190;SQNDL=18301;DATE=24-08-14;TIME=05:05:06;THTYP=85;TTEMP=15;TDEWP=5;IUFAN=800;ILFAN=5;IUHEA=3000;PYDEF=21;PYAVT=30;PYAVW=1;PYOST=0;MSDLY=15;FNDLY=30;OSTRG=3;DBGFL=0;ASIRE=0;DBGRE=0;MPPFL=-1;
SQNR=18315;DATE=24-08-14;TIME=05:05:15;STAT=201222;TMPA=18;TMPP=180;TMPB=22;TMPC=21;RHUA=87;DWPA=15;PTYP=1;PNAM=MS-80SH;PIRA=-1;PIRP=-1;PIRM=-1;PIRL=-2;PIRH=1;
SQNR=18330;DATE=24-08-14;TIME=05:05:30;STAT=201222;TMPA=18;TMPP=180;TMPB=22;TMPC=21;RHUA=87;DWPA=15;PTYP=1;PNAM=MS-80SH;PIRA=-1;PIRP=-1;PIRM=-1;PIRL=-2;PIRH=1;
SQNR=18345;DATE=24-08-14;TIME=05:05:45;STAT=201222;TMPA=18;TMPP=180;TMPB=22;TMPC=21;RHUA=87;DWPA=15;PTYP=1;PNAM=MS-80SH;PIRA=-1;PIRP=-1;PIRM=-1;PIRL=-2;PIRH=1;
SQNR=18360;DATE=24-08-14;TIME=05:06:00;STAT=201222;TMPA=18;TMPP=181;TMPB=22;TMPC=21;RHUA=86;DWPA=15;PTYP=1;PNAM=MS-80SH;PIRA=-1;PIRP=-1;PIRM=-1;PIRL=-2;PIRH=1;
SQNR=18375;DATE=24-08-14;TIME=05:06:15;STAT=201222;TMPA=18;TMPP=181;TMPB=22;TMPC=21;RHUA=86;DWPA=15;PTYP=1;PNAM=MS-80SH;PIRA=-1;PIRP=-1;PIRM=-1;PIRL=-2;PIRH=1;
SQNR=18390;DATE=24-08-14;TIME=05:06:30;STAT=201222;TMPA=18;TMPP=181;TMPB=22;TMPC=21;RHUA=86;DWPA=15;PTYP=1;PNAM=MS-80SH;PIRA=-1;PIRP=-1;PIRM=-1;PIRL=-2;PIRH=1;
SQNR=18405;DATE=24-08-14;TIME=05:06:45;STAT=201222;TMPA=18;TMPP=182;TMPB=22;TMPC=21;RHUA=86;DWPA=15;PTYP=1;PNAM=MS-80SH;PIRA=-1;PIRP=-1;PIRM=-1;PIRL=-2;PIRH=1;
SQNR=18420;DATE=24-08-14;TIME=05:07:00;STAT=201222;TMPA=18;TMPP=182;TMPB=22;TMPC=21;RHUA=86;DWPA=15;PTYP=1;PNAM=MS-80SH;PIRA=-1;PIRP=-1;PIRM=-1;PIRL=-2;PIRH=1;
SQNR=18435;DATE=24-08-14;TIME=05:07:15;STAT=201222;TMPA=18;TMPP=182;TMPB=22;TMPC=21;RHUA=86;DWPA=15;PTYP=1;PNAM=MS-80SH;PIRA=-1;PIRP=-1;PIRM=-1;PIRL=-2;PIRH=1;
SQNR=18450;DATE=24-08-14;TIME=05:07:30;STAT=201222;TMPA=18;TMPP=183;TMPB=22;TMPC=21;RHUA=85;DWPA=15;PTYP=1;PNAM=MS-80SH;PIRA=0;PIRP=-1;PIRM=-1;PIRL=-2;PIRH=1;
SQNR=18465;DATE=24-08-14;TIME=05:07:45;STAT=201222;TMPA=18;TMPP=183;TMPB=22;TMPC=21;RHUA=85;DWPA=15;PTYP=1;PNAM=MS-80SH;PIRA=0;PIRP=-1;PIRM=-1;PIRL=-2;PIRH=1;
SQNR=18480;DATE=24-08-14;TIME=05:08:00;STAT=201222;TMPA=18;TMPP=183;TMPB=22;TMPC=21;RHUA=85;DWPA=15;PTYP=1;PNAM=MS-80SH;PIRA=0;PIRP=0;PIRM=0;PIRL=-2;PIRH=1;
SQNR=18495;DATE=24-08-14;TIME=05:08:15;STAT=201222;TMPA=18;TMPP=183;TMPB=22;TMPC=21;RHUA=85;DWPA=15;PTYP=1;PNAM=MS-80SH;PIRA=0;PIRP=0;PIRM=0;PIRL=-2;PIRH=1;
SQNR=18510;DATE=24-08-14;TIME=05:08:30;STAT=201222;TMPA=18;TMPP=183;TMPB=22;TMPC=21;RHUA=85;DWPA=15;PTYP=1;PNAM=MS-80SH;PIRA=0;PIRP=0;PIRM=0;PIRL=-2;PIRH=1;
SQNR=18525;DATE=24-08-14;TIME=05:08:45;STAT=201222;TMPA=18;TMPP=183;TMPB=22;TMPC=21;RHUA=85;DWPA=15;PTYP=1;PNAM=MS-80SH;PIRA=0;PIRP=0;PIRM=0;PIRL=-2;PIRH=1;
SQNR=18540;DATE=24-08-14;TIME=05:09:00;STAT=201222;TMPA=18;TMPP=183;TMPB=22;TMPC=21;RHUA=85;DWPA=15;PTYP=1;PNAM=MS-80SH;PIRA=-1;PIRP=0;PIRM=0;PIRL=-2;PIRH=1;
SQNR=18555;DATE=24-08-14;TIME=05:09:15;STAT=201222;TMPA=18;TMPP=183;TMPB=22;TMPC=21;RHUA=85;DWPA=15;PTYP=1;PNAM=MS-80SH;PIRA=-1;PIRP=-1;PIRM=-1;PIRL=-2;PIRH=1;
SQNR=18570;DATE=24-08-14;TIME=05:09:30;STAT=201222;TMPA=18;TMPP=183;TMPB=22;TMPC=21;RHUA=85;DWPA=15;PTYP=1;PNAM=MS-80SH;PIRA=-1;PIRP=-1;PIRM=-1;PIRL=-2;PIRH=1;
SQNR=18585;DATE=24-08-14;TIME=05:09:45;STAT=201222;TMPA=18;TMPP=183;TMPB=22;TMPC=21;RHUA=85;DWPA=15;PTYP=1;PNAM=MS-80SH;PIRA=-1;PIRP=-1;PIRM=-1;PIRL=-2;PIRH=1;
SQNR=18600;DATE=24-08-14;TIME=05:10:00;STAT=201222;TMPA=18;TMPP=183;TMPB=22;TMPC=21;RHUA=85;DWPA=15;PTYP=1;PNAM=MS-80SH;PIRA=-1;PIRP=-1;PIRM=-1;PIRL=-2;PIRH=1;
C-----;?
V-----;SWVNR=2102190;SQNDL=18601;DATE=24-08-14;TIME=05:10:06;THTYP=85;TTEMP=15;TDEWP=5;IUFAN=800;ILFAN=5;IUHEA=3000;PYDEF=21;PYAVT=30;PYAVW=1;PYOST=0;MSDLY=15;FNDLY=30;OSTRG=3;DBGFL=0;ASIRE=0;DBGRE=0;MPPFL=-1;
SQNR=18615;DATE=24-08-14;TIME=05:10:15;STAT=201222;TMPA=18;TMPP=184;TMPB=22;TMPC=21;RHUA=85;DWPA=15;PTYP=1;PNAM=MS-80SH;PIRA=-1;PIRP=-1;PIRM=-1;PIRL=-2;PIRH=1;
SQNR=18630;DATE=24-08-14;TIME=05:10:30;STAT=201222;TMPA=18;TMPP=184;TMPB=22;TMPC=21;RHUA=85;DWPA=15;PTYP=1;PNAM=MS-80SH;PIRA=-1;PIRP=-1;PIRM=-1;PIRL=-2;PIRH=1;
SQNR=18645;DATE=24-08-14;TIME=05:10:45;STAT=201222;TMPA=18;TMPP=184;TMPB=22;TMPC=21;RHUA=85;DWPA=15;PTYP=1;PNAM=MS-80SH;PIRA=-1;PIRP=-1;PIRM=-1;PIRL=-2;PIRH=1;
SQNR=18660;DATE=24-08-14;TIME=05:11:00;STAT=201222;TMPA=18;TMPP=185;TMPB=22;TMPC=21;RHUA=85;DWPA=15;PTYP=1;PNAM=MS-80SH;PIRA=-1;PIRP=-1;PIRM=-1;PIRL=-2;PIRH=1;
SQNR=18675;DATE=24-08-14;TIME=05:11:15;STAT=201222;TMPA=18;TMPP=185;TMPB=22;TMPC=21;RHUA=84;DWPA=15;PTYP=1;PNAM=MS-80SH;PIRA=-1;PIRP=-1;PIRM=-1;PIRL=-2;PIRH=1;
SQNR=18690;DATE=24-08-14;TIME=05:11:30;STAT=201222;TMPA=18;TMPP=185;TMPB=22;TMPC=21;RHUA=84;DWPA=15;PTYP=1;PNAM=MS-80SH;PIRA=-1;PIRP=-1;PIRM=-1;PIRL=-2;PIRH=1;
SQNR=18705;DATE=24-08-14;TIME=05:11:45;STAT=201222;TMPA=18;TMPP=186;TMPB=22;TMPC=21;RHUA=84;DWPA=16;PTYP=1;PNAM=MS-80SH;PIRA=-1;PIRP=-1;PIRM=-1;PIRL=-2;PIRH=1;
SQNR=18720;DATE=24-08-14;TIME=05:12:00;STAT=201222;TMPA=18;TMPP=186;TMPB=22;TMPC=21;RHUA=84;DWPA=16;PTYP=1;PNAM=MS-80SH;PIRA=-1;PIRP=-1;PIRM=-1;PIRL=-2;PIRH=1;
SQNR=18735;DATE=24-08-14;TIME=05:12:15;STAT=201222;TMPA=18;TMPP=186;TMPB=22;TMPC=21;RHUA=84;DWPA=16;PTYP=1;PNAM=MS-80SH;PIRA=-1;PIRP=-1;PIRM=-1;PIRL=-2;PIRH=1;
SQNR=18750;DATE=24-08-14;TIME=05:12:30;STAT=201222;TMPA=18;TMPP=186;TMPB=22;TMPC=21;RHUA=84;DWPA=16;PTYP=1;PNAM=MS-80SH;PIRA=-1;PIRP=-1;PIRM=-1;PIRL=-2;PIRH=1;
SQNR=18765;DATE=24-08-14;TIME=05:12:45;STAT=201222;TMPA=18;TMPP=186;TMPB=22;TMPC=21;RHUA=84;DWPA=16;PTYP=1;PNAM=MS-80SH;PIRA=-1;PIRP=-1;PIRM=-1;PIRL=-2;PIRH=1;
SQNR=18780;DATE=24-08-14;TIME=05:13:00;STAT=201222;TMPA=18;TMPP=186;TMPB=22;TMPC=21;RHUA=84;DWPA=16;PTYP=1;PNAM=MS-80SH;PIRA=-1;PIRP=-1;PIRM=-1;PIRL=-2;PIRH=1;
SQNR=18795;DATE=24-08-14;TIME=05:13:15;STAT=201222;TMPA=18;TMPP=187;TMPB=22;TMPC=21;RHUA=84;DWPA=16;PTYP=1;PNAM=MS-80SH;PIRA=-1;PIRP=-1;PIRM=-1;PIRL=-2;PIRH=1;
SQNR=18810;DATE=24-08-14;TIME=05:13:30;STAT=201222;TMPA=18;TMPP=187;TMPB=22;TMPC=21;RHUA=84;DWPA=16;PTYP=1;PNAM=MS-80SH;PIRA=-1;PIRP=-1;PIRM=-1;PIRL=-2;PIRH=1;
SQNR=18825;DATE=24-08-14;TIME=05:13:45;STAT=201222;TMPA=18;TMPP=187;TMPB=22;TMPC=21;RHUA=84;DWPA=16;PTYP=1;PNAM=MS-80SH;PIRA=-1;PIRP=-1;PIRM=-1;PIRL=-2;PIRH=1;
SQNR=18840;DATE=24-08-14;TIME=05:14:00;STAT=201222;TMPA=18;TMPP=188;TMPB=22;TMPC=21;RHUA=84;DWPA=16;PTYP=1;PNAM=MS-80SH;PIRA=-1;PIRP=-1;PIRM=-1;PIRL=-2;PIRH=1;
SQNR=18855;DATE=24-08-14;TIME=05:14:15;STAT=201222;TMPA=18;TMPP=187;TMPB=22;TMPC=21;RHUA=83;DWPA=16;PTYP=1;PNAM=MS-80SH;PIRA=-1;PIRP=-1;PIRM=-1;PIRL=-2;PIRH=1;
SQNR=18870;DATE=24-08-14;TIME=05:14:30;STAT=201222;TMPA=18;TMPP=187;TMPB=22;TMPC=21;RHUA=84;DWPA=16;PTYP=1;PNAM=MS-80SH;PIRA=-1;PIRP=-1;PIRM=-1;PIRL=-2;PIRH=1;
SQNR=18885;DATE=24-08-14;TIME=05:14:45;STAT=201222;TMPA=18;TMPP=187;TMPB=22;TMPC=21;RHUA=84;DWPA=16;PTYP=1;PNAM=MS-80SH;PIRA=0;PIRP=-1;PIRM=-1;PIRL=-2;PIRH=1;
C-----;?
SQNR=18900;DATE=24-08-14;TIME=05:15:00;STAT=201222;TMPA=18;TMPP=187;TMPB=22;TMPC=21;RHUA=83;DWPA=16;PTYP=1;PNAM=MS-80SH;PIRA=-1;PIRP=-1;PIRM=-1;PIRL=-2;PIRH=1;
V-----;SWVNR=2102190;SQNDL=18901;DATE=24-08-14;TIME=05:15:06;THTYP=85;TTEMP=15;TDEWP=5;IUFAN=800;ILFAN=5;IUHEA=3000;PYDEF=21;PYAVT=30;PYAVW=1;PYOST=0;MSDLY=15;FNDLY=30;OSTRG=3;DBGFL=0;ASIRE=0;DBGRE=0;MPPFL=-1;
SQNR=18915;DATE=24-08-14;TIME=05:15:15;STAT=201222;TMPA=18;TMPP=187;TMPB=22;TMPC=21;RHUA=84;DWPA=16;PTYP=1;PNAM=MS-80SH;PIRA=-1;PIRP=0;PIRM=-1;PIRL=-2;PIRH=1;
SQNR=18930;DATE=24-08-14;TIME=05:15:30;STAT=201222;TMPA=18;TMPP=187;TMPB=22;TMPC=21;RHUA=84;DWPA=16;PTYP=1;PNAM=MS-80SH;PIRA=-1;PIRP=-1;PIRM=-1;PIRL=-2;PIRH=1;
SQNR=18945;DATE=24-08-14;TIME=05:15:45;STAT=201222;TMPA=18;TMPP=187;TMPB=22;TMPC=21;RHUA=84;DWPA=16;PTYP=1;PNAM=MS-80SH;PIRA=-1;PIRP=-1;PIRM=-1;PIRL=-2;PIRH=1;
SQNR=18960;DATE=24-08-14;TIME=05:16:00;STAT=201222;TMPA=18;TMPP=187;TMPB=22;TMPC=21;RHUA=84;DWPA=16;PTYP=1;PNAM=MS-80SH;PIRA=-1;PIRP=-1;PIRM=-1;PIRL=-2;PIRH=1;
SQNR=18975;DATE=24-08-14;TIME=05:16:15;STAT=201222;TMPA=18;TMPP=187;TMPB=22;TMPC=21;RHUA=84;DWPA=15;PTYP=1;PNAM=MS-80SH;PIRA=-1;PIRP=-1;PIRM=-1;PIRL=-2;PIRH=1;
SQNR=18990;DATE=24-08-14;TIME=05:16:30;STAT=201222;TMPA=18;TMPP=187;TMPB=22;TMPC=21;RHUA=84;DWPA=15;PTYP=1;PNAM=MS-80SH;PIRA=-1;PIRP=-1;PIRM=-1;PIRL=-2;PIRH=1;
SQNR=19005;DATE=24-08-14;TIME=05:16:45;STAT=201222;TMPA=18;TMPP=186;TMPB=22;TMPC=21;RHUA=84;DWPA=15;PTYP=1;PNAM=MS-80SH;PIRA=-1;PIRP=-1;PIRM=-1;PIRL=-2;PIRH=1;
SQNR=19020;DATE=24-08-14;TIME=05:17:00;STAT=201222;TMPA=18;TMPP=186;TMPB=22;TMPC=21;RHUA=84;DWPA=15;PTYP=1;PNAM=MS-80SH;PIRA=-1;PIRP=-1;PIRM=-1;PIRL=-2;PIRH=1;
SQNR=19035;DATE=24-08-14;TIME=05:17:15;STAT=201222;TMPA=18;TMPP=186;TMPB=22;TMPC=21;RHUA=84;DWPA=15;PTYP=1;PNAM=MS-80SH;PIRA=0;PIRP=0;PIRM=-1;PIRL=-2;PIRH=1;
SQNR=19050;DATE=24-08-14;TIME=05:17:30;STAT=201222;TMPA=18;TMPP=186;TMPB=22;TMPC=21;RHUA=84;DWPA=15;PTYP=1;PNAM=MS-80SH;PIRA=0;PIRP=0;PIRM=0;PIRL=-2;PIRH=1;
SQNR=19065;DATE=24-08-14;TIME=05:17:45;STAT=201222;TMPA=18;TMPP=186;TMPB=22;TMPC=21;RHUA=84;DWPA=15;PTYP=1;PNAM=MS-80SH;PIRA=0;PIRP=0;PIRM=0;PIRL=-2;PIRH=1;
SQNR=19080;DATE=24-08-14;TIME=05:18:00;STAT=201222;TMPA=18;TMPP=186;TMPB=22;TMPC=21;RHUA=84;DWPA=15;PTYP=1;PNAM=MS-80SH;PIRA=0;PIRP=0;PIRM=0;PIRL=-2;PIRH=1;
SQNR=19095;DATE=24-08-14;TIME=05:18:15;STAT=201222;TMPA=18;TMPP=186;TMPB=22;TMPC=21;RHUA=84;DWPA=15;PTYP=1;PNAM=MS-80SH;PIRA=0;PIRP=0;PIRM=0;PIRL=-2;PIRH=1;
SQNR=19110;DATE=24-08-14;TIME=05:18:30;STAT=201222;TMPA=18;TMPP=185;TMPB=22;TMPC=21;RHUA=84;DWPA=15;PTYP=1;PNAM=MS-80SH;PIRA=0;PIRP=0;PIRM=0;PIRL=-2;PIRH=1;
SQNR=19125;DATE=24-08-14;TIME=05:18:45;STAT=201222;TMPA=18;TMPP=186;TMPB=22;TMPC=21;RHUA=84;DWPA=15;PTYP=1;PNAM=MS-80SH;PIRA=0;PIRP=0;PIRM=0;PIRL=-2;PIRH=1;
SQNR=19140;DATE=24-08-14;TIME=05:19:00;STAT=201222;TMPA=18;TMPP=185;TMPB=22;TMPC=21;RHUA=84;DWPA=15;PTYP=1;PNAM=MS-80SH;PIRA=0;PIRP=0;PIRM=0;PIRL=-2;PIRH=1;
SQNR=19155;DATE=24-08-14;TIME=05:19:15;STAT=201222;TMPA=18;TMPP=185;TMPB=22;TMPC=21;RHUA=84;DWPA=15;PTYP=1;PNAM=MS-80SH;PIRA=0;PIRP=0;PIRM=0;PIRL=-2;PIRH=1;
SQNR=19170;DATE=24-08-14;TIME=05:19:30;STAT=201222;TMPA=18;TMPP=185;TMPB=22;TMPC=21;RHUA=84;DWPA=15;PTYP=1;PNAM=MS-80SH;PIRA=0;PIRP=0;PIRM=0;PIRL=-2;PIRH=1;
SQNR=19185;DATE=24-08-14;TIME=05:19:45;STAT=201222;TMPA=18;TMPP=186;TMPB=22;TMPC=21;RHUA=84;DWPA=15;PTYP=1;PNAM=MS-80SH;PIRA=0;PIRP=0;PIRM=0;PIRL=-2;PIRH=1;
SQNR=19200;DATE=24-08-14;TIME=05:20:00;STAT=201222;TMPA=18;TMPP=186;TMPB=22;TMPC=21;RHUA=84;DWPA=15;PTYP=1;PNAM=MS-80SH;PIRA=0;PIRP=0;PIRM=0;PIRL=-2;PIRH=1;
C-----;?
V-----;SWVNR=2102190;SQNDL=19202;DATE=24-08-14;TIME=05:20:07;THTYP=85;TTEMP=15;TDEWP=5;IUFAN=800;ILFAN=5;IUHEA=3000;PYDEF=21;PYAVT=30;PYAVW=1;PYOST=0;MSDLY=15;FNDLY=30;OSTRG=3;DBGFL=0;ASIRE=0;DBGRE=0;MPPFL=-1;
SQNR=19215;DATE=24-08-14;TIME=05:20:15;STAT=201222;TMPA=18;TMPP=186;TMPB=22;TMPC=21;RHUA=84;DWPA=15;PTYP=1;PNAM=MS-80SH;PIRA=0;PIRP=0;PIRM=0;PIRL=-2;PIRH=1;
SQNR=19230;DATE=24-08-14;TIME=05:20:30;STAT=201222;TMPA=18;TMPP=186;TMPB=22;TMPC=21;RHUA=84;DWPA=15;PTYP=1;PNAM=MS-80SH;PIRA=0;PIRP=0;PIRM=0;PIRL=-2;PIRH=1;
SQNR=19245;DATE=24-08-14;TIME=05:20:45;STAT=201222;TMPA=18;TMPP=186;TMPB=22;TMPC=21;RHUA=84;DWPA=15;PTYP=1;PNAM=MS-80SH;PIRA=0;PIRP=0;PIRM=0;PIRL=-2;PIRH=1;
SQNR=19260;DATE=24-08-14;TIME=05:21:00;STAT=201222;TMPA=18;TMPP=187;TMPB=22;TMPC=21;RHUA=84;DWPA=15;PTYP=1;PNAM=MS-80SH;PIRA=-1;PIRP=0;PIRM=0;PIRL=-2;PIRH=1;
SQNR=19275;DATE=24-08-14;TIME=05:21:15;STAT=201222;TMPA=18;TMPP=187;TMPB=22;TMPC=21;RHUA=83;DWPA=15;PTYP=1;PNAM=MS-80SH;PIRA=-1;PIRP=-1;PIRM=0;PIRL=-2;PIRH=1;
SQNR=19290;DATE=24-08-14;TIME=05:21:30;STAT=201222;TMPA=18;TMPP=187;TMPB=22;TMPC=21;RHUA=83;DWPA=15;PTYP=1;PNAM=MS-80SH;PIRA=-1;PIRP=-1;PIRM=-1;PIRL=-2;PIRH=1;
SQNR=19305;DATE=24-08-14;TIME=05:21:45;STAT=201222;TMPA=18;TMPP=188;TMPB=22;TMPC=21;RHUA=83;DWPA=16;PTYP=1;PNAM=MS-80SH;PIRA=-1;PIRP=-1;PIRM=-1;PIRL=-2;PIRH=1;
SQNR=19320;DATE=24-08-14;TIME=05:22:00;STAT=201222;TMPA=18;TMPP=189;TMPB=22;TMPC=21;RHUA=83;DWPA=16;PTYP=1;PNAM=MS-80SH;PIRA=-1;PIRP=-1;PIRM=-1;PIRL=-2;PIRH=1;
SQNR=19335;DATE=24-08-14;TIME=05:22:15;STAT=201222;TMPA=18;TMPP=189;TMPB=23;TMPC=21;RHUA=83;DWPA=16;PTYP=1;PNAM=MS-80SH;PIRA=-1;PIRP=-1;PIRM=-1;PIRL=-2;PIRH=1;
SQNR=19350;DATE=24-08-14;TIME=05:22:30;STAT=201222;TMPA=18;TMPP=189;TMPB=22;TMPC=21;RHUA=83;DWPA=16;PTYP=1;PNAM=MS-80SH;PIRA=0;PIRP=-1;PIRM=-1;PIRL=-2;PIRH=1;
SQNR=19365;DATE=24-08-14;TIME=05:22:45;STAT=201222;TMPA=19;TMPP=190;TMPB=22;TMPC=21;RHUA=82;DWPA=16;PTYP=1;PNAM=MS-80SH;PIRA=0;PIRP=0;PIRM=0;PIRL=-2;PIRH=1;
SQNR=19380;DATE=24-08-14;TIME=05:23:00;STAT=201222;TMPA=18;TMPP=189;TMPB=22;TMPC=22;RHUA=82;DWPA=16;PTYP=1;PNAM=MS-80SH;PIRA=0;PIRP=0;PIRM=0;PIRL=-2;PIRH=1;
SQNR=19395;DATE=24-08-14;TIME=05:23:15;STAT=201222;TMPA=18;TMPP=189;TMPB=22;TMPC=21;RHUA=82;DWPA=15;PTYP=1;PNAM=MS-80SH;PIRA=1;PIRP=0;PIRM=0;PIRL=-2;PIRH=1;
SQNR=19410;DATE=24-08-14;TIME=05:23:30;STAT=201222;TMPA=18;TMPP=188;TMPB=22;TMPC=21;RHUA=82;DWPA=15;PTYP=1;PNAM=MS-80SH;PIRA=0;PIRP=0;PIRM=0;PIRL=-2;PIRH=1;
SQNR=19425;DATE=24-08-14;TIME=05:23:45;STAT=201222;TMPA=18;TMPP=187;TMPB=22;TMPC=21;RHUA=82;DWPA=15;PTYP=1;PNAM=MS-80SH;PIRA=1;PIRP=1;PIRM=0;PIRL=-2;PIRH=1;
SQNR=19440;DATE=24-08-14;TIME=05:24:00;STAT=201222;TMPA=18;TMPP=186;TMPB=22;TMPC=21;RHUA=82;DWPA=15;PTYP=1;PNAM=MS-80SH;PIRA=1;PIRP=1;PIRM=0;PIRL=-2;PIRH=1;
SQNR=19455;DATE=24-08-14;TIME=05:24:15;STAT=201222;TMPA=18;TMPP=185;TMPB=22;TMPC=21;RHUA=82;DWPA=15;PTYP=1;PNAM=MS-80SH;PIRA=1;PIRP=1;PIRM=1;PIRL=-2;PIRH=1;
SQNR=19470;DATE=24-08-14;TIME=05:24:30;STAT=201222;TMPA=18;TMPP=183;TMPB=22;TMPC=21;RHUA=83;DWPA=15;PTYP=1;PNAM=MS-80SH;PIRA=1;PIRP=1;PIRM=1;PIRL=-2;PIRH=1;
SQNR=19485;DATE=24-08-14;TIME=05:24:45;STAT=201222;TMPA=18;TMPP=183;TMPB=21;TMPC=21;RHUA=83;DWPA=15;PTYP=1;PNAM=MS-80SH;PIRA=1;PIRP=1;PIRM=1;PIRL=-2;PIRH=1;
SQNR=19500;DATE=24-08-14;TIME=05:25:00;STAT=201222;TMPA=18;TMPP=181;TMPB=21;TMPC=21;RHUA=84;DWPA=15;PTYP=1;PNAM=MS-80SH;PIRA=1;PIRP=1;PIRM=1;PIRL=-2;PIRH=1;
C-----;?
V-----;SWVNR=2102190;SQNDL=19501;DATE=24-08-14;TIME=05:25:06;THTYP=85;TTEMP=15;TDEWP=5;IUFAN=800;ILFAN=5;IUHEA=3000;PYDEF=21;PYAVT=30;PYAVW=1;PYOST=0;MSDLY=15;FNDLY=30;OSTRG=3;DBGFL=0;ASIRE=0;DBGRE=0;MPPFL=-1;
SQNR=19515;DATE=24-08-14;TIME=05:25:15;STAT=201222;TMPA=18;TMPP=180;TMPB=21;TMPC=21;RHUA=85;DWPA=15;PTYP=1;PNAM=MS-80SH;PIRA=1;PIRP=1;PIRM=1;PIRL=-2;PIRH=1;
SQNR=19530;DATE=24-08-14;TIME=05:25:30;STAT=201222;TMPA=17;TMPP=179;TMPB=21;TMPC=21;RHUA=86;DWPA=15;PTYP=1;PNAM=MS-80SH;PIRA=1;PIRP=1;PIRM=1;PIRL=-2;PIRH=1;
SQNR=19545;DATE=24-08-14;TIME=05:25:45;STAT=201222;TMPA=17;TMPP=179;TMPB=22;TMPC=21;RHUA=86;DWPA=15;PTYP=1;PNAM=MS-80SH;PIRA=0;PIRP=1;PIRM=1;PIRL=-2;PIRH=1;
SQNR=19560;DATE=24-08-14;TIME=05:26:00;STAT=201222;TMPA=17;TMPP=179;TMPB=22;TMPC=21;RHUA=86;DWPA=15;PTYP=1;PNAM=MS-80SH;PIRA=0;PIRP=0;PIRM=0;PIRL=-2;PIRH=1;
SQNR=19575;DATE=24-08-14;TIME=05:26:15;STAT=201222;TMPA=18;TMPP=180;TMPB=22;TMPC=21;RHUA=86;DWPA=15;PTYP=1;PNAM=MS-80SH;PIRA=1;PIRP=0;PIRM=0;PIRL=-2;PIRH=1;
SQNR=19590;DATE=24-08-14;TIME=05:26:30;STAT=201222;TMPA=18;TMPP=181;TMPB=22;TMPC=21;RHUA=86;DWPA=15;PTYP=1;PNAM=MS-80SH;PIRA=0;PIRP=0;PIRM=0;PIRL=-2;PIRH=1;
SQNR=19605;DATE=24-08-14;TIME=05:26:45;STAT=201222;TMPA=18;TMPP=183;TMPB=22;TMPC=21;RHUA=85;DWPA=15;PTYP=1;PNAM=MS-80SH;PIRA=0;PIRP=0;PIRM=0;PIRL=-2;PIRH=1;
SQNR=19620;DATE=24-08-14;TIME=05:27:00;STAT=201222;TMPA=18;TMPP=183;TMPB=22;TMPC=21;RHUA=85;DWPA=15;PTYP=1;PNAM=MS-80SH;PIRA=0;PIRP=0;PIRM=0;PIRL=-2;PIRH=1;
SQNR=19635;DATE=24-08-14;TIME=05:27:15;STAT=201222;TMPA=18;TMPP=185;TMPB=22;TMPC=21;RHUA=84;DWPA=15;PTYP=1;PNAM=MS-80SH;PIRA=0;PIRP=0;PIRM=0;PIRL=-2;PIRH=1;
SQNR=19650;DATE=24-08-14;TIME=05:27:30;STAT=201222;TMPA=18;TMPP=186;TMPB=22;TMPC=21;RHUA=83;DWPA=15;PTYP=1;PNAM=MS-80SH;PIRA=0;PIRP=0;PIRM=0;PIRL=-2;PIRH=1;
SQNR=19665;DATE=24-08-14;TIME=05:27:45;STAT=201222;TMPA=18;TMPP=187;TMPB=22;TMPC=21;RHUA=83;DWPA=15;PTYP=1;PNAM=MS-80SH;PIRA=1;PIRP=0;PIRM=0;PIRL=-2;PIRH=1;
SQNR=19680;DATE=24-08-14;TIME=05:28:00;STAT=201222;TMPA=18;TMPP=188;TMPB=22;TMPC=21;RHUA=83;DWPA=15;PTYP=1;PNAM=MS-80SH;PIRA=0;PIRP=0;PIRM=0;PIRL=-2;PIRH=1;
SQNR=19695;DATE=24-08-14;TIME=05:28:15;STAT=201222;TMPA=18;TMPP=189;TMPB=22;TMPC=21;RHUA=82;DWPA=15;PTYP=1;PNAM=MS-80SH;PIRA=0;PIRP=0;PIRM=0;PIRL=-2;PIRH=1;
SQNR=19710;DATE=24-08-14;TIME=05:28:30;STAT=201222;TMPA=18;TMPP=189;TMPB=22;TMPC=21;RHUA=82;DWPA=16;PTYP=1;PNAM=MS-80SH;PIRA=0;PIRP=0;PIRM=0;PIRL=-2;PIRH=1;
SQNR=19725;DATE=24-08-14;TIME=05:28:45;STAT=201222;TMPA=19;TMPP=190;TMPB=22;TMPC=21;RHUA=82;DWPA=16;PTYP=1;PNAM=MS-80SH;PIRA=0;PIRP=0;PIRM=0;PIRL=-2;PIRH=1;
SQNR=19740;DATE=24-08-14;TIME=05:29:00;STAT=201222;TMPA=19;TMPP=190;TMPB=22;TMPC=21;RHUA=82;DWPA=16;PTYP=1;PNAM=MS-80SH;PIRA=0;PIRP=0;PIRM=0;PIRL=-2;PIRH=1;
SQNR=19755;DATE=24-08-14;TIME=05:29:15;STAT=201222;TMPA=19;TMPP=191;TMPB=22;TMPC=21;RHUA=82;DWPA=16;PTYP=1;PNAM=MS-80SH;PIRA=0;PIRP=0;PIRM=0;PIRL=-2;PIRH=1;
SQNR=19770;DATE=24-08-14;TIME=05:29:30;STAT=201222;TMPA=19;TMPP=191;TMPB=22;TMPC=21;RHUA=82;DWPA=16;PTYP=1;PNAM=MS-80SH;PIRA=0;PIRP=0;PIRM=0;PIRL=-2;PIRH=1;
SQNR=19785;DATE=24-08-14;TIME=05:29:45;STAT=201222;TMPA=19;TMPP=192;TMPB=22;TMPC=21;RHUA=82;DWPA=16;PTYP=1;PNAM=MS-80SH;PIRA=0;PIRP=0;PIRM=0;PIRL=-2;PIRH=1;
C-----;?
SQNR=19800;DATE=24-08-14;TIME=05:30:00;STAT=201222;TMPA=19;TMPP=191;TMPB=22;TMPC=21;RHUA=81;DWPA=16;PTYP=1;PNAM=MS-80SH;PIRA=0;PIRP=0;PIRM=0;PIRL=-2;PIRH=1;
V-----;SWVNR=2102190;SQNDL=19801;DATE=24-08-14;TIME=05:30:06;THTYP=85;TTEMP=15;TDEWP=5;IUFAN=800;ILFAN=5;IUHEA=3000;PYDEF=21;PYAVT=30;PYAVW=1;PYOST=0;MSDLY=15;FNDLY=30;OSTRG=3;DBGFL=0;ASIRE=0;DBGRE=0;MPPFL=-1;
SQNR=19815;DATE=24-08-14;TIME=05:30:15;STAT=201222;TMPA=19;TMPP=191;TMPB=22;TMPC=21;RHUA=81;DWPA=16;PTYP=1;PNAM=MS-80SH;PIRA=0;PIRP=0;PIRM=0;PIRL=-2;PIRH=1;
SQNR=19830;DATE=24-08-14;TIME=05:30:30;STAT=201222;TMPA=19;TMPP=191;TMPB=22;TMPC=21;RHUA=82;DWPA=16;PTYP=1;PNAM=MS-80SH;PIRA=0;PIRP=0;PIRM=0;PIRL=-2;PIRH=1;
SQNR=19845;DATE=24-08-14;TIME=05:30:45;STAT=201222;TMPA=19;TMPP=191;TMPB=22;TMPC=21;RHUA=81;DWPA=16;PTYP=1;PNAM=MS-80SH;PIRA=1;PIRP=0;PIRM=0;PIRL=-2;PIRH=1;
SQNR=19860;DATE=24-08-14;TIME=05:31:00;STAT=201222;TMPA=19;TMPP=190;TMPB=22;TMPC=21;RHUA=82;DWPA=15;PTYP=1;PNAM=MS-80SH;PIRA=1;PIRP=1;PIRM=0;PIRL=-2;PIRH=1;
SQNR=19875;DATE=24-08-14;TIME=05:31:15;STAT=201222;TMPA=19;TMPP=190;TMPB=22;TMPC=21;RHUA=82;DWPA=15;PTYP=1;PNAM=MS-80SH;PIRA=1;PIRP=1;PIRM=1;PIRL=-2;PIRH=1;
SQNR=19890;DATE=24-08-14;TIME=05:31:30;STAT=201222;TMPA=18;TMPP=189;TMPB=22;TMPC=21;RHUA=82;DWPA=15;PTYP=1;PNAM=MS-80SH;PIRA=1;PIRP=1;PIRM=1;PIRL=-2;PIRH=1;
SQNR=19905;DATE=24-08-14;TIME=05:31:45;STAT=201222;TMPA=18;TMPP=189;TMPB=21;TMPC=21;RHUA=82;DWPA=15;PTYP=1;PNAM=MS-80SH;PIRA=1;PIRP=1;PIRM=1;PIRL=-2;PIRH=1;
SQNR=19920;DATE=24-08-14;TIME=05:32:00;STAT=201222;TMPA=18;TMPP=188;TMPB=22;TMPC=21;RHUA=82;DWPA=15;PTYP=1;PNAM=MS-80SH;PIRA=1;PIRP=1;PIRM=1;PIRL=-2;PIRH=1;
SQNR=19935;DATE=24-08-14;TIME=05:32:15;STAT=201222;TMPA=18;TMPP=188;TMPB=21;TMPC=21;RHUA=83;DWPA=15;PTYP=1;PNAM=MS-80SH;PIRA=1;PIRP=1;PIRM=1;PIRL=-2;PIRH=1;
SQNR=19950;DATE=24-08-14;TIME=05:32:30;STAT=201222;TMPA=18;TMPP=187;TMPB=21;TMPC=21;RHUA=83;DWPA=15;PTYP=1;PNAM=MS-80SH;PIRA=0;PIRP=1;PIRM=1;PIRL=-2;PIRH=1;
SQNR=19965;DATE=24-08-14;TIME=05:32:45;STAT=201222;TMPA=18;TMPP=186;TMPB=21;TMPC=21;RHUA=83;DWPA=15;PTYP=1;PNAM=MS-80SH;PIRA=0;PIRP=0;PIRM=0;PIRL=-2;PIRH=1;
SQNR=19980;DATE=24-08-14;TIME=05:33:00;STAT=201222;TMPA=18;TMPP=185;TMPB=21;TMPC=21;RHUA=83;DWPA=15;PTYP=1;PNAM=MS-80SH;PIRA=0;PIRP=0;PIRM=0;PIRL=-2;PIRH=1;
SQNR=19995;DATE=24-08-14;TIME=05:33:15;STAT=201222;TMPA=18;TMPP=185;TMPB=22;TMPC=21;RHUA=84;DWPA=15;PTYP=1;PNAM=MS-80SH;PIRA=0;PIRP=0;PIRM=0;PIRL=-2;PIRH=1;
SQNR=20010;DATE=24-08-14;TIME=05:33:30;STAT=201222;TMPA=18;TMPP=185;TMPB=22;TMPC=21;RHUA=84;DWPA=15;PTYP=1;PNAM=MS-80SH;PIRA=0;PIRP=0;PIRM=0;PIRL=-2;PIRH=1;
SQNR=20025;DATE=24-08-14;TIME=05:33:45;STAT=201222;TMPA=18;TMPP=185;TMPB=22;TMPC=21;RHUA=84;DWPA=15;PTYP=1;PNAM=MS-80SH;PIRA=0;PIRP=0;PIRM=0;PIRL=-2;PIRH=1;
SQNR=20040;DATE=24-08-14;TIME=05:34:00;STAT=201222;TMPA=18;TMPP=185;TMPB=22;TMPC=21;RHUA=84;DWPA=15;PTYP=1;PNAM=MS-80SH;PIRA=0;PIRP=0;PIRM=0;PIRL=-2;PIRH=1;
SQNR=20055;DATE=24-08-14;TIME=05:34:15;STAT=201222;TMPA=18;TMPP=185;TMPB=22;TMPC=21;RHUA=84;DWPA=15;PTYP=1;PNAM=MS-80SH;PIRA=0;PIRP=0;PIRM=0;PIRL=-2;PIRH=1;
SQNR=20070;DATE=24-08-14;TIME=05:34:30;STAT=201222;TMPA=18;TMPP=185;TMPB=22;TMPC=21;RHUA=84;DWPA=15;PTYP=1;PNAM=MS-80SH;PIRA=0;PIRP=0;PIRM=0;PIRL=-2;PIRH=1;
SQNR=20085;DATE=24-08-14;TIME=05:34:45;STAT=201222;TMPA=18;TMPP=185;TMPB=22;TMPC=21;RHUA=84;DWPA=15;PTYP=1;PNAM=MS-80SH;PIRA=-1;PIRP=0;PIRM=0;PIRL=-2;PIRH=1;
C-----;?
SQNR=20100;DATE=24-08-14;TIME=05:35:00;STAT=201222;TMPA=18;TMPP=186;TMPB=22;TMPC=21;RHUA=84;DWPA=15;PTYP=1;PNAM=MS-80SH;PIRA=0;PIRP=0;PIRM=0;PIRL=-2;PIRH=1;
V-----;SWVNR=2102190;SQNDL=20101;DATE=24-08-14;TIME=05:35:06;THTYP=85;TTEMP=15;TDEWP=5;IUFAN=800;ILFAN=5;IUHEA=3000;PYDEF=21;PYAVT=30;PYAVW=1;PYOST=0;MSDLY=15;FNDLY=30;OSTRG=3;DBGFL=0;ASIRE=0;DBGRE=0;MPPFL=-1;
SQNR=20115;DATE=24-08-14;TIME=05:35:15;STAT=201222;TMPA=18;TMPP=186;TMPB=22;TMPC=21;RHUA=84;DWPA=15;PTYP=1;PNAM=MS-80SH;PIRA=0;PIRP=0;PIRM=0;PIRL=-2;PIRH=1;
SQNR=20130;DATE=24-08-14;TIME=05:35:30;STAT=201222;TMPA=18;TMPP=186;TMPB=22;TMPC=21;RHUA=84;DWPA=15;PTYP=1;PNAM=MS-80SH;PIRA=-1;PIRP=-1;PIRM=0;PIRL=-2;PIRH=1;
SQNR=20145;DATE=24-08-14;TIME=05:35:45;STAT=201222;TMPA=18;TMPP=186;TMPB=22;TMPC=21;RHUA=84;DWPA=15;PTYP=1;PNAM=MS-80SH;PIRA=-1;PIRP=-1;PIRM=-1;PIRL=-2;PIRH=1;
SQNR=20160;DATE=24-08-14;TIME=05:36:00;STAT=201222;TMPA=18;TMPP=186;TMPB=22;TMPC=21;RHUA=84;DWPA=15;PTYP=1;PNAM=MS-80SH;PIRA=-1;PIRP=-1;PIRM=-1;PIRL=-2;PIRH=1;
SQNR=20175;DATE=24-08-14;TIME=05:36:15;STAT=201222;TMPA=18;TMPP=185;TMPB=22;TMPC=21;RHUA=84;DWPA=15;PTYP=1;PNAM=MS-80SH;PIRA=-1;PIRP=-1;PIRM=-1;PIRL=-2;PIRH=1;
SQNR=20190;DATE=24-08-14;TIME=05:36:30;STAT=201222;TMPA=18;TMPP=185;TMPB=22;TMPC=21;RHUA=84;DWPA=15;PTYP=1;PNAM=MS-80SH;PIRA=-1;PIRP=-1;PIRM=-1;PIRL=-2;PIRH=1;
SQNR=20205;DATE=24-08-14;TIME=05:36:45;STAT=201222;TMPA=18;TMPP=185;TMPB=22;TMPC=21;RHUA=84;DWPA=15;PTYP=1;PNAM=MS-80SH;PIRA=0;PIRP=-1;PIRM=-1;PIRL=-2;PIRH=1;
SQNR=20220;DATE=24-08-14;TIME=05:37:00;STAT=201222;TMPA=18;TMPP=185;TMPB=22;TMPC=21;RHUA=84;DWPA=15;PTYP=1;PNAM=MS-80SH;PIRA=0;PIRP=-1;PIRM=-1;PIRL=-2;PIRH=1;
SQNR=20235;DATE=24-08-14;TIME=05:37:15;STAT=201222;TMPA=18;TMPP=185;TMPB=22;TMPC=21;RHUA=84;DWPA=15;PTYP=1;PNAM=MS-80SH;PIRA=-1;PIRP=-1;PIRM=-1;PIRL=-2;PIRH=1;
SQNR=20250;DATE=24-08-14;TIME=05:37:30;STAT=201222;TMPA=18;TMPP=185;TMPB=22;TMPC=21;RHUA=84;DWPA=15;PTYP=1;PNAM=MS-80SH;PIRA=0;PIRP=-1;PIRM=-1;PIRL=-2;PIRH=1;
SQNR=20265;DATE=24-08-14;TIME=05:37:45;STAT=201222;TMPA=18;TMPP=185;TMPB=22;TMPC=21;RHUA=84;DWPA=15;PTYP=1;PNAM=MS-80SH;PIRA=0;PIRP=0;PIRM=0;PIRL=-2;PIRH=1;
SQNR=20280;DATE=24-08-14;TIME=05:38:00;STAT=201222;TMPA=18;TMPP=184;TMPB=22;TMPC=21;RHUA=84;DWPA=15;PTYP=1;PNAM=MS-80SH;PIRA=0;PIRP=0;PIRM=0;PIRL=-2;PIRH=1;
SQNR=20295;DATE=24-08-14;TIME=05:38:15;STAT=201222;TMPA=18;TMPP=185;TMPB=22;TMPC=21;RHUA=84;DWPA=15;PTYP=1;PNAM=MS-80SH;PIRA=0;PIRP=0;PIRM=0;PIRL=-2;PIRH=1;
SQNR=20310;DATE=24-08-14;TIME=05:38:30;STAT=201222;TMPA=18;TMPP=184;TMPB=22;TMPC=21;RHUA=83;DWPA=15;PTYP=1;PNAM=MS-80SH;PIRA=0;PIRP=0;PIRM=0;PIRL=-2;PIRH=1;
SQNR=20325;DATE=24-08-14;TIME=05:38:45;STAT=201222;TMPA=18;TMPP=184;TMPB=22;TMPC=21;RHUA=83;DWPA=15;PTYP=1;PNAM=MS-80SH;PIRA=0;PIRP=0;PIRM=0;PIRL=-2;PIRH=1;
SQNR=20340;DATE=24-08-14;TIME=05:39:00;STAT=201222;TMPA=18;TMPP=184;TMPB=22;TMPC=21;RHUA=83;DWPA=15;PTYP=1;PNAM=MS-80SH;PIRA=0;PIRP=0;PIRM=0;PIRL=-2;PIRH=1;
SQNR=20355;DATE=24-08-14;TIME=05:39:15;STAT=201222;TMPA=18;TMPP=183;TMPB=22;TMPC=21;RHUA=83;DWPA=15;PTYP=1;PNAM=MS-80SH;PIRA=0;PIRP=0;PIRM=0;PIRL=-2;PIRH=1;
SQNR=20370;DATE=24-08-14;TIME=05:39:30;STAT=201222;TMPA=18;TMPP=183;TMPB=22;TMPC=21;RHUA=83;DWPA=15;PTYP=1;PNAM=MS-80SH;PIRA=0;PIRP=0;PIRM=0;PIRL=-2;PIRH=1;
SQNR=20385;DATE=24-08-14;TIME=05:39:45;STAT=201222;TMPA=18;TMPP=183;TMPB=22;TMPC=21;RHUA=83;DWPA=15;PTYP=1;PNAM=MS-80SH;PIRA=0;PIRP=0;PIRM=0;PIRL=-2;PIRH=1;
SQNR=20400;DATE=24-08-14;TIME=05:40:00;STAT=201222;TMPA=18;TMPP=182;TMPB=21;TMPC=21;RHUA=83;DWPA=15;PTYP=1;PNAM=MS-80SH;PIRA=0;PIRP=0;PIRM=0;PIRL=-2;PIRH=1;
C-----;?
V-----;SWVNR=2102190;SQNDL=20401;DATE=24-08-14;TIME=05:40:06;THTYP=85;TTEMP=15;TDEWP=5;IUFAN=800;ILFAN=5;IUHEA=3000;PYDEF=21;PYAVT=30;PYAVW=1;PYOST=0;MSDLY=15;FNDLY=30;OSTRG=3;DBGFL=0;ASIRE=0;DBGRE=0;MPPFL=-1;
SQNR=20415;DATE=24-08-14;TIME=05:40:15;STAT=201222;TMPA=18;TMPP=182;TMPB=21;TMPC=21;RHUA=84;DWPA=15;PTYP=1;PNAM=MS-80SH;PIRA=0;PIRP=0;PIRM=0;PIRL=-2;PIRH=1;
SQNR=20430;DATE=24-08-14;TIME=05:40:30;STAT=201222;TMPA=18;TMPP=181;TMPB=21;TMPC=21;RHUA=84;DWPA=15;PTYP=1;PNAM=MS-80SH;PIRA=0;PIRP=0;PIRM=0;PIRL=-2;PIRH=1;
SQNR=20445;DATE=24-08-14;TIME=05:40:45;STAT=201222;TMPA=18;TMPP=181;TMPB=21;TMPC=21;RHUA=84;DWPA=15;PTYP=1;PNAM=MS-80SH;PIRA=0;PIRP=0;PIRM=0;PIRL=-2;PIRH=1;
SQNR=20460;DATE=24-08-14;TIME=05:41:00;STAT=201222;TMPA=18;TMPP=181;TMPB=21;TMPC=21;RHUA=84;DWPA=15;PTYP=1;PNAM=MS-80SH;PIRA=0;PIRP=0;PIRM=0;PIRL=-2;PIRH=1;
SQNR=20475;DATE=24-08-14;TIME=05:41:15;STAT=201222;TMPA=18;TMPP=180;TMPB=21;TMPC=21;RHUA=84;DWPA=15;PTYP=1;PNAM=MS-80SH;PIRA=0;PIRP=0;PIRM=0;PIRL=-2;PIRH=1;
SQNR=20490;DATE=24-08-14;TIME=05:41:30;STAT=201222;TMPA=18;TMPP=180;TMPB=21;TMPC=21;RHUA=84;DWPA=15;PTYP=1;PNAM=MS-80SH;PIRA=0;PIRP=0;PIRM=0;PIRL=-2;PIRH=1;
SQNR=20505;DATE=24-08-14;TIME=05:41:45;STAT=201222;TMPA=17;TMPP=179;TMPB=21;TMPC=21;RHUA=84;DWPA=15;PTYP=1;PNAM=MS-80SH;PIRA=0;PIRP=0;PIRM=0;PIRL=-2;PIRH=1;
SQNR=20520;DATE=24-08-14;TIME=05:42:00;STAT=201222;TMPA=17;TMPP=179;TMPB=21;TMPC=21;RHUA=84;DWPA=15;PTYP=1;PNAM=MS-80SH;PIRA=0;PIRP=0;PIRM=0;PIRL=-2;PIRH=1;
SQNR=20535;DATE=24-08-14;TIME=05:42:15;STAT=201222;TMPA=17;TMPP=179;TMPB=21;TMPC=21;RHUA=85;DWPA=15;PTYP=1;PNAM=MS-80SH;PIRA=0;PIRP=0;PIRM=0;PIRL=-2;PIRH=1;
SQNR=20550;DATE=24-08-14;TIME=05:42:30;STAT=201222;TMPA=17;TMPP=178;TMPB=21;TMPC=21;RHUA=85;DWPA=15;PTYP=1;PNAM=MS-80SH;PIRA=0;PIRP=0;PIRM=0;PIRL=-2;PIRH=1;
SQNR=20565;DATE=24-08-14;TIME=05:42:45;STAT=201222;TMPA=17;TMPP=178;TMPB=21;TMPC=21;RHUA=85;DWPA=15;PTYP=1;PNAM=MS-80SH;PIRA=0;PIRP=0;PIRM=0;PIRL=-2;PIRH=1;
SQNR=20580;DATE=24-08-14;TIME=05:43:00;STAT=201222;TMPA=17;TMPP=177;TMPB=21;TMPC=21;RHUA=85;DWPA=15;PTYP=1;PNAM=MS-80SH;PIRA=0;PIRP=0;PIRM=0;PIRL=-2;PIRH=1;
SQNR=20595;DATE=24-08-14;TIME=05:43:15;STAT=201222;TMPA=17;TMPP=177;TMPB=21;TMPC=21;RHUA=85;DWPA=15;PTYP=1;PNAM=MS-80SH;PIRA=0;PIRP=0;PIRM=0;PIRL=-2;PIRH=1;
SQNR=20610;DATE=24-08-14;TIME=05:43:30;STAT=201222;TMPA=17;TMPP=176;TMPB=21;TMPC=21;RHUA=86;DWPA=15;PTYP=1;PNAM=MS-80SH;PIRA=0;PIRP=0;PIRM=0;PIRL=-2;PIRH=1;
SQNR=20625;DATE=24-08-14;TIME=05:43:45;STAT=201222;TMPA=17;TMPP=175;TMPB=21;TMPC=21;RHUA=86;DWPA=15;PTYP=1;PNAM=MS-80SH;PIRA=1;PIRP=0;PIRM=0;PIRL=-2;PIRH=1;
SQNR=20640;DATE=24-08-14;TIME=05:44:00;STAT=201222;TMPA=17;TMPP=175;TMPB=21;TMPC=21;RHUA=86;DWPA=15;PTYP=1;PNAM=MS-80SH;PIRA=0;PIRP=0;PIRM=0;PIRL=-2;PIRH=1;
SQNR=20655;DATE=24-08-14;TIME=05:44:15;STAT=201222;TMPA=17;TMPP=174;TMPB=21;TMPC=21;RHUA=87;DWPA=15;PTYP=1;PNAM=MS-80SH;PIRA=0;PIRP=0;PIRM=0;PIRL=-2;PIRH=1;
SQNR=20670;DATE=24-08-14;TIME=05:44:30;STAT=201222;TMPA=17;TMPP=174;TMPB=21;TMPC=21;RHUA=87;DWPA=15;PTYP=1;PNAM=MS-80SH;PIRA=0;PIRP=0;PIRM=0;PIRL=-2;PIRH=1;
SQNR=20685;DATE=24-08-14;TIME=05:44:45;STAT=201222;TMPA=17;TMPP=174;TMPB=21;TMPC=21;RHUA=87;DWPA=15;PTYP=1;PNAM=MS-80SH;PIRA=0;PIRP=0;PIRM=0;PIRL=-2;PIRH=1;
C-----;?
SQNR=20700;DATE=24-08-14;TIME=05:45:00;STAT=201222;TMPA=17;TMPP=174;TMPB=21;TMPC=21;RHUA=87;DWPA=15;PTYP=1;PNAM=MS-80SH;PIRA=0;PIRP=0;PIRM=0;PIRL=-2;PIRH=1;
V-----;SWVNR=2102190;SQNDL=20701;DATE=24-08-14;TIME=05:45:06;THTYP=85;TTEMP=15;TDEWP=5;IUFAN=800;ILFAN=5;IUHEA=3000;PYDEF=21;PYAVT=30;PYAVW=1;PYOST=0;MSDLY=15;FNDLY=30;OSTRG=3;DBGFL=0;ASIRE=0;DBGRE=0;MPPFL=-1;
SQNR=20715;DATE=24-08-14;TIME=05:45:15;STAT=201222;TMPA=17;TMPP=174;TMPB=21;TMPC=21;RHUA=87;DWPA=15;PTYP=1;PNAM=MS-80SH;PIRA=0;PIRP=0;PIRM=0;PIRL=-2;PIRH=1;
SQNR=20730;DATE=24-08-14;TIME=05:45:30;STAT=201222;TMPA=17;TMPP=175;TMPB=21;TMPC=21;RHUA=88;DWPA=15;PTYP=1;PNAM=MS-80SH;PIRA=0;PIRP=0;PIRM=0;PIRL=-2;PIRH=1;
SQNR=20745;DATE=24-08-14;TIME=05:45:45;STAT=201222;TMPA=17;TMPP=175;TMPB=21;TMPC=21;RHUA=87;DWPA=15;PTYP=1;PNAM=MS-80SH;PIRA=0;PIRP=0;PIRM=0;PIRL=-2;PIRH=1;
SQNR=20760;DATE=24-08-14;TIME=05:46:00;STAT=201222;TMPA=17;TMPP=176;TMPB=21;TMPC=21;RHUA=87;DWPA=15;PTYP=1;PNAM=MS-80SH;PIRA=0;PIRP=0;PIRM=0;PIRL=-2;PIRH=1;
SQNR=20775;DATE=24-08-14;TIME=05:46:15;STAT=201222;TMPA=17;TMPP=176;TMPB=21;TMPC=21;RHUA=87;DWPA=15;PTYP=1;PNAM=MS-80SH;PIRA=0;PIRP=0;PIRM=0;PIRL=-2;PIRH=1;
SQNR=20790;DATE=24-08-14;TIME=05:46:30;STAT=201222;TMPA=17;TMPP=177;TMPB=21;TMPC=21;RHUA=87;DWPA=15;PTYP=1;PNAM=MS-80SH;PIRA=0;PIRP=0;PIRM=0;PIRL=-2;PIRH=1;
SQNR=20805;DATE=24-08-14;TIME=05:46:45;STAT=201222;TMPA=17;TMPP=178;TMPB=21;TMPC=21;RHUA=86;DWPA=15;PTYP=1;PNAM=MS-80SH;PIRA=0;PIRP=0;PIRM=0;PIRL=-2;PIRH=1;
SQNR=20820;DATE=24-08-14;TIME=05:47:00;STAT=201222;TMPA=17;TMPP=178;TMPB=21;TMPC=21;RHUA=86;DWPA=15;PTYP=1;PNAM=MS-80SH;PIRA=0;PIRP=0;PIRM=0;PIRL=-2;PIRH=1;
SQNR=20835;DATE=24-08-14;TIME=05:47:15;STAT=201222;TMPA=17;TMPP=179;TMPB=22;TMPC=21;RHUA=86;DWPA=15;PTYP=1;PNAM=MS-80SH;PIRA=0;PIRP=0;PIRM=0;PIRL=-2;PIRH=1;
SQNR=20850;DATE=24-08-14;TIME=05:47:30;STAT=201222;TMPA=18;TMPP=180;TMPB=22;TMPC=21;RHUA=85;DWPA=15;PTYP=1;PNAM=MS-80SH;PIRA=0;PIRP=0;PIRM=0;PIRL=-2;PIRH=1;
SQNR=20865;DATE=24-08-14;TIME=05:47:45;STAT=201222;TMPA=18;TMPP=181;TMPB=22;TMPC=21;RHUA=85;DWPA=15;PTYP=1;PNAM=MS-80SH;PIRA=0;PIRP=0;PIRM=0;PIRL=-2;PIRH=1;
SQNR=20880;DATE=24-08-14;TIME=05:48:00;STAT=201222;TMPA=18;TMPP=183;TMPB=22;TMPC=21;RHUA=84;DWPA=15;PTYP=1;PNAM=MS-80SH;PIRA=0;PIRP=0;PIRM=0;PIRL=-2;PIRH=1;
SQNR=20895;DATE=24-08-14;TIME=05:48:15;STAT=201222;TMPA=18;TMPP=183;TMPB=22;TMPC=21;RHUA=84;DWPA=15;PTYP=1;PNAM=MS-80SH;PIRA=0;PIRP=0;PIRM=0;PIRL=-2;PIRH=1;
SQNR=20910;DATE=24-08-14;TIME=05:48:30;STAT=201222;TMPA=18;TMPP=184;TMPB=22;TMPC=21;RHUA=84;DWPA=15;PTYP=1;PNAM=MS-80SH;PIRA=0;PIRP=0;PIRM=0;PIRL=-2;PIRH=1;
SQNR=20925;DATE=24-08-14;TIME=05:48:45;STAT=201222;TMPA=18;TMPP=184;TMPB=22;TMPC=21;RHUA=84;DWPA=15;PTYP=1;PNAM=MS-80SH;PIRA=0;PIRP=0;PIRM=0;PIRL=-2;PIRH=1;
SQNR=20940;DATE=24-08-14;TIME=05:49:00;STAT=201222;TMPA=18;TMPP=184;TMPB=22;TMPC=21;RHUA=84;DWPA=15;PTYP=1;PNAM=MS-80SH;PIRA=0;PIRP=0;PIRM=0;PIRL=-2;PIRH=1;
SQNR=20955;DATE=24-08-14;TIME=05:49:15;STAT=201222;TMPA=18;TMPP=184;TMPB=22;TMPC=21;RHUA=84;DWPA=15;PTYP=1;PNAM=MS-80SH;PIRA=0;PIRP=0;PIRM=0;PIRL=-2;PIRH=1;
SQNR=20970;DATE=24-08-14;TIME=05:49:30;STAT=201222;TMPA=18;TMPP=184;TMPB=22;TMPC=21;RHUA=84;DWPA=15;PTYP=1;PNAM=MS-80SH;PIRA=0;PIRP=0;PIRM=0;PIRL=-2;PIRH=1;
SQNR=20985;DATE=24-08-14;TIME=05:49:45;STAT=201222;TMPA=18;TMPP=184;TMPB=22;TMPC=21;RHUA=84;DWPA=15;PTYP=1;PNAM=MS-80SH;PIRA=0;PIRP=0;PIRM=0;PIRL=-2;PIRH=1;
SQNR=21000;DATE=24-08-14;TIME=05:50:00;STAT=201222;TMPA=18;TMPP=184;TMPB=22;TMPC=21;RHUA=84;DWPA=15;PTYP=1;PNAM=MS-80SH;PIRA=0;PIRP=0;PIRM=0;PIRL=-2;PIRH=1;
C-----;?
V-----;SWVNR=2102190;SQNDL=21001;DATE=24-08-14;TIME=05:50:06;THTYP=85;TTEMP=15;TDEWP=5;IUFAN=800;ILFAN=5;IUHEA=3000;PYDEF=21;PYAVT=30;PYAVW=1;PYOST=0;MSDLY=15;FNDLY=30;OSTRG=3;DBGFL=0;ASIRE=0;DBGRE=0;MPPFL=-1;
SQNR=21015;DATE=24-08-14;TIME=05:50:15;STAT=201222;TMPA=18;TMPP=184;TMPB=22;TMPC=21;RHUA=84;DWPA=15;PTYP=1;PNAM=MS-80SH;PIRA=0;PIRP=0;PIRM=0;PIRL=-2;PIRH=1;
SQNR=21030;DATE=24-08-14;TIME=05:50:30;STAT=201222;TMPA=18;TMPP=184;TMPB=22;TMPC=21;RHUA=84;DWPA=15;PTYP=1;PNAM=MS-80SH;PIRA=0;PIRP=0;PIRM=0;PIRL=-2;PIRH=1;
SQNR=21045;DATE=24-08-14;TIME=05:50:45;STAT=201222;TMPA=18;TMPP=184;TMPB=22;TMPC=21;RHUA=84;DWPA=15;PTYP=1;PNAM=MS-80SH;PIRA=0;PIRP=0;PIRM=0;PIRL=-2;PIRH=1;
SQNR=21060;DATE=24-08-14;TIME=05:51:00;STAT=201222;TMPA=18;TMPP=184;TMPB=22;TMPC=21;RHUA=84;DWPA=15;PTYP=1;PNAM=MS-80SH;PIRA=0;PIRP=0;PIRM=0;PIRL=-2;PIRH=1;
SQNR=21075;DATE=24-08-14;TIME=05:51:15;STAT=201222;TMPA=18;TMPP=184;TMPB=22;TMPC=21;RHUA=83;DWPA=15;PTYP=1;PNAM=MS-80SH;PIRA=0;PIRP=0;PIRM=0;PIRL=-2;PIRH=1;
SQNR=21090;DATE=24-08-14;TIME=05:51:30;STAT=201222;TMPA=18;TMPP=183;TMPB=22;TMPC=21;RHUA=83;DWPA=15;PTYP=1;PNAM=MS-80SH;PIRA=0;PIRP=0;PIRM=0;PIRL=-2;PIRH=1;
SQNR=21105;DATE=24-08-14;TIME=05:51:45;STAT=201222;TMPA=18;TMPP=183;TMPB=22;TMPC=21;RHUA=83;DWPA=15;PTYP=1;PNAM=MS-80SH;PIRA=1;PIRP=0;PIRM=0;PIRL=-2;PIRH=1;
SQNR=21120;DATE=24-08-14;TIME=05:52:00;STAT=201222;TMPA=18;TMPP=183;TMPB=22;TMPC=21;RHUA=84;DWPA=15;PTYP=1;PNAM=MS-80SH;PIRA=0;PIRP=0;PIRM=0;PIRL=-2;PIRH=1;
SQNR=21135;DATE=24-08-14;TIME=05:52:15;STAT=201222;TMPA=18;TMPP=182;TMPB=22;TMPC=21;RHUA=84;DWPA=15;PTYP=1;PNAM=MS-80SH;PIRA=1;PIRP=0;PIRM=0;PIRL=-2;PIRH=1;
SQNR=21150;DATE=24-08-14;TIME=05:52:30;STAT=201222;TMPA=18;TMPP=181;TMPB=22;TMPC=21;RHUA=84;DWPA=15;PTYP=1;PNAM=MS-80SH;PIRA=0;PIRP=0;PIRM=0;PIRL=-2;PIRH=1;
SQNR=21165;DATE=24-08-14;TIME=05:52:45;STAT=201222;TMPA=18;TMPP=182;TMPB=22;TMPC=21;RHUA=84;DWPA=15;PTYP=1;PNAM=MS-80SH;PIRA=1;PIRP=0;PIRM=0;PIRL=-2;PIRH=1;
SQNR=21180;DATE=24-08-14;TIME=05:53:00;STAT=201222;TMPA=18;TMPP=181;TMPB=22;TMPC=21;RHUA=84;DWPA=15;PTYP=1;PNAM=MS-80SH;PIRA=0;PIRP=0;PIRM=0;PIRL=-2;PIRH=1;
SQNR=21195;DATE=24-08-14;TIME=05:53:15;STAT=201222;TMPA=18;TMPP=181;TMPB=22;TMPC=21;RHUA=84;DWPA=15;PTYP=1;PNAM=MS-80SH;PIRA=0;PIRP=0;PIRM=0;PIRL=-2;PIRH=1;
SQNR=21210;DATE=24-08-14;TIME=05:53:30;STAT=201222;TMPA=18;TMPP=181;TMPB=22;TMPC=21;RHUA=85;DWPA=15;PTYP=1;PNAM=MS-80SH;PIRA=0;PIRP=0;PIRM=0;PIRL=-2;PIRH=1;
SQNR=21225;DATE=24-08-14;TIME=05:53:45;STAT=201222;TMPA=18;TMPP=181;TMPB=22;TMPC=21;RHUA=85;DWPA=15;PTYP=1;PNAM=MS-80SH;PIRA=0;PIRP=0;PIRM=0;PIRL=-2;PIRH=1;
SQNR=21240;DATE=24-08-14;TIME=05:54:00;STAT=201222;TMPA=18;TMPP=181;TMPB=22;TMPC=21;RHUA=85;DWPA=15;PTYP=1;PNAM=MS-80SH;PIRA=0;PIRP=0;PIRM=0;PIRL=-2;PIRH=1;
SQNR=21255;DATE=24-08-14;TIME=05:54:15;STAT=201222;TMPA=18;TMPP=181;TMPB=22;TMPC=21;RHUA=85;DWPA=15;PTYP=1;PNAM=MS-80SH;PIRA=0;PIRP=0;PIRM=0;PIRL=-2;PIRH=1;
SQNR=21270;DATE=24-08-14;TIME=05:54:30;STAT=201222;TMPA=18;TMPP=180;TMPB=22;TMPC=21;RHUA=85;DWPA=15;PTYP=1;PNAM=MS-80SH;PIRA=1;PIRP=0;PIRM=0;PIRL=-2;PIRH=1;
SQNR=21285;DATE=24-08-14;TIME=05:54:45;STAT=201222;TMPA=18;TMPP=180;TMPB=22;TMPC=21;RHUA=85;DWPA=15;PTYP=1;PNAM=MS-80SH;PIRA=1;PIRP=0;PIRM=0;PIRL=-2;PIRH=1;
SQNR=21300;DATE=24-08-14;TIME=05:55:00;STAT=201222;TMPA=18;TMPP=181;TMPB=22;TMPC=21;RHUA=85;DWPA=15;PTYP=1;PNAM=MS-80SH;PIRA=1;PIRP=1;PIRM=1;PIRL=-2;PIRH=1;
C-----;?
V-----;SWVNR=2102190;SQNDL=21301;DATE=24-08-14;TIME=05:55:06;THTYP=85;TTEMP=15;TDEWP=5;IUFAN=800;ILFAN=5;IUHEA=3000;PYDEF=21;PYAVT=30;PYAVW=1;PYOST=0;MSDLY=15;FNDLY=30;OSTRG=3;DBGFL=0;ASIRE=0;DBGRE=0;MPPFL=-1;
SQNR=21315;DATE=24-08-14;TIME=05:55:15;STAT=201222;TMPA=18;TMPP=181;TMPB=22;TMPC=21;RHUA=85;DWPA=15;PTYP=1;PNAM=MS-80SH;PIRA=1;PIRP=1;PIRM=1;PIRL=-2;PIRH=1;
SQNR=21330;DATE=24-08-14;TIME=05:55:30;STAT=201222;TMPA=18;TMPP=181;TMPB=22;TMPC=21;RHUA=85;DWPA=15;PTYP=1;PNAM=MS-80SH;PIRA=1;PIRP=1;PIRM=1;PIRL=-2;PIRH=1;
SQNR=21345;DATE=24-08-14;TIME=05:55:45;STAT=201222;TMPA=18;TMPP=181;TMPB=22;TMPC=21;RHUA=85;DWPA=15;PTYP=1;PNAM=MS-80SH;PIRA=1;PIRP=1;PIRM=1;PIRL=-2;PIRH=1;
SQNR=21360;DATE=24-08-14;TIME=05:56:00;STAT=201222;TMPA=18;TMPP=181;TMPB=22;TMPC=21;RHUA=85;DWPA=15;PTYP=1;PNAM=MS-80SH;PIRA=1;PIRP=1;PIRM=1;PIRL=-2;PIRH=1;
SQNR=21375;DATE=24-08-14;TIME=05:56:15;STAT=201222;TMPA=18;TMPP=181;TMPB=22;TMPC=21;RHUA=85;DWPA=15;PTYP=1;PNAM=MS-80SH;PIRA=1;PIRP=1;PIRM=1;PIRL=-2;PIRH=1;
SQNR=21390;DATE=24-08-14;TIME=05:56:30;STAT=201222;TMPA=18;TMPP=181;TMPB=22;TMPC=21;RHUA=85;DWPA=15;PTYP=1;PNAM=MS-80SH;PIRA=1;PIRP=1;PIRM=1;PIRL=-2;PIRH=1;
SQNR=21405;DATE=24-08-14;TIME=05:56:45;STAT=201222;TMPA=18;TMPP=181;TMPB=22;TMPC=21;RHUA=85;DWPA=15;PTYP=1;PNAM=MS-80SH;PIRA=1;PIRP=1;PIRM=1;PIRL=-2;PIRH=1;
SQNR=21420;DATE=24-08-14;TIME=05:57:00;STAT=201222;TMPA=18;TMPP=181;TMPB=22;TMPC=21;RHUA=85;DWPA=15;PTYP=1;PNAM=MS-80SH;PIRA=1;PIRP=1;PIRM=1;PIRL=-2;PIRH=1;
SQNR=21435;DATE=24-08-14;TIME=05:57:15;STAT=201222;TMPA=18;TMPP=181;TMPB=22;TMPC=21;RHUA=85;DWPA=15;PTYP=1;PNAM=MS-80SH;PIRA=1;PIRP=1;PIRM=1;PIRL=-2;PIRH=1;
SQNR=21450;DATE=24-08-14;TIME=05:57:30;STAT=201222;TMPA=18;TMPP=181;TMPB=22;TMPC=21;RHUA=85;DWPA=15;PTYP=1;PNAM=MS-80SH;PIRA=1;PIRP=1;PIRM=1;PIRL=-2;PIRH=1;
SQNR=21465;DATE=24-08-14;TIME=05:57:45;STAT=201222;TMPA=18;TMPP=181;TMPB=22;TMPC=21;RHUA=84;DWPA=15;PTYP=1;PNAM=MS-80SH;PIRA=1;PIRP=1;PIRM=1;PIRL=-2;PIRH=1;
SQNR=21480;DATE=24-08-14;TIME=05:58:00;STAT=201222;TMPA=18;TMPP=181;TMPB=22;TMPC=21;RHUA=84;DWPA=15;PTYP=1;PNAM=MS-80SH;PIRA=1;PIRP=1;PIRM=1;PIRL=-2;PIRH=1;
SQNR=21495;DATE=24-08-14;TIME=05:58:15;STAT=201222;TMPA=18;TMPP=182;TMPB=22;TMPC=21;RHUA=84;DWPA=15;PTYP=1;PNAM=MS-80SH;PIRA=1;PIRP=1;PIRM=1;PIRL=-2;PIRH=1;
SQNR=21510;DATE=24-08-14;TIME=05:58:30;STAT=201222;TMPA=18;TMPP=182;TMPB=21;TMPC=21;RHUA=84;DWPA=15;PTYP=1;PNAM=MS-80SH;PIRA=1;PIRP=1;PIRM=1;PIRL=-2;PIRH=1;
SQNR=21525;DATE=24-08-14;TIME=05:58:45;STAT=201222;TMPA=18;TMPP=181;TMPB=21;TMPC=21;RHUA=84;DWPA=15;PTYP=1;PNAM=MS-80SH;PIRA=1;PIRP=1;PIRM=1;PIRL=-2;PIRH=1;
SQNR=21540;DATE=24-08-14;TIME=05:59:00;STAT=201222;TMPA=18;TMPP=181;TMPB=22;TMPC=21;RHUA=84;DWPA=15;PTYP=1;PNAM=MS-80SH;PIRA=1;PIRP=1;PIRM=1;PIRL=-2;PIRH=1;
SQNR=21555;DATE=24-08-14;TIME=05:59:15;STAT=201222;TMPA=18;TMPP=181;TMPB=22;TMPC=21;RHUA=85;DWPA=15;PTYP=1;PNAM=MS-80SH;PIRA=1;PIRP=1;PIRM=1;PIRL=-2;PIRH=2;
SQNR=21570;DATE=24-08-14;TIME=05:59:30;STAT=201222;TMPA=18;TMPP=181;TMPB=22;TMPC=21;RHUA=84;DWPA=15;PTYP=1;PNAM=MS-80SH;PIRA=1;PIRP=1;PIRM=1;PIRL=-2;PIRH=2;
SQNR=21585;DATE=24-08-14;TIME=05:59:45;STAT=201222;TMPA=18;TMPP=181;TMPB=22;TMPC=21;RHUA=84;DWPA=15;PTYP=1;PNAM=MS-80SH;PIRA=1;PIRP=1;PIRM=1;PIRL=-2;PIRH=2;
V-----;SWVNR=2102190;SQNDL=21602;DATE=24-08-14;TIME=06:00:06;THTYP=85;TTEMP=15;TDEWP=5;IUFAN=800;ILFAN=5;IUHEA=3000;PYDEF=21;PYAVT=30;PYAVW=1;PYOST=0;MSDLY=15;FNDLY=30;OSTRG=3;DBGFL=0;ASIRE=0;DBGRE=0;MPPFL=-1;
SQNR=21615;DATE=24-08-14;TIME=06:00:15;STAT=201222;TMPA=18;TMPP=181;TMPB=21;TMPC=21;RHUA=84;DWPA=15;PTYP=1;PNAM=MS-80SH;PIRA=2;PIRP=1;PIRM=1;PIRL=-2;PIRH=2;
SQNR=21630;DATE=24-08-14;TIME=06:00:30;STAT=201222;TMPA=18;TMPP=180;TMPB=21;TMPC=21;RHUA=84;DWPA=15;PTYP=1;PNAM=MS-80SH;PIRA=2;PIRP=2;PIRM=1;PIRL=-2;PIRH=2;
SQNR=21646;DATE=24-08-14;TIME=06:00:45;STAT=201222;TMPA=18;TMPP=180;TMPB=21;TMPC=21;RHUA=84;DWPA=15;PTYP=1;PNAM=MS-80SH;PIRA=2;PIRP=2;PIRM=2;PIRL=-2;PIRH=2;
C-----;P1001
P-----;DATE=24-08-14;TIME=06:00:46;PSNR=23059772;PTMP=215;PRHU=5;PSTX=-23;PSTY=14;
SQNR=21661;DATE=24-08-14;TIME=06:01:00;STAT=201222;TMPA=17;TMPP=179;TMPB=21;TMPC=21;RHUA=84;DWPA=15;PTYP=1;PNAM=MS-80SH;PIRA=2;PIRP=2;PIRM=2;PIRL=-2;PIRH=2;
SQNR=21676;DATE=24-08-14;TIME=06:01:15;STAT=201222;TMPA=17;TMPP=179;TMPB=21;TMPC=21;RHUA=85;DWPA=15;PTYP=1;PNAM=MS-80SH;PIRA=2;PIRP=2;PIRM=2;PIRL=-2;PIRH=2;
SQNR=21691;DATE=24-08-14;TIME=06:01:30;STAT=201222;TMPA=17;TMPP=179;TMPB=21;TMPC=21;RHUA=85;DWPA=15;PTYP=1;PNAM=MS-80SH;PIRA=2;PIRP=2;PIRM=2;PIRL=-2;PIRH=2;
SQNR=21706;DATE=24-08-14;TIME=06:01:45;STAT=201222;TMPA=17;TMPP=178;TMPB=21;TMPC=21;RHUA=85;DWPA=15;PTYP=1;PNAM=MS-80SH;PIRA=2;PIRP=2;PIRM=2;PIRL=-2;PIRH=2;
SQNR=21721;DATE=24-08-14;TIME=06:02:00;STAT=201222;TMPA=17;TMPP=178;TMPB=21;TMPC=21;RHUA=85;DWPA=15;PTYP=1;PNAM=MS-80SH;PIRA=2;PIRP=2;PIRM=2;PIRL=-2;PIRH=2;
SQNR=21736;DATE=24-08-14;TIME=06:02:15;STAT=201222;TMPA=17;TMPP=178;TMPB=21;TMPC=21;RHUA=85;DWPA=15;PTYP=1;PNAM=MS-80SH;PIRA=2;PIRP=2;PIRM=2;PIRL=-2;PIRH=2;
SQNR=21751;DATE=24-08-14;TIME=06:02:30;STAT=201222;TMPA=17;TMPP=177;TMPB=21;TMPC=21;RHUA=86;DWPA=15;PTYP=1;PNAM=MS-80SH;PIRA=2;PIRP=2;PIRM=2;PIRL=-2;PIRH=2;
SQNR=21766;DATE=24-08-14;TIME=06:02:45;STAT=201222;TMPA=17;TMPP=177;TMPB=21;TMPC=21;RHUA=86;DWPA=15;PTYP=1;PNAM=MS-80SH;PIRA=2;PIRP=2;PIRM=2;PIRL=-2;PIRH=2;
SQNR=21781;DATE=24-08-14;TIME=06:03:00;STAT=201222;TMPA=17;TMPP=176;TMPB=21;TMPC=21;RHUA=86;DWPA=15;PTYP=1;PNAM=MS-80SH;PIRA=3;PIRP=2;PIRM=2;PIRL=-2;PIRH=3;
SQNR=21796;DATE=24-08-14;TIME=06:03:15;STAT=201222;TMPA=17;TMPP=175;TMPB=21;TMPC=21;RHUA=86;DWPA=15;PTYP=1;PNAM=MS-80SH;PIRA=3;PIRP=2;PIRM=2;PIRL=-2;PIRH=3;
SQNR=21811;DATE=24-08-14;TIME=06:03:30;STAT=201222;TMPA=17;TMPP=175;TMPB=21;TMPC=21;RHUA=87;DWPA=15;PTYP=1;PNAM=MS-80SH;PIRA=3;PIRP=3;PIRM=2;PIRL=-2;PIRH=3;
SQNR=21826;DATE=24-08-14;TIME=06:03:45;STAT=201222;TMPA=17;TMPP=174;TMPB=20;TMPC=21;RHUA=87;DWPA=15;PTYP=1;PNAM=MS-80SH;PIRA=3;PIRP=3;PIRM=3;PIRL=-2;PIRH=3;
SQNR=21841;DATE=24-08-14;TIME=06:04:00;STAT=201222;TMPA=17;TMPP=174;TMPB=20;TMPC=21;RHUA=88;DWPA=15;PTYP=1;PNAM=MS-80SH;PIRA=3;PIRP=3;PIRM=3;PIRL=-2;PIRH=3;
SQNR=21856;DATE=24-08-14;TIME=06:04:15;STAT=201222;TMPA=17;TMPP=173;TMPB=20;TMPC=21;RHUA=88;DWPA=15;PTYP=1;PNAM=MS-80SH;PIRA=3;PIRP=3;PIRM=3;PIRL=-2;PIRH=3;
SQNR=21871;DATE=24-08-14;TIME=06:04:30;STAT=201222;TMPA=17;TMPP=173;TMPB=20;TMPC=21;RHUA=88;DWPA=15;PTYP=1;PNAM=MS-80SH;PIRA=3;PIRP=3;PIRM=3;PIRL=-2;PIRH=3;
SQNR=21886;DATE=24-08-14;TIME=06:04:45;STAT=201222;TMPA=17;TMPP=172;TMPB=20;TMPC=21;RHUA=88;DWPA=15;PTYP=1;PNAM=MS-80SH;PIRA=3;PIRP=3;PIRM=3;PIRL=-2;PIRH=3;
SQNR=21901;DATE=24-08-14;TIME=06:05:00;STAT=201222;TMPA=17;TMPP=172;TMPB=20;TMPC=21;RHUA=88;DWPA=15;PTYP=1;PNAM=MS-80SH;PIRA=4;PIRP=3;PIRM=3;PIRL=-2;PIRH=4;
C-----;?
V-----;SWVNR=2102190;SQNDL=21902;DATE=24-08-14;TIME=06:05:06;THTYP=85;TTEMP=15;TDEWP=5;IUFAN=800;ILFAN=5;IUHEA=3000;PYDEF=21;PYAVT=30;PYAVW=1;PYOST=0;MSDLY=15;FNDLY=30;OSTRG=3;DBGFL=0;ASIRE=0;DBGRE=0;MPPFL=-1;
SQNR=21916;DATE=24-08-14;TIME=06:05:15;STAT=201222;TMPA=17;TMPP=172;TMPB=20;TMPC=21;RHUA=89;DWPA=15;PTYP=1;PNAM=MS-80SH;PIRA=4;PIRP=4;PIRM=3;PIRL=-2;PIRH=4;
SQNR=21931;DATE=24-08-14;TIME=06:05:30;STAT=201222;TMPA=17;TMPP=171;TMPB=20;TMPC=20;RHUA=89;DWPA=15;PTYP=1;PNAM=MS-80SH;PIRA=4;PIRP=4;PIRM=3;PIRL=-2;PIRH=4;
SQNR=21946;DATE=24-08-14;TIME=06:05:45;STAT=201222;TMPA=17;TMPP=171;TMPB=20;TMPC=20;RHUA=89;DWPA=15;PTYP=1;PNAM=MS-80SH;PIRA=4;PIRP=4;PIRM=4;PIRL=-2;PIRH=4;
SQNR=21961;DATE=24-08-14;TIME=06:06:00;STAT=201222;TMPA=17;TMPP=171;TMPB=20;TMPC=20;RHUA=89;DWPA=15;PTYP=1;PNAM=MS-80SH;PIRA=4;PIRP=4;PIRM=4;PIRL=-2;PIRH=4;
SQNR=21976;DATE=24-08-14;TIME=06:06:15;STAT=201222;TMPA=17;TMPP=171;TMPB=21;TMPC=20;RHUA=89;DWPA=15;PTYP=1;PNAM=MS-80SH;PIRA=4;PIRP=4;PIRM=4;PIRL=-2;PIRH=4;
SQNR=21991;DATE=24-08-14;TIME=06:06:30;STAT=201222;TMPA=17;TMPP=171;TMPB=21;TMPC=20;RHUA=89;DWPA=15;PTYP=1;PNAM=MS-80SH;PIRA=4;PIRP=4;PIRM=4;PIRL=-2;PIRH=4;
SQNR=22006;DATE=24-08-14;TIME=06:06:45;STAT=201222;TMPA=17;TMPP=172;TMPB=21;TMPC=20;RHUA=89;DWPA=15;PTYP=1;PNAM=MS-80SH;PIRA=4;PIRP=4;PIRM=4;PIRL=-2;PIRH=4;
SQNR=22021;DATE=24-08-14;TIME=06:07:00;STAT=201222;TMPA=17;TMPP=173;TMPB=21;TMPC=21;RHUA=89;DWPA=15;PTYP=1;PNAM=MS-80SH;PIRA=3;PIRP=4;PIRM=4;PIRL=-2;PIRH=4;
SQNR=22036;DATE=24-08-14;TIME=06:07:15;STAT=201222;TMPA=17;TMPP=174;TMPB=21;TMPC=21;RHUA=89;DWPA=15;PTYP=1;PNAM=MS-80SH;PIRA=3;PIRP=3;PIRM=3;PIRL=-2;PIRH=4;
SQNR=22051;DATE=24-08-14;TIME=06:07:30;STAT=201222;TMPA=17;TMPP=175;TMPB=21;TMPC=21;RHUA=88;DWPA=15;PTYP=1;PNAM=MS-80SH;PIRA=3;PIRP=3;PIRM=3;PIRL=-2;PIRH=4;
SQNR=22066;DATE=24-08-14;TIME=06:07:45;STAT=201222;TMPA=17;TMPP=176;TMPB=22;TMPC=21;RHUA=88;DWPA=15;PTYP=1;PNAM=MS-80SH;PIRA=4;PIRP=3;PIRM=3;PIRL=-2;PIRH=4;
SQNR=22081;DATE=24-08-14;TIME=06:08:00;STAT=201222;TMPA=17;TMPP=178;TMPB=22;TMPC=21;RHUA=87;DWPA=15;PTYP=1;PNAM=MS-80SH;PIRA=4;PIRP=3;PIRM=3;PIRL=-2;PIRH=4;
SQNR=22096;DATE=24-08-14;TIME=06:08:15;STAT=201222;TMPA=18;TMPP=180;TMPB=22;TMPC=21;RHUA=86;DWPA=15;PTYP=1;PNAM=MS-80SH;PIRA=4;PIRP=4;PIRM=4;PIRL=-2;PIRH=4;
SQNR=22111;DATE=24-08-14;TIME=06:08:30;STAT=201222;TMPA=18;TMPP=183;TMPB=22;TMPC=21;RHUA=85;DWPA=15;PTYP=1;PNAM=MS-80SH;PIRA=4;PIRP=4;PIRM=4;PIRL=-2;PIRH=4;
SQNR=22126;DATE=24-08-14;TIME=06:08:45;STAT=201222;TMPA=18;TMPP=185;TMPB=22;TMPC=21;RHUA=85;DWPA=15;PTYP=1;PNAM=MS-80SH;PIRA=4;PIRP=4;PIRM=4;PIRL=-2;PIRH=4;
SQNR=22141;DATE=24-08-14;TIME=06:09:00;STAT=201222;TMPA=18;TMPP=187;TMPB=22;TMPC=21;RHUA=84;DWPA=15;PTYP=1;PNAM=MS-80SH;PIRA=4;PIRP=4;PIRM=4;PIRL=-2;PIRH=4;
SQNR=22156;DATE=24-08-14;TIME=06:09:15;STAT=201222;TMPA=18;TMPP=188;TMPB=22;TMPC=21;RHUA=83;DWPA=15;PTYP=1;PNAM=MS-80SH;PIRA=4;PIRP=4;PIRM=4;PIRL=-2;PIRH=4;
SQNR=22171;DATE=24-08-14;TIME=06:09:30;STAT=201222;TMPA=18;TMPP=188;TMPB=22;TMPC=21;RHUA=82;DWPA=15;PTYP=1;PNAM=MS-80SH;PIRA=4;PIRP=4;PIRM=4;PIRL=-2;PIRH=4;
SQNR=22186;DATE=24-08-14;TIME=06:09:45;STAT=201222;TMPA=18;TMPP=188;TMPB=22;TMPC=21;RHUA=82;DWPA=15;PTYP=1;PNAM=MS-80SH;PIRA=5;PIRP=4;PIRM=4;PIRL=-2;PIRH=5;
SQNR=22201;DATE=24-08-14;TIME=06:10:00;STAT=201222;TMPA=18;TMPP=188;TMPB=22;TMPC=21;RHUA=82;DWPA=15;PTYP=1;PNAM=MS-80SH;PIRA=5;PIRP=5;PIRM=4;PIRL=-2;PIRH=5;
C-----;?
V-----;SWVNR=2102190;SQNDL=22202;DATE=24-08-14;TIME=06:10:06;THTYP=85;TTEMP=15;TDEWP=5;IUFAN=800;ILFAN=5;IUHEA=3000;PYDEF=21;PYAVT=30;PYAVW=1;PYOST=0;MSDLY=15;FNDLY=30;OSTRG=3;DBGFL=0;ASIRE=0;DBGRE=0;MPPFL=-1;
SQNR=22216;DATE=24-08-14;TIME=06:10:15;STAT=201222;TMPA=18;TMPP=187;TMPB=22;TMPC=21;RHUA=83;DWPA=15;PTYP=1;PNAM=MS-80SH;PIRA=5;PIRP=5;PIRM=4;PIRL=-2;PIRH=5;
SQNR=22231;DATE=24-08-14;TIME=06:10:30;STAT=201222;TMPA=18;TMPP=187;TMPB=21;TMPC=21;RHUA=83;DWPA=15;PTYP=1;PNAM=MS-80SH;PIRA=5;PIRP=5;PIRM=5;PIRL=-2;PIRH=5;
SQNR=22246;DATE=24-08-14;TIME=06:10:45;STAT=201222;TMPA=18;TMPP=187;TMPB=21;TMPC=21;RHUA=83;DWPA=15;PTYP=1;PNAM=MS-80SH;PIRA=5;PIRP=5;PIRM=5;PIRL=-2;PIRH=5;
SQNR=22261;DATE=24-08-14;TIME=06:11:00;STAT=201222;TMPA=18;TMPP=187;TMPB=21;TMPC=21;RHUA=83;DWPA=15;PTYP=1;PNAM=MS-80SH;PIRA=5;PIRP=5;PIRM=5;PIRL=-2;PIRH=5;
SQNR=22276;DATE=24-08-14;TIME=06:11:15;STAT=201222;TMPA=18;TMPP=186;TMPB=21;TMPC=21;RHUA=82;DWPA=15;PTYP=1;PNAM=MS-80SH;PIRA=5;PIRP=5;PIRM=5;PIRL=-2;PIRH=5;
SQNR=22291;DATE=24-08-14;TIME=06:11:30;STAT=201222;TMPA=18;TMPP=186;TMPB=21;TMPC=21;RHUA=83;DWPA=15;PTYP=1;PNAM=MS-80SH;PIRA=5;PIRP=5;PIRM=5;PIRL=-2;PIRH=5;
SQNR=22306;DATE=24-08-14;TIME=06:11:45;STAT=201222;TMPA=18;TMPP=186;TMPB=21;TMPC=21;RHUA=83;DWPA=15;PTYP=1;PNAM=MS-80SH;PIRA=5;PIRP=5;PIRM=5;PIRL=-2;PIRH=5;
SQNR=22321;DATE=24-08-14;TIME=06:12:00;STAT=201222;TMPA=18;TMPP=185;TMPB=21;TMPC=21;RHUA=83;DWPA=15;PTYP=1;PNAM=MS-80SH;PIRA=6;PIRP=5;PIRM=5;PIRL=-2;PIRH=6;
SQNR=22336;DATE=24-08-14;TIME=06:12:15;STAT=201222;TMPA=18;TMPP=185;TMPB=21;TMPC=21;RHUA=83;DWPA=15;PTYP=1;PNAM=MS-80SH;PIRA=6;PIRP=6;PIRM=5;PIRL=-2;PIRH=6;
SQNR=22351;DATE=24-08-14;TIME=06:12:30;STAT=201222;TMPA=18;TMPP=184;TMPB=21;TMPC=21;RHUA=84;DWPA=15;PTYP=1;PNAM=MS-80SH;PIRA=6;PIRP=6;PIRM=6;PIRL=-2;PIRH=6;
SQNR=22366;DATE=24-08-14;TIME=06:12:45;STAT=201222;TMPA=18;TMPP=183;TMPB=21;TMPC=21;RHUA=84;DWPA=15;PTYP=1;PNAM=MS-80SH;PIRA=5;PIRP=6;PIRM=6;PIRL=-2;PIRH=6;
SQNR=22381;DATE=24-08-14;TIME=06:13:00;STAT=201222;TMPA=18;TMPP=183;TMPB=21;TMPC=21;RHUA=84;DWPA=15;PTYP=1;PNAM=MS-80SH;PIRA=6;PIRP=6;PIRM=6;PIRL=-2;PIRH=6;
SQNR=22396;DATE=24-08-14;TIME=06:13:15;STAT=201222;TMPA=18;TMPP=182;TMPB=21;TMPC=21;RHUA=84;DWPA=15;PTYP=1;PNAM=MS-80SH;PIRA=6;PIRP=6;PIRM=6;PIRL=-2;PIRH=6;
SQNR=22411;DATE=24-08-14;TIME=06:13:30;STAT=201222;TMPA=18;TMPP=181;TMPB=21;TMPC=21;RHUA=84;DWPA=15;PTYP=1;PNAM=MS-80SH;PIRA=6;PIRP=6;PIRM=6;PIRL=-2;PIRH=6;
SQNR=22426;DATE=24-08-14;TIME=06:13:45;STAT=201222;TMPA=18;TMPP=180;TMPB=21;TMPC=21;RHUA=85;DWPA=15;PTYP=1;PNAM=MS-80SH;PIRA=6;PIRP=6;PIRM=6;PIRL=-2;PIRH=6;
SQNR=22441;DATE=24-08-14;TIME=06:14:00;STAT=201222;TMPA=18;TMPP=180;TMPB=21;TMPC=21;RHUA=85;DWPA=15;PTYP=1;PNAM=MS-80SH;PIRA=6;PIRP=6;PIRM=6;PIRL=-2;PIRH=7;
SQNR=22456;DATE=24-08-14;TIME=06:14:15;STAT=201222;TMPA=17;TMPP=179;TMPB=21;TMPC=21;RHUA=86;DWPA=15;PTYP=1;PNAM=MS-80SH;PIRA=7;PIRP=7;PIRM=6;PIRL=-2;PIRH=7;
SQNR=22471;DATE=24-08-14;TIME=06:14:30;STAT=201222;TMPA=17;TMPP=178;TMPB=21;TMPC=21;RHUA=86;DWPA=15;PTYP=1;PNAM=MS-80SH;PIRA=7;PIRP=7;PIRM=6;PIRL=-2;PIRH=7;
SQNR=22485;DATE=24-08-14;TIME=06:14:45;STAT=201222;TMPA=17;TMPP=178;TMPB=21;TMPC=21;RHUA=86;DWPA=15;PTYP=1;PNAM=MS-80SH;PIRA=7;PIRP=7;PIRM=7;PIRL=-2;PIRH=7;
SQNR=22501;DATE=24-08-14;TIME=06:15:00;STAT=201222;TMPA=17;TMPP=177;TMPB=21;TMPC=21;RHUA=86;DWPA=15;PTYP=1;PNAM=MS-80SH;PIRA=7;PIRP=7;PIRM=7;PIRL=-2;PIRH=7;
C-----;?
V-----;SWVNR=2102190;SQNDL=22502;DATE=24-08-14;TIME=06:15:07;THTYP=85;TTEMP=15;TDEWP=5;IUFAN=800;ILFAN=5;IUHEA=3000;PYDEF=21;PYAVT=30;PYAVW=1;PYOST=0;MSDLY=15;FNDLY=30;OSTRG=3;DBGFL=0;ASIRE=0;DBGRE=0;MPPFL=-1;
SQNR=22515;DATE=24-08-14;TIME=06:15:15;STAT=201222;TMPA=17;TMPP=177;TMPB=21;TMPC=21;RHUA=86;DWPA=15;PTYP=1;PNAM=MS-80SH;PIRA=7;PIRP=7;PIRM=7;PIRL=-2;PIRH=7;
SQNR=22530;DATE=24-08-14;TIME=06:15:30;STAT=201222;TMPA=17;TMPP=176;TMPB=21;TMPC=21;RHUA=87;DWPA=15;PTYP=1;PNAM=MS-80SH;PIRA=7;PIRP=7;PIRM=7;PIRL=-2;PIRH=7;
SQNR=22545;DATE=24-08-14;TIME=06:15:45;STAT=201222;TMPA=17;TMPP=176;TMPB=21;TMPC=21;RHUA=87;DWPA=15;PTYP=1;PNAM=MS-80SH;PIRA=7;PIRP=7;PIRM=7;PIRL=-2;PIRH=7;
SQNR=22560;DATE=24-08-14;TIME=06:16:00;STAT=201222;TMPA=17;TMPP=176;TMPB=21;TMPC=21;RHUA=87;DWPA=15;PTYP=1;PNAM=MS-80SH;PIRA=7;PIRP=7;PIRM=7;PIRL=-2;PIRH=7;
SQNR=22575;DATE=24-08-14;TIME=06:16:15;STAT=201222;TMPA=17;TMPP=176;TMPB=21;TMPC=21;RHUA=87;DWPA=15;PTYP=1;PNAM=MS-80SH;PIRA=7;PIRP=7;PIRM=7;PIRL=-2;PIRH=7;
SQNR=22590;DATE=24-08-14;TIME=06:16:30;STAT=201222;TMPA=17;TMPP=176;TMPB=21;TMPC=21;RHUA=87;DWPA=15;PTYP=1;PNAM=MS-80SH;PIRA=7;PIRP=7;PIRM=7;PIRL=-2;PIRH=7;
SQNR=22605;DATE=24-08-14;TIME=06:16:45;STAT=201222;TMPA=17;TMPP=177;TMPB=21;TMPC=21;RHUA=87;DWPA=15;PTYP=1;PNAM=MS-80SH;PIRA=7;PIRP=7;PIRM=7;PIRL=-2;PIRH=8;
SQNR=22620;DATE=24-08-14;TIME=06:17:00;STAT=201222;TMPA=17;TMPP=178;TMPB=21;TMPC=21;RHUA=87;DWPA=15;PTYP=1;PNAM=MS-80SH;PIRA=7;PIRP=7;PIRM=7;PIRL=-2;PIRH=8;
SQNR=22635;DATE=24-08-14;TIME=06:17:15;STAT=201222;TMPA=17;TMPP=178;TMPB=22;TMPC=21;RHUA=87;DWPA=15;PTYP=1;PNAM=MS-80SH;PIRA=7;PIRP=7;PIRM=7;PIRL=-2;PIRH=8;
SQNR=22650;DATE=24-08-14;TIME=06:17:30;STAT=201222;TMPA=17;TMPP=179;TMPB=22;TMPC=21;RHUA=86;DWPA=15;PTYP=1;PNAM=MS-80SH;PIRA=7;PIRP=7;PIRM=7;PIRL=-2;PIRH=8;
SQNR=22665;DATE=24-08-14;TIME=06:17:45;STAT=201222;TMPA=17;TMPP=179;TMPB=22;TMPC=21;RHUA=86;DWPA=15;PTYP=1;PNAM=MS-80SH;PIRA=7;PIRP=7;PIRM=7;PIRL=-2;PIRH=8;
SQNR=22680;DATE=24-08-14;TIME=06:18:00;STAT=201222;TMPA=18;TMPP=180;TMPB=22;TMPC=21;RHUA=86;DWPA=15;PTYP=1;PNAM=MS-80SH;PIRA=8;PIRP=7;PIRM=7;PIRL=-2;PIRH=8;
SQNR=22695;DATE=24-08-14;TIME=06:18:15;STAT=201222;TMPA=18;TMPP=180;TMPB=22;TMPC=21;RHUA=86;DWPA=15;PTYP=1;PNAM=MS-80SH;PIRA=7;PIRP=7;PIRM=7;PIRL=-2;PIRH=8;
SQNR=22710;DATE=24-08-14;TIME=06:18:30;STAT=201222;TMPA=18;TMPP=182;TMPB=22;TMPC=21;RHUA=85;DWPA=15;PTYP=1;PNAM=MS-80SH;PIRA=8;PIRP=7;PIRM=7;PIRL=-2;PIRH=8;
SQNR=22725;DATE=24-08-14;TIME=06:18:45;STAT=201222;TMPA=18;TMPP=182;TMPB=22;TMPC=21;RHUA=85;DWPA=15;PTYP=1;PNAM=MS-80SH;PIRA=8;PIRP=8;PIRM=8;PIRL=-2;PIRH=8;
SQNR=22740;DATE=24-08-14;TIME=06:19:00;STAT=201222;TMPA=18;TMPP=182;TMPB=22;TMPC=21;RHUA=85;DWPA=15;PTYP=1;PNAM=MS-80SH;PIRA=8;PIRP=8;PIRM=8;PIRL=-2;PIRH=8;
SQNR=22755;DATE=24-08-14;TIME=06:19:15;STAT=201222;TMPA=18;TMPP=182;TMPB=22;TMPC=21;RHUA=84;DWPA=15;PTYP=1;PNAM=MS-80SH;PIRA=8;PIRP=8;PIRM=8;PIRL=-2;PIRH=8;
SQNR=22770;DATE=24-08-14;TIME=06:19:30;STAT=201222;TMPA=18;TMPP=182;TMPB=22;TMPC=21;RHUA=84;DWPA=15;PTYP=1;PNAM=MS-80SH;PIRA=8;PIRP=8;PIRM=8;PIRL=-2;PIRH=8;
SQNR=22785;DATE=24-08-14;TIME=06:19:45;STAT=201222;TMPA=18;TMPP=182;TMPB=22;TMPC=21;RHUA=84;DWPA=15;PTYP=1;PNAM=MS-80SH;PIRA=9;PIRP=8;PIRM=8;PIRL=-2;PIRH=9;
SQNR=22800;DATE=24-08-14;TIME=06:20:00;STAT=201222;TMPA=18;TMPP=181;TMPB=21;TMPC=21;RHUA=83;DWPA=15;PTYP=1;PNAM=MS-80SH;PIRA=9;PIRP=9;PIRM=9;PIRL=-2;PIRH=9;
C-----;?
V-----;SWVNR=2102190;SQNDL=22801;DATE=24-08-14;TIME=06:20:06;THTYP=85;TTEMP=15;TDEWP=5;IUFAN=800;ILFAN=5;IUHEA=3000;PYDEF=21;PYAVT=30;PYAVW=1;PYOST=0;MSDLY=15;FNDLY=30;OSTRG=3;DBGFL=0;ASIRE=0;DBGRE=0;MPPFL=-1;
SQNR=22815;DATE=24-08-14;TIME=06:20:15;STAT=201222;TMPA=18;TMPP=180;TMPB=21;TMPC=21;RHUA=83;DWPA=15;PTYP=1;PNAM=MS-80SH;PIRA=9;PIRP=9;PIRM=9;PIRL=-2;PIRH=9;
SQNR=22830;DATE=24-08-14;TIME=06:20:30;STAT=201222;TMPA=18;TMPP=180;TMPB=21;TMPC=21;RHUA=84;DWPA=15;PTYP=1;PNAM=MS-80SH;PIRA=10;PIRP=9;PIRM=9;PIRL=-2;PIRH=10;
SQNR=22845;DATE=24-08-14;TIME=06:20:45;STAT=201222;TMPA=17;TMPP=179;TMPB=21;TMPC=21;RHUA=84;DWPA=15;PTYP=1;PNAM=MS-80SH;PIRA=10;PIRP=10;PIRM=9;PIRL=-2;PIRH=10;
SQNR=22860;DATE=24-08-14;TIME=06:21:00;STAT=201222;TMPA=17;TMPP=177;TMPB=21;TMPC=21;RHUA=84;DWPA=15;PTYP=1;PNAM=MS-80SH;PIRA=10;PIRP=10;PIRM=10;PIRL=-2;PIRH=10;
SQNR=22875;DATE=24-08-14;TIME=06:21:15;STAT=201222;TMPA=17;TMPP=176;TMPB=21;TMPC=21;RHUA=85;DWPA=15;PTYP=1;PNAM=MS-80SH;PIRA=10;PIRP=10;PIRM=10;PIRL=-2;PIRH=10;
SQNR=22890;DATE=24-08-14;TIME=06:21:30;STAT=201222;TMPA=17;TMPP=175;TMPB=21;TMPC=21;RHUA=85;DWPA=15;PTYP=1;PNAM=MS-80SH;PIRA=11;PIRP=10;PIRM=10;PIRL=-2;PIRH=11;
SQNR=22905;DATE=24-08-14;TIME=06:21:45;STAT=201222;TMPA=17;TMPP=174;TMPB=21;TMPC=21;RHUA=85;DWPA=15;PTYP=1;PNAM=MS-80SH;PIRA=11;PIRP=11;PIRM=10;PIRL=-2;PIRH=11;
SQNR=22920;DATE=24-08-14;TIME=06:22:00;STAT=201222;TMPA=17;TMPP=173;TMPB=21;TMPC=21;RHUA=86;DWPA=15;PTYP=1;PNAM=MS-80SH;PIRA=11;PIRP=11;PIRM=11;PIRL=-2;PIRH=11;
SQNR=22935;DATE=24-08-14;TIME=06:22:15;STAT=201222;TMPA=17;TMPP=173;TMPB=21;TMPC=21;RHUA=86;DWPA=15;PTYP=1;PNAM=MS-80SH;PIRA=11;PIRP=11;PIRM=11;PIRL=-2;PIRH=11;
SQNR=22950;DATE=24-08-14;TIME=06:22:30;STAT=201222;TMPA=17;TMPP=172;TMPB=21;TMPC=21;RHUA=87;DWPA=15;PTYP=1;PNAM=MS-80SH;PIRA=11;PIRP=11;PIRM=11;PIRL=-2;PIRH=11;
SQNR=22965;DATE=24-08-14;TIME=06:22:45;STAT=201222;TMPA=17;TMPP=171;TMPB=21;TMPC=21;RHUA=87;DWPA=15;PTYP=1;PNAM=MS-80SH;PIRA=11;PIRP=11;PIRM=11;PIRL=-2;PIRH=11;
SQNR=22980;DATE=24-08-14;TIME=06:23:00;STAT=201222;TMPA=17;TMPP=170;TMPB=21;TMPC=21;RHUA=87;DWPA=15;PTYP=1;PNAM=MS-80SH;PIRA=11;PIRP=11;PIRM=11;PIRL=-2;PIRH=11;
SQNR=22995;DATE=24-08-14;TIME=06:23:15;STAT=201222;TMPA=17;TMPP=170;TMPB=21;TMPC=21;RHUA=87;DWPA=15;PTYP=1;PNAM=MS-80SH;PIRA=11;PIRP=11;PIRM=11;PIRL=-2;PIRH=11;
SQNR=23010;DATE=24-08-14;TIME=06:23:30;STAT=201222;TMPA=16;TMPP=169;TMPB=21;TMPC=21;RHUA=88;DWPA=14;PTYP=1;PNAM=MS-80SH;PIRA=11;PIRP=11;PIRM=11;PIRL=-2;PIRH=12;
SQNR=23025;DATE=24-08-14;TIME=06:23:45;STAT=201222;TMPA=16;TMPP=169;TMPB=21;TMPC=21;RHUA=88;DWPA=14;PTYP=1;PNAM=MS-80SH;PIRA=12;PIRP=11;PIRM=11;PIRL=-2;PIRH=12;
SQNR=23040;DATE=24-08-14;TIME=06:24:00;STAT=201222;TMPA=16;TMPP=168;TMPB=21;TMPC=21;RHUA=88;DWPA=15;PTYP=1;PNAM=MS-80SH;PIRA=12;PIRP=12;PIRM=11;PIRL=-2;PIRH=12;
SQNR=23055;DATE=24-08-14;TIME=06:24:15;STAT=201222;TMPA=16;TMPP=169;TMPB=21;TMPC=20;RHUA=88;DWPA=15;PTYP=1;PNAM=MS-80SH;PIRA=12;PIRP=12;PIRM=12;PIRL=-2;PIRH=12;
SQNR=23070;DATE=24-08-14;TIME=06:24:30;STAT=201222;TMPA=16;TMPP=169;TMPB=21;TMPC=20;RHUA=88;DWPA=15;PTYP=1;PNAM=MS-80SH;PIRA=12;PIRP=12;PIRM=12;PIRL=-2;PIRH=12;
SQNR=23085;DATE=24-08-14;TIME=06:24:45;STAT=201222;TMPA=16;TMPP=168;TMPB=21;TMPC=20;RHUA=88;DWPA=15;PTYP=1;PNAM=MS-80SH;PIRA=12;PIRP=12;PIRM=12;PIRL=-2;PIRH=12;
C-----;?
SQNR=23100;DATE=24-08-14;TIME=06:25:00;STAT=201222;TMPA=16;TMPP=168;TMPB=20;TMPC=20;RHUA=88;DWPA=15;PTYP=1;PNAM=MS-80SH;PIRA=12;PIRP=12;PIRM=12;PIRL=-2;PIRH=12;
V-----;SWVNR=2102190;SQNDL=23101;DATE=24-08-14;TIME=06:25:06;THTYP=85;TTEMP=15;TDEWP=5;IUFAN=800;ILFAN=5;IUHEA=3000;PYDEF=21;PYAVT=30;PYAVW=1;PYOST=0;MSDLY=15;FNDLY=30;OSTRG=3;DBGFL=0;ASIRE=0;DBGRE=0;MPPFL=-1;
SQNR=23115;DATE=24-08-14;TIME=06:25:15;STAT=201222;TMPA=16;TMPP=168;TMPB=21;TMPC=20;RHUA=88;DWPA=15;PTYP=1;PNAM=MS-80SH;PIRA=12;PIRP=12;PIRM=12;PIRL=-2;PIRH=12;
SQNR=23130;DATE=24-08-14;TIME=06:25:30;STAT=201222;TMPA=16;TMPP=168;TMPB=21;TMPC=20;RHUA=89;DWPA=15;PTYP=1;PNAM=MS-80SH;PIRA=12;PIRP=12;PIRM=12;PIRL=-2;PIRH=12;
SQNR=23145;DATE=24-08-14;TIME=06:25:45;STAT=201222;TMPA=16;TMPP=168;TMPB=20;TMPC=20;RHUA=89;DWPA=15;PTYP=1;PNAM=MS-80SH;PIRA=12;PIRP=12;PIRM=12;PIRL=-2;PIRH=12;
SQNR=23160;DATE=24-08-14;TIME=06:26:00;STAT=201222;TMPA=16;TMPP=168;TMPB=20;TMPC=20;RHUA=89;DWPA=15;PTYP=1;PNAM=MS-80SH;PIRA=12;PIRP=12;PIRM=12;PIRL=-2;PIRH=12;
SQNR=23175;DATE=24-08-14;TIME=06:26:15;STAT=201222;TMPA=16;TMPP=168;TMPB=20;TMPC=20;RHUA=89;DWPA=15;PTYP=1;PNAM=MS-80SH;PIRA=12;PIRP=12;PIRM=12;PIRL=-2;PIRH=12;
SQNR=23190;DATE=24-08-14;TIME=06:26:30;STAT=201222;TMPA=16;TMPP=168;TMPB=21;TMPC=20;RHUA=89;DWPA=15;PTYP=1;PNAM=MS-80SH;PIRA=13;PIRP=12;PIRM=12;PIRL=-2;PIRH=13;
SQNR=23205;DATE=24-08-14;TIME=06:26:45;STAT=201222;TMPA=16;TMPP=168;TMPB=21;TMPC=20;RHUA=89;DWPA=15;PTYP=1;PNAM=MS-80SH;PIRA=13;PIRP=12;PIRM=12;PIRL=-2;PIRH=13;
SQNR=23220;DATE=24-08-14;TIME=06:27:00;STAT=201222;TMPA=16;TMPP=168;TMPB=21;TMPC=20;RHUA=89;DWPA=15;PTYP=1;PNAM=MS-80SH;PIRA=13;PIRP=13;PIRM=13;PIRL=-2;PIRH=13;
SQNR=23235;DATE=24-08-14;TIME=06:27:15;STAT=201222;TMPA=16;TMPP=168;TMPB=21;TMPC=20;RHUA=89;DWPA=15;PTYP=1;PNAM=MS-80SH;PIRA=13;PIRP=13;PIRM=13;PIRL=-2;PIRH=13;
SQNR=23250;DATE=24-08-14;TIME=06:27:30;STAT=201222;TMPA=16;TMPP=168;TMPB=21;TMPC=20;RHUA=89;DWPA=15;PTYP=1;PNAM=MS-80SH;PIRA=13;PIRP=13;PIRM=13;PIRL=-2;PIRH=13;
SQNR=23265;DATE=24-08-14;TIME=06:27:45;STAT=201222;TMPA=16;TMPP=169;TMPB=21;TMPC=20;RHUA=89;DWPA=15;PTYP=1;PNAM=MS-80SH;PIRA=13;PIRP=13;PIRM=13;PIRL=-2;PIRH=13;
SQNR=23280;DATE=24-08-14;TIME=06:28:00;STAT=201222;TMPA=16;TMPP=169;TMPB=21;TMPC=20;RHUA=89;DWPA=15;PTYP=1;PNAM=MS-80SH;PIRA=14;PIRP=13;PIRM=13;PIRL=-2;PIRH=14;
SQNR=23295;DATE=24-08-14;TIME=06:28:15;STAT=201222;TMPA=16;TMPP=169;TMPB=21;TMPC=20;RHUA=89;DWPA=15;PTYP=1;PNAM=MS-80SH;PIRA=14;PIRP=14;PIRM=13;PIRL=-2;PIRH=14;
SQNR=23310;DATE=24-08-14;TIME=06:28:30;STAT=201222;TMPA=16;TMPP=168;TMPB=21;TMPC=20;RHUA=89;DWPA=15;PTYP=1;PNAM=MS-80SH;PIRA=14;PIRP=14;PIRM=14;PIRL=-2;PIRH=14;
SQNR=23325;DATE=24-08-14;TIME=06:28:45;STAT=201222;TMPA=16;TMPP=169;TMPB=21;TMPC=20;RHUA=89;DWPA=15;PTYP=1;PNAM=MS-80SH;PIRA=14;PIRP=14;PIRM=14;PIRL=-2;PIRH=14;
SQNR=23340;DATE=24-08-14;TIME=06:29:00;STAT=201222;TMPA=16;TMPP=169;TMPB=21;TMPC=20;RHUA=89;DWPA=15;PTYP=1;PNAM=MS-80SH;PIRA=15;PIRP=14;PIRM=14;PIRL=-2;PIRH=15;
SQNR=23355;DATE=24-08-14;TIME=06:29:15;STAT=201222;TMPA=16;TMPP=169;TMPB=21;TMPC=20;RHUA=89;DWPA=15;PTYP=1;PNAM=MS-80SH;PIRA=15;PIRP=14;PIRM=14;PIRL=-2;PIRH=15;
SQNR=23370;DATE=24-08-14;TIME=06:29:30;STAT=201222;TMPA=16;TMPP=169;TMPB=21;TMPC=20;RHUA=89;DWPA=15;PTYP=1;PNAM=MS-80SH;PIRA=15;PIRP=15;PIRM=14;PIRL=-2;PIRH=15;
SQNR=23385;DATE=24-08-14;TIME=06:29:45;STAT=201222;TMPA=16;TMPP=169;TMPB=21;TMPC=20;RHUA=89;DWPA=15;PTYP=1;PNAM=MS-80SH;PIRA=15;PIRP=15;PIRM=15;PIRL=-2;PIRH=15;
SQNR=23400;DATE=24-08-14;TIME=06:30:00;STAT=201222;TMPA=16;TMPP=169;TMPB=21;TMPC=20;RHUA=89;DWPA=15;PTYP=1;PNAM=MS-80SH;PIRA=15;PIRP=15;PIRM=15;PIRL=-2;PIRH=15;
C-----;?
V-----;SWVNR=2102190;SQNDL=23401;DATE=24-08-14;TIME=06:30:06;THTYP=85;TTEMP=15;TDEWP=5;IUFAN=800;ILFAN=5;IUHEA=3000;PYDEF=21;PYAVT=30;PYAVW=1;PYOST=0;MSDLY=15;FNDLY=30;OSTRG=3;DBGFL=0;ASIRE=0;DBGRE=0;MPPFL=-1;
SQNR=23415;DATE=24-08-14;TIME=06:30:15;STAT=201222;TMPA=16;TMPP=169;TMPB=21;TMPC=20;RHUA=89;DWPA=15;PTYP=1;PNAM=MS-80SH;PIRA=15;PIRP=15;PIRM=15;PIRL=-2;PIRH=15;
SQNR=23430;DATE=24-08-14;TIME=06:30:30;STAT=201222;TMPA=16;TMPP=169;TMPB=21;TMPC=20;RHUA=89;DWPA=15;PTYP=1;PNAM=MS-80SH;PIRA=15;PIRP=15;PIRM=15;PIRL=-2;PIRH=15;
SQNR=23445;DATE=24-08-14;TIME=06:30:45;STAT=201222;TMPA=16;TMPP=169;TMPB=21;TMPC=20;RHUA=89;DWPA=15;PTYP=1;PNAM=MS-80SH;PIRA=15;PIRP=15;PIRM=15;PIRL=-2;PIRH=15;
SQNR=23460;DATE=24-08-14;TIME=06:31:00;STAT=201222;TMPA=16;TMPP=169;TMPB=21;TMPC=20;RHUA=89;DWPA=15;PTYP=1;PNAM=MS-80SH;PIRA=15;PIRP=15;PIRM=15;PIRL=-2;PIRH=15;
SQNR=23475;DATE=24-08-14;TIME=06:31:15;STAT=201222;TMPA=16;TMPP=169;TMPB=21;TMPC=20;RHUA=89;DWPA=15;PTYP=1;PNAM=MS-80SH;PIRA=16;PIRP=15;PIRM=15;PIRL=-2;PIRH=16;
SQNR=23490;DATE=24-08-14;TIME=06:31:30;STAT=201222;TMPA=16;TMPP=169;TMPB=21;TMPC=20;RHUA=89;DWPA=15;PTYP=1;PNAM=MS-80SH;PIRA=16;PIRP=16;PIRM=16;PIRL=-2;PIRH=16;
SQNR=23505;DATE=24-08-14;TIME=06:31:45;STAT=201222;TMPA=16;TMPP=169;TMPB=21;TMPC=20;RHUA=89;DWPA=15;PTYP=1;PNAM=MS-80SH;PIRA=16;PIRP=16;PIRM=16;PIRL=-2;PIRH=16;
SQNR=23520;DATE=24-08-14;TIME=06:32:00;STAT=201222;TMPA=16;TMPP=169;TMPB=21;TMPC=20;RHUA=89;DWPA=15;PTYP=1;PNAM=MS-80SH;PIRA=16;PIRP=16;PIRM=16;PIRL=-2;PIRH=16;
SQNR=23535;DATE=24-08-14;TIME=06:32:15;STAT=201222;TMPA=16;TMPP=169;TMPB=21;TMPC=20;RHUA=89;DWPA=15;PTYP=1;PNAM=MS-80SH;PIRA=17;PIRP=16;PIRM=16;PIRL=-2;PIRH=17;
SQNR=23550;DATE=24-08-14;TIME=06:32:30;STAT=201222;TMPA=16;TMPP=169;TMPB=21;TMPC=20;RHUA=89;DWPA=15;PTYP=1;PNAM=MS-80SH;PIRA=17;PIRP=17;PIRM=16;PIRL=-2;PIRH=17;
SQNR=23565;DATE=24-08-14;TIME=06:32:45;STAT=201222;TMPA=17;TMPP=170;TMPB=21;TMPC=20;RHUA=89;DWPA=15;PTYP=1;PNAM=MS-80SH;PIRA=18;PIRP=17;PIRM=17;PIRL=-2;PIRH=18;
SQNR=23580;DATE=24-08-14;TIME=06:33:00;STAT=201222;TMPA=17;TMPP=170;TMPB=21;TMPC=20;RHUA=89;DWPA=15;PTYP=1;PNAM=MS-80SH;PIRA=20;PIRP=18;PIRM=18;PIRL=-2;PIRH=20;
SQNR=23595;DATE=24-08-14;TIME=06:33:15;STAT=201222;TMPA=17;TMPP=170;TMPB=21;TMPC=20;RHUA=89;DWPA=15;PTYP=1;PNAM=MS-80SH;PIRA=22;PIRP=20;PIRM=19;PIRL=-2;PIRH=22;
SQNR=23610;DATE=24-08-14;TIME=06:33:30;STAT=201222;TMPA=17;TMPP=170;TMPB=21;TMPC=20;RHUA=89;DWPA=15;PTYP=1;PNAM=MS-80SH;PIRA=23;PIRP=22;PIRM=20;PIRL=-2;PIRH=23;
SQNR=23625;DATE=24-08-14;TIME=06:33:45;STAT=201222;TMPA=17;TMPP=170;TMPB=21;TMPC=20;RHUA=89;DWPA=15;PTYP=1;PNAM=MS-80SH;PIRA=25;PIRP=23;PIRM=22;PIRL=-2;PIRH=25;
SQNR=23640;DATE=24-08-14;TIME=06:34:00;STAT=201222;TMPA=17;TMPP=170;TMPB=21;TMPC=20;RHUA=89;DWPA=15;PTYP=1;PNAM=MS-80SH;PIRA=27;PIRP=25;PIRM=24;PIRL=-2;PIRH=27;
SQNR=23655;DATE=24-08-14;TIME=06:34:15;STAT=201222;TMPA=17;TMPP=170;TMPB=21;TMPC=20;RHUA=89;DWPA=15;PTYP=1;PNAM=MS-80SH;PIRA=29;PIRP=27;PIRM=25;PIRL=-2;PIRH=29;
SQNR=23670;DATE=24-08-14;TIME=06:34:30;STAT=201222;TMPA=17;TMPP=171;TMPB=21;TMPC=20;RHUA=89;DWPA=15;PTYP=1;PNAM=MS-80SH;PIRA=30;PIRP=29;PIRM=27;PIRL=-2;PIRH=30;
SQNR=23685;DATE=24-08-14;TIME=06:34:45;STAT=201222;TMPA=17;TMPP=171;TMPB=21;TMPC=20;RHUA=89;DWPA=15;PTYP=1;PNAM=MS-80SH;PIRA=32;PIRP=30;PIRM=29;PIRL=-2;PIRH=32;
C-----;?
SQNR=23700;DATE=24-08-14;TIME=06:35:00;STAT=201222;TMPA=17;TMPP=171;TMPB=21;TMPC=20;RHUA=89;DWPA=15;PTYP=1;PNAM=MS-80SH;PIRA=33;PIRP=32;PIRM=30;PIRL=-2;PIRH=33;
SQNR=23715;DATE=24-08-14;TIME=06:35:15;STAT=201222;TMPA=17;TMPP=171;TMPB=21;TMPC=20;RHUA=89;DWPA=15;PTYP=1;PNAM=MS-80SH;PIRA=34;PIRP=33;PIRM=32;PIRL=-2;PIRH=34;
SQNR=23730;DATE=24-08-14;TIME=06:35:30;STAT=201222;TMPA=17;TMPP=171;TMPB=21;TMPC=20;RHUA=89;DWPA=15;PTYP=1;PNAM=MS-80SH;PIRA=35;PIRP=34;PIRM=33;PIRL=-2;PIRH=35;
SQNR=23745;DATE=24-08-14;TIME=06:35:45;STAT=201222;TMPA=17;TMPP=171;TMPB=21;TMPC=20;RHUA=89;DWPA=15;PTYP=1;PNAM=MS-80SH;PIRA=35;PIRP=35;PIRM=34;PIRL=-2;PIRH=35;
SQNR=23760;DATE=24-08-14;TIME=06:36:00;STAT=201222;TMPA=17;TMPP=171;TMPB=21;TMPC=20;RHUA=89;DWPA=15;PTYP=1;PNAM=MS-80SH;PIRA=34;PIRP=34;PIRM=34;PIRL=-2;PIRH=35;
SQNR=23775;DATE=24-08-14;TIME=06:36:15;STAT=201222;TMPA=17;TMPP=171;TMPB=21;TMPC=20;RHUA=89;DWPA=15;PTYP=1;PNAM=MS-80SH;PIRA=34;PIRP=34;PIRM=34;PIRL=-2;PIRH=35;
SQNR=23790;DATE=24-08-14;TIME=06:36:30;STAT=201222;TMPA=17;TMPP=171;TMPB=21;TMPC=20;RHUA=89;DWPA=15;PTYP=1;PNAM=MS-80SH;PIRA=33;PIRP=34;PIRM=34;PIRL=-2;PIRH=35;
SQNR=23805;DATE=24-08-14;TIME=06:36:45;STAT=201222;TMPA=17;TMPP=171;TMPB=21;TMPC=20;RHUA=89;DWPA=15;PTYP=1;PNAM=MS-80SH;PIRA=32;PIRP=33;PIRM=33;PIRL=-2;PIRH=35;
SQNR=23820;DATE=24-08-14;TIME=06:37:00;STAT=201222;TMPA=17;TMPP=171;TMPB=21;TMPC=20;RHUA=89;DWPA=15;PTYP=1;PNAM=MS-80SH;PIRA=32;PIRP=32;PIRM=33;PIRL=-2;PIRH=35;
SQNR=23835;DATE=24-08-14;TIME=06:37:15;STAT=201222;TMPA=17;TMPP=171;TMPB=21;TMPC=20;RHUA=89;DWPA=15;PTYP=1;PNAM=MS-80SH;PIRA=31;PIRP=32;PIRM=32;PIRL=-2;PIRH=35;
SQNR=23850;DATE=24-08-14;TIME=06:37:30;STAT=201222;TMPA=17;TMPP=171;TMPB=21;TMPC=20;RHUA=89;DWPA=15;PTYP=1;PNAM=MS-80SH;PIRA=30;PIRP=31;PIRM=31;PIRL=-2;PIRH=35;
SQNR=23865;DATE=24-08-14;TIME=06:37:45;STAT=201222;TMPA=17;TMPP=171;TMPB=21;TMPC=20;RHUA=89;DWPA=15;PTYP=1;PNAM=MS-80SH;PIRA=29;PIRP=30;PIRM=31;PIRL=-2;PIRH=35;
SQNR=23880;DATE=24-08-14;TIME=06:38:00;STAT=201222;TMPA=17;TMPP=171;TMPB=21;TMPC=20;RHUA=89;DWPA=15;PTYP=1;PNAM=MS-80SH;PIRA=29;PIRP=29;PIRM=30;PIRL=-2;PIRH=35;
SQNR=23895;DATE=24-08-14;TIME=06:38:15;STAT=201222;TMPA=17;TMPP=171;TMPB=21;TMPC=20;RHUA=89;DWPA=15;PTYP=1;PNAM=MS-80SH;PIRA=28;PIRP=29;PIRM=29;PIRL=-2;PIRH=35;
SQNR=23910;DATE=24-08-14;TIME=06:38:30;STAT=201222;TMPA=17;TMPP=171;TMPB=21;TMPC=20;RHUA=89;DWPA=15;PTYP=1;PNAM=MS-80SH;PIRA=28;PIRP=28;PIRM=29;PIRL=-2;PIRH=35;
SQNR=23925;DATE=24-08-14;TIME=06:38:45;STAT=201222;TMPA=17;TMPP=171;TMPB=21;TMPC=20;RHUA=89;DWPA=15;PTYP=1;PNAM=MS-80SH;PIRA=27;PIRP=28;PIRM=28;PIRL=-2;PIRH=35;
SQNR=23940;DATE=24-08-14;TIME=06:39:00;STAT=201222;TMPA=17;TMPP=171;TMPB=21;TMPC=20;RHUA=89;DWPA=15;PTYP=1;PNAM=MS-80SH;PIRA=27;PIRP=27;PIRM=28;PIRL=-2;PIRH=35;
SQNR=23955;DATE=24-08-14;TIME=06:39:15;STAT=201222;TMPA=17;TMPP=171;TMPB=21;TMPC=20;RHUA=89;DWPA=15;PTYP=1;PNAM=MS-80SH;PIRA=27;PIRP=27;PIRM=27;PIRL=-2;PIRH=35;
SQNR=23970;DATE=24-08-14;TIME=06:39:30;STAT=201222;TMPA=17;TMPP=171;TMPB=21;TMPC=20;RHUA=89;DWPA=15;PTYP=1;PNAM=MS-80SH;PIRA=27;PIRP=27;PIRM=27;PIRL=-2;PIRH=35;
SQNR=23985;DATE=24-08-14;TIME=06:39:45;STAT=201222;TMPA=17;TMPP=171;TMPB=21;TMPC=20;RHUA=89;DWPA=15;PTYP=1;PNAM=MS-80SH;PIRA=28;PIRP=27;PIRM=27;PIRL=-2;PIRH=35;
SQNR=24000;DATE=24-08-14;TIME=06:40:00;STAT=201222;TMPA=17;TMPP=170;TMPB=21;TMPC=20;RHUA=89;DWPA=15;PTYP=1;PNAM=MS-80SH;PIRA=29;PIRP=28;PIRM=28;PIRL=-2;PIRH=35;
C-----;?
V-----;SWVNR=2102190;SQNDL=24002;DATE=24-08-14;TIME=06:40:07;THTYP=85;TTEMP=15;TDEWP=5;IUFAN=800;ILFAN=5;IUHEA=3000;PYDEF=21;PYAVT=30;PYAVW=1;PYOST=0;MSDLY=15;FNDLY=30;OSTRG=3;DBGFL=0;ASIRE=0;DBGRE=0;MPPFL=-1;
SQNR=24015;DATE=24-08-14;TIME=06:40:15;STAT=201222;TMPA=17;TMPP=170;TMPB=21;TMPC=20;RHUA=89;DWPA=15;PTYP=1;PNAM=MS-80SH;PIRA=31;PIRP=29;PIRM=29;PIRL=-2;PIRH=35;
SQNR=24030;DATE=24-08-14;TIME=06:40:30;STAT=201222;TMPA=17;TMPP=171;TMPB=21;TMPC=20;RHUA=89;DWPA=15;PTYP=1;PNAM=MS-80SH;PIRA=33;PIRP=31;PIRM=30;PIRL=-2;PIRH=35;
SQNR=24045;DATE=24-08-14;TIME=06:40:45;STAT=201222;TMPA=17;TMPP=171;TMPB=21;TMPC=20;RHUA=89;DWPA=15;PTYP=1;PNAM=MS-80SH;PIRA=36;PIRP=33;PIRM=32;PIRL=-2;PIRH=36;
SQNR=24060;DATE=24-08-14;TIME=06:41:00;STAT=201222;TMPA=17;TMPP=172;TMPB=21;TMPC=20;RHUA=89;DWPA=15;PTYP=1;PNAM=MS-80SH;PIRA=38;PIRP=36;PIRM=34;PIRL=-2;PIRH=38;
SQNR=24075;DATE=24-08-14;TIME=06:41:15;STAT=201222;TMPA=17;TMPP=172;TMPB=21;TMPC=20;RHUA=88;DWPA=15;PTYP=1;PNAM=MS-80SH;PIRA=40;PIRP=38;PIRM=36;PIRL=-2;PIRH=40;
SQNR=24090;DATE=24-08-14;TIME=06:41:30;STAT=201222;TMPA=17;TMPP=172;TMPB=21;TMPC=20;RHUA=88;DWPA=15;PTYP=1;PNAM=MS-80SH;PIRA=42;PIRP=40;PIRM=38;PIRL=-2;PIRH=42;
SQNR=24105;DATE=24-08-14;TIME=06:41:45;STAT=201222;TMPA=17;TMPP=173;TMPB=21;TMPC=20;RHUA=88;DWPA=15;PTYP=1;PNAM=MS-80SH;PIRA=44;PIRP=42;PIRM=40;PIRL=-2;PIRH=44;
SQNR=24120;DATE=24-08-14;TIME=06:42:00;STAT=201222;TMPA=17;TMPP=173;TMPB=21;TMPC=20;RHUA=88;DWPA=15;PTYP=1;PNAM=MS-80SH;PIRA=45;PIRP=44;PIRM=42;PIRL=-2;PIRH=45;
SQNR=24135;DATE=24-08-14;TIME=06:42:15;STAT=201222;TMPA=17;TMPP=173;TMPB=21;TMPC=20;RHUA=88;DWPA=15;PTYP=1;PNAM=MS-80SH;PIRA=46;PIRP=45;PIRM=43;PIRL=-2;PIRH=46;
SQNR=24150;DATE=24-08-14;TIME=06:42:30;STAT=201222;TMPA=17;TMPP=174;TMPB=21;TMPC=20;RHUA=88;DWPA=15;PTYP=1;PNAM=MS-80SH;PIRA=46;PIRP=46;PIRM=45;PIRL=-2;PIRH=46;
SQNR=24165;DATE=24-08-14;TIME=06:42:45;STAT=201222;TMPA=17;TMPP=175;TMPB=21;TMPC=20;RHUA=87;DWPA=15;PTYP=1;PNAM=MS-80SH;PIRA=46;PIRP=46;PIRM=45;PIRL=-2;PIRH=46;
SQNR=24180;DATE=24-08-14;TIME=06:43:00;STAT=201222;TMPA=17;TMPP=176;TMPB=21;TMPC=20;RHUA=87;DWPA=15;PTYP=1;PNAM=MS-80SH;PIRA=45;PIRP=46;PIRM=45;PIRL=-2;PIRH=46;
SQNR=24195;DATE=24-08-14;TIME=06:43:15;STAT=201222;TMPA=17;TMPP=177;TMPB=21;TMPC=20;RHUA=87;DWPA=15;PTYP=1;PNAM=MS-80SH;PIRA=45;PIRP=46;PIRM=45;PIRL=-2;PIRH=46;
SQNR=24210;DATE=24-08-14;TIME=06:43:30;STAT=201222;TMPA=17;TMPP=178;TMPB=21;TMPC=20;RHUA=86;DWPA=15;PTYP=1;PNAM=MS-80SH;PIRA=45;PIRP=45;PIRM=45;PIRL=-2;PIRH=46;
SQNR=24225;DATE=24-08-14;TIME=06:43:45;STAT=201222;TMPA=17;TMPP=178;TMPB=21;TMPC=20;RHUA=86;DWPA=15;PTYP=1;PNAM=MS-80SH;PIRA=44;PIRP=45;PIRM=45;PIRL=-2;PIRH=46;
SQNR=24240;DATE=24-08-14;TIME=06:44:00;STAT=201222;TMPA=17;TMPP=177;TMPB=21;TMPC=20;RHUA=86;DWPA=15;PTYP=1;PNAM=MS-80SH;PIRA=43;PIRP=44;PIRM=44;PIRL=-2;PIRH=46;
SQNR=24255;DATE=24-08-14;TIME=06:44:15;STAT=201222;TMPA=17;TMPP=177;TMPB=21;TMPC=20;RHUA=86;DWPA=15;PTYP=1;PNAM=MS-80SH;PIRA=42;PIRP=43;PIRM=44;PIRL=-2;PIRH=46;
SQNR=24270;DATE=24-08-14;TIME=06:44:30;STAT=201222;TMPA=17;TMPP=177;TMPB=21;TMPC=20;RHUA=86;DWPA=15;PTYP=1;PNAM=MS-80SH;PIRA=41;PIRP=42;PIRM=43;PIRL=-2;PIRH=46;
SQNR=24285;DATE=24-08-14;TIME=06:44:45;STAT=201222;TMPA=17;TMPP=177;TMPB=21;TMPC=20;RHUA=86;DWPA=15;PTYP=1;PNAM=MS-80SH;PIRA=40;PIRP=41;PIRM=42;PIRL=-2;PIRH=46;
C-----;?
SQNR=24300;DATE=24-08-14;TIME=06:45:00;STAT=201222;TMPA=17;TMPP=176;TMPB=21;TMPC=20;RHUA=86;DWPA=15;PTYP=1;PNAM=MS-80SH;PIRA=39;PIRP=40;PIRM=41;PIRL=-2;PIRH=46;
V-----;SWVNR=2102190;SQNDL=24301;DATE=24-08-14;TIME=06:45:06;THTYP=85;TTEMP=15;TDEWP=5;IUFAN=800;ILFAN=5;IUHEA=3000;PYDEF=21;PYAVT=30;PYAVW=1;PYOST=0;MSDLY=15;FNDLY=30;OSTRG=3;DBGFL=0;ASIRE=0;DBGRE=0;MPPFL=-1;
SQNR=24315;DATE=24-08-14;TIME=06:45:15;STAT=201222;TMPA=17;TMPP=176;TMPB=21;TMPC=20;RHUA=86;DWPA=15;PTYP=1;PNAM=MS-80SH;PIRA=39;PIRP=39;PIRM=40;PIRL=-2;PIRH=46;
SQNR=24330;DATE=24-08-14;TIME=06:45:30;STAT=201222;TMPA=17;TMPP=176;TMPB=21;TMPC=20;RHUA=86;DWPA=15;PTYP=1;PNAM=MS-80SH;PIRA=38;PIRP=39;PIRM=40;PIRL=-2;PIRH=46;
SQNR=24345;DATE=24-08-14;TIME=06:45:45;STAT=201222;TMPA=17;TMPP=175;TMPB=21;TMPC=20;RHUA=87;DWPA=15;PTYP=1;PNAM=MS-80SH;PIRA=38;PIRP=38;PIRM=39;PIRL=-2;PIRH=46;
SQNR=24360;DATE=24-08-14;TIME=06:46:00;STAT=201222;TMPA=17;TMPP=175;TMPB=21;TMPC=20;RHUA=87;DWPA=15;PTYP=1;PNAM=MS-80SH;PIRA=39;PIRP=38;PIRM=39;PIRL=-2;PIRH=46;
SQNR=24375;DATE=24-08-14;TIME=06:46:15;STAT=201222;TMPA=17;TMPP=175;TMPB=21;TMPC=20;RHUA=87;DWPA=15;PTYP=1;PNAM=MS-80SH;PIRA=39;PIRP=39;PIRM=39;PIRL=-2;PIRH=46;
SQNR=24390;DATE=24-08-14;TIME=06:46:30;STAT=201222;TMPA=17;TMPP=175;TMPB=21;TMPC=20;RHUA=87;DWPA=15;PTYP=1;PNAM=MS-80SH;PIRA=40;PIRP=39;PIRM=39;PIRL=-2;PIRH=46;
SQNR=24405;DATE=24-08-14;TIME=06:46:45;STAT=201222;TMPA=17;TMPP=174;TMPB=21;TMPC=20;RHUA=87;DWPA=15;PTYP=1;PNAM=MS-80SH;PIRA=40;PIRP=40;PIRM=39;PIRL=-2;PIRH=46;
SQNR=24420;DATE=24-08-14;TIME=06:47:00;STAT=201222;TMPA=17;TMPP=174;TMPB=21;TMPC=20;RHUA=87;DWPA=15;PTYP=1;PNAM=MS-80SH;PIRA=41;PIRP=40;PIRM=40;PIRL=-2;PIRH=46;
SQNR=24435;DATE=24-08-14;TIME=06:47:15;STAT=201222;TMPA=17;TMPP=174;TMPB=21;TMPC=20;RHUA=87;DWPA=15;PTYP=1;PNAM=MS-80SH;PIRA=41;PIRP=41;PIRM=40;PIRL=-2;PIRH=46;
SQNR=24450;DATE=24-08-14;TIME=06:47:30;STAT=201222;TMPA=17;TMPP=175;TMPB=21;TMPC=20;RHUA=87;DWPA=15;PTYP=1;PNAM=MS-80SH;PIRA=42;PIRP=41;PIRM=41;PIRL=-2;PIRH=46;
SQNR=24465;DATE=24-08-14;TIME=06:47:45;STAT=201222;TMPA=17;TMPP=175;TMPB=21;TMPC=20;RHUA=87;DWPA=15;PTYP=1;PNAM=MS-80SH;PIRA=42;PIRP=41;PIRM=41;PIRL=-2;PIRH=46;
SQNR=24480;DATE=24-08-14;TIME=06:48:00;STAT=201222;TMPA=17;TMPP=175;TMPB=21;TMPC=20;RHUA=87;DWPA=15;PTYP=1;PNAM=MS-80SH;PIRA=42;PIRP=42;PIRM=41;PIRL=-2;PIRH=46;
SQNR=24495;DATE=24-08-14;TIME=06:48:15;STAT=201222;TMPA=17;TMPP=176;TMPB=21;TMPC=20;RHUA=86;DWPA=15;PTYP=1;PNAM=MS-80SH;PIRA=42;PIRP=42;PIRM=42;PIRL=-2;PIRH=46;
SQNR=24510;DATE=24-08-14;TIME=06:48:30;STAT=201222;TMPA=17;TMPP=176;TMPB=21;TMPC=20;RHUA=86;DWPA=15;PTYP=1;PNAM=MS-80SH;PIRA=43;PIRP=42;PIRM=42;PIRL=-2;PIRH=46;
SQNR=24525;DATE=24-08-14;TIME=06:48:45;STAT=201222;TMPA=17;TMPP=176;TMPB=21;TMPC=20;RHUA=86;DWPA=15;PTYP=1;PNAM=MS-80SH;PIRA=43;PIRP=43;PIRM=42;PIRL=-2;PIRH=46;
SQNR=24540;DATE=24-08-14;TIME=06:49:00;STAT=201222;TMPA=17;TMPP=176;TMPB=21;TMPC=20;RHUA=86;DWPA=15;PTYP=1;PNAM=MS-80SH;PIRA=42;PIRP=43;PIRM=42;PIRL=-2;PIRH=46;
SQNR=24555;DATE=24-08-14;TIME=06:49:15;STAT=201222;TMPA=17;TMPP=176;TMPB=21;TMPC=20;RHUA=86;DWPA=15;PTYP=1;PNAM=MS-80SH;PIRA=42;PIRP=42;PIRM=42;PIRL=-2;PIRH=46;
SQNR=24570;DATE=24-08-14;TIME=06:49:30;STAT=201222;TMPA=17;TMPP=175;TMPB=21;TMPC=20;RHUA=86;DWPA=15;PTYP=1;PNAM=MS-80SH;PIRA=42;PIRP=42;PIRM=42;PIRL=-2;PIRH=46;
SQNR=24585;DATE=24-08-14;TIME=06:49:45;STAT=201222;TMPA=17;TMPP=175;TMPB=21;TMPC=20;RHUA=86;DWPA=15;PTYP=1;PNAM=MS-80SH;PIRA=41;PIRP=42;PIRM=42;PIRL=-2;PIRH=46;
SQNR=24600;DATE=24-08-14;TIME=06:50:00;STAT=201222;TMPA=17;TMPP=174;TMPB=21;TMPC=20;RHUA=86;DWPA=15;PTYP=1;PNAM=MS-80SH;PIRA=41;PIRP=41;PIRM=42;PIRL=-2;PIRH=46;
C-----;?
V-----;SWVNR=2102190;SQNDL=24601;DATE=24-08-14;TIME=06:50:06;THTYP=85;TTEMP=15;TDEWP=5;IUFAN=800;ILFAN=5;IUHEA=3000;PYDEF=21;PYAVT=30;PYAVW=1;PYOST=0;MSDLY=15;FNDLY=30;OSTRG=3;DBGFL=0;ASIRE=0;DBGRE=0;MPPFL=-1;
SQNR=24615;DATE=24-08-14;TIME=06:50:15;STAT=201222;TMPA=17;TMPP=174;TMPB=21;TMPC=20;RHUA=86;DWPA=15;PTYP=1;PNAM=MS-80SH;PIRA=41;PIRP=41;PIRM=41;PIRL=-2;PIRH=46;
SQNR=24630;DATE=24-08-14;TIME=06:50:30;STAT=201222;TMPA=17;TMPP=174;TMPB=21;TMPC=20;RHUA=86;DWPA=15;PTYP=1;PNAM=MS-80SH;PIRA=41;PIRP=41;PIRM=41;PIRL=-2;PIRH=46;
SQNR=24645;DATE=24-08-14;TIME=06:50:45;STAT=201222;TMPA=17;TMPP=173;TMPB=21;TMPC=20;RHUA=87;DWPA=15;PTYP=1;PNAM=MS-80SH;PIRA=40;PIRP=41;PIRM=41;PIRL=-2;PIRH=46;
SQNR=24660;DATE=24-08-14;TIME=06:51:00;STAT=201222;TMPA=17;TMPP=173;TMPB=21;TMPC=20;RHUA=87;DWPA=15;PTYP=1;PNAM=MS-80SH;PIRA=41;PIRP=41;PIRM=41;PIRL=-2;PIRH=46;
SQNR=24675;DATE=24-08-14;TIME=06:51:15;STAT=201222;TMPA=17;TMPP=174;TMPB=21;TMPC=20;RHUA=87;DWPA=15;PTYP=1;PNAM=MS-80SH;PIRA=41;PIRP=41;PIRM=41;PIRL=-2;PIRH=46;
SQNR=24690;DATE=24-08-14;TIME=06:51:30;STAT=201222;TMPA=17;TMPP=174;TMPB=21;TMPC=20;RHUA=87;DWPA=15;PTYP=1;PNAM=MS-80SH;PIRA=41;PIRP=41;PIRM=41;PIRL=-2;PIRH=46;
SQNR=24705;DATE=24-08-14;TIME=06:51:45;STAT=201222;TMPA=17;TMPP=175;TMPB=21;TMPC=20;RHUA=86;DWPA=15;PTYP=1;PNAM=MS-80SH;PIRA=41;PIRP=41;PIRM=41;PIRL=-2;PIRH=46;
SQNR=24720;DATE=24-08-14;TIME=06:52:00;STAT=201222;TMPA=17;TMPP=175;TMPB=21;TMPC=20;RHUA=86;DWPA=15;PTYP=1;PNAM=MS-80SH;PIRA=41;PIRP=41;PIRM=41;PIRL=-2;PIRH=46;
SQNR=24735;DATE=24-08-14;TIME=06:52:15;STAT=201222;TMPA=17;TMPP=176;TMPB=21;TMPC=20;RHUA=86;DWPA=15;PTYP=1;PNAM=MS-80SH;PIRA=42;PIRP=41;PIRM=41;PIRL=-2;PIRH=46;
SQNR=24750;DATE=24-08-14;TIME=06:52:30;STAT=201222;TMPA=17;TMPP=175;TMPB=21;TMPC=20;RHUA=87;DWPA=15;PTYP=1;PNAM=MS-80SH;PIRA=42;PIRP=42;PIRM=41;PIRL=-2;PIRH=46;
SQNR=24765;DATE=24-08-14;TIME=06:52:45;STAT=201222;TMPA=17;TMPP=176;TMPB=21;TMPC=20;RHUA=86;DWPA=15;PTYP=1;PNAM=MS-80SH;PIRA=43;PIRP=42;PIRM=42;PIRL=-2;PIRH=46;
SQNR=24780;DATE=24-08-14;TIME=06:53:00;STAT=201222;TMPA=17;TMPP=176;TMPB=21;TMPC=20;RHUA=86;DWPA=15;PTYP=1;PNAM=MS-80SH;PIRA=46;PIRP=44;PIRM=43;PIRL=-2;PIRH=46;
SQNR=24795;DATE=24-08-14;TIME=06:53:15;STAT=201222;TMPA=17;TMPP=177;TMPB=21;TMPC=20;RHUA=86;DWPA=15;PTYP=1;PNAM=MS-80SH;PIRA=48;PIRP=46;PIRM=45;PIRL=-2;PIRH=48;
SQNR=24810;DATE=24-08-14;TIME=06:53:30;STAT=201222;TMPA=17;TMPP=177;TMPB=21;TMPC=20;RHUA=86;DWPA=15;PTYP=1;PNAM=MS-80SH;PIRA=51;PIRP=48;PIRM=47;PIRL=-2;PIRH=51;
SQNR=24825;DATE=24-08-14;TIME=06:53:45;STAT=201222;TMPA=17;TMPP=178;TMPB=21;TMPC=20;RHUA=86;DWPA=15;PTYP=1;PNAM=MS-80SH;PIRA=54;PIRP=51;PIRM=49;PIRL=-2;PIRH=54;
SQNR=24840;DATE=24-08-14;TIME=06:54:00;STAT=201222;TMPA=17;TMPP=178;TMPB=21;TMPC=21;RHUA=86;DWPA=15;PTYP=1;PNAM=MS-80SH;PIRA=57;PIRP=54;PIRM=52;PIRL=-2;PIRH=57;
SQNR=24855;DATE=24-08-14;TIME=06:54:15;STAT=201222;TMPA=17;TMPP=179;TMPB=21;TMPC=21;RHUA=86;DWPA=15;PTYP=1;PNAM=MS-80SH;PIRA=61;PIRP=57;PIRM=55;PIRL=-2;PIRH=61;
SQNR=24870;DATE=24-08-14;TIME=06:54:30;STAT=201222;TMPA=17;TMPP=179;TMPB=21;TMPC=21;RHUA=86;DWPA=15;PTYP=1;PNAM=MS-80SH;PIRA=64;PIRP=61;PIRM=58;PIRL=-2;PIRH=64;
SQNR=24885;DATE=24-08-14;TIME=06:54:45;STAT=201222;TMPA=18;TMPP=180;TMPB=21;TMPC=21;RHUA=85;DWPA=15;PTYP=1;PNAM=MS-80SH;PIRA=68;PIRP=64;PIRM=61;PIRL=-2;PIRH=68;
SQNR=24900;DATE=24-08-14;TIME=06:55:00;STAT=201222;TMPA=18;TMPP=180;TMPB=21;TMPC=21;RHUA=85;DWPA=15;PTYP=1;PNAM=MS-80SH;PIRA=71;PIRP=68;PIRM=64;PIRL=-2;PIRH=71;
C-----;?
V-----;SWVNR=2102190;SQNDL=24902;DATE=24-08-14;TIME=06:55:07;THTYP=85;TTEMP=15;TDEWP=5;IUFAN=800;ILFAN=5;IUHEA=3000;PYDEF=21;PYAVT=30;PYAVW=1;PYOST=0;MSDLY=15;FNDLY=30;OSTRG=3;DBGFL=0;ASIRE=0;DBGRE=0;MPPFL=-1;
SQNR=24915;DATE=24-08-14;TIME=06:55:15;STAT=201222;TMPA=18;TMPP=181;TMPB=21;TMPC=21;RHUA=85;DWPA=15;PTYP=1;PNAM=MS-80SH;PIRA=74;PIRP=71;PIRM=68;PIRL=-2;PIRH=74;
SQNR=24930;DATE=24-08-14;TIME=06:55:30;STAT=201222;TMPA=18;TMPP=181;TMPB=21;TMPC=21;RHUA=85;DWPA=15;PTYP=1;PNAM=MS-80SH;PIRA=76;PIRP=74;PIRM=71;PIRL=-2;PIRH=76;
SQNR=24945;DATE=24-08-14;TIME=06:55:45;STAT=201222;TMPA=18;TMPP=182;TMPB=21;TMPC=21;RHUA=84;DWPA=15;PTYP=1;PNAM=MS-80SH;PIRA=78;PIRP=76;PIRM=73;PIRL=-2;PIRH=78;
SQNR=24960;DATE=24-08-14;TIME=06:56:00;STAT=201222;TMPA=18;TMPP=182;TMPB=21;TMPC=21;RHUA=84;DWPA=15;PTYP=1;PNAM=MS-80SH;PIRA=80;PIRP=78;PIRM=76;PIRL=-2;PIRH=80;
SQNR=24975;DATE=24-08-14;TIME=06:56:15;STAT=201222;TMPA=18;TMPP=183;TMPB=21;TMPC=21;RHUA=84;DWPA=15;PTYP=1;PNAM=MS-80SH;PIRA=82;PIRP=80;PIRM=78;PIRL=-2;PIRH=82;
SQNR=24990;DATE=24-08-14;TIME=06:56:30;STAT=201222;TMPA=18;TMPP=183;TMPB=21;TMPC=21;RHUA=84;DWPA=15;PTYP=1;PNAM=MS-80SH;PIRA=83;PIRP=82;PIRM=80;PIRL=-2;PIRH=83;
SQNR=25005;DATE=24-08-14;TIME=06:56:45;STAT=201222;TMPA=18;TMPP=183;TMPB=21;TMPC=21;RHUA=84;DWPA=15;PTYP=1;PNAM=MS-80SH;PIRA=85;PIRP=83;PIRM=81;PIRL=-2;PIRH=85;
SQNR=25020;DATE=24-08-14;TIME=06:57:00;STAT=201222;TMPA=18;TMPP=183;TMPB=21;TMPC=21;RHUA=84;DWPA=15;PTYP=1;PNAM=MS-80SH;PIRA=86;PIRP=85;PIRM=83;PIRL=-2;PIRH=86;
SQNR=25035;DATE=24-08-14;TIME=06:57:15;STAT=201222;TMPA=18;TMPP=184;TMPB=22;TMPC=21;RHUA=84;DWPA=15;PTYP=1;PNAM=MS-80SH;PIRA=88;PIRP=86;PIRM=85;PIRL=-2;PIRH=88;
SQNR=25050;DATE=24-08-14;TIME=06:57:30;STAT=201222;TMPA=18;TMPP=184;TMPB=22;TMPC=21;RHUA=84;DWPA=15;PTYP=1;PNAM=MS-80SH;PIRA=90;PIRP=88;PIRM=86;PIRL=-2;PIRH=90;
SQNR=25065;DATE=24-08-14;TIME=06:57:45;STAT=201222;TMPA=18;TMPP=185;TMPB=22;TMPC=21;RHUA=84;DWPA=15;PTYP=1;PNAM=MS-80SH;PIRA=91;PIRP=90;PIRM=88;PIRL=-2;PIRH=91;
SQNR=25080;DATE=24-08-14;TIME=06:58:00;STAT=201222;TMPA=18;TMPP=186;TMPB=22;TMPC=21;RHUA=83;DWPA=15;PTYP=1;PNAM=MS-80SH;PIRA=91;PIRP=91;PIRM=89;PIRL=-2;PIRH=91;
SQNR=25095;DATE=24-08-14;TIME=06:58:15;STAT=201222;TMPA=18;TMPP=186;TMPB=22;TMPC=21;RHUA=83;DWPA=15;PTYP=1;PNAM=MS-80SH;PIRA=91;PIRP=91;PIRM=90;PIRL=-2;PIRH=92;
SQNR=25110;DATE=24-08-14;TIME=06:58:30;STAT=201222;TMPA=18;TMPP=187;TMPB=22;TMPC=21;RHUA=83;DWPA=15;PTYP=1;PNAM=MS-80SH;PIRA=92;PIRP=91;PIRM=91;PIRL=-2;PIRH=92;
SQNR=25125;DATE=24-08-14;TIME=06:58:45;STAT=201222;TMPA=18;TMPP=188;TMPB=22;TMPC=21;RHUA=82;DWPA=15;PTYP=1;PNAM=MS-80SH;PIRA=92;PIRP=92;PIRM=91;PIRL=-2;PIRH=92;
SQNR=25140;DATE=24-08-14;TIME=06:59:00;STAT=201222;TMPA=18;TMPP=188;TMPB=22;TMPC=21;RHUA=82;DWPA=15;PTYP=1;PNAM=MS-80SH;PIRA=93;PIRP=92;PIRM=92;PIRL=-2;PIRH=93;
SQNR=25155;DATE=24-08-14;TIME=06:59:15;STAT=201222;TMPA=18;TMPP=189;TMPB=22;TMPC=21;RHUA=82;DWPA=15;PTYP=1;PNAM=MS-80SH;PIRA=93;PIRP=92;PIRM=92;PIRL=-2;PIRH=93;
SQNR=25170;DATE=24-08-14;TIME=06:59:30;STAT=201222;TMPA=18;TMPP=189;TMPB=22;TMPC=21;RHUA=82;DWPA=15;PTYP=1;PNAM=MS-80SH;PIRA=93;PIRP=93;PIRM=93;PIRL=-2;PIRH=93;
SQNR=25185;DATE=24-08-14;TIME=06:59:45;STAT=201222;TMPA=19;TMPP=190;TMPB=22;TMPC=21;RHUA=81;DWPA=15;PTYP=1;PNAM=MS-80SH;PIRA=94;PIRP=94;PIRM=93;PIRL=-2;PIRH=94;
SQNR=25200;DATE=24-08-14;TIME=07:00:00;STAT=201222;TMPA=19;TMPP=191;TMPB=22;TMPC=21;RHUA=81;DWPA=15;PTYP=1;PNAM=MS-80SH;PIRA=95;PIRP=94;PIRM=94;PIRL=-2;PIRH=95;
C-----;?
V-----;SWVNR=2102190;SQNDL=25202;DATE=24-08-14;TIME=07:00:07;THTYP=85;TTEMP=15;TDEWP=5;IUFAN=800;ILFAN=5;IUHEA=3000;PYDEF=21;PYAVT=30;PYAVW=1;PYOST=0;MSDLY=15;FNDLY=30;OSTRG=3;DBGFL=0;ASIRE=0;DBGRE=0;MPPFL=-1;
SQNR=25215;DATE=24-08-14;TIME=07:00:15;STAT=201222;TMPA=19;TMPP=191;TMPB=22;TMPC=21;RHUA=80;DWPA=15;PTYP=1;PNAM=MS-80SH;PIRA=97;PIRP=95;PIRM=95;PIRL=-2;PIRH=97;
SQNR=25230;DATE=24-08-14;TIME=07:00:30;STAT=201222;TMPA=19;TMPP=192;TMPB=22;TMPC=21;RHUA=80;DWPA=15;PTYP=1;PNAM=MS-80SH;PIRA=97;PIRP=97;PIRM=96;PIRL=-2;PIRH=97;
SQNR=25245;DATE=24-08-14;TIME=07:00:45;STAT=201222;TMPA=19;TMPP=192;TMPB=22;TMPC=21;RHUA=79;DWPA=15;PTYP=1;PNAM=MS-80SH;PIRA=98;PIRP=98;PIRM=97;PIRL=-2;PIRH=98;
SQNR=25260;DATE=24-08-14;TIME=07:01:00;STAT=201222;TMPA=19;TMPP=192;TMPB=22;TMPC=21;RHUA=79;DWPA=15;PTYP=1;PNAM=MS-80SH;PIRA=99;PIRP=98;PIRM=98;PIRL=-2;PIRH=99;
C-----;P1001
P-----;DATE=24-08-14;TIME=07:01:01;PSNR=23059772;PTMP=216;PRHU=5;PSTX=-23;PSTY=16;
SQNR=25275;DATE=24-08-14;TIME=07:01:15;STAT=201222;TMPA=19;TMPP=192;TMPB=22;TMPC=21;RHUA=80;DWPA=15;PTYP=1;PNAM=MS-80SH;PIRA=99;PIRP=99;PIRM=98;PIRL=-2;PIRH=99;
SQNR=25290;DATE=24-08-14;TIME=07:01:30;STAT=201222;TMPA=19;TMPP=191;TMPB=22;TMPC=21;RHUA=79;DWPA=15;PTYP=1;PNAM=MS-80SH;PIRA=99;PIRP=99;PIRM=99;PIRL=-2;PIRH=99;
SQNR=25305;DATE=24-08-14;TIME=07:01:45;STAT=201222;TMPA=19;TMPP=191;TMPB=22;TMPC=21;RHUA=80;DWPA=15;PTYP=1;PNAM=MS-80SH;PIRA=98;PIRP=99;PIRM=99;PIRL=-2;PIRH=99;
SQNR=25320;DATE=24-08-14;TIME=07:02:00;STAT=201222;TMPA=19;TMPP=191;TMPB=22;TMPC=21;RHUA=80;DWPA=15;PTYP=1;PNAM=MS-80SH;PIRA=97;PIRP=98;PIRM=98;PIRL=-2;PIRH=99;
SQNR=25335;DATE=24-08-14;TIME=07:02:15;STAT=201222;TMPA=19;TMPP=191;TMPB=22;TMPC=21;RHUA=80;DWPA=15;PTYP=1;PNAM=MS-80SH;PIRA=95;PIRP=97;PIRM=97;PIRL=-2;PIRH=99;
SQNR=25350;DATE=24-08-14;TIME=07:02:30;STAT=201222;TMPA=19;TMPP=191;TMPB=22;TMPC=21;RHUA=80;DWPA=15;PTYP=1;PNAM=MS-80SH;PIRA=93;PIRP=95;PIRM=96;PIRL=-2;PIRH=99;
SQNR=25365;DATE=24-08-14;TIME=07:02:45;STAT=201222;TMPA=19;TMPP=192;TMPB=22;TMPC=21;RHUA=80;DWPA=15;PTYP=1;PNAM=MS-80SH;PIRA=92;PIRP=94;PIRM=95;PIRL=-2;PIRH=99;
SQNR=25380;DATE=24-08-14;TIME=07:03:00;STAT=201222;TMPA=19;TMPP=192;TMPB=22;TMPC=21;RHUA=80;DWPA=15;PTYP=1;PNAM=MS-80SH;PIRA=92;PIRP=92;PIRM=94;PIRL=-2;PIRH=99;
SQNR=25395;DATE=24-08-14;TIME=07:03:15;STAT=201222;TMPA=19;TMPP=193;TMPB=22;TMPC=21;RHUA=80;DWPA=15;PTYP=1;PNAM=MS-80SH;PIRA=92;PIRP=92;PIRM=93;PIRL=-2;PIRH=99;
SQNR=25410;DATE=24-08-14;TIME=07:03:30;STAT=201222;TMPA=19;TMPP=193;TMPB=22;TMPC=21;RHUA=79;DWPA=15;PTYP=1;PNAM=MS-80SH;PIRA=92;PIRP=92;PIRM=92;PIRL=-2;PIRH=99;
SQNR=25425;DATE=24-08-14;TIME=07:03:45;STAT=201222;TMPA=19;TMPP=194;TMPB=22;TMPC=21;RHUA=79;DWPA=15;PTYP=1;PNAM=MS-80SH;PIRA=92;PIRP=92;PIRM=92;PIRL=-2;PIRH=99;
SQNR=25440;DATE=24-08-14;TIME=07:04:00;STAT=201222;TMPA=19;TMPP=194;TMPB=22;TMPC=21;RHUA=79;DWPA=15;PTYP=1;PNAM=MS-80SH;PIRA=93;PIRP=92;PIRM=92;PIRL=-2;PIRH=99;
SQNR=25455;DATE=24-08-14;TIME=07:04:15;STAT=201222;TMPA=19;TMPP=194;TMPB=22;TMPC=21;RHUA=79;DWPA=15;PTYP=1;PNAM=MS-80SH;PIRA=95;PIRP=93;PIRM=93;PIRL=-2;PIRH=99;
SQNR=25470;DATE=24-08-14;TIME=07:04:30;STAT=201222;TMPA=19;TMPP=195;TMPB=22;TMPC=21;RHUA=79;DWPA=15;PTYP=1;PNAM=MS-80SH;PIRA=96;PIRP=95;PIRM=94;PIRL=-2;PIRH=99;
SQNR=25485;DATE=24-08-14;TIME=07:04:45;STAT=201222;TMPA=19;TMPP=195;TMPB=22;TMPC=21;RHUA=79;DWPA=15;PTYP=1;PNAM=MS-80SH;PIRA=98;PIRP=96;PIRM=95;PIRL=-2;PIRH=99;
SQNR=25500;DATE=24-08-14;TIME=07:05:00;STAT=201222;TMPA=19;TMPP=196;TMPB=22;TMPC=21;RHUA=79;DWPA=15;PTYP=1;PNAM=MS-80SH;PIRA=101;PIRP=99;PIRM=97;PIRL=-2;PIRH=101;
C-----;?
V-----;SWVNR=2102190;SQNDL=25501;DATE=24-08-14;TIME=07:05:06;THTYP=85;TTEMP=15;TDEWP=5;IUFAN=800;ILFAN=5;IUHEA=3000;PYDEF=21;PYAVT=30;PYAVW=1;PYOST=0;MSDLY=15;FNDLY=30;OSTRG=3;DBGFL=0;ASIRE=0;DBGRE=0;MPPFL=-1;
SQNR=25515;DATE=24-08-14;TIME=07:05:15;STAT=201222;TMPA=19;TMPP=196;TMPB=22;TMPC=21;RHUA=79;DWPA=15;PTYP=1;PNAM=MS-80SH;PIRA=103;PIRP=101;PIRM=99;PIRL=-2;PIRH=103;
SQNR=25530;DATE=24-08-14;TIME=07:05:30;STAT=201222;TMPA=19;TMPP=197;TMPB=22;TMPC=22;RHUA=79;DWPA=16;PTYP=1;PNAM=MS-80SH;PIRA=105;PIRP=103;PIRM=101;PIRL=-2;PIRH=105;
SQNR=25545;DATE=24-08-14;TIME=07:05:45;STAT=201222;TMPA=19;TMPP=198;TMPB=22;TMPC=22;RHUA=79;DWPA=16;PTYP=1;PNAM=MS-80SH;PIRA=107;PIRP=105;PIRM=103;PIRL=-2;PIRH=107;
SQNR=25560;DATE=24-08-14;TIME=07:06:00;STAT=201222;TMPA=19;TMPP=199;TMPB=22;TMPC=22;RHUA=78;DWPA=16;PTYP=1;PNAM=MS-80SH;PIRA=108;PIRP=107;PIRM=105;PIRL=-2;PIRH=108;
SQNR=25575;DATE=24-08-14;TIME=07:06:15;STAT=201222;TMPA=20;TMPP=200;TMPB=22;TMPC=22;RHUA=78;DWPA=16;PTYP=1;PNAM=MS-80SH;PIRA=109;PIRP=108;PIRM=106;PIRL=-2;PIRH=109;
SQNR=25590;DATE=24-08-14;TIME=07:06:30;STAT=201222;TMPA=20;TMPP=201;TMPB=22;TMPC=22;RHUA=77;DWPA=16;PTYP=1;PNAM=MS-80SH;PIRA=109;PIRP=109;PIRM=107;PIRL=-2;PIRH=109;
SQNR=25605;DATE=24-08-14;TIME=07:06:45;STAT=201222;TMPA=20;TMPP=202;TMPB=22;TMPC=22;RHUA=77;DWPA=16;PTYP=1;PNAM=MS-80SH;PIRA=110;PIRP=109;PIRM=108;PIRL=-2;PIRH=110;
SQNR=25620;DATE=24-08-14;TIME=07:07:00;STAT=201222;TMPA=20;TMPP=203;TMPB=22;TMPC=22;RHUA=77;DWPA=16;PTYP=1;PNAM=MS-80SH;PIRA=110;PIRP=110;PIRM=109;PIRL=-2;PIRH=111;
SQNR=25635;DATE=24-08-14;TIME=07:07:15;STAT=201222;TMPA=20;TMPP=203;TMPB=22;TMPC=22;RHUA=76;DWPA=16;PTYP=1;PNAM=MS-80SH;PIRA=111;PIRP=111;PIRM=110;PIRL=-2;PIRH=111;
SQNR=25650;DATE=24-08-14;TIME=07:07:30;STAT=201222;TMPA=20;TMPP=204;TMPB=22;TMPC=22;RHUA=76;DWPA=16;PTYP=1;PNAM=MS-80SH;PIRA=113;PIRP=112;PIRM=111;PIRL=-2;PIRH=113;
SQNR=25665;DATE=24-08-14;TIME=07:07:45;STAT=201222;TMPA=20;TMPP=204;TMPB=22;TMPC=22;RHUA=75;DWPA=16;PTYP=1;PNAM=MS-80SH;PIRA=113;PIRP=112;PIRM=112;PIRL=-2;PIRH=113;
SQNR=25680;DATE=24-08-14;TIME=07:08:00;STAT=201222;TMPA=20;TMPP=205;TMPB=22;TMPC=22;RHUA=75;DWPA=16;PTYP=1;PNAM=MS-80SH;PIRA=114;PIRP=113;PIRM=113;PIRL=-2;PIRH=115;
SQNR=25695;DATE=24-08-14;TIME=07:08:15;STAT=201222;TMPA=20;TMPP=205;TMPB=22;TMPC=22;RHUA=75;DWPA=16;PTYP=1;PNAM=MS-80SH;PIRA=116;PIRP=115;PIRM=114;PIRL=-2;PIRH=116;
SQNR=25710;DATE=24-08-14;TIME=07:08:30;STAT=201222;TMPA=20;TMPP=206;TMPB=22;TMPC=22;RHUA=75;DWPA=16;PTYP=1;PNAM=MS-80SH;PIRA=117;PIRP=116;PIRM=115;PIRL=-2;PIRH=117;
SQNR=25725;DATE=24-08-14;TIME=07:08:45;STAT=201222;TMPA=20;TMPP=206;TMPB=22;TMPC=22;RHUA=75;DWPA=16;PTYP=1;PNAM=MS-80SH;PIRA=118;PIRP=117;PIRM=116;PIRL=-2;PIRH=118;
SQNR=25740;DATE=24-08-14;TIME=07:09:00;STAT=201222;TMPA=20;TMPP=206;TMPB=22;TMPC=22;RHUA=75;DWPA=16;PTYP=1;PNAM=MS-80SH;PIRA=119;PIRP=118;PIRM=117;PIRL=-2;PIRH=119;
SQNR=25755;DATE=24-08-14;TIME=07:09:15;STAT=201222;TMPA=20;TMPP=206;TMPB=21;TMPC=22;RHUA=75;DWPA=16;PTYP=1;PNAM=MS-80SH;PIRA=119;PIRP=119;PIRM=118;PIRL=-2;PIRH=119;
SQNR=25770;DATE=24-08-14;TIME=07:09:30;STAT=201222;TMPA=20;TMPP=206;TMPB=21;TMPC=22;RHUA=75;DWPA=16;PTYP=1;PNAM=MS-80SH;PIRA=117;PIRP=119;PIRM=118;PIRL=-2;PIRH=119;
SQNR=25785;DATE=24-08-14;TIME=07:09:45;STAT=201222;TMPA=20;TMPP=204;TMPB=21;TMPC=22;RHUA=75;DWPA=16;PTYP=1;PNAM=MS-80SH;PIRA=117;PIRP=118;PIRM=118;PIRL=-2;PIRH=119;
SQNR=25800;DATE=24-08-14;TIME=07:10:00;STAT=201212;TMPA=20;TMPP=203;TMPB=20;TMPC=22;RHUA=76;DWPA=15;PTYP=1;PNAM=MS-80SH;PIRA=117;PIRP=117;PIRM=117;PIRL=-2;PIRH=119;
C-----;?
V-----;SWVNR=2102190;SQNDL=25802;DATE=24-08-14;TIME=07:10:07;THTYP=85;TTEMP=15;TDEWP=5;IUFAN=800;ILFAN=5;IUHEA=3000;PYDEF=21;PYAVT=30;PYAVW=1;PYOST=0;MSDLY=15;FNDLY=30;OSTRG=3;DBGFL=0;ASIRE=0;DBGRE=0;MPPFL=-1;
SQNR=25815;DATE=24-08-14;TIME=07:10:15;STAT=201212;TMPA=20;TMPP=202;TMPB=20;TMPC=22;RHUA=76;DWPA=15;PTYP=1;PNAM=MS-80SH;PIRA=118;PIRP=117;PIRM=118;PIRL=-2;PIRH=119;
SQNR=25830;DATE=24-08-14;TIME=07:10:30;STAT=201212;TMPA=20;TMPP=202;TMPB=19;TMPC=21;RHUA=76;DWPA=15;PTYP=1;PNAM=MS-80SH;PIRA=111;PIRP=117;PIRM=117;PIRL=-2;PIRH=119;
SQNR=25845;DATE=24-08-14;TIME=07:10:45;STAT=201212;TMPA=20;TMPP=201;TMPB=18;TMPC=21;RHUA=76;DWPA=15;PTYP=1;PNAM=MS-80SH;PIRA=95;PIRP=109;PIRM=111;PIRL=-2;PIRH=119;
SQNR=25860;DATE=24-08-14;TIME=07:11:00;STAT=201222;TMPA=20;TMPP=200;TMPB=18;TMPC=21;RHUA=77;DWPA=16;PTYP=1;PNAM=MS-80SH;PIRA=84;PIRP=95;PIRM=102;PIRL=-2;PIRH=119;
SQNR=25875;DATE=24-08-14;TIME=07:11:15;STAT=201222;TMPA=19;TMPP=199;TMPB=18;TMPC=21;RHUA=77;DWPA=15;PTYP=1;PNAM=MS-80SH;PIRA=84;PIRP=86;PIRM=94;PIRL=-2;PIRH=119;
SQNR=25890;DATE=24-08-14;TIME=07:11:30;STAT=201222;TMPA=19;TMPP=198;TMPB=18;TMPC=21;RHUA=78;DWPA=15;PTYP=1;PNAM=MS-80SH;PIRA=93;PIRP=86;PIRM=92;PIRL=-2;PIRH=119;
SQNR=25905;DATE=24-08-14;TIME=07:11:45;STAT=201222;TMPA=19;TMPP=198;TMPB=19;TMPC=21;RHUA=78;DWPA=15;PTYP=1;PNAM=MS-80SH;PIRA=103;PIRP=93;PIRM=95;PIRL=-2;PIRH=119;
SQNR=25920;DATE=24-08-14;TIME=07:12:00;STAT=201222;TMPA=19;TMPP=197;TMPB=19;TMPC=21;RHUA=78;DWPA=15;PTYP=1;PNAM=MS-80SH;PIRA=107;PIRP=102;PIRM=99;PIRL=-2;PIRH=119;
SQNR=25935;DATE=24-08-14;TIME=07:12:15;STAT=201222;TMPA=19;TMPP=196;TMPB=20;TMPC=21;RHUA=79;DWPA=15;PTYP=1;PNAM=MS-80SH;PIRA=106;PIRP=106;PIRM=102;PIRL=-2;PIRH=119;
SQNR=25950;DATE=24-08-14;TIME=07:12:30;STAT=201222;TMPA=19;TMPP=195;TMPB=20;TMPC=21;RHUA=79;DWPA=15;PTYP=1;PNAM=MS-80SH;PIRA=102;PIRP=105;PIRM=103;PIRL=-2;PIRH=119;
SQNR=25965;DATE=24-08-14;TIME=07:12:45;STAT=201222;TMPA=19;TMPP=195;TMPB=20;TMPC=21;RHUA=79;DWPA=15;PTYP=1;PNAM=MS-80SH;PIRA=95;PIRP=101;PIRM=101;PIRL=-2;PIRH=119;
SQNR=25980;DATE=24-08-14;TIME=07:13:00;STAT=201222;TMPA=19;TMPP=194;TMPB=20;TMPC=21;RHUA=79;DWPA=15;PTYP=1;PNAM=MS-80SH;PIRA=86;PIRP=95;PIRM=97;PIRL=-2;PIRH=119;
SQNR=25995;DATE=24-08-14;TIME=07:13:15;STAT=201222;TMPA=19;TMPP=193;TMPB=20;TMPC=21;RHUA=79;DWPA=15;PTYP=1;PNAM=MS-80SH;PIRA=75;PIRP=86;PIRM=90;PIRL=-2;PIRH=119;
SQNR=26010;DATE=24-08-14;TIME=07:13:30;STAT=201222;TMPA=19;TMPP=193;TMPB=21;TMPC=21;RHUA=80;DWPA=15;PTYP=1;PNAM=MS-80SH;PIRA=69;PIRP=76;PIRM=82;PIRL=-2;PIRH=119;
SQNR=26025;DATE=24-08-14;TIME=07:13:45;STAT=201222;TMPA=19;TMPP=192;TMPB=21;TMPC=21;RHUA=80;DWPA=15;PTYP=1;PNAM=MS-80SH;PIRA=68;PIRP=70;PIRM=77;PIRL=-2;PIRH=119;
SQNR=26040;DATE=24-08-14;TIME=07:14:00;STAT=201222;TMPA=19;TMPP=192;TMPB=21;TMPC=21;RHUA=80;DWPA=15;PTYP=1;PNAM=MS-80SH;PIRA=66;PIRP=68;PIRM=73;PIRL=-2;PIRH=119;
SQNR=26055;DATE=24-08-14;TIME=07:14:15;STAT=201222;TMPA=19;TMPP=192;TMPB=21;TMPC=21;RHUA=80;DWPA=15;PTYP=1;PNAM=MS-80SH;PIRA=64;PIRP=66;PIRM=70;PIRL=-2;PIRH=119;
SQNR=26070;DATE=24-08-14;TIME=07:14:30;STAT=201222;TMPA=19;TMPP=192;TMPB=21;TMPC=21;RHUA=80;DWPA=15;PTYP=1;PNAM=MS-80SH;PIRA=61;PIRP=64;PIRM=67;PIRL=-2;PIRH=119;
SQNR=26085;DATE=24-08-14;TIME=07:14:45;STAT=201222;TMPA=19;TMPP=192;TMPB=21;TMPC=21;RHUA=80;DWPA=15;PTYP=1;PNAM=MS-80SH;PIRA=56;PIRP=61;PIRM=63;PIRL=-2;PIRH=119;
SQNR=26100;DATE=24-08-14;TIME=07:15:00;STAT=201222;TMPA=19;TMPP=192;TMPB=21;TMPC=21;RHUA=80;DWPA=15;PTYP=1;PNAM=MS-80SH;PIRA=49;PIRP=55;PIRM=59;PIRL=-2;PIRH=119;
C-----;?
V-----;SWVNR=2102190;SQNDL=26102;DATE=24-08-14;TIME=07:15:07;THTYP=85;TTEMP=15;TDEWP=5;IUFAN=800;ILFAN=5;IUHEA=3000;PYDEF=21;PYAVT=30;PYAVW=1;PYOST=0;MSDLY=15;FNDLY=30;OSTRG=3;DBGFL=0;ASIRE=0;DBGRE=0;MPPFL=-1;
SQNR=26115;DATE=24-08-14;TIME=07:15:15;STAT=201222;TMPA=19;TMPP=191;TMPB=21;TMPC=21;RHUA=81;DWPA=15;PTYP=1;PNAM=MS-80SH;PIRA=46;PIRP=50;PIRM=54;PIRL=-2;PIRH=119;
SQNR=26130;DATE=24-08-14;TIME=07:15:30;STAT=201222;TMPA=19;TMPP=191;TMPB=21;TMPC=21;RHUA=80;DWPA=15;PTYP=1;PNAM=MS-80SH;PIRA=45;PIRP=46;PIRM=51;PIRL=-2;PIRH=119;
SQNR=26145;DATE=24-08-14;TIME=07:15:45;STAT=201222;TMPA=19;TMPP=190;TMPB=21;TMPC=21;RHUA=81;DWPA=15;PTYP=1;PNAM=MS-80SH;PIRA=45;PIRP=45;PIRM=48;PIRL=-2;PIRH=119;
SQNR=26160;DATE=24-08-14;TIME=07:16:00;STAT=201222;TMPA=19;TMPP=190;TMPB=21;TMPC=21;RHUA=81;DWPA=15;PTYP=1;PNAM=MS-80SH;PIRA=45;PIRP=45;PIRM=47;PIRL=-2;PIRH=119;
SQNR=26175;DATE=24-08-14;TIME=07:16:15;STAT=201222;TMPA=19;TMPP=190;TMPB=21;TMPC=21;RHUA=81;DWPA=15;PTYP=1;PNAM=MS-80SH;PIRA=46;PIRP=45;PIRM=47;PIRL=-2;PIRH=119;
SQNR=26190;DATE=24-08-14;TIME=07:16:30;STAT=201222;TMPA=19;TMPP=190;TMPB=21;TMPC=21;RHUA=81;DWPA=15;PTYP=1;PNAM=MS-80SH;PIRA=46;PIRP=46;PIRM=46;PIRL=-2;PIRH=119;
SQNR=26205;DATE=24-08-14;TIME=07:16:45;STAT=201222;TMPA=19;TMPP=190;TMPB=21;TMPC=21;RHUA=81;DWPA=15;PTYP=1;PNAM=MS-80SH;PIRA=47;PIRP=46;PIRM=46;PIRL=-2;PIRH=119;
SQNR=26220;DATE=24-08-14;TIME=07:17:00;STAT=201222;TMPA=18;TMPP=189;TMPB=21;TMPC=21;RHUA=81;DWPA=15;PTYP=1;PNAM=MS-80SH;PIRA=49;PIRP=47;PIRM=47;PIRL=-2;PIRH=119;
SQNR=26235;DATE=24-08-14;TIME=07:17:15;STAT=201222;TMPA=18;TMPP=189;TMPB=21;TMPC=21;RHUA=81;DWPA=15;PTYP=1;PNAM=MS-80SH;PIRA=61;PIRP=51;PIRM=50;PIRL=-2;PIRH=119;
SQNR=26250;DATE=24-08-14;TIME=07:17:30;STAT=201222;TMPA=19;TMPP=190;TMPB=21;TMPC=21;RHUA=81;DWPA=15;PTYP=1;PNAM=MS-80SH;PIRA=75;PIRP=62;PIRM=58;PIRL=-2;PIRH=119;
SQNR=26265;DATE=24-08-14;TIME=07:17:45;STAT=201222;TMPA=19;TMPP=190;TMPB=21;TMPC=21;RHUA=81;DWPA=15;PTYP=1;PNAM=MS-80SH;PIRA=87;PIRP=75;PIRM=68;PIRL=-2;PIRH=119;
SQNR=26280;DATE=24-08-14;TIME=07:18:00;STAT=201222;TMPA=19;TMPP=190;TMPB=21;TMPC=21;RHUA=81;DWPA=15;PTYP=1;PNAM=MS-80SH;PIRA=92;PIRP=86;PIRM=77;PIRL=-2;PIRH=119;
SQNR=26295;DATE=24-08-14;TIME=07:18:15;STAT=201222;TMPA=19;TMPP=191;TMPB=21;TMPC=21;RHUA=81;DWPA=15;PTYP=1;PNAM=MS-80SH;PIRA=92;PIRP=92;PIRM=83;PIRL=-2;PIRH=119;
SQNR=26310;DATE=24-08-14;TIME=07:18:30;STAT=201222;TMPA=19;TMPP=191;TMPB=22;TMPC=21;RHUA=81;DWPA=15;PTYP=1;PNAM=MS-80SH;PIRA=89;PIRP=92;PIRM=86;PIRL=-2;PIRH=119;
SQNR=26325;DATE=24-08-14;TIME=07:18:45;STAT=201222;TMPA=19;TMPP=192;TMPB=22;TMPC=21;RHUA=81;DWPA=15;PTYP=1;PNAM=MS-80SH;PIRA=89;PIRP=89;PIRM=87;PIRL=-2;PIRH=119;
SQNR=26340;DATE=24-08-14;TIME=07:19:00;STAT=201222;TMPA=19;TMPP=192;TMPB=22;TMPC=21;RHUA=81;DWPA=15;PTYP=1;PNAM=MS-80SH;PIRA=94;PIRP=89;PIRM=89;PIRL=-2;PIRH=119;
SQNR=26355;DATE=24-08-14;TIME=07:19:15;STAT=201222;TMPA=19;TMPP=192;TMPB=22;TMPC=21;RHUA=81;DWPA=16;PTYP=1;PNAM=MS-80SH;PIRA=105;PIRP=95;PIRM=93;PIRL=-2;PIRH=119;
SQNR=26370;DATE=24-08-14;TIME=07:19:30;STAT=201222;TMPA=19;TMPP=193;TMPB=22;TMPC=21;RHUA=81;DWPA=16;PTYP=1;PNAM=MS-80SH;PIRA=116;PIRP=105;PIRM=100;PIRL=-2;PIRH=119;
SQNR=26385;DATE=24-08-14;TIME=07:19:45;STAT=201222;TMPA=19;TMPP=193;TMPB=22;TMPC=21;RHUA=80;DWPA=15;PTYP=1;PNAM=MS-80SH;PIRA=126;PIRP=116;PIRM=109;PIRL=-2;PIRH=126;
SQNR=26400;DATE=24-08-14;TIME=07:20:00;STAT=201222;TMPA=19;TMPP=194;TMPB=22;TMPC=21;RHUA=80;DWPA=16;PTYP=1;PNAM=MS-80SH;PIRA=126;PIRP=125;PIRM=117;PIRL=-2;PIRH=129;
C-----;?
V-----;SWVNR=2102190;SQNDL=26401;DATE=24-08-14;TIME=07:20:06;THTYP=85;TTEMP=15;TDEWP=5;IUFAN=800;ILFAN=5;IUHEA=3000;PYDEF=21;PYAVT=30;PYAVW=1;PYOST=0;MSDLY=15;FNDLY=30;OSTRG=3;DBGFL=0;ASIRE=0;DBGRE=0;MPPFL=-1;
SQNR=26415;DATE=24-08-14;TIME=07:20:15;STAT=201222;TMPA=19;TMPP=194;TMPB=22;TMPC=21;RHUA=80;DWPA=16;PTYP=1;PNAM=MS-80SH;PIRA=110;PIRP=123;PIRM=117;PIRL=-2;PIRH=129;
SQNR=26430;DATE=24-08-14;TIME=07:20:30;STAT=201222;TMPA=19;TMPP=195;TMPB=22;TMPC=21;RHUA=80;DWPA=15;PTYP=1;PNAM=MS-80SH;PIRA=105;PIRP=112;PIRM=113;PIRL=-2;PIRH=129;
SQNR=26445;DATE=24-08-14;TIME=07:20:45;STAT=201222;TMPA=19;TMPP=195;TMPB=22;TMPC=21;RHUA=79;DWPA=15;PTYP=1;PNAM=MS-80SH;PIRA=118;PIRP=109;PIRM=113;PIRL=-2;PIRH=129;
SQNR=26460;DATE=24-08-14;TIME=07:21:00;STAT=201222;TMPA=19;TMPP=196;TMPB=22;TMPC=21;RHUA=79;DWPA=16;PTYP=1;PNAM=MS-80SH;PIRA=129;PIRP=118;PIRM=117;PIRL=-2;PIRH=129;
SQNR=26475;DATE=24-08-14;TIME=07:21:15;STAT=201222;TMPA=19;TMPP=196;TMPB=21;TMPC=21;RHUA=79;DWPA=16;PTYP=1;PNAM=MS-80SH;PIRA=137;PIRP=129;PIRM=124;PIRL=-2;PIRH=137;
SQNR=26490;DATE=24-08-14;TIME=07:21:30;STAT=201222;TMPA=19;TMPP=197;TMPB=21;TMPC=21;RHUA=79;DWPA=16;PTYP=1;PNAM=MS-80SH;PIRA=135;PIRP=136;PIRM=129;PIRL=-2;PIRH=139;
SQNR=26505;DATE=24-08-14;TIME=07:21:45;STAT=201222;TMPA=19;TMPP=197;TMPB=21;TMPC=21;RHUA=78;DWPA=16;PTYP=1;PNAM=MS-80SH;PIRA=118;PIRP=132;PIRM=128;PIRL=-2;PIRH=139;
SQNR=26520;DATE=24-08-14;TIME=07:22:00;STAT=201222;TMPA=19;TMPP=198;TMPB=21;TMPC=21;RHUA=78;DWPA=16;PTYP=1;PNAM=MS-80SH;PIRA=102;PIRP=118;PIRM=120;PIRL=-2;PIRH=139;
SQNR=26535;DATE=24-08-14;TIME=07:22:15;STAT=201222;TMPA=19;TMPP=197;TMPB=21;TMPC=21;RHUA=78;DWPA=15;PTYP=1;PNAM=MS-80SH;PIRA=88;PIRP=101;PIRM=109;PIRL=-2;PIRH=139;
SQNR=26550;DATE=24-08-14;TIME=07:22:30;STAT=201222;TMPA=19;TMPP=196;TMPB=21;TMPC=21;RHUA=79;DWPA=15;PTYP=1;PNAM=MS-80SH;PIRA=75;PIRP=87;PIRM=98;PIRL=-2;PIRH=139;
SQNR=26565;DATE=24-08-14;TIME=07:22:45;STAT=201222;TMPA=19;TMPP=195;TMPB=21;TMPC=21;RHUA=79;DWPA=15;PTYP=1;PNAM=MS-80SH;PIRA=67;PIRP=76;PIRM=87;PIRL=-2;PIRH=139;
SQNR=26580;DATE=24-08-14;TIME=07:23:00;STAT=201222;TMPA=19;TMPP=194;TMPB=21;TMPC=21;RHUA=80;DWPA=15;PTYP=1;PNAM=MS-80SH;PIRA=59;PIRP=66;PIRM=77;PIRL=-2;PIRH=139;
SQNR=26595;DATE=24-08-14;TIME=07:23:15;STAT=201222;TMPA=19;TMPP=193;TMPB=21;TMPC=21;RHUA=80;DWPA=15;PTYP=1;PNAM=MS-80SH;PIRA=59;PIRP=60;PIRM=69;PIRL=-2;PIRH=139;
SQNR=26610;DATE=24-08-14;TIME=07:23:30;STAT=201222;TMPA=19;TMPP=192;TMPB=21;TMPC=21;RHUA=81;DWPA=15;PTYP=1;PNAM=MS-80SH;PIRA=67;PIRP=61;PIRM=67;PIRL=-2;PIRH=139;
SQNR=26625;DATE=24-08-14;TIME=07:23:45;STAT=201222;TMPA=19;TMPP=191;TMPB=21;TMPC=21;RHUA=81;DWPA=15;PTYP=1;PNAM=MS-80SH;PIRA=74;PIRP=67;PIRM=68;PIRL=-2;PIRH=139;
SQNR=26640;DATE=24-08-14;TIME=07:24:00;STAT=201222;TMPA=19;TMPP=190;TMPB=21;TMPC=21;RHUA=82;DWPA=15;PTYP=1;PNAM=MS-80SH;PIRA=101;PIRP=79;PIRM=76;PIRL=-2;PIRH=139;
SQNR=26655;DATE=24-08-14;TIME=07:24:15;STAT=201222;TMPA=19;TMPP=190;TMPB=21;TMPC=21;RHUA=81;DWPA=15;PTYP=1;PNAM=MS-80SH;PIRA=134;PIRP=103;PIRM=94;PIRL=-2;PIRH=139;
SQNR=26670;DATE=24-08-14;TIME=07:24:30;STAT=201222;TMPA=19;TMPP=190;TMPB=21;TMPC=21;RHUA=81;DWPA=15;PTYP=1;PNAM=MS-80SH;PIRA=144;PIRP=131;PIRM=114;PIRL=-2;PIRH=145;
SQNR=26685;DATE=24-08-14;TIME=07:24:45;STAT=201222;TMPA=19;TMPP=190;TMPB=21;TMPC=21;RHUA=81;DWPA=15;PTYP=1;PNAM=MS-80SH;PIRA=132;PIRP=141;PIRM=123;PIRL=-2;PIRH=145;
SQNR=26700;DATE=24-08-14;TIME=07:25:00;STAT=201222;TMPA=19;TMPP=191;TMPB=22;TMPC=21;RHUA=81;DWPA=15;PTYP=1;PNAM=MS-80SH;PIRA=119;PIRP=132;PIRM=124;PIRL=-2;PIRH=145;
C-----;?
V-----;SWVNR=2102190;SQNDL=26702;DATE=24-08-14;TIME=07:25:07;THTYP=85;TTEMP=15;TDEWP=5;IUFAN=800;ILFAN=5;IUHEA=3000;PYDEF=21;PYAVT=30;PYAVW=1;PYOST=0;MSDLY=15;FNDLY=30;OSTRG=3;DBGFL=0;ASIRE=0;DBGRE=0;MPPFL=-1;
SQNR=26715;DATE=24-08-14;TIME=07:25:15;STAT=201222;TMPA=19;TMPP=191;TMPB=22;TMPC=21;RHUA=81;DWPA=15;PTYP=1;PNAM=MS-80SH;PIRA=112;PIRP=120;PIRM=120;PIRL=-2;PIRH=145;
SQNR=26730;DATE=24-08-14;TIME=07:25:30;STAT=201222;TMPA=19;TMPP=192;TMPB=22;TMPC=21;RHUA=81;DWPA=15;PTYP=1;PNAM=MS-80SH;PIRA=102;PIRP=111;PIRM=115;PIRL=-2;PIRH=145;
SQNR=26745;DATE=24-08-14;TIME=07:25:45;STAT=201222;TMPA=19;TMPP=192;TMPB=22;TMPC=21;RHUA=81;DWPA=15;PTYP=1;PNAM=MS-80SH;PIRA=91;PIRP=102;PIRM=107;PIRL=-2;PIRH=145;
SQNR=26760;DATE=24-08-14;TIME=07:26:00;STAT=201222;TMPA=19;TMPP=193;TMPB=22;TMPC=21;RHUA=80;DWPA=15;PTYP=1;PNAM=MS-80SH;PIRA=88;PIRP=93;PIRM=100;PIRL=-2;PIRH=145;
SQNR=26775;DATE=24-08-14;TIME=07:26:15;STAT=201222;TMPA=19;TMPP=193;TMPB=22;TMPC=21;RHUA=80;DWPA=16;PTYP=1;PNAM=MS-80SH;PIRA=91;PIRP=89;PIRM=96;PIRL=-2;PIRH=145;
SQNR=26790;DATE=24-08-14;TIME=07:26:30;STAT=201222;TMPA=19;TMPP=194;TMPB=22;TMPC=21;RHUA=80;DWPA=16;PTYP=1;PNAM=MS-80SH;PIRA=100;PIRP=93;PIRM=96;PIRL=-2;PIRH=145;
SQNR=26805;DATE=24-08-14;TIME=07:26:45;STAT=201222;TMPA=19;TMPP=194;TMPB=22;TMPC=21;RHUA=80;DWPA=16;PTYP=1;PNAM=MS-80SH;PIRA=106;PIRP=100;PIRM=99;PIRL=-2;PIRH=145;
SQNR=26820;DATE=24-08-14;TIME=07:27:00;STAT=201222;TMPA=19;TMPP=195;TMPB=22;TMPC=21;RHUA=80;DWPA=16;PTYP=1;PNAM=MS-80SH;PIRA=106;PIRP=104;PIRM=102;PIRL=-2;PIRH=145;
SQNR=26835;DATE=24-08-14;TIME=07:27:15;STAT=201222;TMPA=19;TMPP=196;TMPB=22;TMPC=21;RHUA=80;DWPA=16;PTYP=1;PNAM=MS-80SH;PIRA=125;PIRP=110;PIRM=107;PIRL=-2;PIRH=145;
SQNR=26850;DATE=24-08-14;TIME=07:27:30;STAT=201222;TMPA=19;TMPP=196;TMPB=22;TMPC=21;RHUA=80;DWPA=16;PTYP=1;PNAM=MS-80SH;PIRA=152;PIRP=128;PIRM=121;PIRL=-2;PIRH=152;
SQNR=26865;DATE=24-08-14;TIME=07:27:45;STAT=201222;TMPA=19;TMPP=198;TMPB=22;TMPC=21;RHUA=79;DWPA=16;PTYP=1;PNAM=MS-80SH;PIRA=160;PIRP=149;PIRM=136;PIRL=-2;PIRH=160;
SQNR=26880;DATE=24-08-14;TIME=07:28:00;STAT=201222;TMPA=19;TMPP=198;TMPB=22;TMPC=21;RHUA=79;DWPA=16;PTYP=1;PNAM=MS-80SH;PIRA=165;PIRP=160;PIRM=147;PIRL=-2;PIRH=165;
SQNR=26895;DATE=24-08-14;TIME=07:28:15;STAT=201222;TMPA=19;TMPP=199;TMPB=22;TMPC=21;RHUA=78;DWPA=16;PTYP=1;PNAM=MS-80SH;PIRA=167;PIRP=165;PIRM=154;PIRL=-2;PIRH=167;
SQNR=26910;DATE=24-08-14;TIME=07:28:30;STAT=201222;TMPA=20;TMPP=200;TMPB=22;TMPC=21;RHUA=78;DWPA=16;PTYP=1;PNAM=MS-80SH;PIRA=169;PIRP=167;PIRM=160;PIRL=-2;PIRH=169;
SQNR=26925;DATE=24-08-14;TIME=07:28:45;STAT=201222;TMPA=20;TMPP=200;TMPB=22;TMPC=21;RHUA=78;DWPA=16;PTYP=1;PNAM=MS-80SH;PIRA=170;PIRP=169;PIRM=164;PIRL=-2;PIRH=170;
SQNR=26940;DATE=24-08-14;TIME=07:29:00;STAT=201222;TMPA=20;TMPP=201;TMPB=22;TMPC=21;RHUA=78;DWPA=16;PTYP=1;PNAM=MS-80SH;PIRA=171;PIRP=170;PIRM=166;PIRL=-2;PIRH=171;
SQNR=26955;DATE=24-08-14;TIME=07:29:15;STAT=201222;TMPA=20;TMPP=201;TMPB=22;TMPC=21;RHUA=78;DWPA=16;PTYP=1;PNAM=MS-80SH;PIRA=172;PIRP=171;PIRM=169;PIRL=-2;PIRH=172;
SQNR=26970;DATE=24-08-14;TIME=07:29:30;STAT=201222;TMPA=20;TMPP=200;TMPB=22;TMPC=21;RHUA=78;DWPA=16;PTYP=1;PNAM=MS-80SH;PIRA=172;PIRP=172;PIRM=170;PIRL=-2;PIRH=173;
SQNR=26985;DATE=24-08-14;TIME=07:29:45;STAT=201222;TMPA=20;TMPP=200;TMPB=22;TMPC=22;RHUA=78;DWPA=16;PTYP=1;PNAM=MS-80SH;PIRA=173;PIRP=173;PIRM=171;PIRL=-2;PIRH=173;
C-----;?
SQNR=27000;DATE=24-08-14;TIME=07:30:00;STAT=201222;TMPA=20;TMPP=200;TMPB=22;TMPC=22;RHUA=78;DWPA=16;PTYP=1;PNAM=MS-80SH;PIRA=174;PIRP=173;PIRM=172;PIRL=-2;PIRH=174;
V-----;SWVNR=2102190;SQNDL=27001;DATE=24-08-14;TIME=07:30:06;THTYP=85;TTEMP=15;TDEWP=5;IUFAN=800;ILFAN=5;IUHEA=3000;PYDEF=21;PYAVT=30;PYAVW=1;PYOST=0;MSDLY=15;FNDLY=30;OSTRG=3;DBGFL=0;ASIRE=0;DBGRE=0;MPPFL=-1;
SQNR=27015;DATE=24-08-14;TIME=07:30:15;STAT=201222;TMPA=20;TMPP=200;TMPB=22;TMPC=22;RHUA=78;DWPA=16;PTYP=1;PNAM=MS-80SH;PIRA=174;PIRP=174;PIRM=173;PIRL=-2;PIRH=174;
SQNR=27030;DATE=24-08-14;TIME=07:30:30;STAT=201222;TMPA=20;TMPP=200;TMPB=22;TMPC=22;RHUA=78;DWPA=16;PTYP=1;PNAM=MS-80SH;PIRA=175;PIRP=174;PIRM=174;PIRL=-2;PIRH=175;
SQNR=27045;DATE=24-08-14;TIME=07:30:45;STAT=201222;TMPA=20;TMPP=200;TMPB=22;TMPC=22;RHUA=78;DWPA=16;PTYP=1;PNAM=MS-80SH;PIRA=176;PIRP=175;PIRM=175;PIRL=-2;PIRH=176;
SQNR=27060;DATE=24-08-14;TIME=07:31:00;STAT=201222;TMPA=20;TMPP=200;TMPB=22;TMPC=22;RHUA=78;DWPA=16;PTYP=1;PNAM=MS-80SH;PIRA=177;PIRP=176;PIRM=175;PIRL=-2;PIRH=177;
SQNR=27075;DATE=24-08-14;TIME=07:31:15;STAT=201222;TMPA=20;TMPP=200;TMPB=22;TMPC=22;RHUA=78;DWPA=16;PTYP=1;PNAM=MS-80SH;PIRA=177;PIRP=177;PIRM=176;PIRL=-2;PIRH=177;
SQNR=27090;DATE=24-08-14;TIME=07:31:30;STAT=201222;TMPA=20;TMPP=201;TMPB=22;TMPC=22;RHUA=78;DWPA=16;PTYP=1;PNAM=MS-80SH;PIRA=178;PIRP=177;PIRM=177;PIRL=-2;PIRH=178;
SQNR=27105;DATE=24-08-14;TIME=07:31:45;STAT=201222;TMPA=20;TMPP=201;TMPB=22;TMPC=22;RHUA=77;DWPA=16;PTYP=1;PNAM=MS-80SH;PIRA=178;PIRP=178;PIRM=177;PIRL=-2;PIRH=179;
SQNR=27120;DATE=24-08-14;TIME=07:32:00;STAT=201222;TMPA=20;TMPP=201;TMPB=22;TMPC=22;RHUA=77;DWPA=16;PTYP=1;PNAM=MS-80SH;PIRA=179;PIRP=178;PIRM=178;PIRL=-2;PIRH=179;
SQNR=27135;DATE=24-08-14;TIME=07:32:15;STAT=201222;TMPA=20;TMPP=202;TMPB=22;TMPC=22;RHUA=77;DWPA=16;PTYP=1;PNAM=MS-80SH;PIRA=179;PIRP=179;PIRM=178;PIRL=-2;PIRH=179;
SQNR=27150;DATE=24-08-14;TIME=07:32:30;STAT=201222;TMPA=20;TMPP=203;TMPB=22;TMPC=22;RHUA=77;DWPA=16;PTYP=1;PNAM=MS-80SH;PIRA=179;PIRP=179;PIRM=179;PIRL=-2;PIRH=180;
SQNR=27165;DATE=24-08-14;TIME=07:32:45;STAT=201222;TMPA=20;TMPP=204;TMPB=23;TMPC=22;RHUA=77;DWPA=16;PTYP=1;PNAM=MS-80SH;PIRA=180;PIRP=180;PIRM=179;PIRL=-2;PIRH=180;
SQNR=27180;DATE=24-08-14;TIME=07:33:00;STAT=201222;TMPA=20;TMPP=204;TMPB=23;TMPC=22;RHUA=76;DWPA=16;PTYP=1;PNAM=MS-80SH;PIRA=181;PIRP=180;PIRM=180;PIRL=-2;PIRH=181;
SQNR=27195;DATE=24-08-14;TIME=07:33:15;STAT=201222;TMPA=20;TMPP=205;TMPB=23;TMPC=22;RHUA=76;DWPA=16;PTYP=1;PNAM=MS-80SH;PIRA=182;PIRP=181;PIRM=180;PIRL=-2;PIRH=182;
SQNR=27210;DATE=24-08-14;TIME=07:33:30;STAT=201222;TMPA=20;TMPP=205;TMPB=23;TMPC=22;RHUA=76;DWPA=16;PTYP=1;PNAM=MS-80SH;PIRA=182;PIRP=181;PIRM=181;PIRL=-2;PIRH=182;
SQNR=27225;DATE=24-08-14;TIME=07:33:45;STAT=201222;TMPA=20;TMPP=206;TMPB=23;TMPC=22;RHUA=76;DWPA=16;PTYP=1;PNAM=MS-80SH;PIRA=183;PIRP=182;PIRM=182;PIRL=-2;PIRH=183;
SQNR=27240;DATE=24-08-14;TIME=07:34:00;STAT=201222;TMPA=20;TMPP=206;TMPB=23;TMPC=22;RHUA=76;DWPA=16;PTYP=1;PNAM=MS-80SH;PIRA=184;PIRP=183;PIRM=182;PIRL=-2;PIRH=184;
SQNR=27255;DATE=24-08-14;TIME=07:34:15;STAT=201222;TMPA=20;TMPP=207;TMPB=23;TMPC=22;RHUA=76;DWPA=16;PTYP=1;PNAM=MS-80SH;PIRA=184;PIRP=184;PIRM=183;PIRL=-2;PIRH=184;
SQNR=27270;DATE=24-08-14;TIME=07:34:30;STAT=201222;TMPA=20;TMPP=207;TMPB=23;TMPC=22;RHUA=76;DWPA=16;PTYP=1;PNAM=MS-80SH;PIRA=185;PIRP=185;PIRM=184;PIRL=-2;PIRH=186;
SQNR=27285;DATE=24-08-14;TIME=07:34:45;STAT=201222;TMPA=20;TMPP=207;TMPB=23;TMPC=22;RHUA=76;DWPA=16;PTYP=1;PNAM=MS-80SH;PIRA=186;PIRP=185;PIRM=185;PIRL=-2;PIRH=186;
C-----;?
SQNR=27300;DATE=24-08-14;TIME=07:35:00;STAT=201222;TMPA=20;TMPP=207;TMPB=23;TMPC=22;RHUA=76;DWPA=16;PTYP=1;PNAM=MS-80SH;PIRA=187;PIRP=186;PIRM=185;PIRL=-2;PIRH=187;
SQNR=27315;DATE=24-08-14;TIME=07:35:15;STAT=201222;TMPA=20;TMPP=207;TMPB=23;TMPC=22;RHUA=76;DWPA=16;PTYP=1;PNAM=MS-80SH;PIRA=188;PIRP=187;PIRM=186;PIRL=-2;PIRH=188;
SQNR=27330;DATE=24-08-14;TIME=07:35:30;STAT=201222;TMPA=20;TMPP=207;TMPB=23;TMPC=22;RHUA=75;DWPA=16;PTYP=1;PNAM=MS-80SH;PIRA=189;PIRP=188;PIRM=187;PIRL=-2;PIRH=189;
SQNR=27345;DATE=24-08-14;TIME=07:35:45;STAT=201222;TMPA=20;TMPP=208;TMPB=23;TMPC=22;RHUA=75;DWPA=16;PTYP=1;PNAM=MS-80SH;PIRA=189;PIRP=189;PIRM=188;PIRL=-2;PIRH=189;
SQNR=27360;DATE=24-08-14;TIME=07:36:00;STAT=201222;TMPA=20;TMPP=208;TMPB=23;TMPC=22;RHUA=75;DWPA=16;PTYP=1;PNAM=MS-80SH;PIRA=190;PIRP=189;PIRM=189;PIRL=-2;PIRH=190;
SQNR=27375;DATE=24-08-14;TIME=07:36:15;STAT=201222;TMPA=20;TMPP=208;TMPB=23;TMPC=22;RHUA=75;DWPA=16;PTYP=1;PNAM=MS-80SH;PIRA=191;PIRP=190;PIRM=189;PIRL=-2;PIRH=191;
SQNR=27390;DATE=24-08-14;TIME=07:36:30;STAT=201222;TMPA=20;TMPP=209;TMPB=23;TMPC=22;RHUA=75;DWPA=16;PTYP=1;PNAM=MS-80SH;PIRA=191;PIRP=191;PIRM=190;PIRL=-2;PIRH=192;
SQNR=27405;DATE=24-08-14;TIME=07:36:45;STAT=201222;TMPA=20;TMPP=209;TMPB=23;TMPC=22;RHUA=75;DWPA=16;PTYP=1;PNAM=MS-80SH;PIRA=192;PIRP=191;PIRM=191;PIRL=-2;PIRH=192;
SQNR=27420;DATE=24-08-14;TIME=07:37:00;STAT=201212;TMPA=21;TMPP=211;TMPB=23;TMPC=22;RHUA=75;DWPA=16;PTYP=1;PNAM=MS-80SH;PIRA=193;PIRP=192;PIRM=191;PIRL=-2;PIRH=193;
SQNR=27435;DATE=24-08-14;TIME=07:37:15;STAT=201212;TMPA=21;TMPP=211;TMPB=22;TMPC=22;RHUA=75;DWPA=16;PTYP=1;PNAM=MS-80SH;PIRA=194;PIRP=193;PIRM=192;PIRL=-2;PIRH=194;
SQNR=27450;DATE=24-08-14;TIME=07:37:30;STAT=201212;TMPA=21;TMPP=212;TMPB=22;TMPC=22;RHUA=75;DWPA=16;PTYP=1;PNAM=MS-80SH;PIRA=194;PIRP=194;PIRM=193;PIRL=-2;PIRH=195;
SQNR=27465;DATE=24-08-14;TIME=07:37:45;STAT=201212;TMPA=21;TMPP=214;TMPB=21;TMPC=22;RHUA=74;DWPA=16;PTYP=1;PNAM=MS-80SH;PIRA=195;PIRP=194;PIRM=194;PIRL=-2;PIRH=195;
SQNR=27480;DATE=24-08-14;TIME=07:38:00;STAT=201212;TMPA=21;TMPP=215;TMPB=21;TMPC=22;RHUA=74;DWPA=16;PTYP=1;PNAM=MS-80SH;PIRA=195;PIRP=195;PIRM=194;PIRL=-2;PIRH=195;
SQNR=27495;DATE=24-08-14;TIME=07:38:15;STAT=201212;TMPA=21;TMPP=217;TMPB=20;TMPC=22;RHUA=74;DWPA=16;PTYP=1;PNAM=MS-80SH;PIRA=196;PIRP=195;PIRM=195;PIRL=-2;PIRH=196;
SQNR=27510;DATE=24-08-14;TIME=07:38:30;STAT=201212;TMPA=21;TMPP=218;TMPB=20;TMPC=22;RHUA=73;DWPA=16;PTYP=1;PNAM=MS-80SH;PIRA=196;PIRP=196;PIRM=195;PIRL=-2;PIRH=196;
SQNR=27525;DATE=24-08-14;TIME=07:38:45;STAT=201212;TMPA=21;TMPP=219;TMPB=20;TMPC=22;RHUA=73;DWPA=16;PTYP=1;PNAM=MS-80SH;PIRA=197;PIRP=196;PIRM=196;PIRL=-2;PIRH=197;
SQNR=27540;DATE=24-08-14;TIME=07:39:00;STAT=201212;TMPA=22;TMPP=220;TMPB=20;TMPC=22;RHUA=73;DWPA=17;PTYP=1;PNAM=MS-80SH;PIRA=197;PIRP=197;PIRM=196;PIRL=-2;PIRH=198;
SQNR=27555;DATE=24-08-14;TIME=07:39:15;STAT=201212;TMPA=22;TMPP=221;TMPB=20;TMPC=22;RHUA=72;DWPA=16;PTYP=1;PNAM=MS-80SH;PIRA=198;PIRP=197;PIRM=197;PIRL=-2;PIRH=198;
SQNR=27570;DATE=24-08-14;TIME=07:39:30;STAT=201212;TMPA=22;TMPP=223;TMPB=19;TMPC=22;RHUA=71;DWPA=16;PTYP=1;PNAM=MS-80SH;PIRA=198;PIRP=198;PIRM=197;PIRL=-2;PIRH=199;
SQNR=27585;DATE=24-08-14;TIME=07:39:45;STAT=201212;TMPA=22;TMPP=224;TMPB=19;TMPC=22;RHUA=71;DWPA=16;PTYP=1;PNAM=MS-80SH;PIRA=199;PIRP=198;PIRM=198;PIRL=-2;PIRH=199;
C-----;?
SQNR=27600;DATE=24-08-14;TIME=07:40:00;STAT=201212;TMPA=22;TMPP=224;TMPB=19;TMPC=22;RHUA=71;DWPA=16;PTYP=1;PNAM=MS-80SH;PIRA=199;PIRP=199;PIRM=198;PIRL=-2;PIRH=200;
V-----;SWVNR=2102190;SQNDL=27601;DATE=24-08-14;TIME=07:40:06;THTYP=85;TTEMP=15;TDEWP=5;IUFAN=800;ILFAN=5;IUHEA=3000;PYDEF=21;PYAVT=30;PYAVW=1;PYOST=0;MSDLY=15;FNDLY=30;OSTRG=3;DBGFL=0;ASIRE=0;DBGRE=0;MPPFL=-1;
SQNR=27615;DATE=24-08-14;TIME=07:40:15;STAT=201212;TMPA=22;TMPP=225;TMPB=19;TMPC=22;RHUA=70;DWPA=16;PTYP=1;PNAM=MS-80SH;PIRA=200;PIRP=200;PIRM=199;PIRL=-2;PIRH=201;
SQNR=27630;DATE=24-08-14;TIME=07:40:30;STAT=201212;TMPA=22;TMPP=225;TMPB=18;TMPC=22;RHUA=70;DWPA=16;PTYP=1;PNAM=MS-80SH;PIRA=200;PIRP=200;PIRM=200;PIRL=-2;PIRH=201;
SQNR=27645;DATE=24-08-14;TIME=07:40:45;STAT=201212;TMPA=22;TMPP=226;TMPB=18;TMPC=22;RHUA=70;DWPA=16;PTYP=1;PNAM=MS-80SH;PIRA=201;PIRP=201;PIRM=200;PIRL=-2;PIRH=202;
SQNR=27660;DATE=24-08-14;TIME=07:41:00;STAT=201212;TMPA=22;TMPP=226;TMPB=18;TMPC=22;RHUA=70;DWPA=17;PTYP=1;PNAM=MS-80SH;PIRA=202;PIRP=202;PIRM=201;PIRL=-2;PIRH=202;
SQNR=27675;DATE=24-08-14;TIME=07:41:15;STAT=201212;TMPA=22;TMPP=227;TMPB=18;TMPC=22;RHUA=70;DWPA=16;PTYP=1;PNAM=MS-80SH;PIRA=203;PIRP=203;PIRM=202;PIRL=-2;PIRH=203;
SQNR=27690;DATE=24-08-14;TIME=07:41:30;STAT=201212;TMPA=22;TMPP=227;TMPB=18;TMPC=22;RHUA=69;DWPA=16;PTYP=1;PNAM=MS-80SH;PIRA=204;PIRP=203;PIRM=203;PIRL=-2;PIRH=204;
SQNR=27705;DATE=24-08-14;TIME=07:41:45;STAT=201212;TMPA=22;TMPP=227;TMPB=18;TMPC=21;RHUA=69;DWPA=16;PTYP=1;PNAM=MS-80SH;PIRA=204;PIRP=204;PIRM=203;PIRL=-2;PIRH=205;
SQNR=27720;DATE=24-08-14;TIME=07:42:00;STAT=201212;TMPA=22;TMPP=227;TMPB=18;TMPC=21;RHUA=69;DWPA=16;PTYP=1;PNAM=MS-80SH;PIRA=205;PIRP=204;PIRM=204;PIRL=-2;PIRH=205;
SQNR=27735;DATE=24-08-14;TIME=07:42:15;STAT=201212;TMPA=22;TMPP=227;TMPB=18;TMPC=21;RHUA=69;DWPA=16;PTYP=1;PNAM=MS-80SH;PIRA=206;PIRP=205;PIRM=204;PIRL=-2;PIRH=206;
SQNR=27750;DATE=24-08-14;TIME=07:42:30;STAT=201212;TMPA=22;TMPP=227;TMPB=18;TMPC=21;RHUA=70;DWPA=17;PTYP=1;PNAM=MS-80SH;PIRA=207;PIRP=206;PIRM=205;PIRL=-2;PIRH=207;
SQNR=27765;DATE=24-08-14;TIME=07:42:45;STAT=201212;TMPA=22;TMPP=227;TMPB=18;TMPC=21;RHUA=69;DWPA=16;PTYP=1;PNAM=MS-80SH;PIRA=208;PIRP=207;PIRM=206;PIRL=-2;PIRH=208;
SQNR=27780;DATE=24-08-14;TIME=07:43:00;STAT=201212;TMPA=22;TMPP=227;TMPB=18;TMPC=21;RHUA=69;DWPA=16;PTYP=1;PNAM=MS-80SH;PIRA=208;PIRP=207;PIRM=207;PIRL=-2;PIRH=208;
SQNR=27795;DATE=24-08-14;TIME=07:43:15;STAT=201212;TMPA=22;TMPP=227;TMPB=18;TMPC=21;RHUA=69;DWPA=16;PTYP=1;PNAM=MS-80SH;PIRA=209;PIRP=208;PIRM=207;PIRL=-2;PIRH=209;
SQNR=27810;DATE=24-08-14;TIME=07:43:30;STAT=201212;TMPA=22;TMPP=228;TMPB=19;TMPC=21;RHUA=69;DWPA=17;PTYP=1;PNAM=MS-80SH;PIRA=209;PIRP=209;PIRM=208;PIRL=-2;PIRH=210;
SQNR=27825;DATE=24-08-14;TIME=07:43:45;STAT=201212;TMPA=22;TMPP=228;TMPB=19;TMPC=21;RHUA=69;DWPA=17;PTYP=1;PNAM=MS-80SH;PIRA=211;PIRP=210;PIRM=209;PIRL=-2;PIRH=211;
SQNR=27840;DATE=24-08-14;TIME=07:44:00;STAT=201212;TMPA=22;TMPP=229;TMPB=19;TMPC=21;RHUA=69;DWPA=17;PTYP=1;PNAM=MS-80SH;PIRA=210;PIRP=210;PIRM=209;PIRL=-2;PIRH=211;
SQNR=27855;DATE=24-08-14;TIME=07:44:15;STAT=201212;TMPA=23;TMPP=230;TMPB=19;TMPC=21;RHUA=69;DWPA=17;PTYP=1;PNAM=MS-80SH;PIRA=212;PIRP=211;PIRM=210;PIRL=-2;PIRH=212;
SQNR=27870;DATE=24-08-14;TIME=07:44:30;STAT=201212;TMPA=23;TMPP=230;TMPB=19;TMPC=21;RHUA=69;DWPA=17;PTYP=1;PNAM=MS-80SH;PIRA=213;PIRP=212;PIRM=211;PIRL=-2;PIRH=213;
SQNR=27885;DATE=24-08-14;TIME=07:44:45;STAT=201212;TMPA=23;TMPP=231;TMPB=19;TMPC=21;RHUA=69;DWPA=17;PTYP=1;PNAM=MS-80SH;PIRA=213;PIRP=212;PIRM=212;PIRL=-2;PIRH=213;
C-----;?
SQNR=27900;DATE=24-08-14;TIME=07:45:00;STAT=201212;TMPA=23;TMPP=231;TMPB=18;TMPC=21;RHUA=69;DWPA=17;PTYP=1;PNAM=MS-80SH;PIRA=214;PIRP=213;PIRM=212;PIRL=-2;PIRH=214;
V-----;SWVNR=2102190;SQNDL=27901;DATE=24-08-14;TIME=07:45:06;THTYP=85;TTEMP=15;TDEWP=5;IUFAN=800;ILFAN=5;IUHEA=3000;PYDEF=21;PYAVT=30;PYAVW=1;PYOST=0;MSDLY=15;FNDLY=30;OSTRG=3;DBGFL=0;ASIRE=0;DBGRE=0;MPPFL=-1;
SQNR=27915;DATE=24-08-14;TIME=07:45:15;STAT=201212;TMPA=23;TMPP=231;TMPB=18;TMPC=21;RHUA=68;DWPA=17;PTYP=1;PNAM=MS-80SH;PIRA=215;PIRP=214;PIRM=213;PIRL=-2;PIRH=215;
SQNR=27930;DATE=24-08-14;TIME=07:45:30;STAT=201212;TMPA=22;TMPP=229;TMPB=18;TMPC=21;RHUA=68;DWPA=16;PTYP=1;PNAM=MS-80SH;PIRA=216;PIRP=215;PIRM=214;PIRL=-2;PIRH=216;
SQNR=27945;DATE=24-08-14;TIME=07:45:45;STAT=201212;TMPA=22;TMPP=228;TMPB=18;TMPC=21;RHUA=69;DWPA=16;PTYP=1;PNAM=MS-80SH;PIRA=216;PIRP=216;PIRM=215;PIRL=-2;PIRH=216;
SQNR=27960;DATE=24-08-14;TIME=07:46:00;STAT=201212;TMPA=22;TMPP=227;TMPB=18;TMPC=21;RHUA=69;DWPA=16;PTYP=1;PNAM=MS-80SH;PIRA=217;PIRP=216;PIRM=216;PIRL=-2;PIRH=217;
SQNR=27975;DATE=24-08-14;TIME=07:46:15;STAT=201212;TMPA=22;TMPP=226;TMPB=18;TMPC=21;RHUA=69;DWPA=16;PTYP=1;PNAM=MS-80SH;PIRA=217;PIRP=217;PIRM=216;PIRL=-2;PIRH=217;
SQNR=27990;DATE=24-08-14;TIME=07:46:30;STAT=201212;TMPA=22;TMPP=225;TMPB=18;TMPC=21;RHUA=69;DWPA=16;PTYP=1;PNAM=MS-80SH;PIRA=218;PIRP=217;PIRM=217;PIRL=-2;PIRH=218;
SQNR=28005;DATE=24-08-14;TIME=07:46:45;STAT=201212;TMPA=22;TMPP=224;TMPB=18;TMPC=20;RHUA=70;DWPA=16;PTYP=1;PNAM=MS-80SH;PIRA=218;PIRP=218;PIRM=217;PIRL=-2;PIRH=218;
SQNR=28020;DATE=24-08-14;TIME=07:47:00;STAT=201212;TMPA=22;TMPP=223;TMPB=18;TMPC=20;RHUA=71;DWPA=16;PTYP=1;PNAM=MS-80SH;PIRA=219;PIRP=218;PIRM=218;PIRL=-2;PIRH=219;
SQNR=28035;DATE=24-08-14;TIME=07:47:15;STAT=201212;TMPA=22;TMPP=222;TMPB=18;TMPC=20;RHUA=72;DWPA=17;PTYP=1;PNAM=MS-80SH;PIRA=220;PIRP=219;PIRM=218;PIRL=-2;PIRH=220;
SQNR=28050;DATE=24-08-14;TIME=07:47:30;STAT=201212;TMPA=22;TMPP=221;TMPB=18;TMPC=20;RHUA=71;DWPA=16;PTYP=1;PNAM=MS-80SH;PIRA=220;PIRP=220;PIRM=219;PIRL=-2;PIRH=220;
SQNR=28065;DATE=24-08-14;TIME=07:47:45;STAT=201212;TMPA=22;TMPP=220;TMPB=18;TMPC=20;RHUA=71;DWPA=16;PTYP=1;PNAM=MS-80SH;PIRA=221;PIRP=220;PIRM=220;PIRL=-2;PIRH=221;
SQNR=28080;DATE=24-08-14;TIME=07:48:00;STAT=201212;TMPA=21;TMPP=219;TMPB=18;TMPC=20;RHUA=72;DWPA=16;PTYP=1;PNAM=MS-80SH;PIRA=222;PIRP=221;PIRM=221;PIRL=-2;PIRH=222;
SQNR=28095;DATE=24-08-14;TIME=07:48:15;STAT=201212;TMPA=21;TMPP=218;TMPB=18;TMPC=20;RHUA=72;DWPA=16;PTYP=1;PNAM=MS-80SH;PIRA=223;PIRP=222;PIRM=221;PIRL=-2;PIRH=223;
SQNR=28110;DATE=24-08-14;TIME=07:48:30;STAT=201212;TMPA=21;TMPP=217;TMPB=18;TMPC=20;RHUA=72;DWPA=16;PTYP=1;PNAM=MS-80SH;PIRA=223;PIRP=223;PIRM=222;PIRL=-2;PIRH=223;
SQNR=28125;DATE=24-08-14;TIME=07:48:45;STAT=201212;TMPA=21;TMPP=216;TMPB=18;TMPC=20;RHUA=72;DWPA=16;PTYP=1;PNAM=MS-80SH;PIRA=224;PIRP=224;PIRM=223;PIRL=-2;PIRH=224;
SQNR=28140;DATE=24-08-14;TIME=07:49:00;STAT=201212;TMPA=21;TMPP=215;TMPB=18;TMPC=20;RHUA=73;DWPA=16;PTYP=1;PNAM=MS-80SH;PIRA=225;PIRP=224;PIRM=223;PIRL=-2;PIRH=225;
SQNR=28155;DATE=24-08-14;TIME=07:49:15;STAT=201212;TMPA=21;TMPP=215;TMPB=18;TMPC=20;RHUA=74;DWPA=16;PTYP=1;PNAM=MS-80SH;PIRA=226;PIRP=225;PIRM=224;PIRL=-2;PIRH=226;
SQNR=28170;DATE=24-08-14;TIME=07:49:30;STAT=201212;TMPA=21;TMPP=214;TMPB=18;TMPC=20;RHUA=74;DWPA=16;PTYP=1;PNAM=MS-80SH;PIRA=226;PIRP=226;PIRM=225;PIRL=-2;PIRH=226;
SQNR=28185;DATE=24-08-14;TIME=07:49:45;STAT=201212;TMPA=21;TMPP=214;TMPB=18;TMPC=20;RHUA=73;DWPA=16;PTYP=1;PNAM=MS-80SH;PIRA=227;PIRP=226;PIRM=226;PIRL=-2;PIRH=227;
SQNR=28200;DATE=24-08-14;TIME=07:50:00;STAT=201212;TMPA=21;TMPP=214;TMPB=18;TMPC=20;RHUA=74;DWPA=16;PTYP=1;PNAM=MS-80SH;PIRA=228;PIRP=227;PIRM=226;PIRL=-2;PIRH=228;
C-----;?
V-----;SWVNR=2102190;SQNDL=28201;DATE=24-08-14;TIME=07:50:06;THTYP=85;TTEMP=15;TDEWP=5;IUFAN=800;ILFAN=5;IUHEA=3000;PYDEF=21;PYAVT=30;PYAVW=1;PYOST=0;MSDLY=15;FNDLY=30;OSTRG=3;DBGFL=0;ASIRE=0;DBGRE=0;MPPFL=-1;
SQNR=28215;DATE=24-08-14;TIME=07:50:15;STAT=201212;TMPA=21;TMPP=213;TMPB=17;TMPC=20;RHUA=74;DWPA=16;PTYP=1;PNAM=MS-80SH;PIRA=228;PIRP=228;PIRM=227;PIRL=-2;PIRH=228;
SQNR=28230;DATE=24-08-14;TIME=07:50:30;STAT=201212;TMPA=21;TMPP=213;TMPB=18;TMPC=20;RHUA=74;DWPA=16;PTYP=1;PNAM=MS-80SH;PIRA=229;PIRP=228;PIRM=228;PIRL=-2;PIRH=229;
SQNR=28245;DATE=24-08-14;TIME=07:50:45;STAT=201212;TMPA=21;TMPP=213;TMPB=18;TMPC=20;RHUA=74;DWPA=16;PTYP=1;PNAM=MS-80SH;PIRA=230;PIRP=229;PIRM=228;PIRL=-2;PIRH=230;
SQNR=28260;DATE=24-08-14;TIME=07:51:00;STAT=201212;TMPA=21;TMPP=213;TMPB=18;TMPC=20;RHUA=74;DWPA=16;PTYP=1;PNAM=MS-80SH;PIRA=230;PIRP=230;PIRM=229;PIRL=-2;PIRH=230;
SQNR=28275;DATE=24-08-14;TIME=07:51:15;STAT=201212;TMPA=21;TMPP=212;TMPB=18;TMPC=20;RHUA=74;DWPA=16;PTYP=1;PNAM=MS-80SH;PIRA=231;PIRP=230;PIRM=230;PIRL=-2;PIRH=231;
SQNR=28290;DATE=24-08-14;TIME=07:51:30;STAT=201212;TMPA=21;TMPP=212;TMPB=17;TMPC=20;RHUA=74;DWPA=16;PTYP=1;PNAM=MS-80SH;PIRA=232;PIRP=231;PIRM=230;PIRL=-2;PIRH=232;
SQNR=28305;DATE=24-08-14;TIME=07:51:45;STAT=201212;TMPA=21;TMPP=212;TMPB=17;TMPC=20;RHUA=74;DWPA=16;PTYP=1;PNAM=MS-80SH;PIRA=232;PIRP=232;PIRM=231;PIRL=-2;PIRH=232;
SQNR=28320;DATE=24-08-14;TIME=07:52:00;STAT=201212;TMPA=21;TMPP=212;TMPB=17;TMPC=20;RHUA=74;DWPA=16;PTYP=1;PNAM=MS-80SH;PIRA=233;PIRP=232;PIRM=232;PIRL=-2;PIRH=233;
SQNR=28335;DATE=24-08-14;TIME=07:52:15;STAT=201212;TMPA=21;TMPP=211;TMPB=17;TMPC=20;RHUA=75;DWPA=16;PTYP=1;PNAM=MS-80SH;PIRA=233;PIRP=233;PIRM=232;PIRL=-2;PIRH=233;
SQNR=28350;DATE=24-08-14;TIME=07:52:30;STAT=201212;TMPA=21;TMPP=211;TMPB=17;TMPC=20;RHUA=75;DWPA=16;PTYP=1;PNAM=MS-80SH;PIRA=234;PIRP=233;PIRM=233;PIRL=-2;PIRH=234;
SQNR=28365;DATE=24-08-14;TIME=07:52:45;STAT=201212;TMPA=21;TMPP=211;TMPB=17;TMPC=20;RHUA=75;DWPA=16;PTYP=1;PNAM=MS-80SH;PIRA=235;PIRP=234;PIRM=233;PIRL=-2;PIRH=235;
SQNR=28380;DATE=24-08-14;TIME=07:53:00;STAT=201212;TMPA=21;TMPP=211;TMPB=17;TMPC=19;RHUA=75;DWPA=16;PTYP=1;PNAM=MS-80SH;PIRA=235;PIRP=235;PIRM=234;PIRL=-2;PIRH=235;
SQNR=28395;DATE=24-08-14;TIME=07:53:15;STAT=201212;TMPA=21;TMPP=211;TMPB=17;TMPC=19;RHUA=75;DWPA=16;PTYP=1;PNAM=MS-80SH;PIRA=236;PIRP=235;PIRM=235;PIRL=-2;PIRH=236;
SQNR=28410;DATE=24-08-14;TIME=07:53:30;STAT=201212;TMPA=21;TMPP=211;TMPB=17;TMPC=19;RHUA=76;DWPA=16;PTYP=1;PNAM=MS-80SH;PIRA=236;PIRP=236;PIRM=235;PIRL=-2;PIRH=236;
SQNR=28425;DATE=24-08-14;TIME=07:53:45;STAT=201212;TMPA=21;TMPP=211;TMPB=18;TMPC=19;RHUA=76;DWPA=16;PTYP=1;PNAM=MS-80SH;PIRA=236;PIRP=236;PIRM=236;PIRL=-2;PIRH=237;
SQNR=28440;DATE=24-08-14;TIME=07:54:00;STAT=201212;TMPA=21;TMPP=210;TMPB=18;TMPC=19;RHUA=76;DWPA=16;PTYP=1;PNAM=MS-80SH;PIRA=237;PIRP=237;PIRM=236;PIRL=-2;PIRH=237;
SQNR=28455;DATE=24-08-14;TIME=07:54:15;STAT=201212;TMPA=21;TMPP=211;TMPB=18;TMPC=19;RHUA=75;DWPA=16;PTYP=1;PNAM=MS-80SH;PIRA=239;PIRP=237;PIRM=237;PIRL=-2;PIRH=239;
SQNR=28470;DATE=24-08-14;TIME=07:54:30;STAT=201212;TMPA=21;TMPP=210;TMPB=17;TMPC=19;RHUA=75;DWPA=16;PTYP=1;PNAM=MS-80SH;PIRA=239;PIRP=238;PIRM=238;PIRL=-2;PIRH=239;
SQNR=28485;DATE=24-08-14;TIME=07:54:45;STAT=201212;TMPA=21;TMPP=210;TMPB=17;TMPC=19;RHUA=74;DWPA=16;PTYP=1;PNAM=MS-80SH;PIRA=240;PIRP=239;PIRM=238;PIRL=-2;PIRH=240;
SQNR=28500;DATE=24-08-14;TIME=07:55:00;STAT=201222;TMPA=20;TMPP=209;TMPB=17;TMPC=19;RHUA=74;DWPA=16;PTYP=1;PNAM=MS-80SH;PIRA=241;PIRP=240;PIRM=239;PIRL=-2;PIRH=241;
C-----;?
V-----;SWVNR=2102190;SQNDL=28501;DATE=24-08-14;TIME=07:55:06;THTYP=85;TTEMP=15;TDEWP=5;IUFAN=800;ILFAN=5;IUHEA=3000;PYDEF=21;PYAVT=30;PYAVW=1;PYOST=0;MSDLY=15;FNDLY=30;OSTRG=3;DBGFL=0;ASIRE=0;DBGRE=0;MPPFL=-1;
SQNR=28515;DATE=24-08-14;TIME=07:55:15;STAT=201222;TMPA=20;TMPP=208;TMPB=18;TMPC=19;RHUA=75;DWPA=16;PTYP=1;PNAM=MS-80SH;PIRA=241;PIRP=241;PIRM=240;PIRL=-2;PIRH=241;
SQNR=28530;DATE=24-08-14;TIME=07:55:30;STAT=201222;TMPA=20;TMPP=208;TMPB=18;TMPC=19;RHUA=75;DWPA=16;PTYP=1;PNAM=MS-80SH;PIRA=241;PIRP=241;PIRM=240;PIRL=-2;PIRH=241;
SQNR=28545;DATE=24-08-14;TIME=07:55:45;STAT=201222;TMPA=20;TMPP=207;TMPB=19;TMPC=19;RHUA=75;DWPA=16;PTYP=1;PNAM=MS-80SH;PIRA=242;PIRP=241;PIRM=241;PIRL=-2;PIRH=242;
SQNR=28560;DATE=24-08-14;TIME=07:56:00;STAT=201222;TMPA=20;TMPP=206;TMPB=20;TMPC=19;RHUA=76;DWPA=16;PTYP=1;PNAM=MS-80SH;PIRA=243;PIRP=242;PIRM=242;PIRL=-2;PIRH=243;
SQNR=28575;DATE=24-08-14;TIME=07:56:15;STAT=201222;TMPA=20;TMPP=206;TMPB=20;TMPC=19;RHUA=76;DWPA=16;PTYP=1;PNAM=MS-80SH;PIRA=244;PIRP=243;PIRM=242;PIRL=-2;PIRH=244;
SQNR=28590;DATE=24-08-14;TIME=07:56:30;STAT=201222;TMPA=20;TMPP=205;TMPB=21;TMPC=19;RHUA=75;DWPA=16;PTYP=1;PNAM=MS-80SH;PIRA=244;PIRP=244;PIRM=243;PIRL=-2;PIRH=244;
SQNR=28605;DATE=24-08-14;TIME=07:56:45;STAT=201222;TMPA=20;TMPP=204;TMPB=21;TMPC=20;RHUA=76;DWPA=16;PTYP=1;PNAM=MS-80SH;PIRA=245;PIRP=244;PIRM=244;PIRL=-2;PIRH=245;
SQNR=28620;DATE=24-08-14;TIME=07:57:00;STAT=201222;TMPA=20;TMPP=204;TMPB=21;TMPC=20;RHUA=76;DWPA=16;PTYP=1;PNAM=MS-80SH;PIRA=245;PIRP=245;PIRM=244;PIRL=-2;PIRH=245;
SQNR=28635;DATE=24-08-14;TIME=07:57:15;STAT=201222;TMPA=20;TMPP=204;TMPB=21;TMPC=20;RHUA=77;DWPA=16;PTYP=1;PNAM=MS-80SH;PIRA=244;PIRP=245;PIRM=244;PIRL=-2;PIRH=245;
SQNR=28650;DATE=24-08-14;TIME=07:57:30;STAT=201222;TMPA=20;TMPP=205;TMPB=22;TMPC=20;RHUA=77;DWPA=16;PTYP=1;PNAM=MS-80SH;PIRA=245;PIRP=245;PIRM=244;PIRL=-2;PIRH=245;
SQNR=28665;DATE=24-08-14;TIME=07:57:45;STAT=201222;TMPA=20;TMPP=205;TMPB=22;TMPC=20;RHUA=77;DWPA=16;PTYP=1;PNAM=MS-80SH;PIRA=245;PIRP=245;PIRM=245;PIRL=-2;PIRH=245;
SQNR=28680;DATE=24-08-14;TIME=07:58:00;STAT=201222;TMPA=20;TMPP=205;TMPB=22;TMPC=20;RHUA=76;DWPA=16;PTYP=1;PNAM=MS-80SH;PIRA=246;PIRP=245;PIRM=245;PIRL=-2;PIRH=246;
SQNR=28695;DATE=24-08-14;TIME=07:58:15;STAT=201222;TMPA=20;TMPP=206;TMPB=22;TMPC=20;RHUA=76;DWPA=16;PTYP=1;PNAM=MS-80SH;PIRA=246;PIRP=246;PIRM=245;PIRL=-2;PIRH=246;
SQNR=28710;DATE=24-08-14;TIME=07:58:30;STAT=201222;TMPA=20;TMPP=206;TMPB=22;TMPC=20;RHUA=76;DWPA=16;PTYP=1;PNAM=MS-80SH;PIRA=248;PIRP=247;PIRM=246;PIRL=-2;PIRH=248;
SQNR=28725;DATE=24-08-14;TIME=07:58:45;STAT=201222;TMPA=20;TMPP=206;TMPB=22;TMPC=20;RHUA=76;DWPA=16;PTYP=1;PNAM=MS-80SH;PIRA=248;PIRP=247;PIRM=247;PIRL=-2;PIRH=248;
SQNR=28740;DATE=24-08-14;TIME=07:59:00;STAT=201222;TMPA=20;TMPP=206;TMPB=22;TMPC=20;RHUA=76;DWPA=16;PTYP=1;PNAM=MS-80SH;PIRA=248;PIRP=248;PIRM=247;PIRL=-2;PIRH=248;
SQNR=28755;DATE=24-08-14;TIME=07:59:15;STAT=201222;TMPA=20;TMPP=207;TMPB=22;TMPC=20;RHUA=76;DWPA=16;PTYP=1;PNAM=MS-80SH;PIRA=249;PIRP=248;PIRM=248;PIRL=-2;PIRH=249;
SQNR=28770;DATE=24-08-14;TIME=07:59:30;STAT=201222;TMPA=20;TMPP=207;TMPB=22;TMPC=21;RHUA=75;DWPA=16;PTYP=1;PNAM=MS-80SH;PIRA=250;PIRP=249;PIRM=248;PIRL=-2;PIRH=250;
SQNR=28785;DATE=24-08-14;TIME=07:59:45;STAT=201222;TMPA=20;TMPP=208;TMPB=22;TMPC=21;RHUA=75;DWPA=16;PTYP=1;PNAM=MS-80SH;PIRA=250;PIRP=250;PIRM=249;PIRL=-2;PIRH=250;
SQNR=28800;DATE=24-08-14;TIME=08:00:00;STAT=201222;TMPA=20;TMPP=209;TMPB=22;TMPC=21;RHUA=75;DWPA=16;PTYP=1;PNAM=MS-80SH;PIRA=251;PIRP=250;PIRM=250;PIRL=-2;PIRH=251;
C-----;?
V-----;SWVNR=2102190;SQNDL=28801;DATE=24-08-14;TIME=08:00:06;THTYP=85;TTEMP=15;TDEWP=5;IUFAN=800;ILFAN=5;IUHEA=3000;PYDEF=21;PYAVT=30;PYAVW=1;PYOST=0;MSDLY=15;FNDLY=30;OSTRG=3;DBGFL=0;ASIRE=0;DBGRE=0;MPPFL=-1;
SQNR=28815;DATE=24-08-14;TIME=08:00:15;STAT=201222;TMPA=20;TMPP=209;TMPB=23;TMPC=21;RHUA=75;DWPA=16;PTYP=1;PNAM=MS-80SH;PIRA=250;PIRP=250;PIRM=250;PIRL=-2;PIRH=251;
SQNR=28830;DATE=24-08-14;TIME=08:00:30;STAT=201212;TMPA=21;TMPP=210;TMPB=23;TMPC=21;RHUA=75;DWPA=16;PTYP=1;PNAM=MS-80SH;PIRA=251;PIRP=250;PIRM=250;PIRL=-2;PIRH=251;
SQNR=28845;DATE=24-08-14;TIME=08:00:45;STAT=201212;TMPA=21;TMPP=211;TMPB=23;TMPC=21;RHUA=74;DWPA=16;PTYP=1;PNAM=MS-80SH;PIRA=251;PIRP=251;PIRM=250;PIRL=-2;PIRH=251;
C-----;P1001
P-----;DATE=24-08-14;TIME=08:00:46;PSNR=23059772;PTMP=245;PRHU=6;PSTX=-24;PSTY=15;
SQNR=28860;DATE=24-08-14;TIME=08:01:00;STAT=201212;TMPA=21;TMPP=212;TMPB=22;TMPC=21;RHUA=74;DWPA=16;PTYP=1;PNAM=MS-80SH;PIRA=252;PIRP=251;PIRM=251;PIRL=-2;PIRH=252;
SQNR=28875;DATE=24-08-14;TIME=08:01:15;STAT=201212;TMPA=21;TMPP=214;TMPB=21;TMPC=21;RHUA=73;DWPA=16;PTYP=1;PNAM=MS-80SH;PIRA=253;PIRP=252;PIRM=252;PIRL=-2;PIRH=254;
SQNR=28890;DATE=24-08-14;TIME=08:01:30;STAT=201212;TMPA=21;TMPP=215;TMPB=21;TMPC=21;RHUA=73;DWPA=16;PTYP=1;PNAM=MS-80SH;PIRA=253;PIRP=253;PIRM=253;PIRL=-2;PIRH=254;
SQNR=28905;DATE=24-08-14;TIME=08:01:45;STAT=201212;TMPA=21;TMPP=216;TMPB=20;TMPC=21;RHUA=72;DWPA=16;PTYP=1;PNAM=MS-80SH;PIRA=254;PIRP=254;PIRM=253;PIRL=-2;PIRH=254;
SQNR=28920;DATE=24-08-14;TIME=08:02:00;STAT=201212;TMPA=21;TMPP=217;TMPB=20;TMPC=21;RHUA=72;DWPA=16;PTYP=1;PNAM=MS-80SH;PIRA=254;PIRP=254;PIRM=253;PIRL=-2;PIRH=254;
SQNR=28935;DATE=24-08-14;TIME=08:02:15;STAT=201212;TMPA=21;TMPP=218;TMPB=20;TMPC=21;RHUA=71;DWPA=16;PTYP=1;PNAM=MS-80SH;PIRA=255;PIRP=254;PIRM=254;PIRL=-2;PIRH=255;
SQNR=28950;DATE=24-08-14;TIME=08:02:30;STAT=201212;TMPA=21;TMPP=218;TMPB=19;TMPC=21;RHUA=71;DWPA=16;PTYP=1;PNAM=MS-80SH;PIRA=256;PIRP=255;PIRM=255;PIRL=-2;PIRH=256;
SQNR=28965;DATE=24-08-14;TIME=08:02:45;STAT=201212;TMPA=21;TMPP=219;TMPB=19;TMPC=21;RHUA=70;DWPA=16;PTYP=1;PNAM=MS-80SH;PIRA=257;PIRP=256;PIRM=256;PIRL=-2;PIRH=257;
SQNR=28980;DATE=24-08-14;TIME=08:03:00;STAT=201212;TMPA=21;TMPP=218;TMPB=19;TMPC=21;RHUA=71;DWPA=16;PTYP=1;PNAM=MS-80SH;PIRA=258;PIRP=257;PIRM=256;PIRL=-2;PIRH=258;
SQNR=28995;DATE=24-08-14;TIME=08:03:15;STAT=201212;TMPA=21;TMPP=218;TMPB=18;TMPC=21;RHUA=70;DWPA=16;PTYP=1;PNAM=MS-80SH;PIRA=258;PIRP=258;PIRM=257;PIRL=-2;PIRH=258;
SQNR=29010;DATE=24-08-14;TIME=08:03:30;STAT=201212;TMPA=21;TMPP=217;TMPB=18;TMPC=21;RHUA=71;DWPA=16;PTYP=1;PNAM=MS-80SH;PIRA=259;PIRP=258;PIRM=258;PIRL=-2;PIRH=259;
SQNR=29025;DATE=24-08-14;TIME=08:03:45;STAT=201212;TMPA=21;TMPP=216;TMPB=18;TMPC=21;RHUA=72;DWPA=16;PTYP=1;PNAM=MS-80SH;PIRA=261;PIRP=259;PIRM=259;PIRL=-2;PIRH=261;
SQNR=29040;DATE=24-08-14;TIME=08:04:00;STAT=201212;TMPA=21;TMPP=215;TMPB=18;TMPC=21;RHUA=72;DWPA=16;PTYP=1;PNAM=MS-80SH;PIRA=261;PIRP=261;PIRM=260;PIRL=-2;PIRH=262;
SQNR=29055;DATE=24-08-14;TIME=08:04:15;STAT=201212;TMPA=21;TMPP=214;TMPB=18;TMPC=21;RHUA=73;DWPA=16;PTYP=1;PNAM=MS-80SH;PIRA=262;PIRP=261;PIRM=261;PIRL=-2;PIRH=262;
SQNR=29070;DATE=24-08-14;TIME=08:04:30;STAT=201212;TMPA=21;TMPP=213;TMPB=18;TMPC=21;RHUA=73;DWPA=16;PTYP=1;PNAM=MS-80SH;PIRA=263;PIRP=262;PIRM=261;PIRL=-2;PIRH=263;
SQNR=29085;DATE=24-08-14;TIME=08:04:45;STAT=201212;TMPA=21;TMPP=213;TMPB=18;TMPC=21;RHUA=74;DWPA=16;PTYP=1;PNAM=MS-80SH;PIRA=263;PIRP=262;PIRM=262;PIRL=-2;PIRH=263;
SQNR=29100;DATE=24-08-14;TIME=08:05:00;STAT=201212;TMPA=21;TMPP=212;TMPB=18;TMPC=21;RHUA=74;DWPA=16;PTYP=1;PNAM=MS-80SH;PIRA=263;PIRP=263;PIRM=262;PIRL=-2;PIRH=264;
C-----;?
V-----;SWVNR=2102190;SQNDL=29102;DATE=24-08-14;TIME=08:05:07;THTYP=85;TTEMP=15;TDEWP=5;IUFAN=800;ILFAN=5;IUHEA=3000;PYDEF=21;PYAVT=30;PYAVW=1;PYOST=0;MSDLY=15;FNDLY=30;OSTRG=3;DBGFL=0;ASIRE=0;DBGRE=0;MPPFL=-1;
SQNR=29115;DATE=24-08-14;TIME=08:05:15;STAT=201212;TMPA=21;TMPP=213;TMPB=18;TMPC=21;RHUA=73;DWPA=16;PTYP=1;PNAM=MS-80SH;PIRA=263;PIRP=263;PIRM=263;PIRL=-2;PIRH=264;
SQNR=29130;DATE=24-08-14;TIME=08:05:30;STAT=201212;TMPA=21;TMPP=213;TMPB=18;TMPC=20;RHUA=73;DWPA=16;PTYP=1;PNAM=MS-80SH;PIRA=263;PIRP=263;PIRM=263;PIRL=-2;PIRH=264;
SQNR=29145;DATE=24-08-14;TIME=08:05:45;STAT=201212;TMPA=21;TMPP=214;TMPB=18;TMPC=20;RHUA=73;DWPA=16;PTYP=1;PNAM=MS-80SH;PIRA=263;PIRP=263;PIRM=263;PIRL=-2;PIRH=264;
SQNR=29160;DATE=24-08-14;TIME=08:06:00;STAT=201212;TMPA=21;TMPP=213;TMPB=18;TMPC=20;RHUA=73;DWPA=16;PTYP=1;PNAM=MS-80SH;PIRA=263;PIRP=263;PIRM=263;PIRL=-2;PIRH=264;
SQNR=29175;DATE=24-08-14;TIME=08:06:15;STAT=201212;TMPA=21;TMPP=213;TMPB=18;TMPC=20;RHUA=73;DWPA=16;PTYP=1;PNAM=MS-80SH;PIRA=265;PIRP=264;PIRM=264;PIRL=-2;PIRH=265;
SQNR=29190;DATE=24-08-14;TIME=08:06:30;STAT=201212;TMPA=21;TMPP=212;TMPB=18;TMPC=20;RHUA=73;DWPA=16;PTYP=1;PNAM=MS-80SH;PIRA=266;PIRP=265;PIRM=264;PIRL=-2;PIRH=266;
SQNR=29205;DATE=24-08-14;TIME=08:06:45;STAT=201212;TMPA=21;TMPP=211;TMPB=17;TMPC=20;RHUA=74;DWPA=16;PTYP=1;PNAM=MS-80SH;PIRA=267;PIRP=266;PIRM=265;PIRL=-2;PIRH=267;
SQNR=29220;DATE=24-08-14;TIME=08:07:00;STAT=201212;TMPA=21;TMPP=210;TMPB=17;TMPC=20;RHUA=73;DWPA=16;PTYP=1;PNAM=MS-80SH;PIRA=267;PIRP=267;PIRM=266;PIRL=-2;PIRH=267;
SQNR=29235;DATE=24-08-14;TIME=08:07:15;STAT=201222;TMPA=20;TMPP=209;TMPB=18;TMPC=20;RHUA=74;DWPA=16;PTYP=1;PNAM=MS-80SH;PIRA=268;PIRP=267;PIRM=267;PIRL=-2;PIRH=268;
SQNR=29250;DATE=24-08-14;TIME=08:07:30;STAT=201222;TMPA=20;TMPP=208;TMPB=18;TMPC=20;RHUA=74;DWPA=16;PTYP=1;PNAM=MS-80SH;PIRA=269;PIRP=268;PIRM=268;PIRL=-2;PIRH=269;
SQNR=29265;DATE=24-08-14;TIME=08:07:45;STAT=201222;TMPA=20;TMPP=207;TMPB=19;TMPC=20;RHUA=75;DWPA=16;PTYP=1;PNAM=MS-80SH;PIRA=270;PIRP=269;PIRM=268;PIRL=-2;PIRH=270;
SQNR=29280;DATE=24-08-14;TIME=08:08:00;STAT=201222;TMPA=20;TMPP=206;TMPB=20;TMPC=20;RHUA=75;DWPA=16;PTYP=1;PNAM=MS-80SH;PIRA=270;PIRP=270;PIRM=269;PIRL=-2;PIRH=270;
SQNR=29295;DATE=24-08-14;TIME=08:08:15;STAT=201222;TMPA=20;TMPP=206;TMPB=20;TMPC=20;RHUA=75;DWPA=16;PTYP=1;PNAM=MS-80SH;PIRA=271;PIRP=270;PIRM=270;PIRL=-2;PIRH=271;
SQNR=29310;DATE=24-08-14;TIME=08:08:30;STAT=201222;TMPA=20;TMPP=205;TMPB=21;TMPC=20;RHUA=76;DWPA=16;PTYP=1;PNAM=MS-80SH;PIRA=272;PIRP=271;PIRM=271;PIRL=-2;PIRH=272;
SQNR=29325;DATE=24-08-14;TIME=08:08:45;STAT=201222;TMPA=20;TMPP=205;TMPB=21;TMPC=20;RHUA=75;DWPA=16;PTYP=1;PNAM=MS-80SH;PIRA=272;PIRP=272;PIRM=271;PIRL=-2;PIRH=273;
SQNR=29340;DATE=24-08-14;TIME=08:09:00;STAT=201222;TMPA=20;TMPP=205;TMPB=21;TMPC=20;RHUA=76;DWPA=16;PTYP=1;PNAM=MS-80SH;PIRA=273;PIRP=273;PIRM=272;PIRL=-2;PIRH=273;
SQNR=29355;DATE=24-08-14;TIME=08:09:15;STAT=201222;TMPA=20;TMPP=205;TMPB=21;TMPC=20;RHUA=75;DWPA=16;PTYP=1;PNAM=MS-80SH;PIRA=274;PIRP=273;PIRM=273;PIRL=-2;PIRH=274;
SQNR=29370;DATE=24-08-14;TIME=08:09:30;STAT=201222;TMPA=20;TMPP=205;TMPB=22;TMPC=20;RHUA=76;DWPA=16;PTYP=1;PNAM=MS-80SH;PIRA=275;PIRP=274;PIRM=273;PIRL=-2;PIRH=275;
SQNR=29385;DATE=24-08-14;TIME=08:09:45;STAT=201222;TMPA=20;TMPP=205;TMPB=22;TMPC=20;RHUA=76;DWPA=16;PTYP=1;PNAM=MS-80SH;PIRA=276;PIRP=275;PIRM=274;PIRL=-2;PIRH=276;
C-----;?
SQNR=29400;DATE=24-08-14;TIME=08:10:00;STAT=201222;TMPA=20;TMPP=205;TMPB=22;TMPC=21;RHUA=76;DWPA=16;PTYP=1;PNAM=MS-80SH;PIRA=277;PIRP=276;PIRM=275;PIRL=-2;PIRH=277;
V-----;SWVNR=2102190;SQNDL=29401;DATE=24-08-14;TIME=08:10:06;THTYP=85;TTEMP=15;TDEWP=5;IUFAN=800;ILFAN=5;IUHEA=3000;PYDEF=21;PYAVT=30;PYAVW=1;PYOST=0;MSDLY=15;FNDLY=30;OSTRG=3;DBGFL=0;ASIRE=0;DBGRE=0;MPPFL=-1;
SQNR=29415;DATE=24-08-14;TIME=08:10:15;STAT=201222;TMPA=20;TMPP=206;TMPB=22;TMPC=21;RHUA=76;DWPA=16;PTYP=1;PNAM=MS-80SH;PIRA=277;PIRP=277;PIRM=276;PIRL=-2;PIRH=277;
SQNR=29430;DATE=24-08-14;TIME=08:10:30;STAT=201222;TMPA=20;TMPP=208;TMPB=22;TMPC=21;RHUA=76;DWPA=16;PTYP=1;PNAM=MS-80SH;PIRA=277;PIRP=277;PIRM=276;PIRL=-2;PIRH=278;
SQNR=29445;DATE=24-08-14;TIME=08:10:45;STAT=201222;TMPA=20;TMPP=209;TMPB=22;TMPC=21;RHUA=76;DWPA=16;PTYP=1;PNAM=MS-80SH;PIRA=278;PIRP=278;PIRM=277;PIRL=-2;PIRH=278;
SQNR=29460;DATE=24-08-14;TIME=08:11:00;STAT=201222;TMPA=20;TMPP=209;TMPB=22;TMPC=21;RHUA=76;DWPA=16;PTYP=1;PNAM=MS-80SH;PIRA=279;PIRP=278;PIRM=278;PIRL=-2;PIRH=279;
SQNR=29475;DATE=24-08-14;TIME=08:11:15;STAT=201222;TMPA=20;TMPP=209;TMPB=22;TMPC=21;RHUA=75;DWPA=16;PTYP=1;PNAM=MS-80SH;PIRA=280;PIRP=279;PIRM=278;PIRL=-2;PIRH=281;
SQNR=29490;DATE=24-08-14;TIME=08:11:30;STAT=201222;TMPA=20;TMPP=209;TMPB=22;TMPC=21;RHUA=75;DWPA=16;PTYP=1;PNAM=MS-80SH;PIRA=280;PIRP=280;PIRM=279;PIRL=-2;PIRH=281;
SQNR=29505;DATE=24-08-14;TIME=08:11:45;STAT=201222;TMPA=20;TMPP=209;TMPB=22;TMPC=21;RHUA=75;DWPA=16;PTYP=1;PNAM=MS-80SH;PIRA=280;PIRP=280;PIRM=280;PIRL=-2;PIRH=281;
SQNR=29520;DATE=24-08-14;TIME=08:12:00;STAT=201222;TMPA=20;TMPP=208;TMPB=22;TMPC=21;RHUA=75;DWPA=16;PTYP=1;PNAM=MS-80SH;PIRA=282;PIRP=281;PIRM=280;PIRL=-2;PIRH=282;
SQNR=29535;DATE=24-08-14;TIME=08:12:15;STAT=201222;TMPA=20;TMPP=209;TMPB=22;TMPC=21;RHUA=75;DWPA=16;PTYP=1;PNAM=MS-80SH;PIRA=282;PIRP=281;PIRM=281;PIRL=-2;PIRH=282;
SQNR=29550;DATE=24-08-14;TIME=08:12:30;STAT=201222;TMPA=20;TMPP=208;TMPB=22;TMPC=21;RHUA=75;DWPA=16;PTYP=1;PNAM=MS-80SH;PIRA=282;PIRP=282;PIRM=281;PIRL=-2;PIRH=282;
SQNR=29565;DATE=24-08-14;TIME=08:12:45;STAT=201222;TMPA=20;TMPP=208;TMPB=22;TMPC=21;RHUA=75;DWPA=16;PTYP=1;PNAM=MS-80SH;PIRA=283;PIRP=282;PIRM=282;PIRL=-2;PIRH=283;
SQNR=29580;DATE=24-08-14;TIME=08:13:00;STAT=201222;TMPA=20;TMPP=208;TMPB=22;TMPC=21;RHUA=75;DWPA=16;PTYP=1;PNAM=MS-80SH;PIRA=284;PIRP=283;PIRM=282;PIRL=-2;PIRH=284;
SQNR=29595;DATE=24-08-14;TIME=08:13:15;STAT=201222;TMPA=20;TMPP=208;TMPB=22;TMPC=21;RHUA=76;DWPA=16;PTYP=1;PNAM=MS-80SH;PIRA=285;PIRP=284;PIRM=283;PIRL=-2;PIRH=285;
SQNR=29610;DATE=24-08-14;TIME=08:13:30;STAT=201222;TMPA=20;TMPP=208;TMPB=22;TMPC=21;RHUA=77;DWPA=16;PTYP=1;PNAM=MS-80SH;PIRA=285;PIRP=285;PIRM=284;PIRL=-2;PIRH=286;
SQNR=29625;DATE=24-08-14;TIME=08:13:45;STAT=201222;TMPA=20;TMPP=208;TMPB=22;TMPC=21;RHUA=76;DWPA=16;PTYP=1;PNAM=MS-80SH;PIRA=285;PIRP=285;PIRM=284;PIRL=-2;PIRH=286;
SQNR=29641;DATE=24-08-14;TIME=08:14:00;STAT=201222;TMPA=20;TMPP=209;TMPB=23;TMPC=22;RHUA=76;DWPA=16;PTYP=1;PNAM=MS-80SH;PIRA=285;PIRP=285;PIRM=284;PIRL=-2;PIRH=286;
SQNR=29655;DATE=24-08-14;TIME=08:14:15;STAT=201212;TMPA=21;TMPP=211;TMPB=23;TMPC=22;RHUA=74;DWPA=16;PTYP=1;PNAM=MS-80SH;PIRA=285;PIRP=285;PIRM=285;PIRL=-2;PIRH=286;
SQNR=29670;DATE=24-08-14;TIME=08:14:30;STAT=201212;TMPA=21;TMPP=213;TMPB=22;TMPC=22;RHUA=73;DWPA=16;PTYP=1;PNAM=MS-80SH;PIRA=286;PIRP=285;PIRM=285;PIRL=-2;PIRH=286;
SQNR=29685;DATE=24-08-14;TIME=08:14:45;STAT=201212;TMPA=21;TMPP=214;TMPB=21;TMPC=22;RHUA=72;DWPA=16;PTYP=1;PNAM=MS-80SH;PIRA=288;PIRP=286;PIRM=286;PIRL=-2;PIRH=288;
SQNR=29700;DATE=24-08-14;TIME=08:15:00;STAT=201212;TMPA=21;TMPP=215;TMPB=21;TMPC=22;RHUA=72;DWPA=16;PTYP=1;PNAM=MS-80SH;PIRA=287;PIRP=287;PIRM=286;PIRL=-2;PIRH=288;
C-----;?
V-----;SWVNR=2102190;SQNDL=29701;DATE=24-08-14;TIME=08:15:06;THTYP=85;TTEMP=15;TDEWP=5;IUFAN=800;ILFAN=5;IUHEA=3000;PYDEF=21;PYAVT=30;PYAVW=1;PYOST=0;MSDLY=15;FNDLY=30;OSTRG=3;DBGFL=0;ASIRE=0;DBGRE=0;MPPFL=-1;
SQNR=29715;DATE=24-08-14;TIME=08:15:15;STAT=201212;TMPA=21;TMPP=215;TMPB=20;TMPC=22;RHUA=72;DWPA=16;PTYP=1;PNAM=MS-80SH;PIRA=288;PIRP=288;PIRM=287;PIRL=-2;PIRH=289;
SQNR=29730;DATE=24-08-14;TIME=08:15:30;STAT=201212;TMPA=21;TMPP=215;TMPB=19;TMPC=22;RHUA=72;DWPA=16;PTYP=1;PNAM=MS-80SH;PIRA=289;PIRP=288;PIRM=288;PIRL=-2;PIRH=289;
SQNR=29745;DATE=24-08-14;TIME=08:15:45;STAT=201212;TMPA=21;TMPP=214;TMPB=19;TMPC=22;RHUA=73;DWPA=16;PTYP=1;PNAM=MS-80SH;PIRA=289;PIRP=289;PIRM=289;PIRL=-2;PIRH=290;
SQNR=29760;DATE=24-08-14;TIME=08:16:00;STAT=201212;TMPA=21;TMPP=214;TMPB=19;TMPC=22;RHUA=72;DWPA=16;PTYP=1;PNAM=MS-80SH;PIRA=290;PIRP=290;PIRM=289;PIRL=-2;PIRH=291;
SQNR=29775;DATE=24-08-14;TIME=08:16:15;STAT=201212;TMPA=21;TMPP=214;TMPB=19;TMPC=22;RHUA=73;DWPA=16;PTYP=1;PNAM=MS-80SH;PIRA=292;PIRP=291;PIRM=290;PIRL=-2;PIRH=292;
SQNR=29790;DATE=24-08-14;TIME=08:16:30;STAT=201212;TMPA=21;TMPP=215;TMPB=19;TMPC=21;RHUA=73;DWPA=16;PTYP=1;PNAM=MS-80SH;PIRA=292;PIRP=291;PIRM=291;PIRL=-2;PIRH=292;
SQNR=29805;DATE=24-08-14;TIME=08:16:45;STAT=201212;TMPA=21;TMPP=216;TMPB=19;TMPC=21;RHUA=72;DWPA=16;PTYP=1;PNAM=MS-80SH;PIRA=292;PIRP=292;PIRM=291;PIRL=-2;PIRH=292;
SQNR=29820;DATE=24-08-14;TIME=08:17:00;STAT=201212;TMPA=21;TMPP=217;TMPB=18;TMPC=21;RHUA=72;DWPA=16;PTYP=1;PNAM=MS-80SH;PIRA=293;PIRP=292;PIRM=291;PIRL=-2;PIRH=293;
SQNR=29835;DATE=24-08-14;TIME=08:17:15;STAT=201212;TMPA=21;TMPP=218;TMPB=18;TMPC=21;RHUA=71;DWPA=16;PTYP=1;PNAM=MS-80SH;PIRA=293;PIRP=292;PIRM=292;PIRL=-2;PIRH=293;
SQNR=29850;DATE=24-08-14;TIME=08:17:30;STAT=201212;TMPA=21;TMPP=218;TMPB=18;TMPC=21;RHUA=71;DWPA=16;PTYP=1;PNAM=MS-80SH;PIRA=294;PIRP=293;PIRM=292;PIRL=-2;PIRH=294;
SQNR=29865;DATE=24-08-14;TIME=08:17:45;STAT=201212;TMPA=21;TMPP=218;TMPB=18;TMPC=21;RHUA=72;DWPA=16;PTYP=1;PNAM=MS-80SH;PIRA=293;PIRP=293;PIRM=293;PIRL=-2;PIRH=294;
SQNR=29880;DATE=24-08-14;TIME=08:18:00;STAT=201212;TMPA=21;TMPP=217;TMPB=18;TMPC=21;RHUA=72;DWPA=16;PTYP=1;PNAM=MS-80SH;PIRA=295;PIRP=294;PIRM=294;PIRL=-2;PIRH=295;
SQNR=29895;DATE=24-08-14;TIME=08:18:15;STAT=201212;TMPA=21;TMPP=217;TMPB=18;TMPC=21;RHUA=72;DWPA=16;PTYP=1;PNAM=MS-80SH;PIRA=296;PIRP=295;PIRM=295;PIRL=-2;PIRH=296;
SQNR=29910;DATE=24-08-14;TIME=08:18:30;STAT=201212;TMPA=21;TMPP=216;TMPB=18;TMPC=21;RHUA=72;DWPA=16;PTYP=1;PNAM=MS-80SH;PIRA=297;PIRP=296;PIRM=295;PIRL=-2;PIRH=297;
SQNR=29925;DATE=24-08-14;TIME=08:18:45;STAT=201212;TMPA=21;TMPP=216;TMPB=18;TMPC=21;RHUA=72;DWPA=16;PTYP=1;PNAM=MS-80SH;PIRA=297;PIRP=297;PIRM=296;PIRL=-2;PIRH=298;
SQNR=29940;DATE=24-08-14;TIME=08:19:00;STAT=201212;TMPA=21;TMPP=215;TMPB=18;TMPC=21;RHUA=72;DWPA=16;PTYP=1;PNAM=MS-80SH;PIRA=298;PIRP=298;PIRM=297;PIRL=-2;PIRH=298;
SQNR=29955;DATE=24-08-14;TIME=08:19:15;STAT=201212;TMPA=21;TMPP=214;TMPB=18;TMPC=21;RHUA=73;DWPA=16;PTYP=1;PNAM=MS-80SH;PIRA=300;PIRP=299;PIRM=298;PIRL=-2;PIRH=300;
SQNR=29970;DATE=24-08-14;TIME=08:19:30;STAT=201212;TMPA=21;TMPP=213;TMPB=18;TMPC=21;RHUA=74;DWPA=16;PTYP=1;PNAM=MS-80SH;PIRA=301;PIRP=300;PIRM=299;PIRL=-2;PIRH=301;
SQNR=29985;DATE=24-08-14;TIME=08:19:45;STAT=201212;TMPA=21;TMPP=213;TMPB=18;TMPC=21;RHUA=73;DWPA=16;PTYP=1;PNAM=MS-80SH;PIRA=302;PIRP=301;PIRM=300;PIRL=-2;PIRH=302;
SQNR=30000;DATE=24-08-14;TIME=08:20:00;STAT=201212;TMPA=21;TMPP=212;TMPB=18;TMPC=21;RHUA=74;DWPA=16;PTYP=1;PNAM=MS-80SH;PIRA=303;PIRP=302;PIRM=301;PIRL=-2;PIRH=303;
C-----;?
V-----;SWVNR=2102190;SQNDL=30001;DATE=24-08-14;TIME=08:20:06;THTYP=85;TTEMP=15;TDEWP=5;IUFAN=800;ILFAN=5;IUHEA=3000;PYDEF=21;PYAVT=30;PYAVW=1;PYOST=0;MSDLY=15;FNDLY=30;OSTRG=3;DBGFL=0;ASIRE=0;DBGRE=0;MPPFL=-1;
SQNR=30015;DATE=24-08-14;TIME=08:20:15;STAT=201212;TMPA=21;TMPP=211;TMPB=18;TMPC=20;RHUA=75;DWPA=16;PTYP=1;PNAM=MS-80SH;PIRA=302;PIRP=303;PIRM=302;PIRL=-2;PIRH=303;
SQNR=30030;DATE=24-08-14;TIME=08:20:30;STAT=201212;TMPA=21;TMPP=210;TMPB=17;TMPC=20;RHUA=75;DWPA=16;PTYP=1;PNAM=MS-80SH;PIRA=304;PIRP=303;PIRM=302;PIRL=-2;PIRH=304;
SQNR=30045;DATE=24-08-14;TIME=08:20:45;STAT=201222;TMPA=20;TMPP=209;TMPB=18;TMPC=20;RHUA=75;DWPA=16;PTYP=1;PNAM=MS-80SH;PIRA=304;PIRP=304;PIRM=303;PIRL=-2;PIRH=304;
SQNR=30060;DATE=24-08-14;TIME=08:21:00;STAT=201222;TMPA=20;TMPP=209;TMPB=18;TMPC=20;RHUA=76;DWPA=16;PTYP=1;PNAM=MS-80SH;PIRA=304;PIRP=304;PIRM=303;PIRL=-2;PIRH=304;
SQNR=30075;DATE=24-08-14;TIME=08:21:15;STAT=201222;TMPA=20;TMPP=208;TMPB=19;TMPC=20;RHUA=77;DWPA=16;PTYP=1;PNAM=MS-80SH;PIRA=304;PIRP=304;PIRM=304;PIRL=-2;PIRH=305;
SQNR=30090;DATE=24-08-14;TIME=08:21:30;STAT=201222;TMPA=20;TMPP=208;TMPB=20;TMPC=20;RHUA=77;DWPA=16;PTYP=1;PNAM=MS-80SH;PIRA=307;PIRP=305;PIRM=305;PIRL=-2;PIRH=307;
SQNR=30105;DATE=24-08-14;TIME=08:21:45;STAT=201222;TMPA=20;TMPP=208;TMPB=20;TMPC=20;RHUA=78;DWPA=16;PTYP=1;PNAM=MS-80SH;PIRA=308;PIRP=307;PIRM=306;PIRL=-2;PIRH=308;
SQNR=30120;DATE=24-08-14;TIME=08:22:00;STAT=201222;TMPA=20;TMPP=208;TMPB=21;TMPC=20;RHUA=77;DWPA=16;PTYP=1;PNAM=MS-80SH;PIRA=308;PIRP=308;PIRM=307;PIRL=-2;PIRH=308;
SQNR=30136;DATE=24-08-14;TIME=08:22:15;STAT=201222;TMPA=20;TMPP=208;TMPB=21;TMPC=20;RHUA=76;DWPA=16;PTYP=1;PNAM=MS-80SH;PIRA=309;PIRP=309;PIRM=308;PIRL=-2;PIRH=310;
SQNR=30151;DATE=24-08-14;TIME=08:22:30;STAT=201222;TMPA=20;TMPP=208;TMPB=21;TMPC=20;RHUA=76;DWPA=16;PTYP=1;PNAM=MS-80SH;PIRA=310;PIRP=309;PIRM=308;PIRL=-2;PIRH=310;
SQNR=30166;DATE=24-08-14;TIME=08:22:45;STAT=201222;TMPA=20;TMPP=208;TMPB=21;TMPC=21;RHUA=77;DWPA=16;PTYP=1;PNAM=MS-80SH;PIRA=310;PIRP=309;PIRM=309;PIRL=-2;PIRH=310;
SQNR=30181;DATE=24-08-14;TIME=08:23:00;STAT=201222;TMPA=20;TMPP=208;TMPB=22;TMPC=21;RHUA=77;DWPA=16;PTYP=1;PNAM=MS-80SH;PIRA=310;PIRP=310;PIRM=309;PIRL=-2;PIRH=310;
SQNR=30196;DATE=24-08-14;TIME=08:23:15;STAT=201222;TMPA=20;TMPP=207;TMPB=22;TMPC=21;RHUA=76;DWPA=16;PTYP=1;PNAM=MS-80SH;PIRA=311;PIRP=310;PIRM=310;PIRL=-2;PIRH=311;
SQNR=30211;DATE=24-08-14;TIME=08:23:30;STAT=201222;TMPA=20;TMPP=207;TMPB=22;TMPC=21;RHUA=76;DWPA=16;PTYP=1;PNAM=MS-80SH;PIRA=312;PIRP=311;PIRM=311;PIRL=-2;PIRH=313;
SQNR=30226;DATE=24-08-14;TIME=08:23:45;STAT=201222;TMPA=20;TMPP=207;TMPB=22;TMPC=21;RHUA=76;DWPA=16;PTYP=1;PNAM=MS-80SH;PIRA=313;PIRP=313;PIRM=312;PIRL=-2;PIRH=314;
SQNR=30241;DATE=24-08-14;TIME=08:24:00;STAT=201222;TMPA=20;TMPP=206;TMPB=22;TMPC=21;RHUA=77;DWPA=16;PTYP=1;PNAM=MS-80SH;PIRA=314;PIRP=314;PIRM=313;PIRL=-2;PIRH=314;
SQNR=30256;DATE=24-08-14;TIME=08:24:15;STAT=201222;TMPA=20;TMPP=206;TMPB=22;TMPC=21;RHUA=77;DWPA=16;PTYP=1;PNAM=MS-80SH;PIRA=315;PIRP=315;PIRM=314;PIRL=-2;PIRH=315;
SQNR=30271;DATE=24-08-14;TIME=08:24:30;STAT=201222;TMPA=20;TMPP=206;TMPB=22;TMPC=21;RHUA=76;DWPA=16;PTYP=1;PNAM=MS-80SH;PIRA=316;PIRP=315;PIRM=314;PIRL=-2;PIRH=316;
SQNR=30286;DATE=24-08-14;TIME=08:24:45;STAT=201222;TMPA=20;TMPP=206;TMPB=22;TMPC=21;RHUA=76;DWPA=16;PTYP=1;PNAM=MS-80SH;PIRA=316;PIRP=316;PIRM=315;PIRL=-2;PIRH=316;
SQNR=30301;DATE=24-08-14;TIME=08:25:00;STAT=201222;TMPA=20;TMPP=206;TMPB=22;TMPC=21;RHUA=77;DWPA=16;PTYP=1;PNAM=MS-80SH;PIRA=317;PIRP=316;PIRM=316;PIRL=-2;PIRH=318;
C-----;?
V-----;SWVNR=2102190;SQNDL=30303;DATE=24-08-14;TIME=08:25:07;THTYP=85;TTEMP=15;TDEWP=5;IUFAN=800;ILFAN=5;IUHEA=3000;PYDEF=21;PYAVT=30;PYAVW=1;PYOST=0;MSDLY=15;FNDLY=30;OSTRG=3;DBGFL=0;ASIRE=0;DBGRE=0;MPPFL=-1;
SQNR=30316;DATE=24-08-14;TIME=08:25:15;STAT=201222;TMPA=20;TMPP=206;TMPB=22;TMPC=21;RHUA=78;DWPA=16;PTYP=1;PNAM=MS-80SH;PIRA=317;PIRP=317;PIRM=316;PIRL=-2;PIRH=318;
SQNR=30331;DATE=24-08-14;TIME=08:25:30;STAT=201222;TMPA=20;TMPP=207;TMPB=22;TMPC=21;RHUA=78;DWPA=16;PTYP=1;PNAM=MS-80SH;PIRA=318;PIRP=318;PIRM=317;PIRL=-2;PIRH=318;
SQNR=30346;DATE=24-08-14;TIME=08:25:45;STAT=201222;TMPA=20;TMPP=208;TMPB=22;TMPC=21;RHUA=78;DWPA=16;PTYP=1;PNAM=MS-80SH;PIRA=319;PIRP=318;PIRM=318;PIRL=-2;PIRH=319;
SQNR=30361;DATE=24-08-14;TIME=08:26:00;STAT=201222;TMPA=20;TMPP=208;TMPB=22;TMPC=21;RHUA=78;DWPA=17;PTYP=1;PNAM=MS-80SH;PIRA=318;PIRP=318;PIRM=318;PIRL=-2;PIRH=319;
SQNR=30376;DATE=24-08-14;TIME=08:26:15;STAT=201222;TMPA=20;TMPP=209;TMPB=22;TMPC=21;RHUA=78;DWPA=16;PTYP=1;PNAM=MS-80SH;PIRA=320;PIRP=319;PIRM=319;PIRL=-2;PIRH=320;
SQNR=30391;DATE=24-08-14;TIME=08:26:30;STAT=201222;TMPA=20;TMPP=209;TMPB=22;TMPC=21;RHUA=78;DWPA=16;PTYP=1;PNAM=MS-80SH;PIRA=320;PIRP=320;PIRM=319;PIRL=-2;PIRH=320;
SQNR=30406;DATE=24-08-14;TIME=08:26:45;STAT=201222;TMPA=20;TMPP=209;TMPB=22;TMPC=22;RHUA=76;DWPA=16;PTYP=1;PNAM=MS-80SH;PIRA=321;PIRP=320;PIRM=320;PIRL=-2;PIRH=321;
SQNR=30421;DATE=24-08-14;TIME=08:27:00;STAT=201222;TMPA=20;TMPP=209;TMPB=22;TMPC=22;RHUA=77;DWPA=16;PTYP=1;PNAM=MS-80SH;PIRA=322;PIRP=321;PIRM=320;PIRL=-2;PIRH=322;
SQNR=30436;DATE=24-08-14;TIME=08:27:15;STAT=201222;TMPA=20;TMPP=209;TMPB=22;TMPC=22;RHUA=77;DWPA=16;PTYP=1;PNAM=MS-80SH;PIRA=323;PIRP=322;PIRM=321;PIRL=-2;PIRH=323;
SQNR=30451;DATE=24-08-14;TIME=08:27:30;STAT=201222;TMPA=20;TMPP=209;TMPB=22;TMPC=22;RHUA=77;DWPA=16;PTYP=1;PNAM=MS-80SH;PIRA=323;PIRP=323;PIRM=322;PIRL=-2;PIRH=323;
SQNR=30466;DATE=24-08-14;TIME=08:27:45;STAT=201212;TMPA=21;TMPP=210;TMPB=22;TMPC=22;RHUA=77;DWPA=16;PTYP=1;PNAM=MS-80SH;PIRA=324;PIRP=323;PIRM=323;PIRL=-2;PIRH=324;
SQNR=30481;DATE=24-08-14;TIME=08:28:00;STAT=201222;TMPA=20;TMPP=209;TMPB=22;TMPC=22;RHUA=77;DWPA=16;PTYP=1;PNAM=MS-80SH;PIRA=325;PIRP=324;PIRM=323;PIRL=-2;PIRH=325;
SQNR=30496;DATE=24-08-14;TIME=08:28:15;STAT=201222;TMPA=20;TMPP=209;TMPB=22;TMPC=22;RHUA=77;DWPA=16;PTYP=1;PNAM=MS-80SH;PIRA=326;PIRP=325;PIRM=324;PIRL=-2;PIRH=327;
SQNR=30511;DATE=24-08-14;TIME=08:28:30;STAT=201222;TMPA=20;TMPP=209;TMPB=22;TMPC=22;RHUA=76;DWPA=16;PTYP=1;PNAM=MS-80SH;PIRA=327;PIRP=326;PIRM=325;PIRL=-2;PIRH=327;
SQNR=30526;DATE=24-08-14;TIME=08:28:45;STAT=201222;TMPA=20;TMPP=209;TMPB=22;TMPC=22;RHUA=77;DWPA=16;PTYP=1;PNAM=MS-80SH;PIRA=328;PIRP=327;PIRM=326;PIRL=-2;PIRH=328;
SQNR=30541;DATE=24-08-14;TIME=08:29:00;STAT=201222;TMPA=20;TMPP=209;TMPB=22;TMPC=22;RHUA=77;DWPA=16;PTYP=1;PNAM=MS-80SH;PIRA=329;PIRP=328;PIRM=327;PIRL=-2;PIRH=329;
SQNR=30556;DATE=24-08-14;TIME=08:29:15;STAT=201222;TMPA=20;TMPP=209;TMPB=22;TMPC=22;RHUA=77;DWPA=16;PTYP=1;PNAM=MS-80SH;PIRA=329;PIRP=329;PIRM=328;PIRL=-2;PIRH=330;
SQNR=30571;DATE=24-08-14;TIME=08:29:30;STAT=201222;TMPA=20;TMPP=209;TMPB=22;TMPC=22;RHUA=77;DWPA=16;PTYP=1;PNAM=MS-80SH;PIRA=330;PIRP=330;PIRM=329;PIRL=-2;PIRH=330;
SQNR=30586;DATE=24-08-14;TIME=08:29:45;STAT=201222;TMPA=20;TMPP=209;TMPB=22;TMPC=22;RHUA=77;DWPA=16;PTYP=1;PNAM=MS-80SH;PIRA=331;PIRP=330;PIRM=330;PIRL=-2;PIRH=331;
C-----;?
SQNR=30601;DATE=24-08-14;TIME=08:30:00;STAT=201222;TMPA=20;TMPP=209;TMPB=22;TMPC=22;RHUA=77;DWPA=16;PTYP=1;PNAM=MS-80SH;PIRA=332;PIRP=331;PIRM=330;PIRL=-2;PIRH=332;
V-----;SWVNR=2102190;SQNDL=30601;DATE=24-08-14;TIME=08:30:06;THTYP=85;TTEMP=15;TDEWP=5;IUFAN=800;ILFAN=5;IUHEA=3000;PYDEF=21;PYAVT=30;PYAVW=1;PYOST=0;MSDLY=15;FNDLY=30;OSTRG=3;DBGFL=0;ASIRE=0;DBGRE=0;MPPFL=-1;
SQNR=30616;DATE=24-08-14;TIME=08:30:15;STAT=201222;TMPA=20;TMPP=209;TMPB=22;TMPC=22;RHUA=77;DWPA=16;PTYP=1;PNAM=MS-80SH;PIRA=333;PIRP=332;PIRM=331;PIRL=-2;PIRH=333;
SQNR=30631;DATE=24-08-14;TIME=08:30:30;STAT=201222;TMPA=20;TMPP=209;TMPB=22;TMPC=22;RHUA=77;DWPA=16;PTYP=1;PNAM=MS-80SH;PIRA=333;PIRP=333;PIRM=332;PIRL=-2;PIRH=333;
SQNR=30646;DATE=24-08-14;TIME=08:30:45;STAT=201222;TMPA=20;TMPP=209;TMPB=22;TMPC=22;RHUA=76;DWPA=16;PTYP=1;PNAM=MS-80SH;PIRA=335;PIRP=333;PIRM=333;PIRL=-2;PIRH=335;
SQNR=30661;DATE=24-08-14;TIME=08:31:00;STAT=201222;TMPA=20;TMPP=209;TMPB=22;TMPC=22;RHUA=76;DWPA=16;PTYP=1;PNAM=MS-80SH;PIRA=336;PIRP=334;PIRM=334;PIRL=-2;PIRH=336;
SQNR=30676;DATE=24-08-14;TIME=08:31:15;STAT=201222;TMPA=20;TMPP=209;TMPB=22;TMPC=22;RHUA=75;DWPA=16;PTYP=1;PNAM=MS-80SH;PIRA=337;PIRP=336;PIRM=335;PIRL=-2;PIRH=337;
SQNR=30691;DATE=24-08-14;TIME=08:31:30;STAT=201222;TMPA=20;TMPP=209;TMPB=22;TMPC=22;RHUA=76;DWPA=16;PTYP=1;PNAM=MS-80SH;PIRA=338;PIRP=337;PIRM=336;PIRL=-2;PIRH=338;
SQNR=30706;DATE=24-08-14;TIME=08:31:45;STAT=201222;TMPA=20;TMPP=209;TMPB=22;TMPC=22;RHUA=76;DWPA=16;PTYP=1;PNAM=MS-80SH;PIRA=338;PIRP=338;PIRM=337;PIRL=-2;PIRH=339;
SQNR=30721;DATE=24-08-14;TIME=08:32:00;STAT=201222;TMPA=20;TMPP=209;TMPB=22;TMPC=22;RHUA=76;DWPA=16;PTYP=1;PNAM=MS-80SH;PIRA=339;PIRP=339;PIRM=338;PIRL=-2;PIRH=339;
SQNR=30736;DATE=24-08-14;TIME=08:32:15;STAT=201222;TMPA=20;TMPP=209;TMPB=22;TMPC=22;RHUA=76;DWPA=16;PTYP=1;PNAM=MS-80SH;PIRA=340;PIRP=339;PIRM=338;PIRL=-2;PIRH=340;
SQNR=30751;DATE=24-08-14;TIME=08:32:30;STAT=201222;TMPA=20;TMPP=209;TMPB=23;TMPC=22;RHUA=77;DWPA=16;PTYP=1;PNAM=MS-80SH;PIRA=340;PIRP=340;PIRM=339;PIRL=-2;PIRH=340;
SQNR=30766;DATE=24-08-14;TIME=08:32:45;STAT=201212;TMPA=21;TMPP=211;TMPB=22;TMPC=22;RHUA=76;DWPA=16;PTYP=1;PNAM=MS-80SH;PIRA=340;PIRP=340;PIRM=339;PIRL=-2;PIRH=340;
SQNR=30781;DATE=24-08-14;TIME=08:33:00;STAT=201212;TMPA=21;TMPP=212;TMPB=22;TMPC=22;RHUA=76;DWPA=16;PTYP=1;PNAM=MS-80SH;PIRA=341;PIRP=341;PIRM=340;PIRL=-2;PIRH=342;
SQNR=30796;DATE=24-08-14;TIME=08:33:15;STAT=201212;TMPA=21;TMPP=213;TMPB=21;TMPC=22;RHUA=75;DWPA=16;PTYP=1;PNAM=MS-80SH;PIRA=343;PIRP=341;PIRM=341;PIRL=-2;PIRH=343;
SQNR=30811;DATE=24-08-14;TIME=08:33:30;STAT=201212;TMPA=21;TMPP=213;TMPB=20;TMPC=22;RHUA=74;DWPA=16;PTYP=1;PNAM=MS-80SH;PIRA=343;PIRP=342;PIRM=342;PIRL=-2;PIRH=343;
SQNR=30826;DATE=24-08-14;TIME=08:33:45;STAT=201212;TMPA=21;TMPP=213;TMPB=20;TMPC=22;RHUA=74;DWPA=16;PTYP=1;PNAM=MS-80SH;PIRA=344;PIRP=343;PIRM=343;PIRL=-2;PIRH=344;
SQNR=30841;DATE=24-08-14;TIME=08:34:00;STAT=201212;TMPA=21;TMPP=212;TMPB=19;TMPC=22;RHUA=75;DWPA=16;PTYP=1;PNAM=MS-80SH;PIRA=345;PIRP=344;PIRM=343;PIRL=-2;PIRH=345;
SQNR=30856;DATE=24-08-14;TIME=08:34:15;STAT=201212;TMPA=21;TMPP=212;TMPB=19;TMPC=22;RHUA=74;DWPA=16;PTYP=1;PNAM=MS-80SH;PIRA=347;PIRP=345;PIRM=344;PIRL=-2;PIRH=347;
SQNR=30871;DATE=24-08-14;TIME=08:34:30;STAT=201212;TMPA=21;TMPP=212;TMPB=19;TMPC=22;RHUA=74;DWPA=16;PTYP=1;PNAM=MS-80SH;PIRA=347;PIRP=346;PIRM=345;PIRL=-2;PIRH=347;
SQNR=30886;DATE=24-08-14;TIME=08:34:45;STAT=201212;TMPA=21;TMPP=211;TMPB=18;TMPC=22;RHUA=74;DWPA=16;PTYP=1;PNAM=MS-80SH;PIRA=348;PIRP=347;PIRM=346;PIRL=-2;PIRH=348;
SQNR=30901;DATE=24-08-14;TIME=08:35:00;STAT=201212;TMPA=21;TMPP=211;TMPB=18;TMPC=22;RHUA=75;DWPA=16;PTYP=1;PNAM=MS-80SH;PIRA=348;PIRP=348;PIRM=347;PIRL=-2;PIRH=349;
C-----;?
V-----;SWVNR=2102190;SQNDL=30902;DATE=24-08-14;TIME=08:35:06;THTYP=85;TTEMP=15;TDEWP=5;IUFAN=800;ILFAN=5;IUHEA=3000;PYDEF=21;PYAVT=30;PYAVW=1;PYOST=0;MSDLY=15;FNDLY=30;OSTRG=3;DBGFL=0;ASIRE=0;DBGRE=0;MPPFL=-1;
SQNR=30916;DATE=24-08-14;TIME=08:35:15;STAT=201212;TMPA=21;TMPP=210;TMPB=18;TMPC=22;RHUA=75;DWPA=16;PTYP=1;PNAM=MS-80SH;PIRA=349;PIRP=349;PIRM=348;PIRL=-2;PIRH=349;
SQNR=30931;DATE=24-08-14;TIME=08:35:30;STAT=201212;TMPA=21;TMPP=210;TMPB=18;TMPC=22;RHUA=75;DWPA=16;PTYP=1;PNAM=MS-80SH;PIRA=349;PIRP=349;PIRM=348;PIRL=-2;PIRH=350;
SQNR=30945;DATE=24-08-14;TIME=08:35:45;STAT=201212;TMPA=21;TMPP=210;TMPB=18;TMPC=22;RHUA=76;DWPA=16;PTYP=1;PNAM=MS-80SH;PIRA=350;PIRP=350;PIRM=349;PIRL=-2;PIRH=350;
SQNR=30960;DATE=24-08-14;TIME=08:36:00;STAT=201212;TMPA=21;TMPP=210;TMPB=18;TMPC=22;RHUA=76;DWPA=16;PTYP=1;PNAM=MS-80SH;PIRA=351;PIRP=350;PIRM=350;PIRL=-2;PIRH=351;
SQNR=30975;DATE=24-08-14;TIME=08:36:15;STAT=201212;TMPA=21;TMPP=211;TMPB=18;TMPC=21;RHUA=76;DWPA=16;PTYP=1;PNAM=MS-80SH;PIRA=351;PIRP=351;PIRM=350;PIRL=-2;PIRH=352;
SQNR=30990;DATE=24-08-14;TIME=08:36:30;STAT=201212;TMPA=21;TMPP=210;TMPB=18;TMPC=21;RHUA=75;DWPA=16;PTYP=1;PNAM=MS-80SH;PIRA=353;PIRP=352;PIRM=351;PIRL=-2;PIRH=353;
SQNR=31005;DATE=24-08-14;TIME=08:36:45;STAT=201212;TMPA=21;TMPP=211;TMPB=18;TMPC=21;RHUA=75;DWPA=16;PTYP=1;PNAM=MS-80SH;PIRA=354;PIRP=353;PIRM=352;PIRL=-2;PIRH=354;
SQNR=31020;DATE=24-08-14;TIME=08:37:00;STAT=201212;TMPA=21;TMPP=211;TMPB=18;TMPC=21;RHUA=75;DWPA=16;PTYP=1;PNAM=MS-80SH;PIRA=355;PIRP=354;PIRM=353;PIRL=-2;PIRH=355;
SQNR=31035;DATE=24-08-14;TIME=08:37:15;STAT=201212;TMPA=21;TMPP=210;TMPB=18;TMPC=21;RHUA=77;DWPA=16;PTYP=1;PNAM=MS-80SH;PIRA=354;PIRP=354;PIRM=354;PIRL=-2;PIRH=355;
SQNR=31050;DATE=24-08-14;TIME=08:37:30;STAT=201212;TMPA=21;TMPP=210;TMPB=18;TMPC=21;RHUA=77;DWPA=16;PTYP=1;PNAM=MS-80SH;PIRA=355;PIRP=355;PIRM=354;PIRL=-2;PIRH=355;
SQNR=31065;DATE=24-08-14;TIME=08:37:45;STAT=201212;TMPA=21;TMPP=210;TMPB=18;TMPC=21;RHUA=76;DWPA=16;PTYP=1;PNAM=MS-80SH;PIRA=355;PIRP=355;PIRM=354;PIRL=-2;PIRH=355;
SQNR=31080;DATE=24-08-14;TIME=08:38:00;STAT=201212;TMPA=21;TMPP=210;TMPB=18;TMPC=21;RHUA=76;DWPA=16;PTYP=1;PNAM=MS-80SH;PIRA=357;PIRP=356;PIRM=355;PIRL=-2;PIRH=357;
SQNR=31095;DATE=24-08-14;TIME=08:38:15;STAT=201212;TMPA=21;TMPP=211;TMPB=18;TMPC=21;RHUA=75;DWPA=16;PTYP=1;PNAM=MS-80SH;PIRA=357;PIRP=356;PIRM=356;PIRL=-2;PIRH=357;
SQNR=31110;DATE=24-08-14;TIME=08:38:30;STAT=201212;TMPA=21;TMPP=211;TMPB=18;TMPC=21;RHUA=75;DWPA=16;PTYP=1;PNAM=MS-80SH;PIRA=357;PIRP=357;PIRM=356;PIRL=-2;PIRH=358;
SQNR=31125;DATE=24-08-14;TIME=08:38:45;STAT=201212;TMPA=21;TMPP=211;TMPB=18;TMPC=21;RHUA=75;DWPA=16;PTYP=1;PNAM=MS-80SH;PIRA=358;PIRP=358;PIRM=357;PIRL=-2;PIRH=358;
SQNR=31140;DATE=24-08-14;TIME=08:39:00;STAT=201212;TMPA=21;TMPP=211;TMPB=18;TMPC=21;RHUA=75;DWPA=16;PTYP=1;PNAM=MS-80SH;PIRA=360;PIRP=359;PIRM=358;PIRL=-2;PIRH=360;
SQNR=31155;DATE=24-08-14;TIME=08:39:15;STAT=201212;TMPA=21;TMPP=211;TMPB=18;TMPC=21;RHUA=75;DWPA=16;PTYP=1;PNAM=MS-80SH;PIRA=361;PIRP=360;PIRM=359;PIRL=-2;PIRH=361;
SQNR=31170;DATE=24-08-14;TIME=08:39:30;STAT=201212;TMPA=21;TMPP=211;TMPB=18;TMPC=21;RHUA=76;DWPA=16;PTYP=1;PNAM=MS-80SH;PIRA=361;PIRP=361;PIRM=360;PIRL=-2;PIRH=362;
SQNR=31185;DATE=24-08-14;TIME=08:39:45;STAT=201212;TMPA=21;TMPP=211;TMPB=18;TMPC=21;RHUA=75;DWPA=16;PTYP=1;PNAM=MS-80SH;PIRA=362;PIRP=362;PIRM=361;PIRL=-2;PIRH=363;
SQNR=31200;DATE=24-08-14;TIME=08:40:00;STAT=201212;TMPA=21;TMPP=211;TMPB=18;TMPC=21;RHUA=75;DWPA=16;PTYP=1;PNAM=MS-80SH;PIRA=363;PIRP=362;PIRM=361;PIRL=-2;PIRH=363;
C-----;?
V-----;SWVNR=2102190;SQNDL=31201;DATE=24-08-14;TIME=08:40:06;THTYP=85;TTEMP=15;TDEWP=5;IUFAN=800;ILFAN=5;IUHEA=3000;PYDEF=21;PYAVT=30;PYAVW=1;PYOST=0;MSDLY=15;FNDLY=30;OSTRG=3;DBGFL=0;ASIRE=0;DBGRE=0;MPPFL=-1;
SQNR=31215;DATE=24-08-14;TIME=08:40:15;STAT=201212;TMPA=21;TMPP=211;TMPB=18;TMPC=21;RHUA=75;DWPA=16;PTYP=1;PNAM=MS-80SH;PIRA=363;PIRP=363;PIRM=362;PIRL=-2;PIRH=364;
SQNR=31230;DATE=24-08-14;TIME=08:40:30;STAT=201212;TMPA=21;TMPP=211;TMPB=18;TMPC=21;RHUA=76;DWPA=16;PTYP=1;PNAM=MS-80SH;PIRA=364;PIRP=363;PIRM=363;PIRL=-2;PIRH=364;
SQNR=31245;DATE=24-08-14;TIME=08:40:45;STAT=201212;TMPA=21;TMPP=211;TMPB=18;TMPC=20;RHUA=75;DWPA=16;PTYP=1;PNAM=MS-80SH;PIRA=365;PIRP=364;PIRM=363;PIRL=-2;PIRH=365;
SQNR=31260;DATE=24-08-14;TIME=08:41:00;STAT=201212;TMPA=21;TMPP=211;TMPB=18;TMPC=20;RHUA=75;DWPA=16;PTYP=1;PNAM=MS-80SH;PIRA=365;PIRP=364;PIRM=364;PIRL=-2;PIRH=365;
SQNR=31275;DATE=24-08-14;TIME=08:41:15;STAT=201212;TMPA=21;TMPP=211;TMPB=18;TMPC=20;RHUA=76;DWPA=16;PTYP=1;PNAM=MS-80SH;PIRA=366;PIRP=365;PIRM=364;PIRL=-2;PIRH=367;
SQNR=31290;DATE=24-08-14;TIME=08:41:30;STAT=201212;TMPA=21;TMPP=212;TMPB=18;TMPC=20;RHUA=75;DWPA=16;PTYP=1;PNAM=MS-80SH;PIRA=366;PIRP=366;PIRM=365;PIRL=-2;PIRH=367;
SQNR=31305;DATE=24-08-14;TIME=08:41:45;STAT=201212;TMPA=21;TMPP=213;TMPB=18;TMPC=20;RHUA=75;DWPA=16;PTYP=1;PNAM=MS-80SH;PIRA=366;PIRP=366;PIRM=366;PIRL=-2;PIRH=367;
SQNR=31320;DATE=24-08-14;TIME=08:42:00;STAT=201212;TMPA=21;TMPP=213;TMPB=18;TMPC=20;RHUA=75;DWPA=16;PTYP=1;PNAM=MS-80SH;PIRA=366;PIRP=367;PIRM=366;PIRL=-2;PIRH=367;
SQNR=31335;DATE=24-08-14;TIME=08:42:15;STAT=201212;TMPA=21;TMPP=213;TMPB=18;TMPC=20;RHUA=73;DWPA=16;PTYP=1;PNAM=MS-80SH;PIRA=368;PIRP=367;PIRM=367;PIRL=-2;PIRH=368;
SQNR=31350;DATE=24-08-14;TIME=08:42:30;STAT=201212;TMPA=21;TMPP=212;TMPB=18;TMPC=20;RHUA=74;DWPA=16;PTYP=1;PNAM=MS-80SH;PIRA=367;PIRP=367;PIRM=367;PIRL=-2;PIRH=368;
SQNR=31365;DATE=24-08-14;TIME=08:42:45;STAT=201212;TMPA=21;TMPP=212;TMPB=18;TMPC=20;RHUA=75;DWPA=16;PTYP=1;PNAM=MS-80SH;PIRA=367;PIRP=368;PIRM=367;PIRL=-2;PIRH=368;
SQNR=31380;DATE=24-08-14;TIME=08:43:00;STAT=201212;TMPA=21;TMPP=214;TMPB=18;TMPC=20;RHUA=75;DWPA=16;PTYP=1;PNAM=MS-80SH;PIRA=367;PIRP=367;PIRM=367;PIRL=-2;PIRH=368;
SQNR=31395;DATE=24-08-14;TIME=08:43:15;STAT=201212;TMPA=21;TMPP=215;TMPB=18;TMPC=20;RHUA=75;DWPA=16;PTYP=1;PNAM=MS-80SH;PIRA=368;PIRP=367;PIRM=367;PIRL=-2;PIRH=369;
SQNR=31410;DATE=24-08-14;TIME=08:43:30;STAT=201212;TMPA=21;TMPP=216;TMPB=18;TMPC=20;RHUA=74;DWPA=16;PTYP=1;PNAM=MS-80SH;PIRA=368;PIRP=368;PIRM=368;PIRL=-2;PIRH=369;
SQNR=31425;DATE=24-08-14;TIME=08:43:45;STAT=201212;TMPA=21;TMPP=217;TMPB=19;TMPC=20;RHUA=74;DWPA=16;PTYP=1;PNAM=MS-80SH;PIRA=368;PIRP=368;PIRM=368;PIRL=-2;PIRH=369;
SQNR=31440;DATE=24-08-14;TIME=08:44:00;STAT=201212;TMPA=21;TMPP=219;TMPB=19;TMPC=20;RHUA=73;DWPA=16;PTYP=1;PNAM=MS-80SH;PIRA=368;PIRP=368;PIRM=368;PIRL=-2;PIRH=369;
SQNR=31455;DATE=24-08-14;TIME=08:44:15;STAT=201212;TMPA=22;TMPP=221;TMPB=19;TMPC=20;RHUA=72;DWPA=16;PTYP=1;PNAM=MS-80SH;PIRA=369;PIRP=368;PIRM=368;PIRL=-2;PIRH=370;
SQNR=31470;DATE=24-08-14;TIME=08:44:30;STAT=201212;TMPA=22;TMPP=222;TMPB=18;TMPC=20;RHUA=71;DWPA=16;PTYP=1;PNAM=MS-80SH;PIRA=372;PIRP=370;PIRM=369;PIRL=-2;PIRH=372;
SQNR=31485;DATE=24-08-14;TIME=08:44:45;STAT=201212;TMPA=22;TMPP=221;TMPB=18;TMPC=20;RHUA=71;DWPA=16;PTYP=1;PNAM=MS-80SH;PIRA=372;PIRP=371;PIRM=370;PIRL=-2;PIRH=372;
SQNR=31500;DATE=24-08-14;TIME=08:45:00;STAT=201212;TMPA=22;TMPP=221;TMPB=18;TMPC=20;RHUA=71;DWPA=16;PTYP=1;PNAM=MS-80SH;PIRA=372;PIRP=372;PIRM=371;PIRL=-2;PIRH=373;
C-----;?
V-----;SWVNR=2102190;SQNDL=31501;DATE=24-08-14;TIME=08:45:06;THTYP=85;TTEMP=15;TDEWP=5;IUFAN=800;ILFAN=5;IUHEA=3000;PYDEF=21;PYAVT=30;PYAVW=1;PYOST=0;MSDLY=15;FNDLY=30;OSTRG=3;DBGFL=0;ASIRE=0;DBGRE=0;MPPFL=-1;
SQNR=31515;DATE=24-08-14;TIME=08:45:15;STAT=201212;TMPA=22;TMPP=220;TMPB=18;TMPC=20;RHUA=72;DWPA=16;PTYP=1;PNAM=MS-80SH;PIRA=373;PIRP=373;PIRM=372;PIRL=-2;PIRH=374;
SQNR=31530;DATE=24-08-14;TIME=08:45:30;STAT=201212;TMPA=22;TMPP=221;TMPB=18;TMPC=20;RHUA=71;DWPA=16;PTYP=1;PNAM=MS-80SH;PIRA=373;PIRP=373;PIRM=372;PIRL=-2;PIRH=374;
SQNR=31545;DATE=24-08-14;TIME=08:45:45;STAT=201212;TMPA=22;TMPP=221;TMPB=18;TMPC=20;RHUA=71;DWPA=16;PTYP=1;PNAM=MS-80SH;PIRA=373;PIRP=373;PIRM=373;PIRL=-2;PIRH=374;
SQNR=31560;DATE=24-08-14;TIME=08:46:00;STAT=201212;TMPA=22;TMPP=221;TMPB=18;TMPC=20;RHUA=71;DWPA=16;PTYP=1;PNAM=MS-80SH;PIRA=375;PIRP=374;PIRM=373;PIRL=-2;PIRH=375;
SQNR=31575;DATE=24-08-14;TIME=08:46:15;STAT=201212;TMPA=22;TMPP=222;TMPB=18;TMPC=20;RHUA=71;DWPA=16;PTYP=1;PNAM=MS-80SH;PIRA=376;PIRP=375;PIRM=374;PIRL=-2;PIRH=376;
SQNR=31590;DATE=24-08-14;TIME=08:46:30;STAT=201212;TMPA=22;TMPP=221;TMPB=18;TMPC=20;RHUA=72;DWPA=16;PTYP=1;PNAM=MS-80SH;PIRA=376;PIRP=376;PIRM=375;PIRL=-2;PIRH=377;
SQNR=31605;DATE=24-08-14;TIME=08:46:45;STAT=201212;TMPA=22;TMPP=221;TMPB=18;TMPC=20;RHUA=72;DWPA=16;PTYP=1;PNAM=MS-80SH;PIRA=377;PIRP=376;PIRM=375;PIRL=-2;PIRH=377;
SQNR=31620;DATE=24-08-14;TIME=08:47:00;STAT=201212;TMPA=22;TMPP=221;TMPB=18;TMPC=20;RHUA=71;DWPA=16;PTYP=1;PNAM=MS-80SH;PIRA=378;PIRP=377;PIRM=376;PIRL=-2;PIRH=378;
SQNR=31635;DATE=24-08-14;TIME=08:47:15;STAT=201212;TMPA=22;TMPP=222;TMPB=18;TMPC=20;RHUA=71;DWPA=16;PTYP=1;PNAM=MS-80SH;PIRA=377;PIRP=377;PIRM=377;PIRL=-2;PIRH=379;
SQNR=31650;DATE=24-08-14;TIME=08:47:30;STAT=201212;TMPA=22;TMPP=223;TMPB=18;TMPC=20;RHUA=71;DWPA=16;PTYP=1;PNAM=MS-80SH;PIRA=380;PIRP=379;PIRM=378;PIRL=-2;PIRH=380;
SQNR=31665;DATE=24-08-14;TIME=08:47:45;STAT=201212;TMPA=22;TMPP=223;TMPB=19;TMPC=20;RHUA=71;DWPA=16;PTYP=1;PNAM=MS-80SH;PIRA=380;PIRP=380;PIRM=379;PIRL=-2;PIRH=380;
SQNR=31680;DATE=24-08-14;TIME=08:48:00;STAT=201212;TMPA=22;TMPP=224;TMPB=19;TMPC=20;RHUA=69;DWPA=16;PTYP=1;PNAM=MS-80SH;PIRA=381;PIRP=380;PIRM=379;PIRL=-2;PIRH=381;
SQNR=31695;DATE=24-08-14;TIME=08:48:15;STAT=201212;TMPA=22;TMPP=225;TMPB=18;TMPC=20;RHUA=68;DWPA=16;PTYP=1;PNAM=MS-80SH;PIRA=383;PIRP=382;PIRM=381;PIRL=-2;PIRH=383;
SQNR=31710;DATE=24-08-14;TIME=08:48:30;STAT=201212;TMPA=22;TMPP=224;TMPB=18;TMPC=20;RHUA=69;DWPA=16;PTYP=1;PNAM=MS-80SH;PIRA=384;PIRP=383;PIRM=382;PIRL=-2;PIRH=385;
SQNR=31725;DATE=24-08-14;TIME=08:48:45;STAT=201212;TMPA=22;TMPP=223;TMPB=18;TMPC=20;RHUA=69;DWPA=16;PTYP=1;PNAM=MS-80SH;PIRA=385;PIRP=384;PIRM=383;PIRL=-2;PIRH=386;
SQNR=31740;DATE=24-08-14;TIME=08:49:00;STAT=201212;TMPA=22;TMPP=223;TMPB=18;TMPC=20;RHUA=70;DWPA=16;PTYP=1;PNAM=MS-80SH;PIRA=386;PIRP=385;PIRM=384;PIRL=-2;PIRH=386;
SQNR=31755;DATE=24-08-14;TIME=08:49:15;STAT=201212;TMPA=22;TMPP=224;TMPB=18;TMPC=20;RHUA=70;DWPA=16;PTYP=1;PNAM=MS-80SH;PIRA=386;PIRP=386;PIRM=385;PIRL=-2;PIRH=387;
SQNR=31770;DATE=24-08-14;TIME=08:49:30;STAT=201212;TMPA=22;TMPP=225;TMPB=18;TMPC=20;RHUA=71;DWPA=17;PTYP=1;PNAM=MS-80SH;PIRA=386;PIRP=386;PIRM=385;PIRL=-2;PIRH=387;
SQNR=31785;DATE=24-08-14;TIME=08:49:45;STAT=201212;TMPA=22;TMPP=224;TMPB=18;TMPC=20;RHUA=68;DWPA=16;PTYP=1;PNAM=MS-80SH;PIRA=387;PIRP=387;PIRM=386;PIRL=-2;PIRH=387;
C-----;?
SQNR=31800;DATE=24-08-14;TIME=08:50:00;STAT=201212;TMPA=22;TMPP=224;TMPB=18;TMPC=20;RHUA=68;DWPA=16;PTYP=1;PNAM=MS-80SH;PIRA=388;PIRP=387;PIRM=387;PIRL=-2;PIRH=388;
V-----;SWVNR=2102190;SQNDL=31801;DATE=24-08-14;TIME=08:50:06;THTYP=85;TTEMP=15;TDEWP=5;IUFAN=800;ILFAN=5;IUHEA=3000;PYDEF=21;PYAVT=30;PYAVW=1;PYOST=0;MSDLY=15;FNDLY=30;OSTRG=3;DBGFL=0;ASIRE=0;DBGRE=0;MPPFL=-1;
SQNR=31815;DATE=24-08-14;TIME=08:50:15;STAT=201212;TMPA=22;TMPP=224;TMPB=18;TMPC=20;RHUA=69;DWPA=16;PTYP=1;PNAM=MS-80SH;PIRA=389;PIRP=388;PIRM=387;PIRL=-2;PIRH=389;
SQNR=31830;DATE=24-08-14;TIME=08:50:30;STAT=201212;TMPA=22;TMPP=223;TMPB=18;TMPC=20;RHUA=68;DWPA=16;PTYP=1;PNAM=MS-80SH;PIRA=390;PIRP=389;PIRM=388;PIRL=-2;PIRH=390;
SQNR=31845;DATE=24-08-14;TIME=08:50:45;STAT=201212;TMPA=22;TMPP=222;TMPB=18;TMPC=20;RHUA=69;DWPA=16;PTYP=1;PNAM=MS-80SH;PIRA=391;PIRP=390;PIRM=389;PIRL=-2;PIRH=391;
SQNR=31860;DATE=24-08-14;TIME=08:51:00;STAT=201212;TMPA=22;TMPP=221;TMPB=18;TMPC=20;RHUA=70;DWPA=16;PTYP=1;PNAM=MS-80SH;PIRA=392;PIRP=391;PIRM=390;PIRL=-2;PIRH=392;
SQNR=31875;DATE=24-08-14;TIME=08:51:15;STAT=201212;TMPA=22;TMPP=220;TMPB=18;TMPC=20;RHUA=70;DWPA=16;PTYP=1;PNAM=MS-80SH;PIRA=392;PIRP=392;PIRM=391;PIRL=-2;PIRH=392;
SQNR=31890;DATE=24-08-14;TIME=08:51:30;STAT=201212;TMPA=22;TMPP=220;TMPB=18;TMPC=20;RHUA=71;DWPA=16;PTYP=1;PNAM=MS-80SH;PIRA=392;PIRP=392;PIRM=391;PIRL=-2;PIRH=392;
SQNR=31905;DATE=24-08-14;TIME=08:51:45;STAT=201212;TMPA=22;TMPP=220;TMPB=18;TMPC=20;RHUA=71;DWPA=16;PTYP=1;PNAM=MS-80SH;PIRA=392;PIRP=392;PIRM=391;PIRL=-2;PIRH=393;
SQNR=31920;DATE=24-08-14;TIME=08:52:00;STAT=201212;TMPA=22;TMPP=221;TMPB=19;TMPC=20;RHUA=71;DWPA=16;PTYP=1;PNAM=MS-80SH;PIRA=392;PIRP=392;PIRM=392;PIRL=-2;PIRH=393;
SQNR=31935;DATE=24-08-14;TIME=08:52:15;STAT=201212;TMPA=22;TMPP=223;TMPB=19;TMPC=20;RHUA=71;DWPA=16;PTYP=1;PNAM=MS-80SH;PIRA=393;PIRP=392;PIRM=392;PIRL=-2;PIRH=393;
SQNR=31950;DATE=24-08-14;TIME=08:52:30;STAT=201212;TMPA=22;TMPP=225;TMPB=19;TMPC=20;RHUA=70;DWPA=16;PTYP=1;PNAM=MS-80SH;PIRA=394;PIRP=393;PIRM=392;PIRL=-2;PIRH=394;
SQNR=31965;DATE=24-08-14;TIME=08:52:45;STAT=201212;TMPA=22;TMPP=227;TMPB=19;TMPC=20;RHUA=70;DWPA=17;PTYP=1;PNAM=MS-80SH;PIRA=394;PIRP=393;PIRM=393;PIRL=-2;PIRH=394;
SQNR=31980;DATE=24-08-14;TIME=08:53:00;STAT=201212;TMPA=23;TMPP=230;TMPB=19;TMPC=20;RHUA=69;DWPA=17;PTYP=1;PNAM=MS-80SH;PIRA=394;PIRP=393;PIRM=393;PIRL=-2;PIRH=394;
SQNR=31995;DATE=24-08-14;TIME=08:53:15;STAT=201212;TMPA=23;TMPP=230;TMPB=19;TMPC=20;RHUA=68;DWPA=17;PTYP=1;PNAM=MS-80SH;PIRA=394;PIRP=394;PIRM=393;PIRL=-2;PIRH=395;
SQNR=32010;DATE=24-08-14;TIME=08:53:30;STAT=201212;TMPA=23;TMPP=230;TMPB=19;TMPC=20;RHUA=69;DWPA=17;PTYP=1;PNAM=MS-80SH;PIRA=396;PIRP=395;PIRM=394;PIRL=-2;PIRH=396;
SQNR=32025;DATE=24-08-14;TIME=08:53:45;STAT=201212;TMPA=23;TMPP=230;TMPB=19;TMPC=21;RHUA=68;DWPA=17;PTYP=1;PNAM=MS-80SH;PIRA=397;PIRP=396;PIRM=395;PIRL=-2;PIRH=397;
SQNR=32040;DATE=24-08-14;TIME=08:54:00;STAT=201212;TMPA=23;TMPP=230;TMPB=19;TMPC=21;RHUA=68;DWPA=16;PTYP=1;PNAM=MS-80SH;PIRA=397;PIRP=397;PIRM=396;PIRL=-2;PIRH=398;
SQNR=32055;DATE=24-08-14;TIME=08:54:15;STAT=201212;TMPA=23;TMPP=231;TMPB=19;TMPC=21;RHUA=68;DWPA=16;PTYP=1;PNAM=MS-80SH;PIRA=397;PIRP=397;PIRM=396;PIRL=-2;PIRH=398;
SQNR=32070;DATE=24-08-14;TIME=08:54:30;STAT=201212;TMPA=23;TMPP=232;TMPB=19;TMPC=21;RHUA=67;DWPA=16;PTYP=1;PNAM=MS-80SH;PIRA=397;PIRP=397;PIRM=397;PIRL=-2;PIRH=398;
SQNR=32085;DATE=24-08-14;TIME=08:54:45;STAT=201212;TMPA=23;TMPP=233;TMPB=19;TMPC=21;RHUA=66;DWPA=16;PTYP=1;PNAM=MS-80SH;PIRA=398;PIRP=398;PIRM=397;PIRL=-2;PIRH=399;
SQNR=32100;DATE=24-08-14;TIME=08:55:00;STAT=201212;TMPA=23;TMPP=234;TMPB=19;TMPC=21;RHUA=66;DWPA=16;PTYP=1;PNAM=MS-80SH;PIRA=400;PIRP=398;PIRM=398;PIRL=-2;PIRH=400;
C-----;?
V-----;SWVNR=2102190;SQNDL=32101;DATE=24-08-14;TIME=08:55:06;THTYP=85;TTEMP=15;TDEWP=5;IUFAN=800;ILFAN=5;IUHEA=3000;PYDEF=21;PYAVT=30;PYAVW=1;PYOST=0;MSDLY=15;FNDLY=30;OSTRG=3;DBGFL=0;ASIRE=0;DBGRE=0;MPPFL=-1;
SQNR=32115;DATE=24-08-14;TIME=08:55:15;STAT=201212;TMPA=23;TMPP=234;TMPB=19;TMPC=21;RHUA=66;DWPA=16;PTYP=1;PNAM=MS-80SH;PIRA=400;PIRP=400;PIRM=399;PIRL=-2;PIRH=401;
SQNR=32130;DATE=24-08-14;TIME=08:55:30;STAT=201212;TMPA=23;TMPP=234;TMPB=19;TMPC=21;RHUA=66;DWPA=16;PTYP=1;PNAM=MS-80SH;PIRA=401;PIRP=400;PIRM=399;PIRL=-2;PIRH=401;
SQNR=32145;DATE=24-08-14;TIME=08:55:45;STAT=201212;TMPA=23;TMPP=235;TMPB=19;TMPC=21;RHUA=66;DWPA=16;PTYP=1;PNAM=MS-80SH;PIRA=402;PIRP=401;PIRM=400;PIRL=-2;PIRH=403;
SQNR=32160;DATE=24-08-14;TIME=08:56:00;STAT=201212;TMPA=23;TMPP=234;TMPB=19;TMPC=21;RHUA=66;DWPA=16;PTYP=1;PNAM=MS-80SH;PIRA=403;PIRP=402;PIRM=401;PIRL=-2;PIRH=403;
SQNR=32175;DATE=24-08-14;TIME=08:56:15;STAT=201212;TMPA=23;TMPP=233;TMPB=19;TMPC=21;RHUA=66;DWPA=16;PTYP=1;PNAM=MS-80SH;PIRA=405;PIRP=403;PIRM=402;PIRL=-2;PIRH=405;
SQNR=32190;DATE=24-08-14;TIME=08:56:30;STAT=201212;TMPA=23;TMPP=232;TMPB=19;TMPC=21;RHUA=66;DWPA=16;PTYP=1;PNAM=MS-80SH;PIRA=405;PIRP=405;PIRM=403;PIRL=-2;PIRH=406;
SQNR=32205;DATE=24-08-14;TIME=08:56:45;STAT=201212;TMPA=23;TMPP=232;TMPB=19;TMPC=21;RHUA=66;DWPA=16;PTYP=1;PNAM=MS-80SH;PIRA=405;PIRP=405;PIRM=404;PIRL=-2;PIRH=406;
SQNR=32220;DATE=24-08-14;TIME=08:57:00;STAT=201212;TMPA=23;TMPP=232;TMPB=19;TMPC=21;RHUA=66;DWPA=16;PTYP=1;PNAM=MS-80SH;PIRA=406;PIRP=406;PIRM=405;PIRL=-2;PIRH=407;
SQNR=32235;DATE=24-08-14;TIME=08:57:15;STAT=201212;TMPA=23;TMPP=231;TMPB=19;TMPC=21;RHUA=67;DWPA=16;PTYP=1;PNAM=MS-80SH;PIRA=407;PIRP=406;PIRM=405;PIRL=-2;PIRH=407;
SQNR=32250;DATE=24-08-14;TIME=08:57:30;STAT=201212;TMPA=23;TMPP=231;TMPB=19;TMPC=21;RHUA=66;DWPA=16;PTYP=1;PNAM=MS-80SH;PIRA=407;PIRP=406;PIRM=406;PIRL=-2;PIRH=407;
SQNR=32265;DATE=24-08-14;TIME=08:57:45;STAT=201212;TMPA=23;TMPP=232;TMPB=19;TMPC=21;RHUA=66;DWPA=16;PTYP=1;PNAM=MS-80SH;PIRA=407;PIRP=407;PIRM=407;PIRL=-2;PIRH=408;
SQNR=32280;DATE=24-08-14;TIME=08:58:00;STAT=201212;TMPA=23;TMPP=232;TMPB=19;TMPC=21;RHUA=66;DWPA=16;PTYP=1;PNAM=MS-80SH;PIRA=408;PIRP=408;PIRM=407;PIRL=-2;PIRH=409;
SQNR=32295;DATE=24-08-14;TIME=08:58:15;STAT=201212;TMPA=23;TMPP=231;TMPB=19;TMPC=21;RHUA=66;DWPA=16;PTYP=1;PNAM=MS-80SH;PIRA=409;PIRP=408;PIRM=408;PIRL=-2;PIRH=410;
SQNR=32310;DATE=24-08-14;TIME=08:58:30;STAT=201212;TMPA=23;TMPP=230;TMPB=19;TMPC=21;RHUA=67;DWPA=16;PTYP=1;PNAM=MS-80SH;PIRA=411;PIRP=409;PIRM=409;PIRL=-2;PIRH=411;
SQNR=32325;DATE=24-08-14;TIME=08:58:45;STAT=201212;TMPA=22;TMPP=229;TMPB=19;TMPC=21;RHUA=67;DWPA=16;PTYP=1;PNAM=MS-80SH;PIRA=412;PIRP=410;PIRM=410;PIRL=-2;PIRH=412;
SQNR=32340;DATE=24-08-14;TIME=08:59:00;STAT=201212;TMPA=22;TMPP=228;TMPB=18;TMPC=21;RHUA=68;DWPA=16;PTYP=1;PNAM=MS-80SH;PIRA=413;PIRP=412;PIRM=411;PIRL=-2;PIRH=413;
SQNR=32355;DATE=24-08-14;TIME=08:59:15;STAT=201212;TMPA=22;TMPP=226;TMPB=18;TMPC=21;RHUA=68;DWPA=16;PTYP=1;PNAM=MS-80SH;PIRA=414;PIRP=413;PIRM=412;PIRL=-2;PIRH=414;
SQNR=32370;DATE=24-08-14;TIME=08:59:30;STAT=201212;TMPA=22;TMPP=226;TMPB=19;TMPC=21;RHUA=69;DWPA=16;PTYP=1;PNAM=MS-80SH;PIRA=414;PIRP=414;PIRM=413;PIRL=-2;PIRH=414;
SQNR=32385;DATE=24-08-14;TIME=08:59:45;STAT=201212;TMPA=22;TMPP=226;TMPB=19;TMPC=21;RHUA=68;DWPA=16;PTYP=1;PNAM=MS-80SH;PIRA=415;PIRP=414;PIRM=413;PIRL=-2;PIRH=415;
SQNR=32400;DATE=24-08-14;TIME=09:00:00;STAT=201212;TMPA=22;TMPP=226;TMPB=19;TMPC=21;RHUA=69;DWPA=16;PTYP=1;PNAM=MS-80SH;PIRA=415;PIRP=415;PIRM=414;PIRL=-2;PIRH=415;
C-----;?
V-----;SWVNR=2102190;SQNDL=32402;DATE=24-08-14;TIME=09:00:07;THTYP=85;TTEMP=15;TDEWP=5;IUFAN=800;ILFAN=5;IUHEA=3000;PYDEF=21;PYAVT=30;PYAVW=1;PYOST=0;MSDLY=15;FNDLY=30;OSTRG=3;DBGFL=0;ASIRE=0;DBGRE=0;MPPFL=-1;
SQNR=32415;DATE=24-08-14;TIME=09:00:15;STAT=201212;TMPA=22;TMPP=226;TMPB=19;TMPC=21;RHUA=68;DWPA=16;PTYP=1;PNAM=MS-80SH;PIRA=417;PIRP=416;PIRM=415;PIRL=-2;PIRH=417;
SQNR=32430;DATE=24-08-14;TIME=09:00:30;STAT=201212;TMPA=22;TMPP=225;TMPB=18;TMPC=21;RHUA=68;DWPA=16;PTYP=1;PNAM=MS-80SH;PIRA=417;PIRP=417;PIRM=416;PIRL=-2;PIRH=417;
C-----;P1001
P-----;DATE=24-08-14;TIME=09:00:31;PSNR=23059772;PTMP=262;PRHU=6;PSTX=-24;PSTY=13;
SQNR=32445;DATE=24-08-14;TIME=09:00:45;STAT=201212;TMPA=22;TMPP=225;TMPB=18;TMPC=21;RHUA=69;DWPA=16;PTYP=1;PNAM=MS-80SH;PIRA=417;PIRP=417;PIRM=416;PIRL=-2;PIRH=418;
SQNR=32460;DATE=24-08-14;TIME=09:01:00;STAT=201212;TMPA=22;TMPP=225;TMPB=19;TMPC=21;RHUA=70;DWPA=16;PTYP=1;PNAM=MS-80SH;PIRA=418;PIRP=417;PIRM=417;PIRL=-2;PIRH=418;
SQNR=32475;DATE=24-08-14;TIME=09:01:15;STAT=201212;TMPA=22;TMPP=226;TMPB=19;TMPC=21;RHUA=70;DWPA=16;PTYP=1;PNAM=MS-80SH;PIRA=416;PIRP=417;PIRM=417;PIRL=-2;PIRH=418;
SQNR=32490;DATE=24-08-14;TIME=09:01:30;STAT=201212;TMPA=22;TMPP=227;TMPB=19;TMPC=21;RHUA=69;DWPA=16;PTYP=1;PNAM=MS-80SH;PIRA=416;PIRP=417;PIRM=417;PIRL=-2;PIRH=418;
SQNR=32505;DATE=24-08-14;TIME=09:01:45;STAT=201212;TMPA=23;TMPP=230;TMPB=19;TMPC=21;RHUA=68;DWPA=16;PTYP=1;PNAM=MS-80SH;PIRA=417;PIRP=417;PIRM=417;PIRL=-2;PIRH=418;
SQNR=32520;DATE=24-08-14;TIME=09:02:00;STAT=201212;TMPA=23;TMPP=232;TMPB=19;TMPC=21;RHUA=68;DWPA=17;PTYP=1;PNAM=MS-80SH;PIRA=418;PIRP=417;PIRM=417;PIRL=-2;PIRH=418;
SQNR=32535;DATE=24-08-14;TIME=09:02:15;STAT=201212;TMPA=23;TMPP=233;TMPB=19;TMPC=21;RHUA=66;DWPA=16;PTYP=1;PNAM=MS-80SH;PIRA=420;PIRP=418;PIRM=418;PIRL=-2;PIRH=420;
SQNR=32550;DATE=24-08-14;TIME=09:02:30;STAT=201212;TMPA=23;TMPP=232;TMPB=19;TMPC=21;RHUA=66;DWPA=16;PTYP=1;PNAM=MS-80SH;PIRA=421;PIRP=420;PIRM=419;PIRL=-2;PIRH=421;
SQNR=32565;DATE=24-08-14;TIME=09:02:45;STAT=201212;TMPA=23;TMPP=231;TMPB=19;TMPC=21;RHUA=66;DWPA=16;PTYP=1;PNAM=MS-80SH;PIRA=422;PIRP=421;PIRM=420;PIRL=-2;PIRH=422;
SQNR=32580;DATE=24-08-14;TIME=09:03:00;STAT=201212;TMPA=23;TMPP=230;TMPB=19;TMPC=21;RHUA=67;DWPA=16;PTYP=1;PNAM=MS-80SH;PIRA=423;PIRP=422;PIRM=421;PIRL=-2;PIRH=424;
SQNR=32595;DATE=24-08-14;TIME=09:03:15;STAT=201212;TMPA=22;TMPP=229;TMPB=19;TMPC=21;RHUA=68;DWPA=16;PTYP=1;PNAM=MS-80SH;PIRA=423;PIRP=423;PIRM=422;PIRL=-2;PIRH=424;
SQNR=32610;DATE=24-08-14;TIME=09:03:30;STAT=201212;TMPA=22;TMPP=229;TMPB=19;TMPC=21;RHUA=66;DWPA=16;PTYP=1;PNAM=MS-80SH;PIRA=425;PIRP=424;PIRM=423;PIRL=-2;PIRH=425;
SQNR=32625;DATE=24-08-14;TIME=09:03:45;STAT=201212;TMPA=22;TMPP=228;TMPB=19;TMPC=21;RHUA=67;DWPA=16;PTYP=1;PNAM=MS-80SH;PIRA=425;PIRP=425;PIRM=424;PIRL=-2;PIRH=426;
SQNR=32640;DATE=24-08-14;TIME=09:04:00;STAT=201212;TMPA=22;TMPP=227;TMPB=19;TMPC=21;RHUA=68;DWPA=16;PTYP=1;PNAM=MS-80SH;PIRA=427;PIRP=426;PIRM=425;PIRL=-2;PIRH=427;
SQNR=32655;DATE=24-08-14;TIME=09:04:15;STAT=201212;TMPA=22;TMPP=227;TMPB=19;TMPC=21;RHUA=68;DWPA=16;PTYP=1;PNAM=MS-80SH;PIRA=426;PIRP=426;PIRM=425;PIRL=-2;PIRH=427;
SQNR=32670;DATE=24-08-14;TIME=09:04:30;STAT=201212;TMPA=22;TMPP=227;TMPB=19;TMPC=21;RHUA=68;DWPA=16;PTYP=1;PNAM=MS-80SH;PIRA=427;PIRP=427;PIRM=426;PIRL=-2;PIRH=427;
SQNR=32685;DATE=24-08-14;TIME=09:04:45;STAT=201212;TMPA=22;TMPP=227;TMPB=19;TMPC=21;RHUA=69;DWPA=16;PTYP=1;PNAM=MS-80SH;PIRA=428;PIRP=427;PIRM=427;PIRL=-2;PIRH=428;
SQNR=32700;DATE=24-08-14;TIME=09:05:00;STAT=201212;TMPA=22;TMPP=227;TMPB=19;TMPC=21;RHUA=68;DWPA=16;PTYP=1;PNAM=MS-80SH;PIRA=429;PIRP=428;PIRM=427;PIRL=-2;PIRH=429;
C-----;?
V-----;SWVNR=2102190;SQNDL=32701;DATE=24-08-14;TIME=09:05:06;THTYP=85;TTEMP=15;TDEWP=5;IUFAN=800;ILFAN=5;IUHEA=3000;PYDEF=21;PYAVT=30;PYAVW=1;PYOST=0;MSDLY=15;FNDLY=30;OSTRG=3;DBGFL=0;ASIRE=0;DBGRE=0;MPPFL=-1;
SQNR=32715;DATE=24-08-14;TIME=09:05:15;STAT=201212;TMPA=22;TMPP=226;TMPB=19;TMPC=21;RHUA=68;DWPA=16;PTYP=1;PNAM=MS-80SH;PIRA=429;PIRP=429;PIRM=428;PIRL=-2;PIRH=429;
SQNR=32730;DATE=24-08-14;TIME=09:05:30;STAT=201212;TMPA=22;TMPP=225;TMPB=18;TMPC=21;RHUA=68;DWPA=16;PTYP=1;PNAM=MS-80SH;PIRA=430;PIRP=429;PIRM=429;PIRL=-2;PIRH=430;
SQNR=32745;DATE=24-08-14;TIME=09:05:45;STAT=201212;TMPA=22;TMPP=225;TMPB=18;TMPC=21;RHUA=68;DWPA=16;PTYP=1;PNAM=MS-80SH;PIRA=431;PIRP=430;PIRM=430;PIRL=-2;PIRH=431;
SQNR=32760;DATE=24-08-14;TIME=09:06:00;STAT=201212;TMPA=22;TMPP=224;TMPB=18;TMPC=21;RHUA=69;DWPA=16;PTYP=1;PNAM=MS-80SH;PIRA=432;PIRP=431;PIRM=430;PIRL=-2;PIRH=432;
SQNR=32775;DATE=24-08-14;TIME=09:06:15;STAT=201212;TMPA=22;TMPP=224;TMPB=18;TMPC=21;RHUA=68;DWPA=16;PTYP=1;PNAM=MS-80SH;PIRA=432;PIRP=432;PIRM=431;PIRL=-2;PIRH=432;
SQNR=32790;DATE=24-08-14;TIME=09:06:30;STAT=201212;TMPA=22;TMPP=223;TMPB=18;TMPC=21;RHUA=70;DWPA=16;PTYP=1;PNAM=MS-80SH;PIRA=432;PIRP=432;PIRM=431;PIRL=-2;PIRH=432;
SQNR=32805;DATE=24-08-14;TIME=09:06:45;STAT=201212;TMPA=22;TMPP=223;TMPB=18;TMPC=21;RHUA=69;DWPA=16;PTYP=1;PNAM=MS-80SH;PIRA=433;PIRP=432;PIRM=432;PIRL=-2;PIRH=434;
SQNR=32820;DATE=24-08-14;TIME=09:07:00;STAT=201212;TMPA=22;TMPP=223;TMPB=18;TMPC=21;RHUA=69;DWPA=16;PTYP=1;PNAM=MS-80SH;PIRA=433;PIRP=433;PIRM=433;PIRL=-2;PIRH=434;
SQNR=32835;DATE=24-08-14;TIME=09:07:15;STAT=201212;TMPA=22;TMPP=223;TMPB=18;TMPC=21;RHUA=70;DWPA=16;PTYP=1;PNAM=MS-80SH;PIRA=434;PIRP=434;PIRM=433;PIRL=-2;PIRH=434;
SQNR=32850;DATE=24-08-14;TIME=09:07:30;STAT=201212;TMPA=22;TMPP=222;TMPB=18;TMPC=21;RHUA=70;DWPA=16;PTYP=1;PNAM=MS-80SH;PIRA=435;PIRP=434;PIRM=433;PIRL=-2;PIRH=435;
SQNR=32865;DATE=24-08-14;TIME=09:07:45;STAT=201212;TMPA=22;TMPP=222;TMPB=18;TMPC=21;RHUA=69;DWPA=16;PTYP=1;PNAM=MS-80SH;PIRA=435;PIRP=434;PIRM=434;PIRL=-2;PIRH=435;
SQNR=32880;DATE=24-08-14;TIME=09:08:00;STAT=201212;TMPA=22;TMPP=223;TMPB=18;TMPC=21;RHUA=69;DWPA=16;PTYP=1;PNAM=MS-80SH;PIRA=435;PIRP=435;PIRM=434;PIRL=-2;PIRH=436;
SQNR=32895;DATE=24-08-14;TIME=09:08:15;STAT=201212;TMPA=22;TMPP=223;TMPB=18;TMPC=21;RHUA=69;DWPA=16;PTYP=1;PNAM=MS-80SH;PIRA=436;PIRP=435;PIRM=435;PIRL=-2;PIRH=436;
SQNR=32910;DATE=24-08-14;TIME=09:08:30;STAT=201212;TMPA=22;TMPP=223;TMPB=18;TMPC=21;RHUA=71;DWPA=17;PTYP=1;PNAM=MS-80SH;PIRA=437;PIRP=436;PIRM=435;PIRL=-2;PIRH=437;
SQNR=32925;DATE=24-08-14;TIME=09:08:45;STAT=201212;TMPA=22;TMPP=223;TMPB=18;TMPC=21;RHUA=69;DWPA=16;PTYP=1;PNAM=MS-80SH;PIRA=439;PIRP=437;PIRM=436;PIRL=-2;PIRH=439;
SQNR=32940;DATE=24-08-14;TIME=09:09:00;STAT=201212;TMPA=22;TMPP=223;TMPB=18;TMPC=21;RHUA=69;DWPA=16;PTYP=1;PNAM=MS-80SH;PIRA=439;PIRP=438;PIRM=437;PIRL=-2;PIRH=439;
SQNR=32955;DATE=24-08-14;TIME=09:09:15;STAT=201212;TMPA=22;TMPP=223;TMPB=18;TMPC=21;RHUA=69;DWPA=16;PTYP=1;PNAM=MS-80SH;PIRA=439;PIRP=439;PIRM=438;PIRL=-2;PIRH=439;
SQNR=32970;DATE=24-08-14;TIME=09:09:30;STAT=201212;TMPA=22;TMPP=223;TMPB=18;TMPC=21;RHUA=70;DWPA=16;PTYP=1;PNAM=MS-80SH;PIRA=439;PIRP=439;PIRM=439;PIRL=-2;PIRH=440;
SQNR=32985;DATE=24-08-14;TIME=09:09:45;STAT=201212;TMPA=22;TMPP=222;TMPB=18;TMPC=21;RHUA=70;DWPA=16;PTYP=1;PNAM=MS-80SH;PIRA=441;PIRP=440;PIRM=439;PIRL=-2;PIRH=441;
SQNR=33000;DATE=24-08-14;TIME=09:10:00;STAT=201212;TMPA=22;TMPP=223;TMPB=18;TMPC=21;RHUA=70;DWPA=16;PTYP=1;PNAM=MS-80SH;PIRA=441;PIRP=440;PIRM=440;PIRL=-2;PIRH=441;
C-----;?
V-----;SWVNR=2102190;SQNDL=33002;DATE=24-08-14;TIME=09:10:07;THTYP=85;TTEMP=15;TDEWP=5;IUFAN=800;ILFAN=5;IUHEA=3000;PYDEF=21;PYAVT=30;PYAVW=1;PYOST=0;MSDLY=15;FNDLY=30;OSTRG=3;DBGFL=0;ASIRE=0;DBGRE=0;MPPFL=-1;
SQNR=33015;DATE=24-08-14;TIME=09:10:15;STAT=201212;TMPA=22;TMPP=222;TMPB=18;TMPC=21;RHUA=69;DWPA=16;PTYP=1;PNAM=MS-80SH;PIRA=442;PIRP=441;PIRM=440;PIRL=-2;PIRH=442;
SQNR=33030;DATE=24-08-14;TIME=09:10:30;STAT=201212;TMPA=22;TMPP=222;TMPB=18;TMPC=21;RHUA=70;DWPA=16;PTYP=1;PNAM=MS-80SH;PIRA=443;PIRP=442;PIRM=441;PIRL=-2;PIRH=443;
SQNR=33045;DATE=24-08-14;TIME=09:10:45;STAT=201212;TMPA=22;TMPP=222;TMPB=18;TMPC=21;RHUA=69;DWPA=16;PTYP=1;PNAM=MS-80SH;PIRA=444;PIRP=443;PIRM=442;PIRL=-2;PIRH=444;
SQNR=33060;DATE=24-08-14;TIME=09:11:00;STAT=201212;TMPA=22;TMPP=222;TMPB=18;TMPC=20;RHUA=70;DWPA=16;PTYP=1;PNAM=MS-80SH;PIRA=445;PIRP=444;PIRM=443;PIRL=-2;PIRH=445;
SQNR=33075;DATE=24-08-14;TIME=09:11:15;STAT=201212;TMPA=22;TMPP=221;TMPB=18;TMPC=20;RHUA=70;DWPA=16;PTYP=1;PNAM=MS-80SH;PIRA=445;PIRP=445;PIRM=444;PIRL=-2;PIRH=445;
SQNR=33090;DATE=24-08-14;TIME=09:11:30;STAT=201212;TMPA=22;TMPP=221;TMPB=18;TMPC=20;RHUA=71;DWPA=16;PTYP=1;PNAM=MS-80SH;PIRA=446;PIRP=445;PIRM=444;PIRL=-2;PIRH=446;
SQNR=33105;DATE=24-08-14;TIME=09:11:45;STAT=201212;TMPA=22;TMPP=221;TMPB=18;TMPC=20;RHUA=71;DWPA=16;PTYP=1;PNAM=MS-80SH;PIRA=447;PIRP=446;PIRM=445;PIRL=-2;PIRH=447;
SQNR=33120;DATE=24-08-14;TIME=09:12:00;STAT=201212;TMPA=22;TMPP=221;TMPB=18;TMPC=20;RHUA=70;DWPA=16;PTYP=1;PNAM=MS-80SH;PIRA=446;PIRP=446;PIRM=445;PIRL=-2;PIRH=447;
SQNR=33135;DATE=24-08-14;TIME=09:12:15;STAT=201212;TMPA=22;TMPP=221;TMPB=18;TMPC=20;RHUA=70;DWPA=16;PTYP=1;PNAM=MS-80SH;PIRA=447;PIRP=446;PIRM=446;PIRL=-2;PIRH=447;
SQNR=33150;DATE=24-08-14;TIME=09:12:30;STAT=201212;TMPA=22;TMPP=221;TMPB=18;TMPC=20;RHUA=70;DWPA=16;PTYP=1;PNAM=MS-80SH;PIRA=448;PIRP=447;PIRM=447;PIRL=-2;PIRH=448;
SQNR=33165;DATE=24-08-14;TIME=09:12:45;STAT=201212;TMPA=22;TMPP=221;TMPB=18;TMPC=20;RHUA=69;DWPA=16;PTYP=1;PNAM=MS-80SH;PIRA=449;PIRP=448;PIRM=448;PIRL=-2;PIRH=449;
SQNR=33180;DATE=24-08-14;TIME=09:13:00;STAT=201212;TMPA=22;TMPP=221;TMPB=18;TMPC=20;RHUA=69;DWPA=16;PTYP=1;PNAM=MS-80SH;PIRA=449;PIRP=449;PIRM=448;PIRL=-2;PIRH=450;
SQNR=33195;DATE=24-08-14;TIME=09:13:15;STAT=201212;TMPA=22;TMPP=221;TMPB=18;TMPC=20;RHUA=70;DWPA=16;PTYP=1;PNAM=MS-80SH;PIRA=450;PIRP=449;PIRM=449;PIRL=-2;PIRH=450;
SQNR=33210;DATE=24-08-14;TIME=09:13:30;STAT=201212;TMPA=22;TMPP=220;TMPB=18;TMPC=20;RHUA=70;DWPA=16;PTYP=1;PNAM=MS-80SH;PIRA=450;PIRP=450;PIRM=449;PIRL=-2;PIRH=450;
SQNR=33225;DATE=24-08-14;TIME=09:13:45;STAT=201212;TMPA=22;TMPP=221;TMPB=18;TMPC=20;RHUA=70;DWPA=16;PTYP=1;PNAM=MS-80SH;PIRA=450;PIRP=450;PIRM=449;PIRL=-2;PIRH=450;
SQNR=33240;DATE=24-08-14;TIME=09:14:00;STAT=201212;TMPA=22;TMPP=221;TMPB=18;TMPC=20;RHUA=69;DWPA=16;PTYP=1;PNAM=MS-80SH;PIRA=451;PIRP=450;PIRM=450;PIRL=-2;PIRH=452;
SQNR=33255;DATE=24-08-14;TIME=09:14:15;STAT=201212;TMPA=22;TMPP=222;TMPB=19;TMPC=20;RHUA=70;DWPA=16;PTYP=1;PNAM=MS-80SH;PIRA=450;PIRP=451;PIRM=450;PIRL=-2;PIRH=452;
SQNR=33270;DATE=24-08-14;TIME=09:14:30;STAT=201212;TMPA=22;TMPP=223;TMPB=19;TMPC=20;RHUA=70;DWPA=16;PTYP=1;PNAM=MS-80SH;PIRA=451;PIRP=451;PIRM=451;PIRL=-2;PIRH=452;
SQNR=33285;DATE=24-08-14;TIME=09:14:45;STAT=201212;TMPA=22;TMPP=224;TMPB=19;TMPC=20;RHUA=69;DWPA=16;PTYP=1;PNAM=MS-80SH;PIRA=452;PIRP=451;PIRM=451;PIRL=-2;PIRH=452;
SQNR=33300;DATE=24-08-14;TIME=09:15:00;STAT=201212;TMPA=22;TMPP=225;TMPB=19;TMPC=21;RHUA=69;DWPA=16;PTYP=1;PNAM=MS-80SH;PIRA=452;PIRP=452;PIRM=451;PIRL=-2;PIRH=452;
C-----;?
V-----;SWVNR=2102190;SQNDL=33301;DATE=24-08-14;TIME=09:15:06;THTYP=85;TTEMP=15;TDEWP=5;IUFAN=800;ILFAN=5;IUHEA=3000;PYDEF=21;PYAVT=30;PYAVW=1;PYOST=0;MSDLY=15;FNDLY=30;OSTRG=3;DBGFL=0;ASIRE=0;DBGRE=0;MPPFL=-1;
SQNR=33315;DATE=24-08-14;TIME=09:15:15;STAT=201212;TMPA=22;TMPP=227;TMPB=19;TMPC=21;RHUA=68;DWPA=16;PTYP=1;PNAM=MS-80SH;PIRA=453;PIRP=452;PIRM=452;PIRL=-2;PIRH=453;
SQNR=33330;DATE=24-08-14;TIME=09:15:30;STAT=201212;TMPA=22;TMPP=228;TMPB=19;TMPC=21;RHUA=68;DWPA=16;PTYP=1;PNAM=MS-80SH;PIRA=454;PIRP=453;PIRM=453;PIRL=-2;PIRH=454;
SQNR=33345;DATE=24-08-14;TIME=09:15:45;STAT=201212;TMPA=22;TMPP=228;TMPB=19;TMPC=21;RHUA=68;DWPA=16;PTYP=1;PNAM=MS-80SH;PIRA=455;PIRP=454;PIRM=453;PIRL=-2;PIRH=455;
SQNR=33360;DATE=24-08-14;TIME=09:16:00;STAT=201212;TMPA=22;TMPP=229;TMPB=19;TMPC=21;RHUA=68;DWPA=16;PTYP=1;PNAM=MS-80SH;PIRA=455;PIRP=454;PIRM=454;PIRL=-2;PIRH=455;
SQNR=33375;DATE=24-08-14;TIME=09:16:15;STAT=201212;TMPA=23;TMPP=230;TMPB=19;TMPC=21;RHUA=67;DWPA=16;PTYP=1;PNAM=MS-80SH;PIRA=455;PIRP=455;PIRM=454;PIRL=-2;PIRH=455;
SQNR=33390;DATE=24-08-14;TIME=09:16:30;STAT=201212;TMPA=23;TMPP=231;TMPB=19;TMPC=21;RHUA=67;DWPA=16;PTYP=1;PNAM=MS-80SH;PIRA=455;PIRP=455;PIRM=454;PIRL=-2;PIRH=455;
SQNR=33405;DATE=24-08-14;TIME=09:16:45;STAT=201212;TMPA=23;TMPP=232;TMPB=19;TMPC=21;RHUA=67;DWPA=16;PTYP=1;PNAM=MS-80SH;PIRA=455;PIRP=455;PIRM=455;PIRL=-2;PIRH=456;
SQNR=33420;DATE=24-08-14;TIME=09:17:00;STAT=201212;TMPA=23;TMPP=232;TMPB=19;TMPC=21;RHUA=66;DWPA=16;PTYP=1;PNAM=MS-80SH;PIRA=456;PIRP=456;PIRM=455;PIRL=-2;PIRH=457;
SQNR=33435;DATE=24-08-14;TIME=09:17:15;STAT=201212;TMPA=23;TMPP=232;TMPB=19;TMPC=21;RHUA=66;DWPA=16;PTYP=1;PNAM=MS-80SH;PIRA=458;PIRP=457;PIRM=456;PIRL=-2;PIRH=458;
SQNR=33450;DATE=24-08-14;TIME=09:17:30;STAT=201212;TMPA=23;TMPP=232;TMPB=19;TMPC=21;RHUA=66;DWPA=16;PTYP=1;PNAM=MS-80SH;PIRA=459;PIRP=458;PIRM=457;PIRL=-2;PIRH=459;
SQNR=33465;DATE=24-08-14;TIME=09:17:45;STAT=201212;TMPA=23;TMPP=231;TMPB=19;TMPC=21;RHUA=66;DWPA=16;PTYP=1;PNAM=MS-80SH;PIRA=461;PIRP=459;PIRM=458;PIRL=-2;PIRH=461;
SQNR=33480;DATE=24-08-14;TIME=09:18:00;STAT=201212;TMPA=23;TMPP=230;TMPB=19;TMPC=21;RHUA=67;DWPA=16;PTYP=1;PNAM=MS-80SH;PIRA=462;PIRP=461;PIRM=459;PIRL=-2;PIRH=462;
SQNR=33495;DATE=24-08-14;TIME=09:18:15;STAT=201212;TMPA=22;TMPP=229;TMPB=19;TMPC=21;RHUA=66;DWPA=16;PTYP=1;PNAM=MS-80SH;PIRA=463;PIRP=462;PIRM=461;PIRL=-2;PIRH=463;
SQNR=33510;DATE=24-08-14;TIME=09:18:30;STAT=201212;TMPA=22;TMPP=228;TMPB=19;TMPC=21;RHUA=67;DWPA=16;PTYP=1;PNAM=MS-80SH;PIRA=463;PIRP=463;PIRM=462;PIRL=-2;PIRH=464;
SQNR=33525;DATE=24-08-14;TIME=09:18:45;STAT=201212;TMPA=22;TMPP=228;TMPB=19;TMPC=21;RHUA=67;DWPA=16;PTYP=1;PNAM=MS-80SH;PIRA=464;PIRP=464;PIRM=463;PIRL=-2;PIRH=465;
SQNR=33540;DATE=24-08-14;TIME=09:19:00;STAT=201212;TMPA=22;TMPP=227;TMPB=19;TMPC=21;RHUA=68;DWPA=16;PTYP=1;PNAM=MS-80SH;PIRA=464;PIRP=464;PIRM=463;PIRL=-2;PIRH=465;
SQNR=33555;DATE=24-08-14;TIME=09:19:15;STAT=201212;TMPA=22;TMPP=227;TMPB=19;TMPC=21;RHUA=68;DWPA=16;PTYP=1;PNAM=MS-80SH;PIRA=466;PIRP=465;PIRM=464;PIRL=-2;PIRH=466;
SQNR=33570;DATE=24-08-14;TIME=09:19:30;STAT=201212;TMPA=22;TMPP=226;TMPB=19;TMPC=21;RHUA=69;DWPA=16;PTYP=1;PNAM=MS-80SH;PIRA=466;PIRP=466;PIRM=465;PIRL=-2;PIRH=466;
SQNR=33585;DATE=24-08-14;TIME=09:19:45;STAT=201212;TMPA=22;TMPP=226;TMPB=19;TMPC=21;RHUA=69;DWPA=16;PTYP=1;PNAM=MS-80SH;PIRA=466;PIRP=466;PIRM=465;PIRL=-2;PIRH=466;
SQNR=33600;DATE=24-08-14;TIME=09:20:00;STAT=201212;TMPA=22;TMPP=226;TMPB=19;TMPC=21;RHUA=68;DWPA=16;PTYP=1;PNAM=MS-80SH;PIRA=467;PIRP=466;PIRM=466;PIRL=-2;PIRH=467;
C-----;?
V-----;SWVNR=2102190;SQNDL=33601;DATE=24-08-14;TIME=09:20:06;THTYP=85;TTEMP=15;TDEWP=5;IUFAN=800;ILFAN=5;IUHEA=3000;PYDEF=21;PYAVT=30;PYAVW=1;PYOST=0;MSDLY=15;FNDLY=30;OSTRG=3;DBGFL=0;ASIRE=0;DBGRE=0;MPPFL=-1;
SQNR=33615;DATE=24-08-14;TIME=09:20:15;STAT=201212;TMPA=22;TMPP=226;TMPB=19;TMPC=21;RHUA=68;DWPA=16;PTYP=1;PNAM=MS-80SH;PIRA=468;PIRP=467;PIRM=467;PIRL=-2;PIRH=468;
SQNR=33630;DATE=24-08-14;TIME=09:20:30;STAT=201212;TMPA=22;TMPP=226;TMPB=19;TMPC=21;RHUA=68;DWPA=16;PTYP=1;PNAM=MS-80SH;PIRA=469;PIRP=468;PIRM=467;PIRL=-2;PIRH=469;
SQNR=33645;DATE=24-08-14;TIME=09:20:45;STAT=201212;TMPA=22;TMPP=226;TMPB=19;TMPC=21;RHUA=69;DWPA=16;PTYP=1;PNAM=MS-80SH;PIRA=469;PIRP=469;PIRM=468;PIRL=-2;PIRH=470;
SQNR=33660;DATE=24-08-14;TIME=09:21:00;STAT=201212;TMPA=22;TMPP=226;TMPB=19;TMPC=21;RHUA=69;DWPA=16;PTYP=1;PNAM=MS-80SH;PIRA=470;PIRP=469;PIRM=469;PIRL=-2;PIRH=470;
SQNR=33675;DATE=24-08-14;TIME=09:21:15;STAT=201212;TMPA=22;TMPP=226;TMPB=19;TMPC=21;RHUA=69;DWPA=16;PTYP=1;PNAM=MS-80SH;PIRA=470;PIRP=470;PIRM=469;PIRL=-2;PIRH=470;
SQNR=33690;DATE=24-08-14;TIME=09:21:30;STAT=201212;TMPA=22;TMPP=226;TMPB=19;TMPC=21;RHUA=70;DWPA=17;PTYP=1;PNAM=MS-80SH;PIRA=471;PIRP=470;PIRM=470;PIRL=-2;PIRH=471;
SQNR=33705;DATE=24-08-14;TIME=09:21:45;STAT=201212;TMPA=22;TMPP=226;TMPB=19;TMPC=21;RHUA=68;DWPA=16;PTYP=1;PNAM=MS-80SH;PIRA=471;PIRP=471;PIRM=470;PIRL=-2;PIRH=471;
SQNR=33720;DATE=24-08-14;TIME=09:22:00;STAT=201212;TMPA=22;TMPP=226;TMPB=19;TMPC=21;RHUA=69;DWPA=16;PTYP=1;PNAM=MS-80SH;PIRA=472;PIRP=471;PIRM=471;PIRL=-2;PIRH=472;
SQNR=33735;DATE=24-08-14;TIME=09:22:15;STAT=201212;TMPA=22;TMPP=226;TMPB=19;TMPC=21;RHUA=69;DWPA=16;PTYP=1;PNAM=MS-80SH;PIRA=473;PIRP=472;PIRM=471;PIRL=-2;PIRH=473;
SQNR=33750;DATE=24-08-14;TIME=09:22:30;STAT=201212;TMPA=22;TMPP=227;TMPB=19;TMPC=21;RHUA=70;DWPA=16;PTYP=1;PNAM=MS-80SH;PIRA=473;PIRP=473;PIRM=472;PIRL=-2;PIRH=474;
SQNR=33765;DATE=24-08-14;TIME=09:22:45;STAT=201212;TMPA=22;TMPP=227;TMPB=19;TMPC=21;RHUA=68;DWPA=16;PTYP=1;PNAM=MS-80SH;PIRA=474;PIRP=473;PIRM=473;PIRL=-2;PIRH=474;
SQNR=33780;DATE=24-08-14;TIME=09:23:00;STAT=201212;TMPA=22;TMPP=227;TMPB=19;TMPC=21;RHUA=68;DWPA=16;PTYP=1;PNAM=MS-80SH;PIRA=476;PIRP=474;PIRM=474;PIRL=-2;PIRH=476;
SQNR=33795;DATE=24-08-14;TIME=09:23:15;STAT=201212;TMPA=22;TMPP=228;TMPB=19;TMPC=21;RHUA=68;DWPA=16;PTYP=1;PNAM=MS-80SH;PIRA=476;PIRP=475;PIRM=474;PIRL=-2;PIRH=476;
SQNR=33810;DATE=24-08-14;TIME=09:23:30;STAT=201212;TMPA=22;TMPP=228;TMPB=19;TMPC=21;RHUA=68;DWPA=16;PTYP=1;PNAM=MS-80SH;PIRA=476;PIRP=476;PIRM=475;PIRL=-2;PIRH=476;
SQNR=33825;DATE=24-08-14;TIME=09:23:45;STAT=201212;TMPA=22;TMPP=229;TMPB=19;TMPC=21;RHUA=68;DWPA=16;PTYP=1;PNAM=MS-80SH;PIRA=476;PIRP=476;PIRM=475;PIRL=-2;PIRH=476;
SQNR=33840;DATE=24-08-14;TIME=09:24:00;STAT=201212;TMPA=23;TMPP=230;TMPB=19;TMPC=21;RHUA=68;DWPA=17;PTYP=1;PNAM=MS-80SH;PIRA=476;PIRP=476;PIRM=476;PIRL=-2;PIRH=476;
SQNR=33855;DATE=24-08-14;TIME=09:24:15;STAT=201212;TMPA=23;TMPP=231;TMPB=19;TMPC=21;RHUA=67;DWPA=16;PTYP=1;PNAM=MS-80SH;PIRA=477;PIRP=476;PIRM=476;PIRL=-2;PIRH=477;
SQNR=33870;DATE=24-08-14;TIME=09:24:30;STAT=201212;TMPA=23;TMPP=231;TMPB=19;TMPC=21;RHUA=67;DWPA=16;PTYP=1;PNAM=MS-80SH;PIRA=477;PIRP=477;PIRM=477;PIRL=-2;PIRH=478;
SQNR=33885;DATE=24-08-14;TIME=09:24:45;STAT=201212;TMPA=23;TMPP=231;TMPB=19;TMPC=21;RHUA=67;DWPA=16;PTYP=1;PNAM=MS-80SH;PIRA=479;PIRP=478;PIRM=477;PIRL=-2;PIRH=479;
SQNR=33900;DATE=24-08-14;TIME=09:25:00;STAT=201212;TMPA=23;TMPP=231;TMPB=19;TMPC=21;RHUA=68;DWPA=16;PTYP=1;PNAM=MS-80SH;PIRA=481;PIRP=479;PIRM=478;PIRL=-2;PIRH=481;
C-----;?
V-----;SWVNR=2102190;SQNDL=33902;DATE=24-08-14;TIME=09:25:07;THTYP=85;TTEMP=15;TDEWP=5;IUFAN=800;ILFAN=5;IUHEA=3000;PYDEF=21;PYAVT=30;PYAVW=1;PYOST=0;MSDLY=15;FNDLY=30;OSTRG=3;DBGFL=0;ASIRE=0;DBGRE=0;MPPFL=-1;
SQNR=33915;DATE=24-08-14;TIME=09:25:15;STAT=201212;TMPA=23;TMPP=232;TMPB=19;TMPC=21;RHUA=67;DWPA=16;PTYP=1;PNAM=MS-80SH;PIRA=481;PIRP=480;PIRM=479;PIRL=-2;PIRH=481;
SQNR=33930;DATE=24-08-14;TIME=09:25:30;STAT=201212;TMPA=23;TMPP=231;TMPB=19;TMPC=21;RHUA=66;DWPA=16;PTYP=1;PNAM=MS-80SH;PIRA=482;PIRP=481;PIRM=480;PIRL=-2;PIRH=482;
SQNR=33945;DATE=24-08-14;TIME=09:25:45;STAT=201212;TMPA=23;TMPP=231;TMPB=19;TMPC=21;RHUA=67;DWPA=16;PTYP=1;PNAM=MS-80SH;PIRA=482;PIRP=482;PIRM=481;PIRL=-2;PIRH=483;
SQNR=33960;DATE=24-08-14;TIME=09:26:00;STAT=201212;TMPA=23;TMPP=231;TMPB=19;TMPC=21;RHUA=67;DWPA=16;PTYP=1;PNAM=MS-80SH;PIRA=482;PIRP=482;PIRM=481;PIRL=-2;PIRH=483;
SQNR=33975;DATE=24-08-14;TIME=09:26:15;STAT=201212;TMPA=23;TMPP=231;TMPB=19;TMPC=21;RHUA=68;DWPA=16;PTYP=1;PNAM=MS-80SH;PIRA=483;PIRP=483;PIRM=482;PIRL=-2;PIRH=483;
SQNR=33990;DATE=24-08-14;TIME=09:26:30;STAT=201212;TMPA=23;TMPP=231;TMPB=19;TMPC=21;RHUA=68;DWPA=17;PTYP=1;PNAM=MS-80SH;PIRA=483;PIRP=483;PIRM=482;PIRL=-2;PIRH=483;
SQNR=34005;DATE=24-08-14;TIME=09:26:45;STAT=201212;TMPA=23;TMPP=231;TMPB=19;TMPC=21;RHUA=67;DWPA=16;PTYP=1;PNAM=MS-80SH;PIRA=484;PIRP=483;PIRM=483;PIRL=-2;PIRH=484;
SQNR=34020;DATE=24-08-14;TIME=09:27:00;STAT=201212;TMPA=23;TMPP=231;TMPB=19;TMPC=21;RHUA=68;DWPA=16;PTYP=1;PNAM=MS-80SH;PIRA=485;PIRP=484;PIRM=483;PIRL=-2;PIRH=485;
SQNR=34035;DATE=24-08-14;TIME=09:27:15;STAT=201212;TMPA=23;TMPP=231;TMPB=19;TMPC=21;RHUA=68;DWPA=17;PTYP=1;PNAM=MS-80SH;PIRA=485;PIRP=485;PIRM=484;PIRL=-2;PIRH=486;
SQNR=34050;DATE=24-08-14;TIME=09:27:30;STAT=201212;TMPA=23;TMPP=232;TMPB=20;TMPC=21;RHUA=68;DWPA=17;PTYP=1;PNAM=MS-80SH;PIRA=485;PIRP=485;PIRM=484;PIRL=-2;PIRH=486;
SQNR=34065;DATE=24-08-14;TIME=09:27:45;STAT=201212;TMPA=23;TMPP=234;TMPB=20;TMPC=21;RHUA=67;DWPA=17;PTYP=1;PNAM=MS-80SH;PIRA=486;PIRP=485;PIRM=485;PIRL=-2;PIRH=486;
SQNR=34080;DATE=24-08-14;TIME=09:28:00;STAT=201212;TMPA=23;TMPP=235;TMPB=20;TMPC=21;RHUA=66;DWPA=16;PTYP=1;PNAM=MS-80SH;PIRA=486;PIRP=486;PIRM=485;PIRL=-2;PIRH=486;
SQNR=34095;DATE=24-08-14;TIME=09:28:15;STAT=201212;TMPA=23;TMPP=235;TMPB=20;TMPC=21;RHUA=66;DWPA=16;PTYP=1;PNAM=MS-80SH;PIRA=488;PIRP=486;PIRM=486;PIRL=-2;PIRH=488;
SQNR=34110;DATE=24-08-14;TIME=09:28:30;STAT=201212;TMPA=23;TMPP=235;TMPB=20;TMPC=21;RHUA=67;DWPA=17;PTYP=1;PNAM=MS-80SH;PIRA=489;PIRP=487;PIRM=487;PIRL=-2;PIRH=489;
SQNR=34125;DATE=24-08-14;TIME=09:28:45;STAT=201212;TMPA=23;TMPP=235;TMPB=20;TMPC=21;RHUA=66;DWPA=17;PTYP=1;PNAM=MS-80SH;PIRA=489;PIRP=488;PIRM=487;PIRL=-2;PIRH=489;
SQNR=34140;DATE=24-08-14;TIME=09:29:00;STAT=201212;TMPA=23;TMPP=236;TMPB=20;TMPC=21;RHUA=65;DWPA=16;PTYP=1;PNAM=MS-80SH;PIRA=490;PIRP=489;PIRM=488;PIRL=-2;PIRH=490;
SQNR=34155;DATE=24-08-14;TIME=09:29:15;STAT=201212;TMPA=23;TMPP=236;TMPB=20;TMPC=21;RHUA=66;DWPA=17;PTYP=1;PNAM=MS-80SH;PIRA=489;PIRP=490;PIRM=489;PIRL=-2;PIRH=490;
SQNR=34170;DATE=24-08-14;TIME=09:29:30;STAT=201212;TMPA=23;TMPP=237;TMPB=20;TMPC=21;RHUA=66;DWPA=17;PTYP=1;PNAM=MS-80SH;PIRA=490;PIRP=490;PIRM=489;PIRL=-2;PIRH=490;
SQNR=34185;DATE=24-08-14;TIME=09:29:45;STAT=201212;TMPA=23;TMPP=237;TMPB=20;TMPC=21;RHUA=66;DWPA=17;PTYP=1;PNAM=MS-80SH;PIRA=491;PIRP=490;PIRM=490;PIRL=-2;PIRH=491;
SQNR=34200;DATE=24-08-14;TIME=09:30:00;STAT=201212;TMPA=23;TMPP=238;TMPB=20;TMPC=21;RHUA=65;DWPA=17;PTYP=1;PNAM=MS-80SH;PIRA=491;PIRP=491;PIRM=490;PIRL=-2;PIRH=491;
C-----;?
V-----;SWVNR=2102190;SQNDL=34201;DATE=24-08-14;TIME=09:30:06;THTYP=85;TTEMP=15;TDEWP=5;IUFAN=800;ILFAN=5;IUHEA=3000;PYDEF=21;PYAVT=30;PYAVW=1;PYOST=0;MSDLY=15;FNDLY=30;OSTRG=3;DBGFL=0;ASIRE=0;DBGRE=0;MPPFL=-1;
SQNR=34215;DATE=24-08-14;TIME=09:30:15;STAT=201212;TMPA=23;TMPP=239;TMPB=20;TMPC=21;RHUA=65;DWPA=17;PTYP=1;PNAM=MS-80SH;PIRA=492;PIRP=491;PIRM=491;PIRL=-2;PIRH=492;
SQNR=34230;DATE=24-08-14;TIME=09:30:30;STAT=201212;TMPA=23;TMPP=239;TMPB=20;TMPC=22;RHUA=65;DWPA=17;PTYP=1;PNAM=MS-80SH;PIRA=492;PIRP=492;PIRM=491;PIRL=-2;PIRH=492;
SQNR=34245;DATE=24-08-14;TIME=09:30:45;STAT=201212;TMPA=24;TMPP=240;TMPB=20;TMPC=22;RHUA=65;DWPA=17;PTYP=1;PNAM=MS-80SH;PIRA=492;PIRP=492;PIRM=491;PIRL=-2;PIRH=492;
SQNR=34260;DATE=24-08-14;TIME=09:31:00;STAT=201212;TMPA=24;TMPP=241;TMPB=20;TMPC=22;RHUA=64;DWPA=17;PTYP=1;PNAM=MS-80SH;PIRA=494;PIRP=492;PIRM=492;PIRL=-2;PIRH=494;
SQNR=34275;DATE=24-08-14;TIME=09:31:15;STAT=201212;TMPA=24;TMPP=242;TMPB=20;TMPC=22;RHUA=64;DWPA=17;PTYP=1;PNAM=MS-80SH;PIRA=494;PIRP=494;PIRM=493;PIRL=-2;PIRH=494;
SQNR=34290;DATE=24-08-14;TIME=09:31:30;STAT=201212;TMPA=24;TMPP=243;TMPB=20;TMPC=22;RHUA=63;DWPA=16;PTYP=1;PNAM=MS-80SH;PIRA=496;PIRP=495;PIRM=494;PIRL=-2;PIRH=496;
SQNR=34305;DATE=24-08-14;TIME=09:31:45;STAT=201212;TMPA=24;TMPP=243;TMPB=20;TMPC=22;RHUA=63;DWPA=16;PTYP=1;PNAM=MS-80SH;PIRA=497;PIRP=496;PIRM=495;PIRL=-2;PIRH=497;
SQNR=34320;DATE=24-08-14;TIME=09:32:00;STAT=201212;TMPA=24;TMPP=243;TMPB=20;TMPC=22;RHUA=63;DWPA=16;PTYP=1;PNAM=MS-80SH;PIRA=498;PIRP=497;PIRM=496;PIRL=-2;PIRH=499;
SQNR=34335;DATE=24-08-14;TIME=09:32:15;STAT=201212;TMPA=24;TMPP=242;TMPB=20;TMPC=22;RHUA=63;DWPA=16;PTYP=1;PNAM=MS-80SH;PIRA=499;PIRP=498;PIRM=497;PIRL=-2;PIRH=499;
SQNR=34350;DATE=24-08-14;TIME=09:32:30;STAT=201212;TMPA=24;TMPP=242;TMPB=20;TMPC=22;RHUA=64;DWPA=16;PTYP=1;PNAM=MS-80SH;PIRA=500;PIRP=499;PIRM=498;PIRL=-2;PIRH=500;
SQNR=34365;DATE=24-08-14;TIME=09:32:45;STAT=201212;TMPA=24;TMPP=242;TMPB=20;TMPC=22;RHUA=64;DWPA=16;PTYP=1;PNAM=MS-80SH;PIRA=500;PIRP=499;PIRM=499;PIRL=-2;PIRH=500;
SQNR=34380;DATE=24-08-14;TIME=09:33:00;STAT=201212;TMPA=24;TMPP=242;TMPB=20;TMPC=22;RHUA=64;DWPA=17;PTYP=1;PNAM=MS-80SH;PIRA=500;PIRP=500;PIRM=499;PIRL=-2;PIRH=501;
SQNR=34395;DATE=24-08-14;TIME=09:33:15;STAT=201212;TMPA=24;TMPP=242;TMPB=20;TMPC=22;RHUA=63;DWPA=16;PTYP=1;PNAM=MS-80SH;PIRA=501;PIRP=501;PIRM=500;PIRL=-2;PIRH=501;
SQNR=34410;DATE=24-08-14;TIME=09:33:30;STAT=201212;TMPA=24;TMPP=241;TMPB=20;TMPC=22;RHUA=63;DWPA=16;PTYP=1;PNAM=MS-80SH;PIRA=501;PIRP=501;PIRM=500;PIRL=-2;PIRH=501;
SQNR=34425;DATE=24-08-14;TIME=09:33:45;STAT=201212;TMPA=24;TMPP=241;TMPB=20;TMPC=22;RHUA=63;DWPA=16;PTYP=1;PNAM=MS-80SH;PIRA=502;PIRP=501;PIRM=501;PIRL=-2;PIRH=502;
SQNR=34440;DATE=24-08-14;TIME=09:34:00;STAT=201212;TMPA=24;TMPP=241;TMPB=20;TMPC=22;RHUA=64;DWPA=16;PTYP=1;PNAM=MS-80SH;PIRA=501;PIRP=502;PIRM=501;PIRL=-2;PIRH=502;
SQNR=34455;DATE=24-08-14;TIME=09:34:15;STAT=201212;TMPA=24;TMPP=241;TMPB=21;TMPC=22;RHUA=64;DWPA=17;PTYP=1;PNAM=MS-80SH;PIRA=501;PIRP=501;PIRM=501;PIRL=-2;PIRH=502;
SQNR=34470;DATE=24-08-14;TIME=09:34:30;STAT=201212;TMPA=24;TMPP=243;TMPB=21;TMPC=22;RHUA=64;DWPA=17;PTYP=1;PNAM=MS-80SH;PIRA=501;PIRP=501;PIRM=501;PIRL=-2;PIRH=502;
SQNR=34485;DATE=24-08-14;TIME=09:34:45;STAT=201212;TMPA=24;TMPP=244;TMPB=21;TMPC=22;RHUA=63;DWPA=17;PTYP=1;PNAM=MS-80SH;PIRA=501;PIRP=501;PIRM=501;PIRL=-2;PIRH=502;
SQNR=34500;DATE=24-08-14;TIME=09:35:00;STAT=201212;TMPA=24;TMPP=244;TMPB=21;TMPC=22;RHUA=63;DWPA=17;PTYP=1;PNAM=MS-80SH;PIRA=500;PIRP=501;PIRM=501;PIRL=-2;PIRH=502;
C-----;?
V-----;SWVNR=2102190;SQNDL=34501;DATE=24-08-14;TIME=09:35:06;THTYP=85;TTEMP=15;TDEWP=5;IUFAN=800;ILFAN=5;IUHEA=3000;PYDEF=21;PYAVT=30;PYAVW=1;PYOST=0;MSDLY=15;FNDLY=30;OSTRG=3;DBGFL=0;ASIRE=0;DBGRE=0;MPPFL=-1;
SQNR=34515;DATE=24-08-14;TIME=09:35:15;STAT=201212;TMPA=24;TMPP=245;TMPB=21;TMPC=22;RHUA=63;DWPA=17;PTYP=1;PNAM=MS-80SH;PIRA=501;PIRP=501;PIRM=501;PIRL=-2;PIRH=502;
SQNR=34530;DATE=24-08-14;TIME=09:35:30;STAT=201212;TMPA=24;TMPP=245;TMPB=21;TMPC=22;RHUA=62;DWPA=16;PTYP=1;PNAM=MS-80SH;PIRA=504;PIRP=502;PIRM=502;PIRL=-2;PIRH=504;
SQNR=34545;DATE=24-08-14;TIME=09:35:45;STAT=201212;TMPA=24;TMPP=245;TMPB=20;TMPC=22;RHUA=63;DWPA=17;PTYP=1;PNAM=MS-80SH;PIRA=505;PIRP=503;PIRM=503;PIRL=-2;PIRH=505;
SQNR=34560;DATE=24-08-14;TIME=09:36:00;STAT=201212;TMPA=24;TMPP=244;TMPB=20;TMPC=22;RHUA=63;DWPA=17;PTYP=1;PNAM=MS-80SH;PIRA=504;PIRP=504;PIRM=503;PIRL=-2;PIRH=505;
SQNR=34575;DATE=24-08-14;TIME=09:36:15;STAT=201212;TMPA=24;TMPP=244;TMPB=20;TMPC=22;RHUA=63;DWPA=16;PTYP=1;PNAM=MS-80SH;PIRA=505;PIRP=505;PIRM=504;PIRL=-2;PIRH=505;
SQNR=34590;DATE=24-08-14;TIME=09:36:30;STAT=201212;TMPA=24;TMPP=243;TMPB=20;TMPC=22;RHUA=64;DWPA=17;PTYP=1;PNAM=MS-80SH;PIRA=507;PIRP=505;PIRM=505;PIRL=-2;PIRH=507;
SQNR=34605;DATE=24-08-14;TIME=09:36:45;STAT=201212;TMPA=24;TMPP=243;TMPB=20;TMPC=22;RHUA=62;DWPA=16;PTYP=1;PNAM=MS-80SH;PIRA=508;PIRP=507;PIRM=506;PIRL=-2;PIRH=508;
SQNR=34620;DATE=24-08-14;TIME=09:37:00;STAT=201212;TMPA=24;TMPP=243;TMPB=20;TMPC=22;RHUA=63;DWPA=16;PTYP=1;PNAM=MS-80SH;PIRA=507;PIRP=507;PIRM=506;PIRL=-2;PIRH=508;
SQNR=34635;DATE=24-08-14;TIME=09:37:15;STAT=201212;TMPA=24;TMPP=243;TMPB=20;TMPC=22;RHUA=63;DWPA=16;PTYP=1;PNAM=MS-80SH;PIRA=507;PIRP=507;PIRM=507;PIRL=-2;PIRH=508;
SQNR=34650;DATE=24-08-14;TIME=09:37:30;STAT=201212;TMPA=24;TMPP=242;TMPB=20;TMPC=22;RHUA=64;DWPA=17;PTYP=1;PNAM=MS-80SH;PIRA=509;PIRP=507;PIRM=507;PIRL=-2;PIRH=509;
SQNR=34665;DATE=24-08-14;TIME=09:37:45;STAT=201212;TMPA=24;TMPP=242;TMPB=20;TMPC=22;RHUA=64;DWPA=17;PTYP=1;PNAM=MS-80SH;PIRA=509;PIRP=508;PIRM=508;PIRL=-2;PIRH=510;
SQNR=34680;DATE=24-08-14;TIME=09:38:00;STAT=201212;TMPA=24;TMPP=242;TMPB=20;TMPC=22;RHUA=64;DWPA=17;PTYP=1;PNAM=MS-80SH;PIRA=509;PIRP=509;PIRM=508;PIRL=-2;PIRH=510;
SQNR=34695;DATE=24-08-14;TIME=09:38:15;STAT=201212;TMPA=24;TMPP=243;TMPB=20;TMPC=22;RHUA=64;DWPA=17;PTYP=1;PNAM=MS-80SH;PIRA=510;PIRP=509;PIRM=509;PIRL=-2;PIRH=510;
SQNR=34710;DATE=24-08-14;TIME=09:38:30;STAT=201212;TMPA=24;TMPP=243;TMPB=20;TMPC=22;RHUA=62;DWPA=16;PTYP=1;PNAM=MS-80SH;PIRA=510;PIRP=510;PIRM=510;PIRL=-2;PIRH=511;
SQNR=34725;DATE=24-08-14;TIME=09:38:45;STAT=201212;TMPA=24;TMPP=242;TMPB=20;TMPC=22;RHUA=63;DWPA=16;PTYP=1;PNAM=MS-80SH;PIRA=512;PIRP=511;PIRM=510;PIRL=-2;PIRH=512;
SQNR=34740;DATE=24-08-14;TIME=09:39:00;STAT=201212;TMPA=24;TMPP=241;TMPB=20;TMPC=22;RHUA=64;DWPA=17;PTYP=1;PNAM=MS-80SH;PIRA=513;PIRP=512;PIRM=511;PIRL=-2;PIRH=514;
SQNR=34755;DATE=24-08-14;TIME=09:39:15;STAT=201212;TMPA=24;TMPP=240;TMPB=20;TMPC=22;RHUA=65;DWPA=17;PTYP=1;PNAM=MS-80SH;PIRA=514;PIRP=513;PIRM=512;PIRL=-2;PIRH=514;
SQNR=34770;DATE=24-08-14;TIME=09:39:30;STAT=201212;TMPA=24;TMPP=240;TMPB=20;TMPC=22;RHUA=65;DWPA=17;PTYP=1;PNAM=MS-80SH;PIRA=515;PIRP=514;PIRM=513;PIRL=-2;PIRH=515;
SQNR=34785;DATE=24-08-14;TIME=09:39:45;STAT=201212;TMPA=23;TMPP=239;TMPB=20;TMPC=22;RHUA=66;DWPA=17;PTYP=1;PNAM=MS-80SH;PIRA=514;PIRP=515;PIRM=514;PIRL=-2;PIRH=515;
SQNR=34800;DATE=24-08-14;TIME=09:40:00;STAT=201212;TMPA=23;TMPP=239;TMPB=20;TMPC=22;RHUA=67;DWPA=17;PTYP=1;PNAM=MS-80SH;PIRA=514;PIRP=515;PIRM=514;PIRL=-2;PIRH=515;
C-----;?
V-----;SWVNR=2102190;SQNDL=34802;DATE=24-08-14;TIME=09:40:07;THTYP=85;TTEMP=15;TDEWP=5;IUFAN=800;ILFAN=5;IUHEA=3000;PYDEF=21;PYAVT=30;PYAVW=1;PYOST=0;MSDLY=15;FNDLY=30;OSTRG=3;DBGFL=0;ASIRE=0;DBGRE=0;MPPFL=-1;
SQNR=34815;DATE=24-08-14;TIME=09:40:15;STAT=201212;TMPA=23;TMPP=239;TMPB=20;TMPC=22;RHUA=66;DWPA=17;PTYP=1;PNAM=MS-80SH;PIRA=514;PIRP=514;PIRM=514;PIRL=-2;PIRH=515;
SQNR=34830;DATE=24-08-14;TIME=09:40:30;STAT=201212;TMPA=24;TMPP=241;TMPB=20;TMPC=22;RHUA=67;DWPA=17;PTYP=1;PNAM=MS-80SH;PIRA=514;PIRP=514;PIRM=514;PIRL=-2;PIRH=515;
SQNR=34845;DATE=24-08-14;TIME=09:40:45;STAT=201212;TMPA=24;TMPP=242;TMPB=20;TMPC=22;RHUA=66;DWPA=17;PTYP=1;PNAM=MS-80SH;PIRA=515;PIRP=514;PIRM=514;PIRL=-2;PIRH=515;
SQNR=34860;DATE=24-08-14;TIME=09:41:00;STAT=201212;TMPA=24;TMPP=242;TMPB=20;TMPC=22;RHUA=66;DWPA=17;PTYP=1;PNAM=MS-80SH;PIRA=514;PIRP=514;PIRM=514;PIRL=-2;PIRH=515;
SQNR=34875;DATE=24-08-14;TIME=09:41:15;STAT=201212;TMPA=24;TMPP=242;TMPB=20;TMPC=22;RHUA=65;DWPA=17;PTYP=1;PNAM=MS-80SH;PIRA=515;PIRP=514;PIRM=514;PIRL=-2;PIRH=515;
SQNR=34890;DATE=24-08-14;TIME=09:41:30;STAT=201212;TMPA=24;TMPP=242;TMPB=20;TMPC=22;RHUA=64;DWPA=17;PTYP=1;PNAM=MS-80SH;PIRA=516;PIRP=515;PIRM=515;PIRL=-2;PIRH=516;
SQNR=34905;DATE=24-08-14;TIME=09:41:45;STAT=201212;TMPA=24;TMPP=241;TMPB=20;TMPC=22;RHUA=64;DWPA=17;PTYP=1;PNAM=MS-80SH;PIRA=518;PIRP=516;PIRM=516;PIRL=-2;PIRH=518;
SQNR=34920;DATE=24-08-14;TIME=09:42:00;STAT=201212;TMPA=24;TMPP=241;TMPB=20;TMPC=22;RHUA=65;DWPA=17;PTYP=1;PNAM=MS-80SH;PIRA=518;PIRP=517;PIRM=516;PIRL=-2;PIRH=518;
SQNR=34935;DATE=24-08-14;TIME=09:42:15;STAT=201212;TMPA=24;TMPP=240;TMPB=20;TMPC=22;RHUA=65;DWPA=17;PTYP=1;PNAM=MS-80SH;PIRA=519;PIRP=518;PIRM=517;PIRL=-2;PIRH=519;
SQNR=34950;DATE=24-08-14;TIME=09:42:30;STAT=201212;TMPA=24;TMPP=240;TMPB=20;TMPC=22;RHUA=66;DWPA=17;PTYP=1;PNAM=MS-80SH;PIRA=520;PIRP=519;PIRM=518;PIRL=-2;PIRH=520;
SQNR=34965;DATE=24-08-14;TIME=09:42:45;STAT=201212;TMPA=24;TMPP=240;TMPB=20;TMPC=22;RHUA=66;DWPA=17;PTYP=1;PNAM=MS-80SH;PIRA=520;PIRP=520;PIRM=519;PIRL=-2;PIRH=521;
SQNR=34980;DATE=24-08-14;TIME=09:43:00;STAT=201212;TMPA=24;TMPP=240;TMPB=20;TMPC=22;RHUA=66;DWPA=17;PTYP=1;PNAM=MS-80SH;PIRA=521;PIRP=521;PIRM=520;PIRL=-2;PIRH=521;
SQNR=34995;DATE=24-08-14;TIME=09:43:15;STAT=201212;TMPA=23;TMPP=239;TMPB=20;TMPC=22;RHUA=65;DWPA=17;PTYP=1;PNAM=MS-80SH;PIRA=523;PIRP=522;PIRM=521;PIRL=-2;PIRH=523;
SQNR=35010;DATE=24-08-14;TIME=09:43:30;STAT=201212;TMPA=23;TMPP=239;TMPB=20;TMPC=22;RHUA=65;DWPA=17;PTYP=1;PNAM=MS-80SH;PIRA=523;PIRP=522;PIRM=522;PIRL=-2;PIRH=523;
SQNR=35025;DATE=24-08-14;TIME=09:43:45;STAT=201212;TMPA=23;TMPP=239;TMPB=20;TMPC=22;RHUA=65;DWPA=17;PTYP=1;PNAM=MS-80SH;PIRA=523;PIRP=523;PIRM=522;PIRL=-2;PIRH=523;
SQNR=35040;DATE=24-08-14;TIME=09:44:00;STAT=201212;TMPA=23;TMPP=239;TMPB=20;TMPC=22;RHUA=65;DWPA=17;PTYP=1;PNAM=MS-80SH;PIRA=524;PIRP=523;PIRM=523;PIRL=-2;PIRH=525;
SQNR=35055;DATE=24-08-14;TIME=09:44:15;STAT=201212;TMPA=23;TMPP=239;TMPB=20;TMPC=22;RHUA=64;DWPA=16;PTYP=1;PNAM=MS-80SH;PIRA=525;PIRP=524;PIRM=524;PIRL=-2;PIRH=525;
SQNR=35070;DATE=24-08-14;TIME=09:44:30;STAT=201212;TMPA=23;TMPP=238;TMPB=20;TMPC=22;RHUA=66;DWPA=17;PTYP=1;PNAM=MS-80SH;PIRA=526;PIRP=525;PIRM=525;PIRL=-2;PIRH=526;
SQNR=35085;DATE=24-08-14;TIME=09:44:45;STAT=201212;TMPA=23;TMPP=238;TMPB=20;TMPC=22;RHUA=66;DWPA=17;PTYP=1;PNAM=MS-80SH;PIRA=528;PIRP=527;PIRM=526;PIRL=-2;PIRH=528;
SQNR=35100;DATE=24-08-14;TIME=09:45:00;STAT=201212;TMPA=23;TMPP=237;TMPB=20;TMPC=22;RHUA=66;DWPA=17;PTYP=1;PNAM=MS-80SH;PIRA=529;PIRP=528;PIRM=527;PIRL=-2;PIRH=529;
C-----;?
V-----;SWVNR=2102190;SQNDL=35101;DATE=24-08-14;TIME=09:45:06;THTYP=85;TTEMP=15;TDEWP=5;IUFAN=800;ILFAN=5;IUHEA=3000;PYDEF=21;PYAVT=30;PYAVW=1;PYOST=0;MSDLY=15;FNDLY=30;OSTRG=3;DBGFL=0;ASIRE=0;DBGRE=0;MPPFL=-1;
SQNR=35115;DATE=24-08-14;TIME=09:45:15;STAT=201212;TMPA=23;TMPP=237;TMPB=20;TMPC=22;RHUA=66;DWPA=17;PTYP=1;PNAM=MS-80SH;PIRA=529;PIRP=529;PIRM=528;PIRL=-2;PIRH=529;
SQNR=35130;DATE=24-08-14;TIME=09:45:30;STAT=201212;TMPA=23;TMPP=237;TMPB=20;TMPC=22;RHUA=66;DWPA=17;PTYP=1;PNAM=MS-80SH;PIRA=530;PIRP=529;PIRM=529;PIRL=-2;PIRH=530;
SQNR=35145;DATE=24-08-14;TIME=09:45:45;STAT=201212;TMPA=23;TMPP=236;TMPB=20;TMPC=22;RHUA=68;DWPA=17;PTYP=1;PNAM=MS-80SH;PIRA=529;PIRP=530;PIRM=529;PIRL=-2;PIRH=530;
SQNR=35160;DATE=24-08-14;TIME=09:46:00;STAT=201212;TMPA=23;TMPP=236;TMPB=20;TMPC=22;RHUA=66;DWPA=17;PTYP=1;PNAM=MS-80SH;PIRA=530;PIRP=530;PIRM=529;PIRL=-2;PIRH=530;
SQNR=35175;DATE=24-08-14;TIME=09:46:15;STAT=201212;TMPA=23;TMPP=236;TMPB=20;TMPC=22;RHUA=66;DWPA=17;PTYP=1;PNAM=MS-80SH;PIRA=531;PIRP=530;PIRM=530;PIRL=-2;PIRH=531;
SQNR=35190;DATE=24-08-14;TIME=09:46:30;STAT=201212;TMPA=23;TMPP=236;TMPB=20;TMPC=22;RHUA=66;DWPA=17;PTYP=1;PNAM=MS-80SH;PIRA=531;PIRP=530;PIRM=530;PIRL=-2;PIRH=531;
SQNR=35205;DATE=24-08-14;TIME=09:46:45;STAT=201212;TMPA=23;TMPP=236;TMPB=20;TMPC=22;RHUA=66;DWPA=16;PTYP=1;PNAM=MS-80SH;PIRA=531;PIRP=531;PIRM=531;PIRL=-2;PIRH=532;
SQNR=35220;DATE=24-08-14;TIME=09:47:00;STAT=201212;TMPA=23;TMPP=235;TMPB=20;TMPC=22;RHUA=67;DWPA=17;PTYP=1;PNAM=MS-80SH;PIRA=529;PIRP=531;PIRM=530;PIRL=-2;PIRH=532;
SQNR=35235;DATE=24-08-14;TIME=09:47:15;STAT=201212;TMPA=23;TMPP=235;TMPB=20;TMPC=22;RHUA=67;DWPA=17;PTYP=1;PNAM=MS-80SH;PIRA=530;PIRP=530;PIRM=530;PIRL=-2;PIRH=532;
SQNR=35250;DATE=24-08-14;TIME=09:47:30;STAT=201212;TMPA=23;TMPP=235;TMPB=20;TMPC=22;RHUA=67;DWPA=17;PTYP=1;PNAM=MS-80SH;PIRA=529;PIRP=530;PIRM=530;PIRL=-2;PIRH=532;
SQNR=35265;DATE=24-08-14;TIME=09:47:45;STAT=201212;TMPA=23;TMPP=235;TMPB=20;TMPC=22;RHUA=68;DWPA=17;PTYP=1;PNAM=MS-80SH;PIRA=530;PIRP=530;PIRM=530;PIRL=-2;PIRH=532;
SQNR=35280;DATE=24-08-14;TIME=09:48:00;STAT=201212;TMPA=23;TMPP=237;TMPB=20;TMPC=22;RHUA=67;DWPA=17;PTYP=1;PNAM=MS-80SH;PIRA=531;PIRP=530;PIRM=530;PIRL=-2;PIRH=532;
SQNR=35295;DATE=24-08-14;TIME=09:48:15;STAT=201212;TMPA=23;TMPP=237;TMPB=20;TMPC=22;RHUA=68;DWPA=17;PTYP=1;PNAM=MS-80SH;PIRA=531;PIRP=530;PIRM=530;PIRL=-2;PIRH=532;
SQNR=35310;DATE=24-08-14;TIME=09:48:30;STAT=201212;TMPA=23;TMPP=238;TMPB=20;TMPC=22;RHUA=67;DWPA=17;PTYP=1;PNAM=MS-80SH;PIRA=533;PIRP=531;PIRM=531;PIRL=-2;PIRH=533;
SQNR=35325;DATE=24-08-14;TIME=09:48:45;STAT=201212;TMPA=23;TMPP=238;TMPB=20;TMPC=22;RHUA=67;DWPA=17;PTYP=1;PNAM=MS-80SH;PIRA=533;PIRP=532;PIRM=532;PIRL=-2;PIRH=533;
SQNR=35340;DATE=24-08-14;TIME=09:49:00;STAT=201212;TMPA=23;TMPP=238;TMPB=20;TMPC=22;RHUA=67;DWPA=17;PTYP=1;PNAM=MS-80SH;PIRA=533;PIRP=533;PIRM=532;PIRL=-2;PIRH=534;
SQNR=35355;DATE=24-08-14;TIME=09:49:15;STAT=201212;TMPA=23;TMPP=239;TMPB=20;TMPC=22;RHUA=67;DWPA=17;PTYP=1;PNAM=MS-80SH;PIRA=535;PIRP=534;PIRM=533;PIRL=-2;PIRH=535;
SQNR=35370;DATE=24-08-14;TIME=09:49:30;STAT=201212;TMPA=23;TMPP=239;TMPB=20;TMPC=22;RHUA=66;DWPA=17;PTYP=1;PNAM=MS-80SH;PIRA=535;PIRP=535;PIRM=534;PIRL=-2;PIRH=535;
SQNR=35385;DATE=24-08-14;TIME=09:49:45;STAT=201212;TMPA=24;TMPP=240;TMPB=20;TMPC=22;RHUA=66;DWPA=17;PTYP=1;PNAM=MS-80SH;PIRA=536;PIRP=535;PIRM=535;PIRL=-2;PIRH=536;
SQNR=35400;DATE=24-08-14;TIME=09:50:00;STAT=201212;TMPA=23;TMPP=239;TMPB=20;TMPC=22;RHUA=64;DWPA=16;PTYP=1;PNAM=MS-80SH;PIRA=536;PIRP=536;PIRM=535;PIRL=-2;PIRH=536;
C-----;?
V-----;SWVNR=2102190;SQNDL=35402;DATE=24-08-14;TIME=09:50:07;THTYP=85;TTEMP=15;TDEWP=5;IUFAN=800;ILFAN=5;IUHEA=3000;PYDEF=21;PYAVT=30;PYAVW=1;PYOST=0;MSDLY=15;FNDLY=30;OSTRG=3;DBGFL=0;ASIRE=0;DBGRE=0;MPPFL=-1;
SQNR=35415;DATE=24-08-14;TIME=09:50:15;STAT=201212;TMPA=23;TMPP=239;TMPB=20;TMPC=22;RHUA=65;DWPA=16;PTYP=1;PNAM=MS-80SH;PIRA=537;PIRP=536;PIRM=536;PIRL=-2;PIRH=537;
SQNR=35430;DATE=24-08-14;TIME=09:50:30;STAT=201212;TMPA=23;TMPP=238;TMPB=20;TMPC=22;RHUA=66;DWPA=17;PTYP=1;PNAM=MS-80SH;PIRA=537;PIRP=537;PIRM=536;PIRL=-2;PIRH=537;
SQNR=35445;DATE=24-08-14;TIME=09:50:45;STAT=201212;TMPA=23;TMPP=237;TMPB=20;TMPC=22;RHUA=67;DWPA=17;PTYP=1;PNAM=MS-80SH;PIRA=537;PIRP=537;PIRM=537;PIRL=-2;PIRH=538;
SQNR=35460;DATE=24-08-14;TIME=09:51:00;STAT=201212;TMPA=23;TMPP=237;TMPB=20;TMPC=22;RHUA=67;DWPA=17;PTYP=1;PNAM=MS-80SH;PIRA=539;PIRP=538;PIRM=537;PIRL=-2;PIRH=539;
SQNR=35475;DATE=24-08-14;TIME=09:51:15;STAT=201212;TMPA=23;TMPP=237;TMPB=20;TMPC=22;RHUA=66;DWPA=17;PTYP=1;PNAM=MS-80SH;PIRA=539;PIRP=539;PIRM=538;PIRL=-2;PIRH=540;
SQNR=35490;DATE=24-08-14;TIME=09:51:30;STAT=201212;TMPA=23;TMPP=237;TMPB=20;TMPC=22;RHUA=66;DWPA=17;PTYP=1;PNAM=MS-80SH;PIRA=540;PIRP=539;PIRM=539;PIRL=-2;PIRH=540;
SQNR=35505;DATE=24-08-14;TIME=09:51:45;STAT=201212;TMPA=23;TMPP=237;TMPB=20;TMPC=22;RHUA=66;DWPA=17;PTYP=1;PNAM=MS-80SH;PIRA=540;PIRP=539;PIRM=539;PIRL=-2;PIRH=540;
SQNR=35520;DATE=24-08-14;TIME=09:52:00;STAT=201212;TMPA=23;TMPP=238;TMPB=20;TMPC=22;RHUA=66;DWPA=17;PTYP=1;PNAM=MS-80SH;PIRA=540;PIRP=540;PIRM=540;PIRL=-2;PIRH=541;
SQNR=35535;DATE=24-08-14;TIME=09:52:15;STAT=201212;TMPA=23;TMPP=239;TMPB=20;TMPC=22;RHUA=66;DWPA=17;PTYP=1;PNAM=MS-80SH;PIRA=541;PIRP=540;PIRM=540;PIRL=-2;PIRH=541;
SQNR=35550;DATE=24-08-14;TIME=09:52:30;STAT=201212;TMPA=23;TMPP=239;TMPB=20;TMPC=22;RHUA=67;DWPA=17;PTYP=1;PNAM=MS-80SH;PIRA=543;PIRP=541;PIRM=541;PIRL=-2;PIRH=543;
SQNR=35565;DATE=24-08-14;TIME=09:52:45;STAT=201212;TMPA=23;TMPP=239;TMPB=20;TMPC=22;RHUA=66;DWPA=17;PTYP=1;PNAM=MS-80SH;PIRA=543;PIRP=542;PIRM=542;PIRL=-2;PIRH=543;
SQNR=35580;DATE=24-08-14;TIME=09:53:00;STAT=201212;TMPA=23;TMPP=239;TMPB=20;TMPC=22;RHUA=67;DWPA=17;PTYP=1;PNAM=MS-80SH;PIRA=544;PIRP=543;PIRM=543;PIRL=-2;PIRH=544;
SQNR=35595;DATE=24-08-14;TIME=09:53:15;STAT=201212;TMPA=23;TMPP=239;TMPB=20;TMPC=22;RHUA=67;DWPA=17;PTYP=1;PNAM=MS-80SH;PIRA=545;PIRP=544;PIRM=543;PIRL=-2;PIRH=545;
SQNR=35610;DATE=24-08-14;TIME=09:53:30;STAT=201212;TMPA=24;TMPP=240;TMPB=21;TMPC=22;RHUA=68;DWPA=17;PTYP=1;PNAM=MS-80SH;PIRA=544;PIRP=545;PIRM=544;PIRL=-2;PIRH=545;
SQNR=35625;DATE=24-08-14;TIME=09:53:45;STAT=201212;TMPA=24;TMPP=241;TMPB=21;TMPC=22;RHUA=67;DWPA=17;PTYP=1;PNAM=MS-80SH;PIRA=546;PIRP=545;PIRM=544;PIRL=-2;PIRH=546;
SQNR=35640;DATE=24-08-14;TIME=09:54:00;STAT=201212;TMPA=24;TMPP=242;TMPB=21;TMPC=22;RHUA=65;DWPA=17;PTYP=1;PNAM=MS-80SH;PIRA=547;PIRP=546;PIRM=545;PIRL=-2;PIRH=547;
SQNR=35655;DATE=24-08-14;TIME=09:54:15;STAT=201212;TMPA=24;TMPP=242;TMPB=21;TMPC=22;RHUA=67;DWPA=17;PTYP=1;PNAM=MS-80SH;PIRA=547;PIRP=547;PIRM=546;PIRL=-2;PIRH=548;
SQNR=35670;DATE=24-08-14;TIME=09:54:30;STAT=201212;TMPA=24;TMPP=242;TMPB=21;TMPC=22;RHUA=65;DWPA=17;PTYP=1;PNAM=MS-80SH;PIRA=549;PIRP=548;PIRM=547;PIRL=-2;PIRH=549;
SQNR=35685;DATE=24-08-14;TIME=09:54:45;STAT=201212;TMPA=24;TMPP=242;TMPB=20;TMPC=22;RHUA=66;DWPA=17;PTYP=1;PNAM=MS-80SH;PIRA=551;PIRP=549;PIRM=548;PIRL=-2;PIRH=551;
SQNR=35700;DATE=24-08-14;TIME=09:55:00;STAT=201212;TMPA=24;TMPP=241;TMPB=20;TMPC=22;RHUA=66;DWPA=17;PTYP=1;PNAM=MS-80SH;PIRA=551;PIRP=550;PIRM=549;PIRL=-2;PIRH=551;
C-----;?
V-----;SWVNR=2102190;SQNDL=35702;DATE=24-08-14;TIME=09:55:07;THTYP=85;TTEMP=15;TDEWP=5;IUFAN=800;ILFAN=5;IUHEA=3000;PYDEF=21;PYAVT=30;PYAVW=1;PYOST=0;MSDLY=15;FNDLY=30;OSTRG=3;DBGFL=0;ASIRE=0;DBGRE=0;MPPFL=-1;
SQNR=35715;DATE=24-08-14;TIME=09:55:15;STAT=201212;TMPA=24;TMPP=241;TMPB=20;TMPC=22;RHUA=66;DWPA=17;PTYP=1;PNAM=MS-80SH;PIRA=551;PIRP=551;PIRM=550;PIRL=-2;PIRH=551;
SQNR=35730;DATE=24-08-14;TIME=09:55:30;STAT=201212;TMPA=24;TMPP=240;TMPB=20;TMPC=22;RHUA=68;DWPA=17;PTYP=1;PNAM=MS-80SH;PIRA=550;PIRP=551;PIRM=550;PIRL=-2;PIRH=551;
SQNR=35745;DATE=24-08-14;TIME=09:55:45;STAT=201212;TMPA=24;TMPP=240;TMPB=20;TMPC=22;RHUA=67;DWPA=17;PTYP=1;PNAM=MS-80SH;PIRA=551;PIRP=551;PIRM=550;PIRL=-2;PIRH=551;
SQNR=35760;DATE=24-08-14;TIME=09:56:00;STAT=201212;TMPA=24;TMPP=240;TMPB=20;TMPC=22;RHUA=66;DWPA=17;PTYP=1;PNAM=MS-80SH;PIRA=552;PIRP=551;PIRM=551;PIRL=-2;PIRH=552;
SQNR=35775;DATE=24-08-14;TIME=09:56:15;STAT=201212;TMPA=24;TMPP=240;TMPB=20;TMPC=22;RHUA=66;DWPA=17;PTYP=1;PNAM=MS-80SH;PIRA=552;PIRP=552;PIRM=551;PIRL=-2;PIRH=553;
SQNR=35790;DATE=24-08-14;TIME=09:56:30;STAT=201212;TMPA=24;TMPP=240;TMPB=20;TMPC=22;RHUA=66;DWPA=17;PTYP=1;PNAM=MS-80SH;PIRA=552;PIRP=552;PIRM=551;PIRL=-2;PIRH=553;
SQNR=35805;DATE=24-08-14;TIME=09:56:45;STAT=201212;TMPA=24;TMPP=240;TMPB=20;TMPC=22;RHUA=66;DWPA=17;PTYP=1;PNAM=MS-80SH;PIRA=553;PIRP=552;PIRM=552;PIRL=-2;PIRH=553;
SQNR=35820;DATE=24-08-14;TIME=09:57:00;STAT=201212;TMPA=24;TMPP=240;TMPB=20;TMPC=22;RHUA=66;DWPA=17;PTYP=1;PNAM=MS-80SH;PIRA=553;PIRP=552;PIRM=552;PIRL=-2;PIRH=553;
SQNR=35835;DATE=24-08-14;TIME=09:57:15;STAT=201212;TMPA=24;TMPP=240;TMPB=20;TMPC=22;RHUA=65;DWPA=17;PTYP=1;PNAM=MS-80SH;PIRA=554;PIRP=553;PIRM=553;PIRL=-2;PIRH=554;
SQNR=35850;DATE=24-08-14;TIME=09:57:30;STAT=201212;TMPA=24;TMPP=240;TMPB=20;TMPC=22;RHUA=66;DWPA=17;PTYP=1;PNAM=MS-80SH;PIRA=555;PIRP=554;PIRM=553;PIRL=-2;PIRH=555;
SQNR=35865;DATE=24-08-14;TIME=09:57:45;STAT=201212;TMPA=23;TMPP=239;TMPB=20;TMPC=22;RHUA=66;DWPA=17;PTYP=1;PNAM=MS-80SH;PIRA=555;PIRP=555;PIRM=554;PIRL=-2;PIRH=555;
SQNR=35880;DATE=24-08-14;TIME=09:58:00;STAT=201212;TMPA=23;TMPP=239;TMPB=20;TMPC=22;RHUA=67;DWPA=17;PTYP=1;PNAM=MS-80SH;PIRA=556;PIRP=555;PIRM=555;PIRL=-2;PIRH=556;
SQNR=35895;DATE=24-08-14;TIME=09:58:15;STAT=201212;TMPA=23;TMPP=239;TMPB=20;TMPC=22;RHUA=66;DWPA=17;PTYP=1;PNAM=MS-80SH;PIRA=557;PIRP=556;PIRM=555;PIRL=-2;PIRH=557;
SQNR=35910;DATE=24-08-14;TIME=09:58:30;STAT=201212;TMPA=23;TMPP=239;TMPB=20;TMPC=22;RHUA=67;DWPA=17;PTYP=1;PNAM=MS-80SH;PIRA=558;PIRP=557;PIRM=556;PIRL=-2;PIRH=558;
SQNR=35925;DATE=24-08-14;TIME=09:58:45;STAT=201212;TMPA=23;TMPP=239;TMPB=20;TMPC=22;RHUA=66;DWPA=17;PTYP=1;PNAM=MS-80SH;PIRA=559;PIRP=558;PIRM=557;PIRL=-2;PIRH=559;
SQNR=35940;DATE=24-08-14;TIME=09:59:00;STAT=201212;TMPA=23;TMPP=239;TMPB=20;TMPC=22;RHUA=66;DWPA=17;PTYP=1;PNAM=MS-80SH;PIRA=559;PIRP=559;PIRM=558;PIRL=-2;PIRH=560;
SQNR=35955;DATE=24-08-14;TIME=09:59:15;STAT=201212;TMPA=23;TMPP=238;TMPB=20;TMPC=22;RHUA=66;DWPA=17;PTYP=1;PNAM=MS-80SH;PIRA=560;PIRP=560;PIRM=559;PIRL=-2;PIRH=560;
SQNR=35970;DATE=24-08-14;TIME=09:59:30;STAT=201212;TMPA=23;TMPP=238;TMPB=20;TMPC=22;RHUA=66;DWPA=17;PTYP=1;PNAM=MS-80SH;PIRA=561;PIRP=560;PIRM=559;PIRL=-2;PIRH=561;
SQNR=35985;DATE=24-08-14;TIME=09:59:45;STAT=201212;TMPA=23;TMPP=238;TMPB=20;TMPC=22;RHUA=66;DWPA=17;PTYP=1;PNAM=MS-80SH;PIRA=561;PIRP=561;PIRM=560;PIRL=-2;PIRH=562;
SQNR=36000;DATE=24-08-14;TIME=10:00:00;STAT=201212;TMPA=23;TMPP=239;TMPB=20;TMPC=22;RHUA=67;DWPA=17;PTYP=1;PNAM=MS-80SH;PIRA=561;PIRP=561;PIRM=560;PIRL=-2;PIRH=562;
C-----;?
V-----;SWVNR=2102190;SQNDL=36002;DATE=24-08-14;TIME=10:00:07;THTYP=85;TTEMP=15;TDEWP=5;IUFAN=800;ILFAN=5;IUHEA=3000;PYDEF=21;PYAVT=30;PYAVW=1;PYOST=0;MSDLY=15;FNDLY=30;OSTRG=3;DBGFL=0;ASIRE=0;DBGRE=0;MPPFL=-1;
SQNR=36015;DATE=24-08-14;TIME=10:00:15;STAT=201212;TMPA=23;TMPP=239;TMPB=20;TMPC=22;RHUA=67;DWPA=17;PTYP=1;PNAM=MS-80SH;PIRA=561;PIRP=561;PIRM=561;PIRL=-2;PIRH=562;
SQNR=36030;DATE=24-08-14;TIME=10:00:30;STAT=201212;TMPA=24;TMPP=240;TMPB=21;TMPC=22;RHUA=67;DWPA=17;PTYP=1;PNAM=MS-80SH;PIRA=561;PIRP=561;PIRM=561;PIRL=-2;PIRH=562;
SQNR=36045;DATE=24-08-14;TIME=10:00:45;STAT=201212;TMPA=24;TMPP=240;TMPB=21;TMPC=22;RHUA=67;DWPA=17;PTYP=1;PNAM=MS-80SH;PIRA=562;PIRP=561;PIRM=561;PIRL=-2;PIRH=563;
C-----;P1001
P-----;DATE=24-08-14;TIME=10:00:46;PSNR=23059772;PTMP=276;PRHU=6;PSTX=-25;PSTY=12;
SQNR=36060;DATE=24-08-14;TIME=10:01:00;STAT=201212;TMPA=24;TMPP=241;TMPB=21;TMPC=22;RHUA=66;DWPA=17;PTYP=1;PNAM=MS-80SH;PIRA=563;PIRP=562;PIRM=562;PIRL=-2;PIRH=564;
SQNR=36075;DATE=24-08-14;TIME=10:01:15;STAT=201212;TMPA=24;TMPP=241;TMPB=21;TMPC=22;RHUA=66;DWPA=17;PTYP=1;PNAM=MS-80SH;PIRA=563;PIRP=563;PIRM=562;PIRL=-2;PIRH=564;
SQNR=36090;DATE=24-08-14;TIME=10:01:30;STAT=201212;TMPA=24;TMPP=241;TMPB=21;TMPC=22;RHUA=65;DWPA=17;PTYP=1;PNAM=MS-80SH;PIRA=564;PIRP=564;PIRM=563;PIRL=-2;PIRH=564;
SQNR=36105;DATE=24-08-14;TIME=10:01:45;STAT=201212;TMPA=24;TMPP=242;TMPB=21;TMPC=22;RHUA=65;DWPA=17;PTYP=1;PNAM=MS-80SH;PIRA=564;PIRP=564;PIRM=563;PIRL=-2;PIRH=564;
SQNR=36120;DATE=24-08-14;TIME=10:02:00;STAT=201212;TMPA=24;TMPP=242;TMPB=21;TMPC=22;RHUA=66;DWPA=17;PTYP=1;PNAM=MS-80SH;PIRA=564;PIRP=564;PIRM=564;PIRL=-2;PIRH=565;
SQNR=36135;DATE=24-08-14;TIME=10:02:15;STAT=201212;TMPA=24;TMPP=242;TMPB=21;TMPC=22;RHUA=66;DWPA=17;PTYP=1;PNAM=MS-80SH;PIRA=566;PIRP=564;PIRM=564;PIRL=-2;PIRH=566;
SQNR=36150;DATE=24-08-14;TIME=10:02:30;STAT=201212;TMPA=24;TMPP=242;TMPB=21;TMPC=22;RHUA=66;DWPA=17;PTYP=1;PNAM=MS-80SH;PIRA=566;PIRP=565;PIRM=565;PIRL=-2;PIRH=567;
SQNR=36165;DATE=24-08-14;TIME=10:02:45;STAT=201212;TMPA=24;TMPP=242;TMPB=21;TMPC=22;RHUA=65;DWPA=17;PTYP=1;PNAM=MS-80SH;PIRA=567;PIRP=566;PIRM=566;PIRL=-2;PIRH=567;
SQNR=36180;DATE=24-08-14;TIME=10:03:00;STAT=201212;TMPA=24;TMPP=241;TMPB=20;TMPC=22;RHUA=65;DWPA=17;PTYP=1;PNAM=MS-80SH;PIRA=569;PIRP=567;PIRM=567;PIRL=-2;PIRH=569;
SQNR=36195;DATE=24-08-14;TIME=10:03:15;STAT=201212;TMPA=24;TMPP=241;TMPB=20;TMPC=22;RHUA=66;DWPA=17;PTYP=1;PNAM=MS-80SH;PIRA=570;PIRP=568;PIRM=568;PIRL=-2;PIRH=570;
SQNR=36210;DATE=24-08-14;TIME=10:03:30;STAT=201212;TMPA=24;TMPP=240;TMPB=20;TMPC=22;RHUA=66;DWPA=17;PTYP=1;PNAM=MS-80SH;PIRA=570;PIRP=569;PIRM=569;PIRL=-2;PIRH=570;
SQNR=36225;DATE=24-08-14;TIME=10:03:45;STAT=201212;TMPA=24;TMPP=240;TMPB=20;TMPC=22;RHUA=65;DWPA=17;PTYP=1;PNAM=MS-80SH;PIRA=571;PIRP=571;PIRM=570;PIRL=-2;PIRH=572;
SQNR=36240;DATE=24-08-14;TIME=10:04:00;STAT=201212;TMPA=24;TMPP=240;TMPB=20;TMPC=22;RHUA=65;DWPA=17;PTYP=1;PNAM=MS-80SH;PIRA=572;PIRP=572;PIRM=571;PIRL=-2;PIRH=572;
SQNR=36255;DATE=24-08-14;TIME=10:04:15;STAT=201212;TMPA=24;TMPP=240;TMPB=20;TMPC=22;RHUA=67;DWPA=17;PTYP=1;PNAM=MS-80SH;PIRA=573;PIRP=572;PIRM=571;PIRL=-2;PIRH=573;
SQNR=36270;DATE=24-08-14;TIME=10:04:30;STAT=201212;TMPA=24;TMPP=240;TMPB=21;TMPC=22;RHUA=66;DWPA=17;PTYP=1;PNAM=MS-80SH;PIRA=573;PIRP=573;PIRM=572;PIRL=-2;PIRH=574;
SQNR=36285;DATE=24-08-14;TIME=10:04:45;STAT=201212;TMPA=24;TMPP=240;TMPB=21;TMPC=22;RHUA=67;DWPA=17;PTYP=1;PNAM=MS-80SH;PIRA=572;PIRP=573;PIRM=572;PIRL=-2;PIRH=574;
C-----;?
SQNR=36300;DATE=24-08-14;TIME=10:05:00;STAT=201212;TMPA=24;TMPP=241;TMPB=21;TMPC=22;RHUA=67;DWPA=17;PTYP=1;PNAM=MS-80SH;PIRA=573;PIRP=572;PIRM=572;PIRL=-2;PIRH=574;
V-----;SWVNR=2102190;SQNDL=36301;DATE=24-08-14;TIME=10:05:06;THTYP=85;TTEMP=15;TDEWP=5;IUFAN=800;ILFAN=5;IUHEA=3000;PYDEF=21;PYAVT=30;PYAVW=1;PYOST=0;MSDLY=15;FNDLY=30;OSTRG=3;DBGFL=0;ASIRE=0;DBGRE=0;MPPFL=-1;
SQNR=36315;DATE=24-08-14;TIME=10:05:15;STAT=201212;TMPA=24;TMPP=241;TMPB=21;TMPC=22;RHUA=66;DWPA=17;PTYP=1;PNAM=MS-80SH;PIRA=573;PIRP=573;PIRM=573;PIRL=-2;PIRH=574;
SQNR=36330;DATE=24-08-14;TIME=10:05:30;STAT=201212;TMPA=24;TMPP=241;TMPB=21;TMPC=22;RHUA=65;DWPA=17;PTYP=1;PNAM=MS-80SH;PIRA=575;PIRP=574;PIRM=573;PIRL=-2;PIRH=575;
SQNR=36345;DATE=24-08-14;TIME=10:05:45;STAT=201212;TMPA=24;TMPP=242;TMPB=21;TMPC=22;RHUA=65;DWPA=17;PTYP=1;PNAM=MS-80SH;PIRA=576;PIRP=575;PIRM=574;PIRL=-2;PIRH=576;
SQNR=36360;DATE=24-08-14;TIME=10:06:00;STAT=201212;TMPA=24;TMPP=241;TMPB=21;TMPC=22;RHUA=66;DWPA=17;PTYP=1;PNAM=MS-80SH;PIRA=576;PIRP=576;PIRM=575;PIRL=-2;PIRH=576;
SQNR=36375;DATE=24-08-14;TIME=10:06:15;STAT=201212;TMPA=24;TMPP=241;TMPB=21;TMPC=22;RHUA=66;DWPA=17;PTYP=1;PNAM=MS-80SH;PIRA=577;PIRP=576;PIRM=575;PIRL=-2;PIRH=577;
SQNR=36390;DATE=24-08-14;TIME=10:06:30;STAT=201212;TMPA=24;TMPP=241;TMPB=21;TMPC=22;RHUA=66;DWPA=17;PTYP=1;PNAM=MS-80SH;PIRA=577;PIRP=576;PIRM=576;PIRL=-2;PIRH=577;
SQNR=36405;DATE=24-08-14;TIME=10:06:45;STAT=201212;TMPA=24;TMPP=242;TMPB=21;TMPC=22;RHUA=66;DWPA=17;PTYP=1;PNAM=MS-80SH;PIRA=579;PIRP=578;PIRM=577;PIRL=-2;PIRH=579;
SQNR=36420;DATE=24-08-14;TIME=10:07:00;STAT=201212;TMPA=24;TMPP=242;TMPB=21;TMPC=22;RHUA=66;DWPA=17;PTYP=1;PNAM=MS-80SH;PIRA=579;PIRP=578;PIRM=578;PIRL=-2;PIRH=579;
SQNR=36435;DATE=24-08-14;TIME=10:07:15;STAT=201212;TMPA=24;TMPP=242;TMPB=21;TMPC=22;RHUA=66;DWPA=17;PTYP=1;PNAM=MS-80SH;PIRA=579;PIRP=579;PIRM=578;PIRL=-2;PIRH=579;
SQNR=36450;DATE=24-08-14;TIME=10:07:30;STAT=201212;TMPA=24;TMPP=242;TMPB=21;TMPC=22;RHUA=65;DWPA=17;PTYP=1;PNAM=MS-80SH;PIRA=579;PIRP=579;PIRM=579;PIRL=-2;PIRH=580;
SQNR=36465;DATE=24-08-14;TIME=10:07:45;STAT=201212;TMPA=24;TMPP=241;TMPB=21;TMPC=22;RHUA=65;DWPA=17;PTYP=1;PNAM=MS-80SH;PIRA=580;PIRP=580;PIRM=579;PIRL=-2;PIRH=581;
SQNR=36480;DATE=24-08-14;TIME=10:08:00;STAT=201212;TMPA=24;TMPP=241;TMPB=20;TMPC=22;RHUA=65;DWPA=17;PTYP=1;PNAM=MS-80SH;PIRA=580;PIRP=580;PIRM=580;PIRL=-2;PIRH=581;
SQNR=36495;DATE=24-08-14;TIME=10:08:15;STAT=201212;TMPA=24;TMPP=240;TMPB=20;TMPC=22;RHUA=66;DWPA=17;PTYP=1;PNAM=MS-80SH;PIRA=581;PIRP=580;PIRM=580;PIRL=-2;PIRH=581;
SQNR=36510;DATE=24-08-14;TIME=10:08:30;STAT=201212;TMPA=24;TMPP=240;TMPB=20;TMPC=22;RHUA=66;DWPA=17;PTYP=1;PNAM=MS-80SH;PIRA=582;PIRP=581;PIRM=581;PIRL=-2;PIRH=582;
SQNR=36525;DATE=24-08-14;TIME=10:08:45;STAT=201212;TMPA=24;TMPP=240;TMPB=21;TMPC=22;RHUA=67;DWPA=17;PTYP=1;PNAM=MS-80SH;PIRA=582;PIRP=582;PIRM=581;PIRL=-2;PIRH=582;
SQNR=36540;DATE=24-08-14;TIME=10:09:00;STAT=201212;TMPA=24;TMPP=240;TMPB=21;TMPC=22;RHUA=67;DWPA=17;PTYP=1;PNAM=MS-80SH;PIRA=583;PIRP=582;PIRM=582;PIRL=-2;PIRH=583;
SQNR=36555;DATE=24-08-14;TIME=10:09:15;STAT=201212;TMPA=24;TMPP=241;TMPB=21;TMPC=22;RHUA=67;DWPA=17;PTYP=1;PNAM=MS-80SH;PIRA=582;PIRP=583;PIRM=582;PIRL=-2;PIRH=583;
SQNR=36570;DATE=24-08-14;TIME=10:09:30;STAT=201212;TMPA=24;TMPP=242;TMPB=21;TMPC=22;RHUA=67;DWPA=17;PTYP=1;PNAM=MS-80SH;PIRA=582;PIRP=582;PIRM=582;PIRL=-2;PIRH=583;
SQNR=36585;DATE=24-08-14;TIME=10:09:45;STAT=201212;TMPA=24;TMPP=244;TMPB=21;TMPC=23;RHUA=67;DWPA=18;PTYP=1;PNAM=MS-80SH;PIRA=583;PIRP=582;PIRM=582;PIRL=-2;PIRH=584;
SQNR=36600;DATE=24-08-14;TIME=10:10:00;STAT=201212;TMPA=24;TMPP=245;TMPB=21;TMPC=23;RHUA=66;DWPA=17;PTYP=1;PNAM=MS-80SH;PIRA=584;PIRP=583;PIRM=583;PIRL=-2;PIRH=586;
C-----;?
V-----;SWVNR=2102190;SQNDL=36601;DATE=24-08-14;TIME=10:10:06;THTYP=85;TTEMP=15;TDEWP=5;IUFAN=800;ILFAN=5;IUHEA=3000;PYDEF=21;PYAVT=30;PYAVW=1;PYOST=0;MSDLY=15;FNDLY=30;OSTRG=3;DBGFL=0;ASIRE=0;DBGRE=0;MPPFL=-1;
SQNR=36615;DATE=24-08-14;TIME=10:10:15;STAT=201212;TMPA=24;TMPP=246;TMPB=21;TMPC=23;RHUA=67;DWPA=18;PTYP=1;PNAM=MS-80SH;PIRA=585;PIRP=584;PIRM=584;PIRL=-2;PIRH=586;
SQNR=36630;DATE=24-08-14;TIME=10:10:30;STAT=201212;TMPA=24;TMPP=246;TMPB=21;TMPC=23;RHUA=67;DWPA=18;PTYP=1;PNAM=MS-80SH;PIRA=585;PIRP=585;PIRM=584;PIRL=-2;PIRH=586;
SQNR=36645;DATE=24-08-14;TIME=10:10:45;STAT=201212;TMPA=24;TMPP=247;TMPB=21;TMPC=23;RHUA=66;DWPA=18;PTYP=1;PNAM=MS-80SH;PIRA=586;PIRP=586;PIRM=585;PIRL=-2;PIRH=587;
SQNR=36660;DATE=24-08-14;TIME=10:11:00;STAT=201212;TMPA=24;TMPP=248;TMPB=22;TMPC=23;RHUA=65;DWPA=18;PTYP=1;PNAM=MS-80SH;PIRA=586;PIRP=586;PIRM=585;PIRL=-2;PIRH=587;
SQNR=36675;DATE=24-08-14;TIME=10:11:15;STAT=201212;TMPA=25;TMPP=250;TMPB=22;TMPC=23;RHUA=64;DWPA=17;PTYP=1;PNAM=MS-80SH;PIRA=588;PIRP=587;PIRM=586;PIRL=-2;PIRH=588;
SQNR=36690;DATE=24-08-14;TIME=10:11:30;STAT=201212;TMPA=25;TMPP=250;TMPB=21;TMPC=23;RHUA=64;DWPA=17;PTYP=1;PNAM=MS-80SH;PIRA=589;PIRP=588;PIRM=587;PIRL=-2;PIRH=589;
SQNR=36705;DATE=24-08-14;TIME=10:11:45;STAT=201212;TMPA=25;TMPP=250;TMPB=21;TMPC=23;RHUA=65;DWPA=18;PTYP=1;PNAM=MS-80SH;PIRA=590;PIRP=589;PIRM=588;PIRL=-2;PIRH=590;
SQNR=36720;DATE=24-08-14;TIME=10:12:00;STAT=201212;TMPA=25;TMPP=250;TMPB=21;TMPC=23;RHUA=64;DWPA=17;PTYP=1;PNAM=MS-80SH;PIRA=590;PIRP=589;PIRM=589;PIRL=-2;PIRH=590;
SQNR=36735;DATE=24-08-14;TIME=10:12:15;STAT=201212;TMPA=24;TMPP=249;TMPB=21;TMPC=23;RHUA=65;DWPA=18;PTYP=1;PNAM=MS-80SH;PIRA=590;PIRP=590;PIRM=589;PIRL=-2;PIRH=590;
SQNR=36750;DATE=24-08-14;TIME=10:12:30;STAT=201212;TMPA=24;TMPP=249;TMPB=21;TMPC=23;RHUA=65;DWPA=18;PTYP=1;PNAM=MS-80SH;PIRA=592;PIRP=590;PIRM=590;PIRL=-2;PIRH=592;
SQNR=36765;DATE=24-08-14;TIME=10:12:45;STAT=201212;TMPA=24;TMPP=248;TMPB=21;TMPC=23;RHUA=64;DWPA=17;PTYP=1;PNAM=MS-80SH;PIRA=593;PIRP=592;PIRM=591;PIRL=-2;PIRH=593;
SQNR=36780;DATE=24-08-14;TIME=10:13:00;STAT=201212;TMPA=24;TMPP=248;TMPB=21;TMPC=23;RHUA=64;DWPA=17;PTYP=1;PNAM=MS-80SH;PIRA=594;PIRP=593;PIRM=592;PIRL=-2;PIRH=594;
SQNR=36795;DATE=24-08-14;TIME=10:13:15;STAT=201212;TMPA=24;TMPP=248;TMPB=21;TMPC=23;RHUA=64;DWPA=17;PTYP=1;PNAM=MS-80SH;PIRA=595;PIRP=594;PIRM=593;PIRL=-2;PIRH=595;
SQNR=36810;DATE=24-08-14;TIME=10:13:30;STAT=201212;TMPA=24;TMPP=247;TMPB=21;TMPC=23;RHUA=64;DWPA=17;PTYP=1;PNAM=MS-80SH;PIRA=595;PIRP=595;PIRM=594;PIRL=-2;PIRH=596;
SQNR=36825;DATE=24-08-14;TIME=10:13:45;STAT=201212;TMPA=24;TMPP=247;TMPB=21;TMPC=23;RHUA=65;DWPA=17;PTYP=1;PNAM=MS-80SH;PIRA=595;PIRP=595;PIRM=594;PIRL=-2;PIRH=596;
SQNR=36840;DATE=24-08-14;TIME=10:14:00;STAT=201212;TMPA=24;TMPP=247;TMPB=21;TMPC=23;RHUA=64;DWPA=17;PTYP=1;PNAM=MS-80SH;PIRA=596;PIRP=595;PIRM=595;PIRL=-2;PIRH=597;
SQNR=36855;DATE=24-08-14;TIME=10:14:15;STAT=201212;TMPA=24;TMPP=247;TMPB=21;TMPC=23;RHUA=65;DWPA=17;PTYP=1;PNAM=MS-80SH;PIRA=596;PIRP=596;PIRM=595;PIRL=-2;PIRH=597;
SQNR=36870;DATE=24-08-14;TIME=10:14:30;STAT=201212;TMPA=24;TMPP=247;TMPB=21;TMPC=23;RHUA=64;DWPA=17;PTYP=1;PNAM=MS-80SH;PIRA=595;PIRP=596;PIRM=595;PIRL=-2;PIRH=597;
SQNR=36885;DATE=24-08-14;TIME=10:14:45;STAT=201212;TMPA=24;TMPP=248;TMPB=21;TMPC=23;RHUA=64;DWPA=17;PTYP=1;PNAM=MS-80SH;PIRA=595;PIRP=595;PIRM=595;PIRL=-2;PIRH=597;
C-----;?
SQNR=36900;DATE=24-08-14;TIME=10:15:00;STAT=201212;TMPA=24;TMPP=248;TMPB=21;TMPC=23;RHUA=64;DWPA=17;PTYP=1;PNAM=MS-80SH;PIRA=596;PIRP=595;PIRM=595;PIRL=-2;PIRH=597;
V-----;SWVNR=2102190;SQNDL=36901;DATE=24-08-14;TIME=10:15:06;THTYP=85;TTEMP=15;TDEWP=5;IUFAN=800;ILFAN=5;IUHEA=3000;PYDEF=21;PYAVT=30;PYAVW=1;PYOST=0;MSDLY=15;FNDLY=30;OSTRG=3;DBGFL=0;ASIRE=0;DBGRE=0;MPPFL=-1;
SQNR=36915;DATE=24-08-14;TIME=10:15:15;STAT=201212;TMPA=24;TMPP=249;TMPB=21;TMPC=23;RHUA=64;DWPA=17;PTYP=1;PNAM=MS-80SH;PIRA=596;PIRP=596;PIRM=596;PIRL=-2;PIRH=597;
SQNR=36930;DATE=24-08-14;TIME=10:15:30;STAT=201212;TMPA=24;TMPP=248;TMPB=21;TMPC=23;RHUA=64;DWPA=17;PTYP=1;PNAM=MS-80SH;PIRA=598;PIRP=596;PIRM=596;PIRL=-2;PIRH=598;
SQNR=36945;DATE=24-08-14;TIME=10:15:45;STAT=201212;TMPA=24;TMPP=248;TMPB=21;TMPC=23;RHUA=65;DWPA=17;PTYP=1;PNAM=MS-80SH;PIRA=599;PIRP=598;PIRM=597;PIRL=-2;PIRH=599;
SQNR=36960;DATE=24-08-14;TIME=10:16:00;STAT=201212;TMPA=24;TMPP=247;TMPB=21;TMPC=23;RHUA=64;DWPA=17;PTYP=1;PNAM=MS-80SH;PIRA=600;PIRP=599;PIRM=598;PIRL=-2;PIRH=601;
SQNR=36975;DATE=24-08-14;TIME=10:16:15;STAT=201212;TMPA=24;TMPP=247;TMPB=21;TMPC=23;RHUA=65;DWPA=17;PTYP=1;PNAM=MS-80SH;PIRA=600;PIRP=600;PIRM=599;PIRL=-2;PIRH=601;
SQNR=36990;DATE=24-08-14;TIME=10:16:30;STAT=201212;TMPA=24;TMPP=247;TMPB=21;TMPC=23;RHUA=65;DWPA=17;PTYP=1;PNAM=MS-80SH;PIRA=601;PIRP=601;PIRM=600;PIRL=-2;PIRH=602;
SQNR=37005;DATE=24-08-14;TIME=10:16:45;STAT=201212;TMPA=24;TMPP=246;TMPB=21;TMPC=23;RHUA=65;DWPA=17;PTYP=1;PNAM=MS-80SH;PIRA=601;PIRP=601;PIRM=600;PIRL=-2;PIRH=602;
SQNR=37020;DATE=24-08-14;TIME=10:17:00;STAT=201212;TMPA=24;TMPP=246;TMPB=21;TMPC=23;RHUA=64;DWPA=17;PTYP=1;PNAM=MS-80SH;PIRA=601;PIRP=601;PIRM=601;PIRL=-2;PIRH=602;
SQNR=37035;DATE=24-08-14;TIME=10:17:15;STAT=201212;TMPA=24;TMPP=246;TMPB=21;TMPC=23;RHUA=65;DWPA=17;PTYP=1;PNAM=MS-80SH;PIRA=601;PIRP=601;PIRM=601;PIRL=-2;PIRH=602;
SQNR=37050;DATE=24-08-14;TIME=10:17:30;STAT=201212;TMPA=24;TMPP=245;TMPB=21;TMPC=23;RHUA=64;DWPA=17;PTYP=1;PNAM=MS-80SH;PIRA=601;PIRP=601;PIRM=601;PIRL=-2;PIRH=602;
SQNR=37065;DATE=24-08-14;TIME=10:17:45;STAT=201212;TMPA=24;TMPP=245;TMPB=21;TMPC=23;RHUA=65;DWPA=17;PTYP=1;PNAM=MS-80SH;PIRA=601;PIRP=601;PIRM=601;PIRL=-2;PIRH=602;
SQNR=37080;DATE=24-08-14;TIME=10:18:00;STAT=201212;TMPA=24;TMPP=245;TMPB=21;TMPC=23;RHUA=65;DWPA=17;PTYP=1;PNAM=MS-80SH;PIRA=602;PIRP=601;PIRM=601;PIRL=-2;PIRH=602;
SQNR=37095;DATE=24-08-14;TIME=10:18:15;STAT=201212;TMPA=24;TMPP=245;TMPB=21;TMPC=23;RHUA=66;DWPA=17;PTYP=1;PNAM=MS-80SH;PIRA=601;PIRP=602;PIRM=602;PIRL=-2;PIRH=603;
SQNR=37110;DATE=24-08-14;TIME=10:18:30;STAT=201212;TMPA=24;TMPP=246;TMPB=21;TMPC=23;RHUA=65;DWPA=17;PTYP=1;PNAM=MS-80SH;PIRA=602;PIRP=602;PIRM=602;PIRL=-2;PIRH=603;
SQNR=37125;DATE=24-08-14;TIME=10:18:45;STAT=201212;TMPA=24;TMPP=247;TMPB=21;TMPC=23;RHUA=65;DWPA=17;PTYP=1;PNAM=MS-80SH;PIRA=601;PIRP=601;PIRM=602;PIRL=-2;PIRH=603;
SQNR=37140;DATE=24-08-14;TIME=10:19:00;STAT=201212;TMPA=24;TMPP=248;TMPB=21;TMPC=23;RHUA=64;DWPA=17;PTYP=1;PNAM=MS-80SH;PIRA=602;PIRP=601;PIRM=601;PIRL=-2;PIRH=603;
SQNR=37155;DATE=24-08-14;TIME=10:19:15;STAT=201212;TMPA=24;TMPP=248;TMPB=21;TMPC=23;RHUA=64;DWPA=17;PTYP=1;PNAM=MS-80SH;PIRA=604;PIRP=602;PIRM=602;PIRL=-2;PIRH=604;
SQNR=37170;DATE=24-08-14;TIME=10:19:30;STAT=201212;TMPA=24;TMPP=247;TMPB=21;TMPC=23;RHUA=65;DWPA=17;PTYP=1;PNAM=MS-80SH;PIRA=605;PIRP=604;PIRM=603;PIRL=-2;PIRH=605;
SQNR=37185;DATE=24-08-14;TIME=10:19:45;STAT=201212;TMPA=24;TMPP=247;TMPB=21;TMPC=23;RHUA=65;DWPA=17;PTYP=1;PNAM=MS-80SH;PIRA=605;PIRP=605;PIRM=604;PIRL=-2;PIRH=607;
SQNR=37200;DATE=24-08-14;TIME=10:20:00;STAT=201212;TMPA=24;TMPP=247;TMPB=21;TMPC=23;RHUA=65;DWPA=17;PTYP=1;PNAM=MS-80SH;PIRA=606;PIRP=606;PIRM=605;PIRL=-2;PIRH=607;
C-----;?
V-----;SWVNR=2102190;SQNDL=37202;DATE=24-08-14;TIME=10:20:07;THTYP=85;TTEMP=15;TDEWP=5;IUFAN=800;ILFAN=5;IUHEA=3000;PYDEF=21;PYAVT=30;PYAVW=1;PYOST=0;MSDLY=15;FNDLY=30;OSTRG=3;DBGFL=0;ASIRE=0;DBGRE=0;MPPFL=-1;
SQNR=37215;DATE=24-08-14;TIME=10:20:15;STAT=201212;TMPA=24;TMPP=247;TMPB=21;TMPC=23;RHUA=65;DWPA=17;PTYP=1;PNAM=MS-80SH;PIRA=605;PIRP=606;PIRM=605;PIRL=-2;PIRH=607;
SQNR=37230;DATE=24-08-14;TIME=10:20:30;STAT=201212;TMPA=24;TMPP=247;TMPB=21;TMPC=23;RHUA=66;DWPA=18;PTYP=1;PNAM=MS-80SH;PIRA=603;PIRP=605;PIRM=605;PIRL=-2;PIRH=607;
SQNR=37245;DATE=24-08-14;TIME=10:20:45;STAT=201212;TMPA=24;TMPP=247;TMPB=21;TMPC=23;RHUA=65;DWPA=17;PTYP=1;PNAM=MS-80SH;PIRA=604;PIRP=604;PIRM=604;PIRL=-2;PIRH=607;
SQNR=37260;DATE=24-08-14;TIME=10:21:00;STAT=201212;TMPA=24;TMPP=246;TMPB=21;TMPC=23;RHUA=65;DWPA=17;PTYP=1;PNAM=MS-80SH;PIRA=605;PIRP=604;PIRM=604;PIRL=-2;PIRH=607;
SQNR=37275;DATE=24-08-14;TIME=10:21:15;STAT=201212;TMPA=24;TMPP=246;TMPB=21;TMPC=23;RHUA=65;DWPA=17;PTYP=1;PNAM=MS-80SH;PIRA=606;PIRP=605;PIRM=605;PIRL=-2;PIRH=607;
SQNR=37290;DATE=24-08-14;TIME=10:21:30;STAT=201212;TMPA=24;TMPP=246;TMPB=21;TMPC=23;RHUA=65;DWPA=17;PTYP=1;PNAM=MS-80SH;PIRA=606;PIRP=606;PIRM=605;PIRL=-2;PIRH=607;
SQNR=37305;DATE=24-08-14;TIME=10:21:45;STAT=201212;TMPA=24;TMPP=245;TMPB=21;TMPC=23;RHUA=65;DWPA=17;PTYP=1;PNAM=MS-80SH;PIRA=605;PIRP=606;PIRM=605;PIRL=-2;PIRH=607;
SQNR=37320;DATE=24-08-14;TIME=10:22:00;STAT=201212;TMPA=24;TMPP=245;TMPB=21;TMPC=23;RHUA=64;DWPA=17;PTYP=1;PNAM=MS-80SH;PIRA=605;PIRP=605;PIRM=605;PIRL=-2;PIRH=607;
SQNR=37335;DATE=24-08-14;TIME=10:22:15;STAT=201212;TMPA=24;TMPP=245;TMPB=21;TMPC=23;RHUA=65;DWPA=17;PTYP=1;PNAM=MS-80SH;PIRA=602;PIRP=603;PIRM=604;PIRL=-2;PIRH=607;
SQNR=37350;DATE=24-08-14;TIME=10:22:30;STAT=201212;TMPA=24;TMPP=245;TMPB=21;TMPC=23;RHUA=65;DWPA=17;PTYP=1;PNAM=MS-80SH;PIRA=601;PIRP=602;PIRM=603;PIRL=-2;PIRH=607;
SQNR=37365;DATE=24-08-14;TIME=10:22:45;STAT=201212;TMPA=24;TMPP=245;TMPB=21;TMPC=23;RHUA=66;DWPA=17;PTYP=1;PNAM=MS-80SH;PIRA=601;PIRP=601;PIRM=602;PIRL=-2;PIRH=607;
SQNR=37380;DATE=24-08-14;TIME=10:23:00;STAT=201212;TMPA=24;TMPP=246;TMPB=21;TMPC=23;RHUA=65;DWPA=17;PTYP=1;PNAM=MS-80SH;PIRA=602;PIRP=601;PIRM=602;PIRL=-2;PIRH=607;
SQNR=37395;DATE=24-08-14;TIME=10:23:15;STAT=201212;TMPA=24;TMPP=246;TMPB=21;TMPC=23;RHUA=65;DWPA=17;PTYP=1;PNAM=MS-80SH;PIRA=601;PIRP=602;PIRM=602;PIRL=-2;PIRH=607;
SQNR=37410;DATE=24-08-14;TIME=10:23:30;STAT=201212;TMPA=24;TMPP=247;TMPB=21;TMPC=23;RHUA=66;DWPA=18;PTYP=1;PNAM=MS-80SH;PIRA=602;PIRP=601;PIRM=602;PIRL=-2;PIRH=607;
SQNR=37425;DATE=24-08-14;TIME=10:23:45;STAT=201212;TMPA=24;TMPP=247;TMPB=21;TMPC=23;RHUA=65;DWPA=17;PTYP=1;PNAM=MS-80SH;PIRA=602;PIRP=601;PIRM=602;PIRL=-2;PIRH=607;
SQNR=37440;DATE=24-08-14;TIME=10:24:00;STAT=201212;TMPA=24;TMPP=249;TMPB=22;TMPC=23;RHUA=65;DWPA=18;PTYP=1;PNAM=MS-80SH;PIRA=602;PIRP=602;PIRM=602;PIRL=-2;PIRH=607;
SQNR=37455;DATE=24-08-14;TIME=10:24:15;STAT=201212;TMPA=24;TMPP=249;TMPB=22;TMPC=23;RHUA=64;DWPA=17;PTYP=1;PNAM=MS-80SH;PIRA=602;PIRP=602;PIRM=602;PIRL=-2;PIRH=607;
SQNR=37470;DATE=24-08-14;TIME=10:24:30;STAT=201212;TMPA=25;TMPP=250;TMPB=22;TMPC=23;RHUA=65;DWPA=18;PTYP=1;PNAM=MS-80SH;PIRA=603;PIRP=603;PIRM=603;PIRL=-2;PIRH=607;
SQNR=37485;DATE=24-08-14;TIME=10:24:45;STAT=201212;TMPA=25;TMPP=250;TMPB=22;TMPC=23;RHUA=64;DWPA=17;PTYP=1;PNAM=MS-80SH;PIRA=604;PIRP=603;PIRM=603;PIRL=-2;PIRH=607;
SQNR=37500;DATE=24-08-14;TIME=10:25:00;STAT=201212;TMPA=25;TMPP=250;TMPB=22;TMPC=23;RHUA=63;DWPA=17;PTYP=1;PNAM=MS-80SH;PIRA=605;PIRP=604;PIRM=604;PIRL=-2;PIRH=607;
C-----;?
V-----;SWVNR=2102190;SQNDL=37501;DATE=24-08-14;TIME=10:25:06;THTYP=85;TTEMP=15;TDEWP=5;IUFAN=800;ILFAN=5;IUHEA=3000;PYDEF=21;PYAVT=30;PYAVW=1;PYOST=0;MSDLY=15;FNDLY=30;OSTRG=3;DBGFL=0;ASIRE=0;DBGRE=0;MPPFL=-1;
SQNR=37515;DATE=24-08-14;TIME=10:25:15;STAT=201212;TMPA=25;TMPP=251;TMPB=22;TMPC=23;RHUA=64;DWPA=17;PTYP=1;PNAM=MS-80SH;PIRA=606;PIRP=605;PIRM=605;PIRL=-2;PIRH=607;
SQNR=37530;DATE=24-08-14;TIME=10:25:30;STAT=201212;TMPA=25;TMPP=251;TMPB=22;TMPC=23;RHUA=64;DWPA=17;PTYP=1;PNAM=MS-80SH;PIRA=605;PIRP=606;PIRM=605;PIRL=-2;PIRH=607;
SQNR=37545;DATE=24-08-14;TIME=10:25:45;STAT=201212;TMPA=25;TMPP=252;TMPB=22;TMPC=23;RHUA=63;DWPA=17;PTYP=1;PNAM=MS-80SH;PIRA=607;PIRP=606;PIRM=606;PIRL=-2;PIRH=608;
SQNR=37560;DATE=24-08-14;TIME=10:26:00;STAT=201212;TMPA=25;TMPP=253;TMPB=22;TMPC=23;RHUA=64;DWPA=18;PTYP=1;PNAM=MS-80SH;PIRA=606;PIRP=606;PIRM=606;PIRL=-2;PIRH=608;
SQNR=37575;DATE=24-08-14;TIME=10:26:15;STAT=201212;TMPA=25;TMPP=253;TMPB=22;TMPC=23;RHUA=63;DWPA=17;PTYP=1;PNAM=MS-80SH;PIRA=606;PIRP=606;PIRM=606;PIRL=-2;PIRH=608;
SQNR=37590;DATE=24-08-14;TIME=10:26:30;STAT=201212;TMPA=25;TMPP=254;TMPB=22;TMPC=23;RHUA=63;DWPA=17;PTYP=1;PNAM=MS-80SH;PIRA=608;PIRP=607;PIRM=607;PIRL=-2;PIRH=608;
SQNR=37605;DATE=24-08-14;TIME=10:26:45;STAT=201212;TMPA=25;TMPP=254;TMPB=22;TMPC=23;RHUA=63;DWPA=18;PTYP=1;PNAM=MS-80SH;PIRA=610;PIRP=608;PIRM=608;PIRL=-2;PIRH=610;
SQNR=37620;DATE=24-08-14;TIME=10:27:00;STAT=201212;TMPA=25;TMPP=253;TMPB=22;TMPC=23;RHUA=63;DWPA=17;PTYP=1;PNAM=MS-80SH;PIRA=613;PIRP=610;PIRM=609;PIRL=-2;PIRH=613;
SQNR=37635;DATE=24-08-14;TIME=10:27:15;STAT=201212;TMPA=25;TMPP=251;TMPB=21;TMPC=23;RHUA=63;DWPA=17;PTYP=1;PNAM=MS-80SH;PIRA=614;PIRP=613;PIRM=611;PIRL=-2;PIRH=614;
SQNR=37650;DATE=24-08-14;TIME=10:27:30;STAT=201212;TMPA=25;TMPP=250;TMPB=21;TMPC=23;RHUA=63;DWPA=17;PTYP=1;PNAM=MS-80SH;PIRA=616;PIRP=614;PIRM=613;PIRL=-2;PIRH=616;
SQNR=37665;DATE=24-08-14;TIME=10:27:45;STAT=201212;TMPA=24;TMPP=249;TMPB=21;TMPC=23;RHUA=64;DWPA=17;PTYP=1;PNAM=MS-80SH;PIRA=617;PIRP=616;PIRM=614;PIRL=-2;PIRH=617;
SQNR=37680;DATE=24-08-14;TIME=10:28:00;STAT=201212;TMPA=24;TMPP=248;TMPB=21;TMPC=23;RHUA=66;DWPA=18;PTYP=1;PNAM=MS-80SH;PIRA=617;PIRP=617;PIRM=615;PIRL=-2;PIRH=617;
SQNR=37695;DATE=24-08-14;TIME=10:28:15;STAT=201212;TMPA=24;TMPP=248;TMPB=21;TMPC=23;RHUA=66;DWPA=18;PTYP=1;PNAM=MS-80SH;PIRA=618;PIRP=617;PIRM=616;PIRL=-2;PIRH=618;
SQNR=37710;DATE=24-08-14;TIME=10:28:30;STAT=201212;TMPA=24;TMPP=248;TMPB=21;TMPC=23;RHUA=65;DWPA=18;PTYP=1;PNAM=MS-80SH;PIRA=618;PIRP=618;PIRM=617;PIRL=-2;PIRH=619;
SQNR=37725;DATE=24-08-14;TIME=10:28:45;STAT=201212;TMPA=24;TMPP=248;TMPB=21;TMPC=23;RHUA=64;DWPA=17;PTYP=1;PNAM=MS-80SH;PIRA=617;PIRP=618;PIRM=617;PIRL=-2;PIRH=619;
SQNR=37740;DATE=24-08-14;TIME=10:29:00;STAT=201212;TMPA=24;TMPP=248;TMPB=21;TMPC=23;RHUA=66;DWPA=18;PTYP=1;PNAM=MS-80SH;PIRA=616;PIRP=617;PIRM=617;PIRL=-2;PIRH=619;
SQNR=37755;DATE=24-08-14;TIME=10:29:15;STAT=201212;TMPA=24;TMPP=248;TMPB=21;TMPC=23;RHUA=66;DWPA=18;PTYP=1;PNAM=MS-80SH;PIRA=616;PIRP=616;PIRM=617;PIRL=-2;PIRH=619;
SQNR=37770;DATE=24-08-14;TIME=10:29:30;STAT=201212;TMPA=24;TMPP=249;TMPB=22;TMPC=23;RHUA=65;DWPA=17;PTYP=1;PNAM=MS-80SH;PIRA=618;PIRP=616;PIRM=617;PIRL=-2;PIRH=619;
SQNR=37785;DATE=24-08-14;TIME=10:29:45;STAT=201212;TMPA=24;TMPP=249;TMPB=22;TMPC=23;RHUA=65;DWPA=17;PTYP=1;PNAM=MS-80SH;PIRA=619;PIRP=618;PIRM=617;PIRL=-2;PIRH=620;
SQNR=37800;DATE=24-08-14;TIME=10:30:00;STAT=201212;TMPA=24;TMPP=249;TMPB=22;TMPC=23;RHUA=65;DWPA=18;PTYP=1;PNAM=MS-80SH;PIRA=621;PIRP=619;PIRM=619;PIRL=-2;PIRH=621;
C-----;?
V-----;SWVNR=2102190;SQNDL=37802;DATE=24-08-14;TIME=10:30:07;THTYP=85;TTEMP=15;TDEWP=5;IUFAN=800;ILFAN=5;IUHEA=3000;PYDEF=21;PYAVT=30;PYAVW=1;PYOST=0;MSDLY=15;FNDLY=30;OSTRG=3;DBGFL=0;ASIRE=0;DBGRE=0;MPPFL=-1;
SQNR=37815;DATE=24-08-14;TIME=10:30:15;STAT=201212;TMPA=24;TMPP=249;TMPB=21;TMPC=23;RHUA=64;DWPA=17;PTYP=1;PNAM=MS-80SH;PIRA=624;PIRP=621;PIRM=620;PIRL=-2;PIRH=624;
SQNR=37830;DATE=24-08-14;TIME=10:30:30;STAT=201212;TMPA=24;TMPP=249;TMPB=21;TMPC=23;RHUA=64;DWPA=17;PTYP=1;PNAM=MS-80SH;PIRA=625;PIRP=624;PIRM=622;PIRL=-2;PIRH=625;
SQNR=37845;DATE=24-08-14;TIME=10:30:45;STAT=201212;TMPA=24;TMPP=249;TMPB=21;TMPC=23;RHUA=65;DWPA=18;PTYP=1;PNAM=MS-80SH;PIRA=626;PIRP=625;PIRM=623;PIRL=-2;PIRH=626;
SQNR=37860;DATE=24-08-14;TIME=10:31:00;STAT=201212;TMPA=24;TMPP=249;TMPB=21;TMPC=23;RHUA=64;DWPA=17;PTYP=1;PNAM=MS-80SH;PIRA=627;PIRP=626;PIRM=625;PIRL=-2;PIRH=627;
SQNR=37875;DATE=24-08-14;TIME=10:31:15;STAT=201212;TMPA=24;TMPP=249;TMPB=21;TMPC=23;RHUA=63;DWPA=17;PTYP=1;PNAM=MS-80SH;PIRA=629;PIRP=627;PIRM=626;PIRL=-2;PIRH=629;
SQNR=37890;DATE=24-08-14;TIME=10:31:30;STAT=201212;TMPA=24;TMPP=248;TMPB=21;TMPC=23;RHUA=65;DWPA=17;PTYP=1;PNAM=MS-80SH;PIRA=629;PIRP=629;PIRM=627;PIRL=-2;PIRH=629;
SQNR=37905;DATE=24-08-14;TIME=10:31:45;STAT=201212;TMPA=24;TMPP=247;TMPB=21;TMPC=23;RHUA=64;DWPA=17;PTYP=1;PNAM=MS-80SH;PIRA=629;PIRP=629;PIRM=628;PIRL=-2;PIRH=629;
SQNR=37920;DATE=24-08-14;TIME=10:32:00;STAT=201212;TMPA=24;TMPP=247;TMPB=21;TMPC=23;RHUA=65;DWPA=17;PTYP=1;PNAM=MS-80SH;PIRA=630;PIRP=629;PIRM=628;PIRL=-2;PIRH=630;
SQNR=37935;DATE=24-08-14;TIME=10:32:15;STAT=201212;TMPA=24;TMPP=247;TMPB=21;TMPC=23;RHUA=65;DWPA=17;PTYP=1;PNAM=MS-80SH;PIRA=630;PIRP=629;PIRM=629;PIRL=-2;PIRH=630;
SQNR=37950;DATE=24-08-14;TIME=10:32:30;STAT=201212;TMPA=24;TMPP=247;TMPB=21;TMPC=23;RHUA=66;DWPA=18;PTYP=1;PNAM=MS-80SH;PIRA=630;PIRP=630;PIRM=629;PIRL=-2;PIRH=630;
SQNR=37965;DATE=24-08-14;TIME=10:32:45;STAT=201212;TMPA=24;TMPP=247;TMPB=21;TMPC=23;RHUA=65;DWPA=17;PTYP=1;PNAM=MS-80SH;PIRA=631;PIRP=630;PIRM=630;PIRL=-2;PIRH=631;
SQNR=37980;DATE=24-08-14;TIME=10:33:00;STAT=201212;TMPA=24;TMPP=247;TMPB=21;TMPC=23;RHUA=66;DWPA=18;PTYP=1;PNAM=MS-80SH;PIRA=632;PIRP=631;PIRM=630;PIRL=-2;PIRH=632;
SQNR=37995;DATE=24-08-14;TIME=10:33:15;STAT=201212;TMPA=24;TMPP=247;TMPB=21;TMPC=23;RHUA=67;DWPA=18;PTYP=1;PNAM=MS-80SH;PIRA=632;PIRP=632;PIRM=631;PIRL=-2;PIRH=632;
SQNR=38010;DATE=24-08-14;TIME=10:33:30;STAT=201212;TMPA=24;TMPP=248;TMPB=21;TMPC=23;RHUA=66;DWPA=18;PTYP=1;PNAM=MS-80SH;PIRA=633;PIRP=632;PIRM=631;PIRL=-2;PIRH=633;
SQNR=38025;DATE=24-08-14;TIME=10:33:45;STAT=201212;TMPA=24;TMPP=248;TMPB=21;TMPC=23;RHUA=64;DWPA=17;PTYP=1;PNAM=MS-80SH;PIRA=633;PIRP=633;PIRM=632;PIRL=-2;PIRH=634;
SQNR=38040;DATE=24-08-14;TIME=10:34:00;STAT=201212;TMPA=24;TMPP=248;TMPB=21;TMPC=23;RHUA=65;DWPA=18;PTYP=1;PNAM=MS-80SH;PIRA=634;PIRP=633;PIRM=633;PIRL=-2;PIRH=634;
SQNR=38055;DATE=24-08-14;TIME=10:34:15;STAT=201212;TMPA=24;TMPP=248;TMPB=21;TMPC=23;RHUA=65;DWPA=18;PTYP=1;PNAM=MS-80SH;PIRA=634;PIRP=634;PIRM=633;PIRL=-2;PIRH=634;
SQNR=38070;DATE=24-08-14;TIME=10:34:30;STAT=201212;TMPA=24;TMPP=249;TMPB=22;TMPC=23;RHUA=67;DWPA=18;PTYP=1;PNAM=MS-80SH;PIRA=635;PIRP=634;PIRM=633;PIRL=-2;PIRH=635;
SQNR=38085;DATE=24-08-14;TIME=10:34:45;STAT=201212;TMPA=24;TMPP=249;TMPB=21;TMPC=23;RHUA=66;DWPA=18;PTYP=1;PNAM=MS-80SH;PIRA=636;PIRP=635;PIRM=634;PIRL=-2;PIRH=636;
SQNR=38100;DATE=24-08-14;TIME=10:35:00;STAT=201212;TMPA=24;TMPP=249;TMPB=21;TMPC=23;RHUA=64;DWPA=17;PTYP=1;PNAM=MS-80SH;PIRA=636;PIRP=636;PIRM=635;PIRL=-2;PIRH=637;
C-----;?
V-----;SWVNR=2102190;SQNDL=38101;DATE=24-08-14;TIME=10:35:06;THTYP=85;TTEMP=15;TDEWP=5;IUFAN=800;ILFAN=5;IUHEA=3000;PYDEF=21;PYAVT=30;PYAVW=1;PYOST=0;MSDLY=15;FNDLY=30;OSTRG=3;DBGFL=0;ASIRE=0;DBGRE=0;MPPFL=-1;
SQNR=38115;DATE=24-08-14;TIME=10:35:15;STAT=201212;TMPA=24;TMPP=249;TMPB=21;TMPC=23;RHUA=63;DWPA=17;PTYP=1;PNAM=MS-80SH;PIRA=638;PIRP=637;PIRM=636;PIRL=-2;PIRH=638;
SQNR=38130;DATE=24-08-14;TIME=10:35:30;STAT=201212;TMPA=24;TMPP=248;TMPB=21;TMPC=23;RHUA=63;DWPA=17;PTYP=1;PNAM=MS-80SH;PIRA=639;PIRP=638;PIRM=637;PIRL=-2;PIRH=639;
SQNR=38145;DATE=24-08-14;TIME=10:35:45;STAT=201212;TMPA=24;TMPP=247;TMPB=21;TMPC=23;RHUA=64;DWPA=17;PTYP=1;PNAM=MS-80SH;PIRA=640;PIRP=639;PIRM=638;PIRL=-2;PIRH=641;
SQNR=38160;DATE=24-08-14;TIME=10:36:00;STAT=201212;TMPA=24;TMPP=247;TMPB=21;TMPC=23;RHUA=64;DWPA=17;PTYP=1;PNAM=MS-80SH;PIRA=640;PIRP=640;PIRM=639;PIRL=-2;PIRH=641;
SQNR=38175;DATE=24-08-14;TIME=10:36:15;STAT=201212;TMPA=24;TMPP=247;TMPB=21;TMPC=23;RHUA=67;DWPA=18;PTYP=1;PNAM=MS-80SH;PIRA=640;PIRP=640;PIRM=640;PIRL=-2;PIRH=641;
SQNR=38190;DATE=24-08-14;TIME=10:36:30;STAT=201212;TMPA=24;TMPP=247;TMPB=21;TMPC=23;RHUA=66;DWPA=17;PTYP=1;PNAM=MS-80SH;PIRA=641;PIRP=641;PIRM=640;PIRL=-2;PIRH=641;
SQNR=38205;DATE=24-08-14;TIME=10:36:45;STAT=201212;TMPA=24;TMPP=247;TMPB=21;TMPC=23;RHUA=66;DWPA=17;PTYP=1;PNAM=MS-80SH;PIRA=641;PIRP=641;PIRM=641;PIRL=-2;PIRH=642;
SQNR=38220;DATE=24-08-14;TIME=10:37:00;STAT=201212;TMPA=24;TMPP=247;TMPB=21;TMPC=23;RHUA=66;DWPA=18;PTYP=1;PNAM=MS-80SH;PIRA=642;PIRP=642;PIRM=641;PIRL=-2;PIRH=642;
SQNR=38235;DATE=24-08-14;TIME=10:37:15;STAT=201212;TMPA=24;TMPP=247;TMPB=21;TMPC=23;RHUA=64;DWPA=17;PTYP=1;PNAM=MS-80SH;PIRA=643;PIRP=642;PIRM=642;PIRL=-2;PIRH=643;
SQNR=38250;DATE=24-08-14;TIME=10:37:30;STAT=201212;TMPA=24;TMPP=248;TMPB=21;TMPC=23;RHUA=64;DWPA=17;PTYP=1;PNAM=MS-80SH;PIRA=644;PIRP=643;PIRM=642;PIRL=-2;PIRH=644;
SQNR=38265;DATE=24-08-14;TIME=10:37:45;STAT=201212;TMPA=24;TMPP=247;TMPB=21;TMPC=23;RHUA=64;DWPA=17;PTYP=1;PNAM=MS-80SH;PIRA=644;PIRP=644;PIRM=643;PIRL=-2;PIRH=644;
SQNR=38280;DATE=24-08-14;TIME=10:38:00;STAT=201212;TMPA=24;TMPP=247;TMPB=21;TMPC=23;RHUA=65;DWPA=17;PTYP=1;PNAM=MS-80SH;PIRA=644;PIRP=644;PIRM=643;PIRL=-2;PIRH=644;
SQNR=38295;DATE=24-08-14;TIME=10:38:15;STAT=201212;TMPA=24;TMPP=247;TMPB=21;TMPC=23;RHUA=64;DWPA=17;PTYP=1;PNAM=MS-80SH;PIRA=645;PIRP=644;PIRM=644;PIRL=-2;PIRH=645;
SQNR=38310;DATE=24-08-14;TIME=10:38:30;STAT=201212;TMPA=24;TMPP=247;TMPB=21;TMPC=23;RHUA=66;DWPA=18;PTYP=1;PNAM=MS-80SH;PIRA=645;PIRP=645;PIRM=644;PIRL=-2;PIRH=646;
SQNR=38325;DATE=24-08-14;TIME=10:38:45;STAT=201212;TMPA=24;TMPP=247;TMPB=21;TMPC=23;RHUA=65;DWPA=17;PTYP=1;PNAM=MS-80SH;PIRA=645;PIRP=645;PIRM=644;PIRL=-2;PIRH=646;
SQNR=38340;DATE=24-08-14;TIME=10:39:00;STAT=201212;TMPA=24;TMPP=247;TMPB=21;TMPC=23;RHUA=64;DWPA=17;PTYP=1;PNAM=MS-80SH;PIRA=645;PIRP=645;PIRM=645;PIRL=-2;PIRH=646;
SQNR=38355;DATE=24-08-14;TIME=10:39:15;STAT=201212;TMPA=24;TMPP=248;TMPB=21;TMPC=23;RHUA=65;DWPA=17;PTYP=1;PNAM=MS-80SH;PIRA=644;PIRP=644;PIRM=644;PIRL=-2;PIRH=646;
SQNR=38370;DATE=24-08-14;TIME=10:39:30;STAT=201212;TMPA=24;TMPP=248;TMPB=21;TMPC=23;RHUA=65;DWPA=17;PTYP=1;PNAM=MS-80SH;PIRA=646;PIRP=645;PIRM=645;PIRL=-2;PIRH=646;
SQNR=38385;DATE=24-08-14;TIME=10:39:45;STAT=201212;TMPA=24;TMPP=248;TMPB=21;TMPC=23;RHUA=65;DWPA=17;PTYP=1;PNAM=MS-80SH;PIRA=647;PIRP=646;PIRM=645;PIRL=-2;PIRH=647;
SQNR=38400;DATE=24-08-14;TIME=10:40:00;STAT=201212;TMPA=24;TMPP=248;TMPB=21;TMPC=23;RHUA=65;DWPA=18;PTYP=1;PNAM=MS-80SH;PIRA=647;PIRP=646;PIRM=646;PIRL=-2;PIRH=647;
C-----;?
V-----;SWVNR=2102190;SQNDL=38401;DATE=24-08-14;TIME=10:40:06;THTYP=85;TTEMP=15;TDEWP=5;IUFAN=800;ILFAN=5;IUHEA=3000;PYDEF=21;PYAVT=30;PYAVW=1;PYOST=0;MSDLY=15;FNDLY=30;OSTRG=3;DBGFL=0;ASIRE=0;DBGRE=0;MPPFL=-1;
SQNR=38415;DATE=24-08-14;TIME=10:40:15;STAT=201212;TMPA=24;TMPP=248;TMPB=21;TMPC=23;RHUA=65;DWPA=17;PTYP=1;PNAM=MS-80SH;PIRA=648;PIRP=647;PIRM=647;PIRL=-2;PIRH=648;
SQNR=38430;DATE=24-08-14;TIME=10:40:30;STAT=201212;TMPA=24;TMPP=248;TMPB=21;TMPC=23;RHUA=65;DWPA=17;PTYP=1;PNAM=MS-80SH;PIRA=649;PIRP=648;PIRM=647;PIRL=-2;PIRH=649;
SQNR=38445;DATE=24-08-14;TIME=10:40:45;STAT=201212;TMPA=24;TMPP=248;TMPB=21;TMPC=24;RHUA=65;DWPA=17;PTYP=1;PNAM=MS-80SH;PIRA=650;PIRP=649;PIRM=648;PIRL=-2;PIRH=650;
SQNR=38460;DATE=24-08-14;TIME=10:41:00;STAT=201212;TMPA=24;TMPP=248;TMPB=21;TMPC=24;RHUA=64;DWPA=17;PTYP=1;PNAM=MS-80SH;PIRA=652;PIRP=651;PIRM=650;PIRL=-2;PIRH=652;
SQNR=38475;DATE=24-08-14;TIME=10:41:15;STAT=201212;TMPA=24;TMPP=248;TMPB=21;TMPC=23;RHUA=64;DWPA=17;PTYP=1;PNAM=MS-80SH;PIRA=651;PIRP=651;PIRM=650;PIRL=-2;PIRH=652;
SQNR=38490;DATE=24-08-14;TIME=10:41:30;STAT=201212;TMPA=24;TMPP=247;TMPB=21;TMPC=24;RHUA=64;DWPA=17;PTYP=1;PNAM=MS-80SH;PIRA=651;PIRP=651;PIRM=650;PIRL=-2;PIRH=652;
SQNR=38505;DATE=24-08-14;TIME=10:41:45;STAT=201212;TMPA=24;TMPP=247;TMPB=21;TMPC=24;RHUA=64;DWPA=17;PTYP=1;PNAM=MS-80SH;PIRA=652;PIRP=651;PIRM=651;PIRL=-2;PIRH=653;
SQNR=38520;DATE=24-08-14;TIME=10:42:00;STAT=201212;TMPA=24;TMPP=247;TMPB=21;TMPC=23;RHUA=66;DWPA=18;PTYP=1;PNAM=MS-80SH;PIRA=654;PIRP=652;PIRM=652;PIRL=-2;PIRH=654;
SQNR=38535;DATE=24-08-14;TIME=10:42:15;STAT=201212;TMPA=24;TMPP=247;TMPB=21;TMPC=23;RHUA=65;DWPA=17;PTYP=1;PNAM=MS-80SH;PIRA=654;PIRP=653;PIRM=653;PIRL=-2;PIRH=654;
SQNR=38550;DATE=24-08-14;TIME=10:42:30;STAT=201212;TMPA=24;TMPP=247;TMPB=21;TMPC=23;RHUA=65;DWPA=17;PTYP=1;PNAM=MS-80SH;PIRA=653;PIRP=654;PIRM=653;PIRL=-2;PIRH=654;
SQNR=38566;DATE=24-08-14;TIME=10:42:45;STAT=201212;TMPA=24;TMPP=247;TMPB=21;TMPC=23;RHUA=65;DWPA=17;PTYP=1;PNAM=MS-80SH;PIRA=654;PIRP=654;PIRM=653;PIRL=-2;PIRH=654;
SQNR=38581;DATE=24-08-14;TIME=10:43:00;STAT=201212;TMPA=24;TMPP=247;TMPB=21;TMPC=23;RHUA=65;DWPA=17;PTYP=1;PNAM=MS-80SH;PIRA=654;PIRP=654;PIRM=654;PIRL=-2;PIRH=654;
SQNR=38596;DATE=24-08-14;TIME=10:43:15;STAT=201212;TMPA=24;TMPP=248;TMPB=21;TMPC=23;RHUA=64;DWPA=17;PTYP=1;PNAM=MS-80SH;PIRA=652;PIRP=653;PIRM=653;PIRL=-2;PIRH=654;
SQNR=38611;DATE=24-08-14;TIME=10:43:30;STAT=201212;TMPA=24;TMPP=248;TMPB=21;TMPC=23;RHUA=65;DWPA=17;PTYP=1;PNAM=MS-80SH;PIRA=653;PIRP=652;PIRM=653;PIRL=-2;PIRH=654;
SQNR=38626;DATE=24-08-14;TIME=10:43:45;STAT=201212;TMPA=24;TMPP=248;TMPB=21;TMPC=24;RHUA=64;DWPA=17;PTYP=1;PNAM=MS-80SH;PIRA=655;PIRP=653;PIRM=653;PIRL=-2;PIRH=655;
SQNR=38641;DATE=24-08-14;TIME=10:44:00;STAT=201212;TMPA=24;TMPP=248;TMPB=21;TMPC=24;RHUA=64;DWPA=17;PTYP=1;PNAM=MS-80SH;PIRA=654;PIRP=655;PIRM=654;PIRL=-2;PIRH=656;
SQNR=38656;DATE=24-08-14;TIME=10:44:15;STAT=201212;TMPA=24;TMPP=248;TMPB=21;TMPC=23;RHUA=65;DWPA=17;PTYP=1;PNAM=MS-80SH;PIRA=655;PIRP=655;PIRM=654;PIRL=-2;PIRH=656;
SQNR=38671;DATE=24-08-14;TIME=10:44:30;STAT=201212;TMPA=24;TMPP=248;TMPB=21;TMPC=24;RHUA=64;DWPA=17;PTYP=1;PNAM=MS-80SH;PIRA=655;PIRP=655;PIRM=655;PIRL=-2;PIRH=656;
SQNR=38686;DATE=24-08-14;TIME=10:44:45;STAT=201212;TMPA=24;TMPP=248;TMPB=21;TMPC=24;RHUA=64;DWPA=17;PTYP=1;PNAM=MS-80SH;PIRA=655;PIRP=655;PIRM=655;PIRL=-2;PIRH=656;
SQNR=38701;DATE=24-08-14;TIME=10:45:00;STAT=201212;TMPA=24;TMPP=248;TMPB=21;TMPC=24;RHUA=64;DWPA=17;PTYP=1;PNAM=MS-80SH;PIRA=657;PIRP=655;PIRM=655;PIRL=-2;PIRH=657;
C-----;?
V-----;SWVNR=2102190;SQNDL=38703;DATE=24-08-14;TIME=10:45:07;THTYP=85;TTEMP=15;TDEWP=5;IUFAN=800;ILFAN=5;IUHEA=3000;PYDEF=21;PYAVT=30;PYAVW=1;PYOST=0;MSDLY=15;FNDLY=30;OSTRG=3;DBGFL=0;ASIRE=0;DBGRE=0;MPPFL=-1;
SQNR=38716;DATE=24-08-14;TIME=10:45:15;STAT=201212;TMPA=24;TMPP=248;TMPB=21;TMPC=24;RHUA=65;DWPA=17;PTYP=1;PNAM=MS-80SH;PIRA=658;PIRP=657;PIRM=656;PIRL=-2;PIRH=658;
SQNR=38731;DATE=24-08-14;TIME=10:45:30;STAT=201212;TMPA=24;TMPP=248;TMPB=21;TMPC=24;RHUA=65;DWPA=17;PTYP=1;PNAM=MS-80SH;PIRA=659;PIRP=658;PIRM=657;PIRL=-2;PIRH=659;
SQNR=38746;DATE=24-08-14;TIME=10:45:45;STAT=201212;TMPA=24;TMPP=248;TMPB=21;TMPC=24;RHUA=65;DWPA=18;PTYP=1;PNAM=MS-80SH;PIRA=659;PIRP=659;PIRM=658;PIRL=-2;PIRH=659;
SQNR=38761;DATE=24-08-14;TIME=10:46:00;STAT=201212;TMPA=24;TMPP=248;TMPB=21;TMPC=24;RHUA=66;DWPA=18;PTYP=1;PNAM=MS-80SH;PIRA=660;PIRP=659;PIRM=659;PIRL=-2;PIRH=660;
SQNR=38776;DATE=24-08-14;TIME=10:46:15;STAT=201212;TMPA=24;TMPP=248;TMPB=21;TMPC=24;RHUA=64;DWPA=17;PTYP=1;PNAM=MS-80SH;PIRA=660;PIRP=660;PIRM=659;PIRL=-2;PIRH=661;
SQNR=38791;DATE=24-08-14;TIME=10:46:30;STAT=201212;TMPA=24;TMPP=248;TMPB=21;TMPC=24;RHUA=64;DWPA=17;PTYP=1;PNAM=MS-80SH;PIRA=660;PIRP=660;PIRM=660;PIRL=-2;PIRH=661;
SQNR=38806;DATE=24-08-14;TIME=10:46:45;STAT=201212;TMPA=24;TMPP=249;TMPB=22;TMPC=24;RHUA=65;DWPA=18;PTYP=1;PNAM=MS-80SH;PIRA=659;PIRP=660;PIRM=659;PIRL=-2;PIRH=661;
SQNR=38821;DATE=24-08-14;TIME=10:47:00;STAT=201212;TMPA=24;TMPP=249;TMPB=22;TMPC=24;RHUA=65;DWPA=18;PTYP=1;PNAM=MS-80SH;PIRA=659;PIRP=659;PIRM=659;PIRL=-2;PIRH=661;
SQNR=38836;DATE=24-08-14;TIME=10:47:15;STAT=201212;TMPA=24;TMPP=249;TMPB=22;TMPC=24;RHUA=65;DWPA=18;PTYP=1;PNAM=MS-80SH;PIRA=660;PIRP=659;PIRM=659;PIRL=-2;PIRH=661;
SQNR=38851;DATE=24-08-14;TIME=10:47:30;STAT=201212;TMPA=25;TMPP=250;TMPB=22;TMPC=24;RHUA=66;DWPA=18;PTYP=1;PNAM=MS-80SH;PIRA=661;PIRP=660;PIRM=660;PIRL=-2;PIRH=661;
SQNR=38866;DATE=24-08-14;TIME=10:47:45;STAT=201212;TMPA=25;TMPP=250;TMPB=22;TMPC=24;RHUA=64;DWPA=18;PTYP=1;PNAM=MS-80SH;PIRA=661;PIRP=661;PIRM=660;PIRL=-2;PIRH=661;
SQNR=38881;DATE=24-08-14;TIME=10:48:00;STAT=201212;TMPA=25;TMPP=251;TMPB=22;TMPC=24;RHUA=64;DWPA=18;PTYP=1;PNAM=MS-80SH;PIRA=662;PIRP=661;PIRM=661;PIRL=-2;PIRH=662;
SQNR=38896;DATE=24-08-14;TIME=10:48:15;STAT=201212;TMPA=25;TMPP=251;TMPB=22;TMPC=24;RHUA=65;DWPA=18;PTYP=1;PNAM=MS-80SH;PIRA=661;PIRP=662;PIRM=661;PIRL=-2;PIRH=662;
SQNR=38911;DATE=24-08-14;TIME=10:48:30;STAT=201212;TMPA=25;TMPP=252;TMPB=22;TMPC=24;RHUA=65;DWPA=18;PTYP=1;PNAM=MS-80SH;PIRA=662;PIRP=662;PIRM=661;PIRL=-2;PIRH=662;
SQNR=38926;DATE=24-08-14;TIME=10:48:45;STAT=201212;TMPA=25;TMPP=252;TMPB=22;TMPC=24;RHUA=65;DWPA=18;PTYP=1;PNAM=MS-80SH;PIRA=664;PIRP=662;PIRM=662;PIRL=-2;PIRH=664;
SQNR=38941;DATE=24-08-14;TIME=10:49:00;STAT=201212;TMPA=25;TMPP=253;TMPB=22;TMPC=24;RHUA=65;DWPA=18;PTYP=1;PNAM=MS-80SH;PIRA=665;PIRP=664;PIRM=663;PIRL=-2;PIRH=665;
SQNR=38956;DATE=24-08-14;TIME=10:49:15;STAT=201212;TMPA=25;TMPP=253;TMPB=22;TMPC=24;RHUA=63;DWPA=17;PTYP=1;PNAM=MS-80SH;PIRA=666;PIRP=665;PIRM=664;PIRL=-2;PIRH=666;
SQNR=38971;DATE=24-08-14;TIME=10:49:30;STAT=201212;TMPA=25;TMPP=254;TMPB=22;TMPC=24;RHUA=62;DWPA=17;PTYP=1;PNAM=MS-80SH;PIRA=667;PIRP=666;PIRM=665;PIRL=-2;PIRH=667;
SQNR=38986;DATE=24-08-14;TIME=10:49:45;STAT=201212;TMPA=25;TMPP=253;TMPB=22;TMPC=24;RHUA=62;DWPA=17;PTYP=1;PNAM=MS-80SH;PIRA=669;PIRP=667;PIRM=666;PIRL=-2;PIRH=669;
C-----;?
SQNR=39001;DATE=24-08-14;TIME=10:50:00;STAT=201212;TMPA=25;TMPP=253;TMPB=22;TMPC=24;RHUA=63;DWPA=18;PTYP=1;PNAM=MS-80SH;PIRA=669;PIRP=668;PIRM=667;PIRL=-2;PIRH=669;
V-----;SWVNR=2102190;SQNDL=39002;DATE=24-08-14;TIME=10:50:06;THTYP=85;TTEMP=15;TDEWP=5;IUFAN=800;ILFAN=5;IUHEA=3000;PYDEF=21;PYAVT=30;PYAVW=1;PYOST=0;MSDLY=15;FNDLY=30;OSTRG=3;DBGFL=0;ASIRE=0;DBGRE=0;MPPFL=-1;
SQNR=39016;DATE=24-08-14;TIME=10:50:15;STAT=201212;TMPA=25;TMPP=253;TMPB=22;TMPC=24;RHUA=63;DWPA=17;PTYP=1;PNAM=MS-80SH;PIRA=670;PIRP=669;PIRM=668;PIRL=-2;PIRH=670;
SQNR=39031;DATE=24-08-14;TIME=10:50:30;STAT=201212;TMPA=25;TMPP=253;TMPB=22;TMPC=24;RHUA=64;DWPA=18;PTYP=1;PNAM=MS-80SH;PIRA=670;PIRP=670;PIRM=669;PIRL=-2;PIRH=671;
SQNR=39046;DATE=24-08-14;TIME=10:50:45;STAT=201212;TMPA=25;TMPP=253;TMPB=22;TMPC=24;RHUA=66;DWPA=18;PTYP=1;PNAM=MS-80SH;PIRA=671;PIRP=670;PIRM=670;PIRL=-2;PIRH=671;
SQNR=39061;DATE=24-08-14;TIME=10:51:00;STAT=201212;TMPA=25;TMPP=253;TMPB=22;TMPC=24;RHUA=66;DWPA=18;PTYP=1;PNAM=MS-80SH;PIRA=672;PIRP=671;PIRM=670;PIRL=-2;PIRH=672;
SQNR=39076;DATE=24-08-14;TIME=10:51:15;STAT=201212;TMPA=25;TMPP=253;TMPB=22;TMPC=24;RHUA=63;DWPA=17;PTYP=1;PNAM=MS-80SH;PIRA=672;PIRP=672;PIRM=671;PIRL=-2;PIRH=673;
SQNR=39091;DATE=24-08-14;TIME=10:51:30;STAT=201212;TMPA=25;TMPP=253;TMPB=22;TMPC=24;RHUA=65;DWPA=18;PTYP=1;PNAM=MS-80SH;PIRA=671;PIRP=672;PIRM=671;PIRL=-2;PIRH=673;
SQNR=39106;DATE=24-08-14;TIME=10:51:45;STAT=201212;TMPA=25;TMPP=254;TMPB=22;TMPC=24;RHUA=65;DWPA=18;PTYP=1;PNAM=MS-80SH;PIRA=671;PIRP=671;PIRM=671;PIRL=-2;PIRH=673;
SQNR=39121;DATE=24-08-14;TIME=10:52:00;STAT=201212;TMPA=25;TMPP=254;TMPB=22;TMPC=24;RHUA=66;DWPA=18;PTYP=1;PNAM=MS-80SH;PIRA=673;PIRP=671;PIRM=672;PIRL=-2;PIRH=673;
SQNR=39136;DATE=24-08-14;TIME=10:52:15;STAT=201212;TMPA=25;TMPP=253;TMPB=22;TMPC=24;RHUA=65;DWPA=18;PTYP=1;PNAM=MS-80SH;PIRA=673;PIRP=673;PIRM=672;PIRL=-2;PIRH=674;
SQNR=39151;DATE=24-08-14;TIME=10:52:30;STAT=201212;TMPA=25;TMPP=253;TMPB=22;TMPC=24;RHUA=64;DWPA=18;PTYP=1;PNAM=MS-80SH;PIRA=673;PIRP=673;PIRM=672;PIRL=-2;PIRH=674;
SQNR=39166;DATE=24-08-14;TIME=10:52:45;STAT=201212;TMPA=25;TMPP=253;TMPB=22;TMPC=24;RHUA=63;DWPA=17;PTYP=1;PNAM=MS-80SH;PIRA=673;PIRP=673;PIRM=673;PIRL=-2;PIRH=674;
SQNR=39181;DATE=24-08-14;TIME=10:53:00;STAT=201212;TMPA=25;TMPP=253;TMPB=22;TMPC=24;RHUA=64;DWPA=18;PTYP=1;PNAM=MS-80SH;PIRA=674;PIRP=673;PIRM=673;PIRL=-2;PIRH=674;
SQNR=39196;DATE=24-08-14;TIME=10:53:15;STAT=201212;TMPA=25;TMPP=253;TMPB=22;TMPC=24;RHUA=65;DWPA=18;PTYP=1;PNAM=MS-80SH;PIRA=676;PIRP=674;PIRM=674;PIRL=-2;PIRH=676;
SQNR=39211;DATE=24-08-14;TIME=10:53:30;STAT=201212;TMPA=25;TMPP=253;TMPB=22;TMPC=24;RHUA=64;DWPA=18;PTYP=1;PNAM=MS-80SH;PIRA=678;PIRP=676;PIRM=675;PIRL=-2;PIRH=678;
SQNR=39226;DATE=24-08-14;TIME=10:53:45;STAT=201212;TMPA=25;TMPP=253;TMPB=22;TMPC=24;RHUA=64;DWPA=18;PTYP=1;PNAM=MS-80SH;PIRA=676;PIRP=677;PIRM=676;PIRL=-2;PIRH=678;
SQNR=39241;DATE=24-08-14;TIME=10:54:00;STAT=201212;TMPA=25;TMPP=253;TMPB=22;TMPC=24;RHUA=63;DWPA=17;PTYP=1;PNAM=MS-80SH;PIRA=677;PIRP=677;PIRM=676;PIRL=-2;PIRH=678;
SQNR=39256;DATE=24-08-14;TIME=10:54:15;STAT=201212;TMPA=25;TMPP=253;TMPB=22;TMPC=24;RHUA=63;DWPA=17;PTYP=1;PNAM=MS-80SH;PIRA=678;PIRP=677;PIRM=677;PIRL=-2;PIRH=678;
SQNR=39271;DATE=24-08-14;TIME=10:54:30;STAT=201212;TMPA=25;TMPP=253;TMPB=22;TMPC=24;RHUA=64;DWPA=18;PTYP=1;PNAM=MS-80SH;PIRA=680;PIRP=678;PIRM=678;PIRL=-2;PIRH=680;
SQNR=39286;DATE=24-08-14;TIME=10:54:45;STAT=201212;TMPA=25;TMPP=253;TMPB=22;TMPC=24;RHUA=64;DWPA=18;PTYP=1;PNAM=MS-80SH;PIRA=679;PIRP=679;PIRM=678;PIRL=-2;PIRH=680;
SQNR=39301;DATE=24-08-14;TIME=10:55:00;STAT=201212;TMPA=25;TMPP=253;TMPB=22;TMPC=24;RHUA=63;DWPA=18;PTYP=1;PNAM=MS-80SH;PIRA=682;PIRP=680;PIRM=679;PIRL=-2;PIRH=682;
C-----;?
V-----;SWVNR=2102190;SQNDL=39303;DATE=24-08-14;TIME=10:55:07;THTYP=85;TTEMP=15;TDEWP=5;IUFAN=800;ILFAN=5;IUHEA=3000;PYDEF=21;PYAVT=30;PYAVW=1;PYOST=0;MSDLY=15;FNDLY=30;OSTRG=3;DBGFL=0;ASIRE=0;DBGRE=0;MPPFL=-1;
SQNR=39316;DATE=24-08-14;TIME=10:55:15;STAT=201212;TMPA=25;TMPP=253;TMPB=22;TMPC=24;RHUA=63;DWPA=17;PTYP=1;PNAM=MS-80SH;PIRA=682;PIRP=681;PIRM=680;PIRL=-2;PIRH=682;
SQNR=39331;DATE=24-08-14;TIME=10:55:30;STAT=201212;TMPA=25;TMPP=253;TMPB=22;TMPC=24;RHUA=65;DWPA=18;PTYP=1;PNAM=MS-80SH;PIRA=680;PIRP=681;PIRM=680;PIRL=-2;PIRH=682;
SQNR=39346;DATE=24-08-14;TIME=10:55:45;STAT=201212;TMPA=25;TMPP=253;TMPB=22;TMPC=24;RHUA=64;DWPA=18;PTYP=1;PNAM=MS-80SH;PIRA=685;PIRP=681;PIRM=681;PIRL=-2;PIRH=685;
SQNR=39361;DATE=24-08-14;TIME=10:56:00;STAT=201212;TMPA=25;TMPP=253;TMPB=22;TMPC=24;RHUA=65;DWPA=18;PTYP=1;PNAM=MS-80SH;PIRA=683;PIRP=683;PIRM=682;PIRL=-2;PIRH=685;
SQNR=39375;DATE=24-08-14;TIME=10:56:15;STAT=201212;TMPA=25;TMPP=253;TMPB=22;TMPC=24;RHUA=64;DWPA=18;PTYP=1;PNAM=MS-80SH;PIRA=683;PIRP=683;PIRM=682;PIRL=-2;PIRH=685;
SQNR=39390;DATE=24-08-14;TIME=10:56:30;STAT=201212;TMPA=25;TMPP=253;TMPB=22;TMPC=24;RHUA=63;DWPA=17;PTYP=1;PNAM=MS-80SH;PIRA=683;PIRP=683;PIRM=683;PIRL=-2;PIRH=685;
SQNR=39405;DATE=24-08-14;TIME=10:56:45;STAT=201212;TMPA=25;TMPP=254;TMPB=22;TMPC=24;RHUA=63;DWPA=18;PTYP=1;PNAM=MS-80SH;PIRA=684;PIRP=683;PIRM=683;PIRL=-2;PIRH=685;
SQNR=39420;DATE=24-08-14;TIME=10:57:00;STAT=201212;TMPA=25;TMPP=253;TMPB=22;TMPC=24;RHUA=63;DWPA=17;PTYP=1;PNAM=MS-80SH;PIRA=683;PIRP=683;PIRM=683;PIRL=-2;PIRH=685;
SQNR=39435;DATE=24-08-14;TIME=10:57:15;STAT=201212;TMPA=25;TMPP=253;TMPB=22;TMPC=24;RHUA=62;DWPA=17;PTYP=1;PNAM=MS-80SH;PIRA=686;PIRP=684;PIRM=683;PIRL=-2;PIRH=686;
SQNR=39450;DATE=24-08-14;TIME=10:57:30;STAT=201212;TMPA=25;TMPP=253;TMPB=22;TMPC=24;RHUA=63;DWPA=17;PTYP=1;PNAM=MS-80SH;PIRA=685;PIRP=685;PIRM=684;PIRL=-2;PIRH=686;
SQNR=39465;DATE=24-08-14;TIME=10:57:45;STAT=201212;TMPA=25;TMPP=253;TMPB=22;TMPC=24;RHUA=64;DWPA=18;PTYP=1;PNAM=MS-80SH;PIRA=686;PIRP=685;PIRM=685;PIRL=-2;PIRH=686;
SQNR=39480;DATE=24-08-14;TIME=10:58:00;STAT=201212;TMPA=25;TMPP=252;TMPB=22;TMPC=24;RHUA=66;DWPA=18;PTYP=1;PNAM=MS-80SH;PIRA=685;PIRP=685;PIRM=685;PIRL=-2;PIRH=686;
SQNR=39495;DATE=24-08-14;TIME=10:58:15;STAT=201212;TMPA=25;TMPP=253;TMPB=22;TMPC=24;RHUA=64;DWPA=18;PTYP=1;PNAM=MS-80SH;PIRA=686;PIRP=685;PIRM=685;PIRL=-2;PIRH=686;
SQNR=39510;DATE=24-08-14;TIME=10:58:30;STAT=201212;TMPA=25;TMPP=253;TMPB=22;TMPC=24;RHUA=65;DWPA=18;PTYP=1;PNAM=MS-80SH;PIRA=686;PIRP=686;PIRM=686;PIRL=-2;PIRH=687;
SQNR=39525;DATE=24-08-14;TIME=10:58:45;STAT=201212;TMPA=25;TMPP=253;TMPB=22;TMPC=24;RHUA=64;DWPA=18;PTYP=1;PNAM=MS-80SH;PIRA=686;PIRP=686;PIRM=686;PIRL=-2;PIRH=687;
SQNR=39540;DATE=24-08-14;TIME=10:59:00;STAT=201212;TMPA=25;TMPP=253;TMPB=22;TMPC=24;RHUA=65;DWPA=18;PTYP=1;PNAM=MS-80SH;PIRA=685;PIRP=686;PIRM=686;PIRL=-2;PIRH=687;
SQNR=39555;DATE=24-08-14;TIME=10:59:15;STAT=201212;TMPA=25;TMPP=253;TMPB=22;TMPC=24;RHUA=64;DWPA=18;PTYP=1;PNAM=MS-80SH;PIRA=686;PIRP=686;PIRM=686;PIRL=-2;PIRH=687;
SQNR=39570;DATE=24-08-14;TIME=10:59:30;STAT=201212;TMPA=25;TMPP=253;TMPB=22;TMPC=24;RHUA=63;DWPA=17;PTYP=1;PNAM=MS-80SH;PIRA=687;PIRP=686;PIRM=686;PIRL=-2;PIRH=687;
SQNR=39585;DATE=24-08-14;TIME=10:59:45;STAT=201212;TMPA=25;TMPP=253;TMPB=22;TMPC=24;RHUA=63;DWPA=17;PTYP=1;PNAM=MS-80SH;PIRA=687;PIRP=687;PIRM=686;PIRL=-2;PIRH=687;
SQNR=39600;DATE=24-08-14;TIME=11:00:00;STAT=201212;TMPA=25;TMPP=253;TMPB=22;TMPC=24;RHUA=63;DWPA=17;PTYP=1;PNAM=MS-80SH;PIRA=688;PIRP=687;PIRM=687;PIRL=-2;PIRH=688;
C-----;?
V-----;SWVNR=2102190;SQNDL=39601;DATE=24-08-14;TIME=11:00:06;THTYP=85;TTEMP=15;TDEWP=5;IUFAN=800;ILFAN=5;IUHEA=3000;PYDEF=21;PYAVT=30;PYAVW=1;PYOST=0;MSDLY=15;FNDLY=30;OSTRG=3;DBGFL=0;ASIRE=0;DBGRE=0;MPPFL=-1;
SQNR=39615;DATE=24-08-14;TIME=11:00:15;STAT=201212;TMPA=25;TMPP=252;TMPB=22;TMPC=24;RHUA=62;DWPA=17;PTYP=1;PNAM=MS-80SH;PIRA=690;PIRP=688;PIRM=688;PIRL=-2;PIRH=690;
SQNR=39630;DATE=24-08-14;TIME=11:00:30;STAT=201212;TMPA=25;TMPP=252;TMPB=22;TMPC=24;RHUA=63;DWPA=17;PTYP=1;PNAM=MS-80SH;PIRA=691;PIRP=690;PIRM=689;PIRL=-2;PIRH=691;
SQNR=39645;DATE=24-08-14;TIME=11:00:45;STAT=201212;TMPA=25;TMPP=252;TMPB=22;TMPC=24;RHUA=64;DWPA=18;PTYP=1;PNAM=MS-80SH;PIRA=692;PIRP=691;PIRM=690;PIRL=-2;PIRH=692;
SQNR=39660;DATE=24-08-14;TIME=11:01:00;STAT=201212;TMPA=25;TMPP=252;TMPB=22;TMPC=24;RHUA=64;DWPA=18;PTYP=1;PNAM=MS-80SH;PIRA=692;PIRP=692;PIRM=691;PIRL=-2;PIRH=693;
C-----;P1001
R-----;REBOOT - ASI-16 PeriCon MK2 - ;SWVNR=2102190;SQNR=39678;Date=24-08-14;Time=11:01:19;
V-----;SWVNR=2102190;SQNDL=39678;DATE=24-08-14;TIME=11:01:23;THTYP=85;TTEMP=15;TDEWP=5;IUFAN=800;ILFAN=5;IUHEA=3000;PYDEF=21;PYAVT=30;PYAVW=1;PYOST=0;MSDLY=15;FNDLY=30;OSTRG=3;DBGFL=0;ASIRE=0;DBGRE=0;MPPFL=-1;
SQNR=39690;DATE=24-08-14;TIME=11:01:30;STAT=201212;TMPA=25;TMPP=252;TMPB=22;TMPC=24;RHUA=64;DWPA=18;PTYP=1;PNAM=MS-80SH;PIRA=692;PIRP=692;PIRM=692;PIRL=692;PIRH=693;
SQNR=39705;DATE=24-08-14;TIME=11:01:45;STAT=201212;TMPA=25;TMPP=253;TMPB=22;TMPC=24;RHUA=65;DWPA=18;PTYP=1;PNAM=MS-80SH;PIRA=693;PIRP=692;PIRM=692;PIRL=692;PIRH=693;
SQNR=39720;DATE=24-08-14;TIME=11:02:00;STAT=201212;TMPA=25;TMPP=254;TMPB=22;TMPC=24;RHUA=65;DWPA=18;PTYP=1;PNAM=MS-80SH;PIRA=694;PIRP=693;PIRM=693;PIRL=692;PIRH=695;
SQNR=39735;DATE=24-08-14;TIME=11:02:15;STAT=201212;TMPA=25;TMPP=254;TMPB=22;TMPC=24;RHUA=67;DWPA=18;PTYP=1;PNAM=MS-80SH;PIRA=695;PIRP=694;PIRM=694;PIRL=692;PIRH=695;
SQNR=39750;DATE=24-08-14;TIME=11:02:30;STAT=201212;TMPA=25;TMPP=255;TMPB=22;TMPC=24;RHUA=69;DWPA=19;PTYP=1;PNAM=MS-80SH;PIRA=694;PIRP=695;PIRM=694;PIRL=692;PIRH=695;
SQNR=39765;DATE=24-08-14;TIME=11:02:45;STAT=201212;TMPA=25;TMPP=257;TMPB=22;TMPC=24;RHUA=67;DWPA=19;PTYP=1;PNAM=MS-80SH;PIRA=694;PIRP=695;PIRM=694;PIRL=692;PIRH=696;
SQNR=39780;DATE=24-08-14;TIME=11:03:00;STAT=201212;TMPA=25;TMPP=258;TMPB=22;TMPC=24;RHUA=63;DWPA=18;PTYP=1;PNAM=MS-80SH;PIRA=696;PIRP=695;PIRM=695;PIRL=692;PIRH=696;
SQNR=39795;DATE=24-08-14;TIME=11:03:15;STAT=201212;TMPA=26;TMPP=260;TMPB=23;TMPC=24;RHUA=63;DWPA=18;PTYP=1;PNAM=MS-80SH;PIRA=696;PIRP=696;PIRM=695;PIRL=692;PIRH=697;
SQNR=39810;DATE=24-08-14;TIME=11:03:30;STAT=201212;TMPA=26;TMPP=261;TMPB=22;TMPC=24;RHUA=61;DWPA=18;PTYP=1;PNAM=MS-80SH;PIRA=699;PIRP=697;PIRM=696;PIRL=692;PIRH=699;
SQNR=39825;DATE=24-08-14;TIME=11:03:45;STAT=201212;TMPA=26;TMPP=262;TMPB=22;TMPC=24;RHUA=61;DWPA=18;PTYP=1;PNAM=MS-80SH;PIRA=700;PIRP=699;PIRM=698;PIRL=692;PIRH=700;
SQNR=39840;DATE=24-08-14;TIME=11:04:00;STAT=201212;TMPA=26;TMPP=262;TMPB=22;TMPC=24;RHUA=61;DWPA=18;PTYP=1;PNAM=MS-80SH;PIRA=702;PIRP=700;PIRM=699;PIRL=692;PIRH=702;
SQNR=39855;DATE=24-08-14;TIME=11:04:15;STAT=201212;TMPA=26;TMPP=261;TMPB=22;TMPC=24;RHUA=61;DWPA=18;PTYP=1;PNAM=MS-80SH;PIRA=704;PIRP=702;PIRM=700;PIRL=692;PIRH=704;
SQNR=39870;DATE=24-08-14;TIME=11:04:30;STAT=201212;TMPA=26;TMPP=261;TMPB=22;TMPC=24;RHUA=62;DWPA=18;PTYP=1;PNAM=MS-80SH;PIRA=705;PIRP=703;PIRM=702;PIRL=692;PIRH=705;
SQNR=39885;DATE=24-08-14;TIME=11:04:45;STAT=201212;TMPA=26;TMPP=260;TMPB=22;TMPC=24;RHUA=64;DWPA=18;PTYP=1;PNAM=MS-80SH;PIRA=705;PIRP=705;PIRM=703;PIRL=692;PIRH=706;
SQNR=39900;DATE=24-08-14;TIME=11:05:00;STAT=201212;TMPA=26;TMPP=260;TMPB=22;TMPC=24;RHUA=62;DWPA=18;PTYP=1;PNAM=MS-80SH;PIRA=708;PIRP=706;PIRM=705;PIRL=692;PIRH=708;
C-----;?
V-----;SWVNR=2102190;SQNDL=39902;DATE=24-08-14;TIME=11:05:07;THTYP=85;TTEMP=15;TDEWP=5;IUFAN=800;ILFAN=5;IUHEA=3000;PYDEF=21;PYAVT=30;PYAVW=1;PYOST=0;MSDLY=15;FNDLY=30;OSTRG=3;DBGFL=0;ASIRE=0;DBGRE=0;MPPFL=-1;
SQNR=39915;DATE=24-08-14;TIME=11:05:15;STAT=201212;TMPA=25;TMPP=259;TMPB=22;TMPC=24;RHUA=62;DWPA=18;PTYP=1;PNAM=MS-80SH;PIRA=709;PIRP=708;PIRM=706;PIRL=692;PIRH=710;
SQNR=39930;DATE=24-08-14;TIME=11:05:30;STAT=201212;TMPA=25;TMPP=259;TMPB=22;TMPC=24;RHUA=64;DWPA=18;PTYP=1;PNAM=MS-80SH;PIRA=710;PIRP=709;PIRM=708;PIRL=692;PIRH=710;
SQNR=39945;DATE=24-08-14;TIME=11:05:45;STAT=201212;TMPA=25;TMPP=259;TMPB=22;TMPC=24;RHUA=63;DWPA=18;PTYP=1;PNAM=MS-80SH;PIRA=712;PIRP=710;PIRM=709;PIRL=692;PIRH=712;
SQNR=39960;DATE=24-08-14;TIME=11:06:00;STAT=201212;TMPA=25;TMPP=259;TMPB=22;TMPC=24;RHUA=62;DWPA=18;PTYP=1;PNAM=MS-80SH;PIRA=713;PIRP=712;PIRM=710;PIRL=692;PIRH=714;
SQNR=39975;DATE=24-08-14;TIME=11:06:15;STAT=201212;TMPA=26;TMPP=260;TMPB=22;TMPC=25;RHUA=62;DWPA=18;PTYP=1;PNAM=MS-80SH;PIRA=700;PIRP=711;PIRM=710;PIRL=692;PIRH=714;
SQNR=39990;DATE=24-08-14;TIME=11:06:30;STAT=201212;TMPA=26;TMPP=261;TMPB=22;TMPC=25;RHUA=62;DWPA=18;PTYP=1;PNAM=MS-80SH;PIRA=711;PIRP=708;PIRM=709;PIRL=692;PIRH=714;
SQNR=40005;DATE=24-08-14;TIME=11:06:45;STAT=201212;TMPA=26;TMPP=261;TMPB=22;TMPC=25;RHUA=62;DWPA=18;PTYP=1;PNAM=MS-80SH;PIRA=709;PIRP=709;PIRM=710;PIRL=692;PIRH=714;
SQNR=40020;DATE=24-08-14;TIME=11:07:00;STAT=201212;TMPA=26;TMPP=262;TMPB=22;TMPC=25;RHUA=62;DWPA=18;PTYP=1;PNAM=MS-80SH;PIRA=716;PIRP=712;PIRM=711;PIRL=692;PIRH=716;
SQNR=40035;DATE=24-08-14;TIME=11:07:15;STAT=201212;TMPA=26;TMPP=262;TMPB=22;TMPC=25;RHUA=62;DWPA=18;PTYP=1;PNAM=MS-80SH;PIRA=646;PIRP=691;PIRM=693;PIRL=632;PIRH=716;
SQNR=40050;DATE=24-08-14;TIME=11:07:30;STAT=201212;TMPA=26;TMPP=262;TMPB=22;TMPC=25;RHUA=63;DWPA=18;PTYP=1;PNAM=MS-80SH;PIRA=713;PIRP=685;PIRM=696;PIRL=632;PIRH=716;
SQNR=40065;DATE=24-08-14;TIME=11:07:45;STAT=201212;TMPA=26;TMPP=262;TMPB=22;TMPC=25;RHUA=60;DWPA=18;PTYP=1;PNAM=MS-80SH;PIRA=716;PIRP=708;PIRM=704;PIRL=632;PIRH=718;
SQNR=40080;DATE=24-08-14;TIME=11:08:00;STAT=201212;TMPA=26;TMPP=262;TMPB=22;TMPC=25;RHUA=60;DWPA=18;PTYP=1;PNAM=MS-80SH;PIRA=721;PIRP=717;PIRM=710;PIRL=632;PIRH=721;
SQNR=40095;DATE=24-08-14;TIME=11:08:15;STAT=201212;TMPA=26;TMPP=261;TMPB=22;TMPC=25;RHUA=62;DWPA=18;PTYP=1;PNAM=MS-80SH;PIRA=723;PIRP=721;PIRM=715;PIRL=632;PIRH=723;
SQNR=40110;DATE=24-08-14;TIME=11:08:30;STAT=201212;TMPA=26;TMPP=261;TMPB=22;TMPC=25;RHUA=62;DWPA=18;PTYP=1;PNAM=MS-80SH;PIRA=722;PIRP=723;PIRM=718;PIRL=632;PIRH=723;
SQNR=40125;DATE=24-08-14;TIME=11:08:45;STAT=201212;TMPA=26;TMPP=261;TMPB=22;TMPC=25;RHUA=61;DWPA=18;PTYP=1;PNAM=MS-80SH;PIRA=725;PIRP=723;PIRM=720;PIRL=632;PIRH=725;
SQNR=40140;DATE=24-08-14;TIME=11:09:00;STAT=201212;TMPA=26;TMPP=262;TMPB=22;TMPC=25;RHUA=61;DWPA=18;PTYP=1;PNAM=MS-80SH;PIRA=725;PIRP=724;PIRM=722;PIRL=632;PIRH=725;
SQNR=40155;DATE=24-08-14;TIME=11:09:15;STAT=201212;TMPA=26;TMPP=261;TMPB=22;TMPC=25;RHUA=61;DWPA=18;PTYP=1;PNAM=MS-80SH;PIRA=727;PIRP=725;PIRM=724;PIRL=632;PIRH=727;
SQNR=40170;DATE=24-08-14;TIME=11:09:30;STAT=201212;TMPA=26;TMPP=261;TMPB=22;TMPC=25;RHUA=61;DWPA=18;PTYP=1;PNAM=MS-80SH;PIRA=727;PIRP=726;PIRM=725;PIRL=632;PIRH=727;
SQNR=40185;DATE=24-08-14;TIME=11:09:45;STAT=201212;TMPA=26;TMPP=261;TMPB=22;TMPC=25;RHUA=62;DWPA=18;PTYP=1;PNAM=MS-80SH;PIRA=700;PIRP=724;PIRM=723;PIRL=632;PIRH=727;
C-----;?
SQNR=40200;DATE=24-08-14;TIME=11:10:00;STAT=201212;TMPA=26;TMPP=262;TMPB=22;TMPC=25;RHUA=62;DWPA=18;PTYP=1;PNAM=MS-80SH;PIRA=729;PIRP=713;PIRM=717;PIRL=632;PIRH=729;
V-----;SWVNR=2102190;SQNDL=40201;DATE=24-08-14;TIME=11:10:06;THTYP=85;TTEMP=15;TDEWP=5;IUFAN=800;ILFAN=5;IUHEA=3000;PYDEF=21;PYAVT=30;PYAVW=1;PYOST=0;MSDLY=15;FNDLY=30;OSTRG=3;DBGFL=0;ASIRE=0;DBGRE=0;MPPFL=-1;
SQNR=40215;DATE=24-08-14;TIME=11:10:15;STAT=201212;TMPA=26;TMPP=263;TMPB=22;TMPC=25;RHUA=63;DWPA=18;PTYP=1;PNAM=MS-80SH;PIRA=733;PIRP=718;PIRM=722;PIRL=632;PIRH=733;
SQNR=40230;DATE=24-08-14;TIME=11:10:30;STAT=201212;TMPA=26;TMPP=263;TMPB=23;TMPC=25;RHUA=63;DWPA=18;PTYP=1;PNAM=MS-80SH;PIRA=730;PIRP=732;PIRM=726;PIRL=632;PIRH=735;
SQNR=40245;DATE=24-08-14;TIME=11:10:45;STAT=201212;TMPA=26;TMPP=266;TMPB=24;TMPC=25;RHUA=63;DWPA=19;PTYP=1;PNAM=MS-80SH;PIRA=736;PIRP=732;PIRM=729;PIRL=632;PIRH=736;
SQNR=40260;DATE=24-08-14;TIME=11:11:00;STAT=201212;TMPA=26;TMPP=269;TMPB=24;TMPC=25;RHUA=61;DWPA=18;PTYP=1;PNAM=MS-80SH;PIRA=742;PIRP=735;PIRM=733;PIRL=632;PIRH=742;
SQNR=40275;DATE=24-08-14;TIME=11:11:15;STAT=201212;TMPA=27;TMPP=272;TMPB=23;TMPC=25;RHUA=59;DWPA=18;PTYP=1;PNAM=MS-80SH;PIRA=747;PIRP=742;PIRM=738;PIRL=632;PIRH=747;
SQNR=40290;DATE=24-08-14;TIME=11:11:30;STAT=201212;TMPA=27;TMPP=273;TMPB=23;TMPC=25;RHUA=59;DWPA=18;PTYP=1;PNAM=MS-80SH;PIRA=710;PIRP=743;PIRM=738;PIRL=632;PIRH=751;
SQNR=40305;DATE=24-08-14;TIME=11:11:45;STAT=201212;TMPA=27;TMPP=273;TMPB=23;TMPC=25;RHUA=60;DWPA=18;PTYP=1;PNAM=MS-80SH;PIRA=387;PIRP=644;PIRM=656;PIRL=387;PIRH=751;
SQNR=40320;DATE=24-08-14;TIME=11:12:00;STAT=201212;TMPA=27;TMPP=272;TMPB=23;TMPC=25;RHUA=59;DWPA=18;PTYP=1;PNAM=MS-80SH;PIRA=453;PIRP=457;PIRM=543;PIRL=335;PIRH=751;
SQNR=40335;DATE=24-08-14;TIME=11:12:15;STAT=201212;TMPA=27;TMPP=271;TMPB=23;TMPC=25;RHUA=59;DWPA=18;PTYP=1;PNAM=MS-80SH;PIRA=638;PIRP=468;PIRM=556;PIRL=335;PIRH=751;
SQNR=40350;DATE=24-08-14;TIME=11:12:30;STAT=201212;TMPA=27;TMPP=270;TMPB=23;TMPC=25;RHUA=59;DWPA=18;PTYP=1;PNAM=MS-80SH;PIRA=565;PIRP=566;PIRM=559;PIRL=335;PIRH=751;
SQNR=40365;DATE=24-08-14;TIME=11:12:45;STAT=201212;TMPA=26;TMPP=268;TMPB=23;TMPC=25;RHUA=59;DWPA=18;PTYP=1;PNAM=MS-80SH;PIRA=408;PIRP=526;PIRM=528;PIRL=335;PIRH=751;
SQNR=40380;DATE=24-08-14;TIME=11:13:00;STAT=201212;TMPA=26;TMPP=267;TMPB=23;TMPC=25;RHUA=60;DWPA=18;PTYP=1;PNAM=MS-80SH;PIRA=652;PIRP=496;PIRM=524;PIRL=335;PIRH=751;
SQNR=40395;DATE=24-08-14;TIME=11:13:15;STAT=201212;TMPA=26;TMPP=265;TMPB=23;TMPC=25;RHUA=59;DWPA=18;PTYP=1;PNAM=MS-80SH;PIRA=748;PIRP=603;PIRM=597;PIRL=335;PIRH=751;
SQNR=40410;DATE=24-08-14;TIME=11:13:30;STAT=201212;TMPA=26;TMPP=264;TMPB=23;TMPC=25;RHUA=61;DWPA=18;PTYP=1;PNAM=MS-80SH;PIRA=754;PIRP=735;PIRM=665;PIRL=335;PIRH=777;
SQNR=40425;DATE=24-08-14;TIME=11:13:45;STAT=201212;TMPA=26;TMPP=263;TMPB=23;TMPC=25;RHUA=61;DWPA=18;PTYP=1;PNAM=MS-80SH;PIRA=712;PIRP=749;PIRM=691;PIRL=335;PIRH=777;
SQNR=40440;DATE=24-08-14;TIME=11:14:00;STAT=201212;TMPA=26;TMPP=263;TMPB=22;TMPC=25;RHUA=60;DWPA=18;PTYP=1;PNAM=MS-80SH;PIRA=424;PIRP=626;PIRM=618;PIRL=335;PIRH=777;
SQNR=40455;DATE=24-08-14;TIME=11:14:15;STAT=201212;TMPA=26;TMPP=262;TMPB=22;TMPC=25;RHUA=60;DWPA=18;PTYP=1;PNAM=MS-80SH;PIRA=522;PIRP=517;PIRM=578;PIRL=335;PIRH=777;
SQNR=40470;DATE=24-08-14;TIME=11:14:30;STAT=201212;TMPA=26;TMPP=261;TMPB=22;TMPC=25;RHUA=61;DWPA=18;PTYP=1;PNAM=MS-80SH;PIRA=370;PIRP=444;PIRM=496;PIRL=332;PIRH=777;
SQNR=40485;DATE=24-08-14;TIME=11:14:45;STAT=201212;TMPA=26;TMPP=260;TMPB=22;TMPC=25;RHUA=61;DWPA=18;PTYP=1;PNAM=MS-80SH;PIRA=694;PIRP=456;PIRM=518;PIRL=332;PIRH=777;
SQNR=40500;DATE=24-08-14;TIME=11:15:00;STAT=201212;TMPA=26;TMPP=260;TMPB=22;TMPC=25;RHUA=61;DWPA=18;PTYP=1;PNAM=MS-80SH;PIRA=595;PIRP=631;PIRM=599;PIRL=332;PIRH=777;
C-----;?
V-----;SWVNR=2102190;SQNDL=40501;DATE=24-08-14;TIME=11:15:06;THTYP=85;TTEMP=15;TDEWP=5;IUFAN=800;ILFAN=5;IUHEA=3000;PYDEF=21;PYAVT=30;PYAVW=1;PYOST=0;MSDLY=15;FNDLY=30;OSTRG=3;DBGFL=0;ASIRE=0;DBGRE=0;MPPFL=-1;
SQNR=40515;DATE=24-08-14;TIME=11:15:15;STAT=201212;TMPA=26;TMPP=260;TMPB=23;TMPC=25;RHUA=62;DWPA=18;PTYP=1;PNAM=MS-80SH;PIRA=622;PIRP=620;PIRM=567;PIRL=332;PIRH=777;
SQNR=40530;DATE=24-08-14;TIME=11:15:30;STAT=201212;TMPA=26;TMPP=261;TMPB=22;TMPC=25;RHUA=62;DWPA=18;PTYP=1;PNAM=MS-80SH;PIRA=802;PIRP=634;PIRM=644;PIRL=332;PIRH=802;
SQNR=40545;DATE=24-08-14;TIME=11:15:45;STAT=201212;TMPA=26;TMPP=261;TMPB=22;TMPC=25;RHUA=61;DWPA=18;PTYP=1;PNAM=MS-80SH;PIRA=420;PIRP=695;PIRM=634;PIRL=332;PIRH=803;
SQNR=40560;DATE=24-08-14;TIME=11:16:00;STAT=201212;TMPA=26;TMPP=260;TMPB=22;TMPC=25;RHUA=64;DWPA=18;PTYP=1;PNAM=MS-80SH;PIRA=259;PIRP=470;PIRM=499;PIRL=255;PIRH=803;
SQNR=40575;DATE=24-08-14;TIME=11:16:15;STAT=201212;TMPA=26;TMPP=260;TMPB=22;TMPC=25;RHUA=65;DWPA=18;PTYP=1;PNAM=MS-80SH;PIRA=431;PIRP=308;PIRM=428;PIRL=255;PIRH=803;
SQNR=40590;DATE=24-08-14;TIME=11:16:30;STAT=201212;TMPA=26;TMPP=260;TMPB=22;TMPC=25;RHUA=62;DWPA=18;PTYP=1;PNAM=MS-80SH;PIRA=628;PIRP=461;PIRM=502;PIRL=255;PIRH=803;
SQNR=40605;DATE=24-08-14;TIME=11:16:45;STAT=201212;TMPA=26;TMPP=260;TMPB=22;TMPC=25;RHUA=61;DWPA=18;PTYP=1;PNAM=MS-80SH;PIRA=782;PIRP=664;PIRM=592;PIRL=255;PIRH=803;
SQNR=40620;DATE=24-08-14;TIME=11:17:00;STAT=201212;TMPA=26;TMPP=260;TMPB=22;TMPC=25;RHUA=62;DWPA=18;PTYP=1;PNAM=MS-80SH;PIRA=786;PIRP=752;PIRM=669;PIRL=255;PIRH=803;
SQNR=40635;DATE=24-08-14;TIME=11:17:15;STAT=201212;TMPA=26;TMPP=260;TMPB=22;TMPC=25;RHUA=61;DWPA=18;PTYP=1;PNAM=MS-80SH;PIRA=667;PIRP=766;PIRM=698;PIRL=255;PIRH=803;
SQNR=40650;DATE=24-08-14;TIME=11:17:30;STAT=201212;TMPA=26;TMPP=260;TMPB=22;TMPC=25;RHUA=63;DWPA=18;PTYP=1;PNAM=MS-80SH;PIRA=455;PIRP=653;PIRM=638;PIRL=255;PIRH=803;
SQNR=40665;DATE=24-08-14;TIME=11:17:45;STAT=201212;TMPA=26;TMPP=260;TMPB=22;TMPC=25;RHUA=65;DWPA=19;PTYP=1;PNAM=MS-80SH;PIRA=545;PIRP=545;PIRM=598;PIRL=255;PIRH=803;
SQNR=40680;DATE=24-08-14;TIME=11:18:00;STAT=201212;TMPA=26;TMPP=260;TMPB=22;TMPC=25;RHUA=62;DWPA=18;PTYP=1;PNAM=MS-80SH;PIRA=323;PIRP=471;PIRM=518;PIRL=255;PIRH=803;
SQNR=40695;DATE=24-08-14;TIME=11:18:15;STAT=201212;TMPA=25;TMPP=259;TMPB=22;TMPC=25;RHUA=63;DWPA=18;PTYP=1;PNAM=MS-80SH;PIRA=441;PIRP=404;PIRM=472;PIRL=255;PIRH=803;
SQNR=40710;DATE=24-08-14;TIME=11:18:30;STAT=201212;TMPA=26;TMPP=260;TMPB=22;TMPC=25;RHUA=63;DWPA=18;PTYP=1;PNAM=MS-80SH;PIRA=602;PIRP=459;PIRM=494;PIRL=255;PIRH=803;
SQNR=40725;DATE=24-08-14;TIME=11:18:45;STAT=201212;TMPA=26;TMPP=260;TMPB=22;TMPC=25;RHUA=65;DWPA=19;PTYP=1;PNAM=MS-80SH;PIRA=670;PIRP=574;PIRM=549;PIRL=255;PIRH=803;
SQNR=40740;DATE=24-08-14;TIME=11:19:00;STAT=201212;TMPA=26;TMPP=260;TMPB=23;TMPC=25;RHUA=63;DWPA=18;PTYP=1;PNAM=MS-80SH;PIRA=743;PIRP=679;PIRM=622;PIRL=255;PIRH=803;
SQNR=40755;DATE=24-08-14;TIME=11:19:15;STAT=201212;TMPA=26;TMPP=261;TMPB=23;TMPC=25;RHUA=63;DWPA=18;PTYP=1;PNAM=MS-80SH;PIRA=641;PIRP=725;PIRM=659;PIRL=255;PIRH=803;
SQNR=40770;DATE=24-08-14;TIME=11:19:30;STAT=201212;TMPA=26;TMPP=262;TMPB=23;TMPC=25;RHUA=62;DWPA=18;PTYP=1;PNAM=MS-80SH;PIRA=634;PIRP=666;PIRM=641;PIRL=255;PIRH=803;
SQNR=40785;DATE=24-08-14;TIME=11:19:45;STAT=201212;TMPA=26;TMPP=262;TMPB=23;TMPC=25;RHUA=61;DWPA=18;PTYP=1;PNAM=MS-80SH;PIRA=427;PIRP=592;PIRM=610;PIRL=255;PIRH=803;
SQNR=40800;DATE=24-08-14;TIME=11:20:00;STAT=201212;TMPA=26;TMPP=262;TMPB=23;TMPC=25;RHUA=61;DWPA=18;PTYP=1;PNAM=MS-80SH;PIRA=358;PIRP=455;PIRM=500;PIRL=255;PIRH=803;
C-----;?
V-----;SWVNR=2102190;SQNDL=40802;DATE=24-08-14;TIME=11:20:07;THTYP=85;TTEMP=15;TDEWP=5;IUFAN=800;ILFAN=5;IUHEA=3000;PYDEF=21;PYAVT=30;PYAVW=1;PYOST=0;MSDLY=15;FNDLY=30;OSTRG=3;DBGFL=0;ASIRE=0;DBGRE=0;MPPFL=-1;
SQNR=40815;DATE=24-08-14;TIME=11:20:15;STAT=201212;TMPA=26;TMPP=262;TMPB=23;TMPC=25;RHUA=61;DWPA=18;PTYP=1;PNAM=MS-80SH;PIRA=405;PIRP=357;PIRM=452;PIRL=255;PIRH=803;
SQNR=40830;DATE=24-08-14;TIME=11:20:30;STAT=201212;TMPA=26;TMPP=262;TMPB=23;TMPC=25;RHUA=62;DWPA=18;PTYP=1;PNAM=MS-80SH;PIRA=367;PIRP=360;PIRM=408;PIRL=255;PIRH=803;
SQNR=40845;DATE=24-08-14;TIME=11:20:45;STAT=201212;TMPA=26;TMPP=263;TMPB=23;TMPC=25;RHUA=61;DWPA=18;PTYP=1;PNAM=MS-80SH;PIRA=393;PIRP=386;PIRM=416;PIRL=255;PIRH=803;
SQNR=40860;DATE=24-08-14;TIME=11:21:00;STAT=201212;TMPA=26;TMPP=264;TMPB=23;TMPC=25;RHUA=63;DWPA=18;PTYP=1;PNAM=MS-80SH;PIRA=683;PIRP=473;PIRM=462;PIRL=255;PIRH=803;
SQNR=40875;DATE=24-08-14;TIME=11:21:15;STAT=201212;TMPA=26;TMPP=265;TMPB=23;TMPC=25;RHUA=63;DWPA=18;PTYP=1;PNAM=MS-80SH;PIRA=771;PIRP=629;PIRM=575;PIRL=255;PIRH=803;
SQNR=40890;DATE=24-08-14;TIME=11:21:30;STAT=201212;TMPA=26;TMPP=265;TMPB=23;TMPC=25;RHUA=60;DWPA=18;PTYP=1;PNAM=MS-80SH;PIRA=614;PIRP=723;PIRM=623;PIRL=255;PIRH=803;
SQNR=40905;DATE=24-08-14;TIME=11:21:45;STAT=201212;TMPA=26;TMPP=265;TMPB=23;TMPC=25;RHUA=60;DWPA=18;PTYP=1;PNAM=MS-80SH;PIRA=739;PIRP=694;PIRM=650;PIRL=255;PIRH=803;
SQNR=40920;DATE=24-08-14;TIME=11:22:00;STAT=201212;TMPA=26;TMPP=264;TMPB=22;TMPC=25;RHUA=60;DWPA=18;PTYP=1;PNAM=MS-80SH;PIRA=623;PIRP=678;PIRM=657;PIRL=255;PIRH=803;
SQNR=40935;DATE=24-08-14;TIME=11:22:15;STAT=201212;TMPA=26;TMPP=263;TMPB=22;TMPC=25;RHUA=60;DWPA=18;PTYP=1;PNAM=MS-80SH;PIRA=728;PIRP=677;PIRM=669;PIRL=255;PIRH=803;
SQNR=40950;DATE=24-08-14;TIME=11:22:30;STAT=201212;TMPA=26;TMPP=263;TMPB=22;TMPC=25;RHUA=61;DWPA=18;PTYP=1;PNAM=MS-80SH;PIRA=727;PIRP=689;PIRM=680;PIRL=255;PIRH=803;
SQNR=40965;DATE=24-08-14;TIME=11:22:45;STAT=201212;TMPA=26;TMPP=263;TMPB=22;TMPC=25;RHUA=62;DWPA=18;PTYP=1;PNAM=MS-80SH;PIRA=754;PIRP=721;PIRM=707;PIRL=255;PIRH=803;
SQNR=40980;DATE=24-08-14;TIME=11:23:00;STAT=201212;TMPA=26;TMPP=263;TMPB=22;TMPC=25;RHUA=65;DWPA=19;PTYP=1;PNAM=MS-80SH;PIRA=751;PIRP=750;PIRM=725;PIRL=255;PIRH=803;
SQNR=40995;DATE=24-08-14;TIME=11:23:15;STAT=201212;TMPA=26;TMPP=263;TMPB=22;TMPC=25;RHUA=62;DWPA=18;PTYP=1;PNAM=MS-80SH;PIRA=743;PIRP=749;PIRM=733;PIRL=255;PIRH=803;
SQNR=41010;DATE=24-08-14;TIME=11:23:30;STAT=201212;TMPA=26;TMPP=263;TMPB=23;TMPC=25;RHUA=61;DWPA=18;PTYP=1;PNAM=MS-80SH;PIRA=740;PIRP=744;PIRM=737;PIRL=255;PIRH=803;
SQNR=41025;DATE=24-08-14;TIME=11:23:45;STAT=201212;TMPA=26;TMPP=263;TMPB=22;TMPC=25;RHUA=61;DWPA=18;PTYP=1;PNAM=MS-80SH;PIRA=743;PIRP=743;PIRM=740;PIRL=255;PIRH=803;
SQNR=41040;DATE=24-08-14;TIME=11:24:00;STAT=201212;TMPA=26;TMPP=263;TMPB=22;TMPC=25;RHUA=61;DWPA=18;PTYP=1;PNAM=MS-80SH;PIRA=741;PIRP=743;PIRM=741;PIRL=255;PIRH=803;
SQNR=41055;DATE=24-08-14;TIME=11:24:15;STAT=201212;TMPA=26;TMPP=263;TMPB=22;TMPC=25;RHUA=61;DWPA=18;PTYP=1;PNAM=MS-80SH;PIRA=741;PIRP=742;PIRM=741;PIRL=255;PIRH=803;
SQNR=41070;DATE=24-08-14;TIME=11:24:30;STAT=201212;TMPA=26;TMPP=262;TMPB=22;TMPC=25;RHUA=61;DWPA=18;PTYP=1;PNAM=MS-80SH;PIRA=738;PIRP=739;PIRM=739;PIRL=255;PIRH=803;
SQNR=41085;DATE=24-08-14;TIME=11:24:45;STAT=201212;TMPA=26;TMPP=262;TMPB=22;TMPC=25;RHUA=60;DWPA=18;PTYP=1;PNAM=MS-80SH;PIRA=736;PIRP=736;PIRM=737;PIRL=255;PIRH=803;
SQNR=41100;DATE=24-08-14;TIME=11:25:00;STAT=201212;TMPA=26;TMPP=262;TMPB=22;TMPC=25;RHUA=61;DWPA=18;PTYP=1;PNAM=MS-80SH;PIRA=737;PIRP=735;PIRM=737;PIRL=255;PIRH=803;
C-----;?
V-----;SWVNR=2102190;SQNDL=41102;DATE=24-08-14;TIME=11:25:07;THTYP=85;TTEMP=15;TDEWP=5;IUFAN=800;ILFAN=5;IUHEA=3000;PYDEF=21;PYAVT=30;PYAVW=1;PYOST=0;MSDLY=15;FNDLY=30;OSTRG=3;DBGFL=0;ASIRE=0;DBGRE=0;MPPFL=-1;
SQNR=41115;DATE=24-08-14;TIME=11:25:15;STAT=201212;TMPA=26;TMPP=262;TMPB=22;TMPC=25;RHUA=62;DWPA=18;PTYP=1;PNAM=MS-80SH;PIRA=737;PIRP=736;PIRM=737;PIRL=255;PIRH=803;
SQNR=41130;DATE=24-08-14;TIME=11:25:30;STAT=201212;TMPA=26;TMPP=262;TMPB=23;TMPC=25;RHUA=62;DWPA=18;PTYP=1;PNAM=MS-80SH;PIRA=735;PIRP=736;PIRM=736;PIRL=255;PIRH=803;
SQNR=41145;DATE=24-08-14;TIME=11:25:45;STAT=201212;TMPA=26;TMPP=263;TMPB=23;TMPC=25;RHUA=64;DWPA=19;PTYP=1;PNAM=MS-80SH;PIRA=736;PIRP=736;PIRM=736;PIRL=255;PIRH=803;
SQNR=41160;DATE=24-08-14;TIME=11:26:00;STAT=201212;TMPA=26;TMPP=263;TMPB=23;TMPC=25;RHUA=62;DWPA=18;PTYP=1;PNAM=MS-80SH;PIRA=736;PIRP=736;PIRM=736;PIRL=255;PIRH=803;
SQNR=41175;DATE=24-08-14;TIME=11:26:15;STAT=201212;TMPA=26;TMPP=264;TMPB=23;TMPC=25;RHUA=62;DWPA=18;PTYP=1;PNAM=MS-80SH;PIRA=736;PIRP=736;PIRM=736;PIRL=255;PIRH=803;
SQNR=41190;DATE=24-08-14;TIME=11:26:30;STAT=201212;TMPA=26;TMPP=264;TMPB=23;TMPC=25;RHUA=63;DWPA=18;PTYP=1;PNAM=MS-80SH;PIRA=737;PIRP=736;PIRM=736;PIRL=255;PIRH=803;
SQNR=41205;DATE=24-08-14;TIME=11:26:45;STAT=201212;TMPA=26;TMPP=265;TMPB=23;TMPC=25;RHUA=62;DWPA=18;PTYP=1;PNAM=MS-80SH;PIRA=738;PIRP=737;PIRM=737;PIRL=255;PIRH=803;
SQNR=41220;DATE=24-08-14;TIME=11:27:00;STAT=201212;TMPA=26;TMPP=265;TMPB=23;TMPC=25;RHUA=60;DWPA=18;PTYP=1;PNAM=MS-80SH;PIRA=739;PIRP=738;PIRM=738;PIRL=255;PIRH=803;
SQNR=41235;DATE=24-08-14;TIME=11:27:15;STAT=201212;TMPA=26;TMPP=265;TMPB=23;TMPC=25;RHUA=61;DWPA=18;PTYP=1;PNAM=MS-80SH;PIRA=740;PIRP=739;PIRM=739;PIRL=255;PIRH=803;
SQNR=41250;DATE=24-08-14;TIME=11:27:30;STAT=201212;TMPA=26;TMPP=265;TMPB=23;TMPC=25;RHUA=62;DWPA=18;PTYP=1;PNAM=MS-80SH;PIRA=740;PIRP=740;PIRM=739;PIRL=255;PIRH=803;
SQNR=41265;DATE=24-08-14;TIME=11:27:45;STAT=201212;TMPA=26;TMPP=265;TMPB=23;TMPC=25;RHUA=62;DWPA=18;PTYP=1;PNAM=MS-80SH;PIRA=741;PIRP=740;PIRM=740;PIRL=255;PIRH=803;
SQNR=41280;DATE=24-08-14;TIME=11:28:00;STAT=201212;TMPA=26;TMPP=265;TMPB=23;TMPC=25;RHUA=62;DWPA=18;PTYP=1;PNAM=MS-80SH;PIRA=741;PIRP=741;PIRM=740;PIRL=255;PIRH=803;
SQNR=41295;DATE=24-08-14;TIME=11:28:15;STAT=201212;TMPA=26;TMPP=265;TMPB=23;TMPC=25;RHUA=61;DWPA=18;PTYP=1;PNAM=MS-80SH;PIRA=741;PIRP=741;PIRM=740;PIRL=255;PIRH=803;
SQNR=41310;DATE=24-08-14;TIME=11:28:30;STAT=201212;TMPA=26;TMPP=265;TMPB=23;TMPC=25;RHUA=62;DWPA=18;PTYP=1;PNAM=MS-80SH;PIRA=740;PIRP=741;PIRM=741;PIRL=255;PIRH=803;
SQNR=41325;DATE=24-08-14;TIME=11:28:45;STAT=201212;TMPA=26;TMPP=265;TMPB=23;TMPC=25;RHUA=62;DWPA=18;PTYP=1;PNAM=MS-80SH;PIRA=741;PIRP=741;PIRM=741;PIRL=255;PIRH=803;
SQNR=41340;DATE=24-08-14;TIME=11:29:00;STAT=201212;TMPA=26;TMPP=265;TMPB=23;TMPC=25;RHUA=62;DWPA=18;PTYP=1;PNAM=MS-80SH;PIRA=743;PIRP=742;PIRM=741;PIRL=255;PIRH=803;
SQNR=41355;DATE=24-08-14;TIME=11:29:15;STAT=201212;TMPA=26;TMPP=265;TMPB=23;TMPC=25;RHUA=60;DWPA=18;PTYP=1;PNAM=MS-80SH;PIRA=744;PIRP=743;PIRM=742;PIRL=255;PIRH=803;
SQNR=41370;DATE=24-08-14;TIME=11:29:30;STAT=201212;TMPA=26;TMPP=265;TMPB=23;TMPC=25;RHUA=60;DWPA=18;PTYP=1;PNAM=MS-80SH;PIRA=744;PIRP=744;PIRM=743;PIRL=255;PIRH=803;
SQNR=41385;DATE=24-08-14;TIME=11:29:45;STAT=201212;TMPA=26;TMPP=265;TMPB=23;TMPC=25;RHUA=60;DWPA=18;PTYP=1;PNAM=MS-80SH;PIRA=746;PIRP=745;PIRM=744;PIRL=255;PIRH=803;
C-----;?
SQNR=41400;DATE=24-08-14;TIME=11:30:00;STAT=201212;TMPA=26;TMPP=265;TMPB=23;TMPC=25;RHUA=61;DWPA=18;PTYP=1;PNAM=MS-80SH;PIRA=744;PIRP=745;PIRM=745;PIRL=255;PIRH=803;
V-----;SWVNR=2102190;SQNDL=41401;DATE=24-08-14;TIME=11:30:06;THTYP=85;TTEMP=15;TDEWP=5;IUFAN=800;ILFAN=5;IUHEA=3000;PYDEF=21;PYAVT=30;PYAVW=1;PYOST=0;MSDLY=15;FNDLY=30;OSTRG=3;DBGFL=0;ASIRE=0;DBGRE=0;MPPFL=-1;
SQNR=41415;DATE=24-08-14;TIME=11:30:15;STAT=201212;TMPA=26;TMPP=264;TMPB=23;TMPC=25;RHUA=60;DWPA=18;PTYP=1;PNAM=MS-80SH;PIRA=744;PIRP=745;PIRM=745;PIRL=255;PIRH=803;
SQNR=41430;DATE=24-08-14;TIME=11:30:30;STAT=201212;TMPA=26;TMPP=265;TMPB=23;TMPC=25;RHUA=61;DWPA=18;PTYP=1;PNAM=MS-80SH;PIRA=746;PIRP=745;PIRM=745;PIRL=255;PIRH=803;
SQNR=41445;DATE=24-08-14;TIME=11:30:45;STAT=201212;TMPA=26;TMPP=264;TMPB=23;TMPC=25;RHUA=61;DWPA=18;PTYP=1;PNAM=MS-80SH;PIRA=746;PIRP=746;PIRM=745;PIRL=255;PIRH=803;
SQNR=41460;DATE=24-08-14;TIME=11:31:00;STAT=201212;TMPA=26;TMPP=265;TMPB=23;TMPC=25;RHUA=60;DWPA=18;PTYP=1;PNAM=MS-80SH;PIRA=749;PIRP=747;PIRM=746;PIRL=255;PIRH=803;
SQNR=41475;DATE=24-08-14;TIME=11:31:15;STAT=201212;TMPA=26;TMPP=265;TMPB=23;TMPC=25;RHUA=60;DWPA=18;PTYP=1;PNAM=MS-80SH;PIRA=747;PIRP=748;PIRM=747;PIRL=255;PIRH=803;
SQNR=41490;DATE=24-08-14;TIME=11:31:30;STAT=201212;TMPA=26;TMPP=265;TMPB=23;TMPC=25;RHUA=60;DWPA=18;PTYP=1;PNAM=MS-80SH;PIRA=749;PIRP=748;PIRM=747;PIRL=255;PIRH=803;
SQNR=41505;DATE=24-08-14;TIME=11:31:45;STAT=201212;TMPA=26;TMPP=265;TMPB=23;TMPC=25;RHUA=60;DWPA=18;PTYP=1;PNAM=MS-80SH;PIRA=750;PIRP=749;PIRM=748;PIRL=255;PIRH=803;
SQNR=41520;DATE=24-08-14;TIME=11:32:00;STAT=201212;TMPA=26;TMPP=265;TMPB=23;TMPC=25;RHUA=61;DWPA=18;PTYP=1;PNAM=MS-80SH;PIRA=750;PIRP=750;PIRM=749;PIRL=255;PIRH=803;
SQNR=41535;DATE=24-08-14;TIME=11:32:15;STAT=201212;TMPA=26;TMPP=265;TMPB=23;TMPC=25;RHUA=62;DWPA=18;PTYP=1;PNAM=MS-80SH;PIRA=752;PIRP=751;PIRM=750;PIRL=255;PIRH=803;
SQNR=41550;DATE=24-08-14;TIME=11:32:30;STAT=201212;TMPA=26;TMPP=266;TMPB=23;TMPC=25;RHUA=61;DWPA=18;PTYP=1;PNAM=MS-80SH;PIRA=754;PIRP=752;PIRM=751;PIRL=255;PIRH=803;
SQNR=41565;DATE=24-08-14;TIME=11:32:45;STAT=201212;TMPA=26;TMPP=266;TMPB=23;TMPC=25;RHUA=61;DWPA=18;PTYP=1;PNAM=MS-80SH;PIRA=754;PIRP=754;PIRM=752;PIRL=255;PIRH=803;
SQNR=41580;DATE=24-08-14;TIME=11:33:00;STAT=201212;TMPA=26;TMPP=267;TMPB=23;TMPC=25;RHUA=61;DWPA=18;PTYP=1;PNAM=MS-80SH;PIRA=756;PIRP=754;PIRM=753;PIRL=255;PIRH=803;
SQNR=41595;DATE=24-08-14;TIME=11:33:15;STAT=201212;TMPA=26;TMPP=267;TMPB=23;TMPC=25;RHUA=61;DWPA=18;PTYP=1;PNAM=MS-80SH;PIRA=758;PIRP=755;PIRM=754;PIRL=255;PIRH=803;
SQNR=41610;DATE=24-08-14;TIME=11:33:30;STAT=201212;TMPA=26;TMPP=268;TMPB=23;TMPC=25;RHUA=63;DWPA=19;PTYP=1;PNAM=MS-80SH;PIRA=761;PIRP=758;PIRM=757;PIRL=255;PIRH=803;
SQNR=41625;DATE=24-08-14;TIME=11:33:45;STAT=201212;TMPA=26;TMPP=268;TMPB=23;TMPC=25;RHUA=64;DWPA=19;PTYP=1;PNAM=MS-80SH;PIRA=763;PIRP=761;PIRM=759;PIRL=255;PIRH=803;
SQNR=41640;DATE=24-08-14;TIME=11:34:00;STAT=201212;TMPA=26;TMPP=269;TMPB=23;TMPC=25;RHUA=62;DWPA=19;PTYP=1;PNAM=MS-80SH;PIRA=766;PIRP=763;PIRM=761;PIRL=255;PIRH=803;
SQNR=41655;DATE=24-08-14;TIME=11:34:15;STAT=201212;TMPA=26;TMPP=269;TMPB=23;TMPC=25;RHUA=61;DWPA=18;PTYP=1;PNAM=MS-80SH;PIRA=768;PIRP=766;PIRM=763;PIRL=255;PIRH=803;
SQNR=41670;DATE=24-08-14;TIME=11:34:30;STAT=201212;TMPA=26;TMPP=269;TMPB=23;TMPC=26;RHUA=59;DWPA=18;PTYP=1;PNAM=MS-80SH;PIRA=770;PIRP=768;PIRM=766;PIRL=255;PIRH=803;
SQNR=41685;DATE=24-08-14;TIME=11:34:45;STAT=201212;TMPA=26;TMPP=269;TMPB=23;TMPC=26;RHUA=60;DWPA=18;PTYP=1;PNAM=MS-80SH;PIRA=769;PIRP=769;PIRM=767;PIRL=255;PIRH=803;
SQNR=41700;DATE=24-08-14;TIME=11:35:00;STAT=201212;TMPA=26;TMPP=269;TMPB=23;TMPC=26;RHUA=62;DWPA=19;PTYP=1;PNAM=MS-80SH;PIRA=769;PIRP=769;PIRM=768;PIRL=255;PIRH=803;
C-----;?
V-----;SWVNR=2102190;SQNDL=41701;DATE=24-08-14;TIME=11:35:06;THTYP=85;TTEMP=15;TDEWP=5;IUFAN=800;ILFAN=5;IUHEA=3000;PYDEF=21;PYAVT=30;PYAVW=1;PYOST=0;MSDLY=15;FNDLY=30;OSTRG=3;DBGFL=0;ASIRE=0;DBGRE=0;MPPFL=-1;
SQNR=41715;DATE=24-08-14;TIME=11:35:15;STAT=201212;TMPA=26;TMPP=269;TMPB=23;TMPC=26;RHUA=63;DWPA=19;PTYP=1;PNAM=MS-80SH;PIRA=772;PIRP=770;PIRM=769;PIRL=255;PIRH=803;
SQNR=41730;DATE=24-08-14;TIME=11:35:30;STAT=201212;TMPA=26;TMPP=269;TMPB=23;TMPC=26;RHUA=60;DWPA=18;PTYP=1;PNAM=MS-80SH;PIRA=773;PIRP=772;PIRM=771;PIRL=255;PIRH=803;
SQNR=41745;DATE=24-08-14;TIME=11:35:45;STAT=201212;TMPA=27;TMPP=270;TMPB=23;TMPC=26;RHUA=60;DWPA=18;PTYP=1;PNAM=MS-80SH;PIRA=773;PIRP=773;PIRM=771;PIRL=255;PIRH=803;
SQNR=41760;DATE=24-08-14;TIME=11:36:00;STAT=201212;TMPA=27;TMPP=271;TMPB=23;TMPC=26;RHUA=60;DWPA=18;PTYP=1;PNAM=MS-80SH;PIRA=774;PIRP=773;PIRM=772;PIRL=255;PIRH=803;
SQNR=41775;DATE=24-08-14;TIME=11:36:15;STAT=201212;TMPA=27;TMPP=271;TMPB=23;TMPC=26;RHUA=59;DWPA=18;PTYP=1;PNAM=MS-80SH;PIRA=776;PIRP=774;PIRM=774;PIRL=255;PIRH=803;
SQNR=41790;DATE=24-08-14;TIME=11:36:30;STAT=201212;TMPA=27;TMPP=272;TMPB=23;TMPC=26;RHUA=59;DWPA=18;PTYP=1;PNAM=MS-80SH;PIRA=780;PIRP=777;PIRM=776;PIRL=255;PIRH=803;
SQNR=41805;DATE=24-08-14;TIME=11:36:45;STAT=201212;TMPA=27;TMPP=273;TMPB=24;TMPC=26;RHUA=61;DWPA=19;PTYP=1;PNAM=MS-80SH;PIRA=782;PIRP=780;PIRM=778;PIRL=255;PIRH=803;
SQNR=41820;DATE=24-08-14;TIME=11:37:00;STAT=201212;TMPA=27;TMPP=275;TMPB=24;TMPC=26;RHUA=58;DWPA=18;PTYP=1;PNAM=MS-80SH;PIRA=784;PIRP=783;PIRM=781;PIRL=255;PIRH=803;
SQNR=41835;DATE=24-08-14;TIME=11:37:15;STAT=201212;TMPA=27;TMPP=276;TMPB=24;TMPC=26;RHUA=60;DWPA=19;PTYP=1;PNAM=MS-80SH;PIRA=786;PIRP=784;PIRM=782;PIRL=255;PIRH=803;
SQNR=41850;DATE=24-08-14;TIME=11:37:30;STAT=201212;TMPA=27;TMPP=277;TMPB=24;TMPC=26;RHUA=56;DWPA=18;PTYP=1;PNAM=MS-80SH;PIRA=789;PIRP=786;PIRM=784;PIRL=255;PIRH=803;
SQNR=41865;DATE=24-08-14;TIME=11:37:45;STAT=201212;TMPA=27;TMPP=277;TMPB=24;TMPC=26;RHUA=56;DWPA=18;PTYP=1;PNAM=MS-80SH;PIRA=789;PIRP=788;PIRM=786;PIRL=255;PIRH=803;
SQNR=41880;DATE=24-08-14;TIME=11:38:00;STAT=201212;TMPA=27;TMPP=278;TMPB=24;TMPC=26;RHUA=58;DWPA=18;PTYP=1;PNAM=MS-80SH;PIRA=789;PIRP=789;PIRM=787;PIRL=255;PIRH=803;
SQNR=41895;DATE=24-08-14;TIME=11:38:15;STAT=201212;TMPA=27;TMPP=278;TMPB=24;TMPC=26;RHUA=57;DWPA=18;PTYP=1;PNAM=MS-80SH;PIRA=794;PIRP=790;PIRM=789;PIRL=255;PIRH=803;
SQNR=41910;DATE=24-08-14;TIME=11:38:30;STAT=201212;TMPA=27;TMPP=277;TMPB=23;TMPC=26;RHUA=57;DWPA=18;PTYP=1;PNAM=MS-80SH;PIRA=793;PIRP=793;PIRM=791;PIRL=255;PIRH=803;
SQNR=41925;DATE=24-08-14;TIME=11:38:45;STAT=201212;TMPA=27;TMPP=277;TMPB=23;TMPC=26;RHUA=57;DWPA=18;PTYP=1;PNAM=MS-80SH;PIRA=795;PIRP=794;PIRM=792;PIRL=255;PIRH=803;
SQNR=41940;DATE=24-08-14;TIME=11:39:00;STAT=201212;TMPA=27;TMPP=276;TMPB=24;TMPC=26;RHUA=57;DWPA=18;PTYP=1;PNAM=MS-80SH;PIRA=793;PIRP=794;PIRM=793;PIRL=255;PIRH=803;
SQNR=41955;DATE=24-08-14;TIME=11:39:15;STAT=201212;TMPA=27;TMPP=276;TMPB=24;TMPC=26;RHUA=57;DWPA=18;PTYP=1;PNAM=MS-80SH;PIRA=790;PIRP=793;PIRM=793;PIRL=255;PIRH=803;
SQNR=41970;DATE=24-08-14;TIME=11:39:30;STAT=201212;TMPA=27;TMPP=277;TMPB=24;TMPC=26;RHUA=58;DWPA=18;PTYP=1;PNAM=MS-80SH;PIRA=793;PIRP=792;PIRM=792;PIRL=255;PIRH=803;
SQNR=41985;DATE=24-08-14;TIME=11:39:45;STAT=201212;TMPA=27;TMPP=278;TMPB=24;TMPC=26;RHUA=57;DWPA=18;PTYP=1;PNAM=MS-80SH;PIRA=795;PIRP=793;PIRM=793;PIRL=255;PIRH=803;
SQNR=42000;DATE=24-08-14;TIME=11:40:00;STAT=201212;TMPA=28;TMPP=280;TMPB=25;TMPC=26;RHUA=58;DWPA=19;PTYP=1;PNAM=MS-80SH;PIRA=795;PIRP=795;PIRM=794;PIRL=255;PIRH=803;
C-----;?
V-----;SWVNR=2102190;SQNDL=42002;DATE=24-08-14;TIME=11:40:07;THTYP=85;TTEMP=15;TDEWP=5;IUFAN=800;ILFAN=5;IUHEA=3000;PYDEF=21;PYAVT=30;PYAVW=1;PYOST=0;MSDLY=15;FNDLY=30;OSTRG=3;DBGFL=0;ASIRE=0;DBGRE=0;MPPFL=-1;
SQNR=42015;DATE=24-08-14;TIME=11:40:15;STAT=201212;TMPA=28;TMPP=281;TMPB=25;TMPC=26;RHUA=56;DWPA=18;PTYP=1;PNAM=MS-80SH;PIRA=797;PIRP=795;PIRM=795;PIRL=255;PIRH=803;
SQNR=42030;DATE=24-08-14;TIME=11:40:30;STAT=201212;TMPA=28;TMPP=283;TMPB=25;TMPC=26;RHUA=57;DWPA=19;PTYP=1;PNAM=MS-80SH;PIRA=797;PIRP=796;PIRM=795;PIRL=255;PIRH=803;
SQNR=42045;DATE=24-08-14;TIME=11:40:45;STAT=201212;TMPA=28;TMPP=285;TMPB=25;TMPC=26;RHUA=57;DWPA=19;PTYP=1;PNAM=MS-80SH;PIRA=798;PIRP=797;PIRM=796;PIRL=255;PIRH=803;
SQNR=42060;DATE=24-08-14;TIME=11:41:00;STAT=201212;TMPA=28;TMPP=286;TMPB=25;TMPC=26;RHUA=58;DWPA=19;PTYP=1;PNAM=MS-80SH;PIRA=798;PIRP=798;PIRM=797;PIRL=255;PIRH=803;
SQNR=42075;DATE=24-08-14;TIME=11:41:15;STAT=201212;TMPA=28;TMPP=287;TMPB=24;TMPC=26;RHUA=59;DWPA=20;PTYP=1;PNAM=MS-80SH;PIRA=801;PIRP=798;PIRM=798;PIRL=255;PIRH=803;
SQNR=42090;DATE=24-08-14;TIME=11:41:30;STAT=201212;TMPA=28;TMPP=287;TMPB=24;TMPC=26;RHUA=58;DWPA=19;PTYP=1;PNAM=MS-80SH;PIRA=801;PIRP=800;PIRM=799;PIRL=255;PIRH=803;
SQNR=42105;DATE=24-08-14;TIME=11:41:45;STAT=201212;TMPA=28;TMPP=286;TMPB=24;TMPC=26;RHUA=56;DWPA=19;PTYP=1;PNAM=MS-80SH;PIRA=805;PIRP=802;PIRM=801;PIRL=255;PIRH=806;
SQNR=42120;DATE=24-08-14;TIME=11:42:00;STAT=201212;TMPA=28;TMPP=284;TMPB=24;TMPC=26;RHUA=54;DWPA=18;PTYP=1;PNAM=MS-80SH;PIRA=806;PIRP=805;PIRM=803;PIRL=255;PIRH=806;
SQNR=42135;DATE=24-08-14;TIME=11:42:15;STAT=201212;TMPA=28;TMPP=283;TMPB=24;TMPC=26;RHUA=56;DWPA=18;PTYP=1;PNAM=MS-80SH;PIRA=805;PIRP=805;PIRM=804;PIRL=255;PIRH=806;
SQNR=42150;DATE=24-08-14;TIME=11:42:30;STAT=201212;TMPA=28;TMPP=281;TMPB=24;TMPC=26;RHUA=57;DWPA=19;PTYP=1;PNAM=MS-80SH;PIRA=807;PIRP=806;PIRM=805;PIRL=255;PIRH=807;
SQNR=42165;DATE=24-08-14;TIME=11:42:45;STAT=201212;TMPA=28;TMPP=280;TMPB=24;TMPC=26;RHUA=57;DWPA=18;PTYP=1;PNAM=MS-80SH;PIRA=810;PIRP=807;PIRM=806;PIRL=255;PIRH=811;
SQNR=42180;DATE=24-08-14;TIME=11:43:00;STAT=201212;TMPA=28;TMPP=280;TMPB=24;TMPC=26;RHUA=58;DWPA=19;PTYP=1;PNAM=MS-80SH;PIRA=812;PIRP=810;PIRM=808;PIRL=255;PIRH=813;
SQNR=42195;DATE=24-08-14;TIME=11:43:15;STAT=201212;TMPA=27;TMPP=279;TMPB=24;TMPC=26;RHUA=58;DWPA=18;PTYP=1;PNAM=MS-80SH;PIRA=814;PIRP=812;PIRM=810;PIRL=255;PIRH=814;
SQNR=42210;DATE=24-08-14;TIME=11:43:30;STAT=201212;TMPA=27;TMPP=278;TMPB=24;TMPC=26;RHUA=56;DWPA=18;PTYP=1;PNAM=MS-80SH;PIRA=814;PIRP=813;PIRM=812;PIRL=255;PIRH=814;
SQNR=42225;DATE=24-08-14;TIME=11:43:45;STAT=201212;TMPA=27;TMPP=277;TMPB=24;TMPC=26;RHUA=57;DWPA=18;PTYP=1;PNAM=MS-80SH;PIRA=816;PIRP=814;PIRM=813;PIRL=255;PIRH=817;
SQNR=42240;DATE=24-08-14;TIME=11:44:00;STAT=201212;TMPA=27;TMPP=277;TMPB=24;TMPC=26;RHUA=57;DWPA=18;PTYP=1;PNAM=MS-80SH;PIRA=815;PIRP=816;PIRM=814;PIRL=255;PIRH=817;
SQNR=42255;DATE=24-08-14;TIME=11:44:15;STAT=201212;TMPA=27;TMPP=277;TMPB=24;TMPC=26;RHUA=56;DWPA=18;PTYP=1;PNAM=MS-80SH;PIRA=816;PIRP=816;PIRM=815;PIRL=255;PIRH=817;
SQNR=42270;DATE=24-08-14;TIME=11:44:30;STAT=201212;TMPA=27;TMPP=276;TMPB=24;TMPC=26;RHUA=57;DWPA=18;PTYP=1;PNAM=MS-80SH;PIRA=818;PIRP=817;PIRM=816;PIRL=255;PIRH=819;
SQNR=42285;DATE=24-08-14;TIME=11:44:45;STAT=201212;TMPA=27;TMPP=276;TMPB=24;TMPC=26;RHUA=60;DWPA=19;PTYP=1;PNAM=MS-80SH;PIRA=822;PIRP=819;PIRM=818;PIRL=255;PIRH=823;
SQNR=42300;DATE=24-08-14;TIME=11:45:00;STAT=201212;TMPA=27;TMPP=275;TMPB=24;TMPC=26;RHUA=58;DWPA=18;PTYP=1;PNAM=MS-80SH;PIRA=825;PIRP=822;PIRM=820;PIRL=255;PIRH=825;
C-----;?
V-----;SWVNR=2102190;SQNDL=42302;DATE=24-08-14;TIME=11:45:07;THTYP=85;TTEMP=15;TDEWP=5;IUFAN=800;ILFAN=5;IUHEA=3000;PYDEF=21;PYAVT=30;PYAVW=1;PYOST=0;MSDLY=15;FNDLY=30;OSTRG=3;DBGFL=0;ASIRE=0;DBGRE=0;MPPFL=-1;
SQNR=42315;DATE=24-08-14;TIME=11:45:15;STAT=201212;TMPA=27;TMPP=275;TMPB=24;TMPC=26;RHUA=58;DWPA=18;PTYP=1;PNAM=MS-80SH;PIRA=827;PIRP=825;PIRM=823;PIRL=255;PIRH=827;
SQNR=42330;DATE=24-08-14;TIME=11:45:30;STAT=201212;TMPA=27;TMPP=275;TMPB=24;TMPC=26;RHUA=58;DWPA=18;PTYP=1;PNAM=MS-80SH;PIRA=830;PIRP=827;PIRM=825;PIRL=255;PIRH=830;
SQNR=42345;DATE=24-08-14;TIME=11:45:45;STAT=201212;TMPA=27;TMPP=274;TMPB=23;TMPC=26;RHUA=56;DWPA=18;PTYP=1;PNAM=MS-80SH;PIRA=836;PIRP=831;PIRM=828;PIRL=255;PIRH=836;
SQNR=42360;DATE=24-08-14;TIME=11:46:00;STAT=201212;TMPA=27;TMPP=274;TMPB=23;TMPC=26;RHUA=56;DWPA=18;PTYP=1;PNAM=MS-80SH;PIRA=836;PIRP=834;PIRM=831;PIRL=255;PIRH=836;
SQNR=42375;DATE=24-08-14;TIME=11:46:15;STAT=201212;TMPA=27;TMPP=273;TMPB=23;TMPC=26;RHUA=57;DWPA=18;PTYP=1;PNAM=MS-80SH;PIRA=839;PIRP=836;PIRM=834;PIRL=255;PIRH=839;
SQNR=42390;DATE=24-08-14;TIME=11:46:30;STAT=201212;TMPA=27;TMPP=273;TMPB=23;TMPC=26;RHUA=57;DWPA=18;PTYP=1;PNAM=MS-80SH;PIRA=843;PIRP=839;PIRM=837;PIRL=255;PIRH=843;
SQNR=42405;DATE=24-08-14;TIME=11:46:45;STAT=201212;TMPA=27;TMPP=273;TMPB=23;TMPC=26;RHUA=57;DWPA=18;PTYP=1;PNAM=MS-80SH;PIRA=847;PIRP=843;PIRM=840;PIRL=255;PIRH=847;
SQNR=42420;DATE=24-08-14;TIME=11:47:00;STAT=201212;TMPA=27;TMPP=272;TMPB=23;TMPC=26;RHUA=58;DWPA=18;PTYP=1;PNAM=MS-80SH;PIRA=851;PIRP=847;PIRM=844;PIRL=255;PIRH=851;
SQNR=42435;DATE=24-08-14;TIME=11:47:15;STAT=201212;TMPA=27;TMPP=272;TMPB=23;TMPC=26;RHUA=57;DWPA=18;PTYP=1;PNAM=MS-80SH;PIRA=855;PIRP=852;PIRM=848;PIRL=255;PIRH=855;
SQNR=42450;DATE=24-08-14;TIME=11:47:30;STAT=201212;TMPA=27;TMPP=272;TMPB=23;TMPC=26;RHUA=58;DWPA=18;PTYP=1;PNAM=MS-80SH;PIRA=856;PIRP=855;PIRM=851;PIRL=255;PIRH=857;
SQNR=42465;DATE=24-08-14;TIME=11:47:45;STAT=201212;TMPA=27;TMPP=272;TMPB=23;TMPC=26;RHUA=58;DWPA=18;PTYP=1;PNAM=MS-80SH;PIRA=862;PIRP=857;PIRM=854;PIRL=255;PIRH=862;
SQNR=42480;DATE=24-08-14;TIME=11:48:00;STAT=201212;TMPA=27;TMPP=272;TMPB=24;TMPC=26;RHUA=59;DWPA=18;PTYP=1;PNAM=MS-80SH;PIRA=862;PIRP=860;PIRM=857;PIRL=255;PIRH=863;
SQNR=42495;DATE=24-08-14;TIME=11:48:15;STAT=201212;TMPA=27;TMPP=273;TMPB=24;TMPC=26;RHUA=60;DWPA=19;PTYP=1;PNAM=MS-80SH;PIRA=867;PIRP=864;PIRM=861;PIRL=255;PIRH=868;
SQNR=42510;DATE=24-08-14;TIME=11:48:30;STAT=201212;TMPA=27;TMPP=274;TMPB=24;TMPC=26;RHUA=60;DWPA=19;PTYP=1;PNAM=MS-80SH;PIRA=870;PIRP=867;PIRM=864;PIRL=255;PIRH=870;
SQNR=42525;DATE=24-08-14;TIME=11:48:45;STAT=201212;TMPA=27;TMPP=275;TMPB=24;TMPC=26;RHUA=60;DWPA=19;PTYP=1;PNAM=MS-80SH;PIRA=868;PIRP=868;PIRM=865;PIRL=255;PIRH=870;
SQNR=42540;DATE=24-08-14;TIME=11:49:00;STAT=201212;TMPA=27;TMPP=275;TMPB=24;TMPC=26;RHUA=57;DWPA=18;PTYP=1;PNAM=MS-80SH;PIRA=873;PIRP=870;PIRM=868;PIRL=255;PIRH=873;
SQNR=42555;DATE=24-08-14;TIME=11:49:15;STAT=201212;TMPA=27;TMPP=276;TMPB=24;TMPC=26;RHUA=58;DWPA=18;PTYP=1;PNAM=MS-80SH;PIRA=872;PIRP=872;PIRM=870;PIRL=255;PIRH=873;
SQNR=42570;DATE=24-08-14;TIME=11:49:30;STAT=201212;TMPA=27;TMPP=277;TMPB=24;TMPC=26;RHUA=58;DWPA=18;PTYP=1;PNAM=MS-80SH;PIRA=872;PIRP=872;PIRM=871;PIRL=255;PIRH=873;
SQNR=42585;DATE=24-08-14;TIME=11:49:45;STAT=201212;TMPA=27;TMPP=279;TMPB=24;TMPC=26;RHUA=57;DWPA=18;PTYP=1;PNAM=MS-80SH;PIRA=881;PIRP=874;PIRM=873;PIRL=255;PIRH=881;
SQNR=42600;DATE=24-08-14;TIME=11:50:00;STAT=201212;TMPA=28;TMPP=280;TMPB=24;TMPC=26;RHUA=59;DWPA=19;PTYP=1;PNAM=MS-80SH;PIRA=877;PIRP=880;PIRM=878;PIRL=255;PIRH=887;
C-----;?
V-----;SWVNR=2102190;SQNDL=42602;DATE=24-08-14;TIME=11:50:07;THTYP=85;TTEMP=15;TDEWP=5;IUFAN=800;ILFAN=5;IUHEA=3000;PYDEF=21;PYAVT=30;PYAVW=1;PYOST=0;MSDLY=15;FNDLY=30;OSTRG=3;DBGFL=0;ASIRE=0;DBGRE=0;MPPFL=-1;
SQNR=42615;DATE=24-08-14;TIME=11:50:15;STAT=201212;TMPA=28;TMPP=280;TMPB=24;TMPC=26;RHUA=57;DWPA=18;PTYP=1;PNAM=MS-80SH;PIRA=890;PIRP=883;PIRM=879;PIRL=255;PIRH=890;
SQNR=42630;DATE=24-08-14;TIME=11:50:30;STAT=201212;TMPA=28;TMPP=281;TMPB=25;TMPC=26;RHUA=58;DWPA=19;PTYP=1;PNAM=MS-80SH;PIRA=897;PIRP=888;PIRM=886;PIRL=255;PIRH=898;
SQNR=42645;DATE=24-08-14;TIME=11:50:45;STAT=201212;TMPA=28;TMPP=282;TMPB=25;TMPC=26;RHUA=56;DWPA=18;PTYP=1;PNAM=MS-80SH;PIRA=905;PIRP=898;PIRM=892;PIRL=255;PIRH=906;
SQNR=42660;DATE=24-08-14;TIME=11:51:00;STAT=201212;TMPA=28;TMPP=283;TMPB=25;TMPC=27;RHUA=60;DWPA=19;PTYP=1;PNAM=MS-80SH;PIRA=802;PIRP=892;PIRM=886;PIRL=255;PIRH=908;
SQNR=42675;DATE=24-08-14;TIME=11:51:15;STAT=201212;TMPA=28;TMPP=284;TMPB=25;TMPC=27;RHUA=55;DWPA=18;PTYP=1;PNAM=MS-80SH;PIRA=893;PIRP=869;PIRM=876;PIRL=255;PIRH=908;
SQNR=42690;DATE=24-08-14;TIME=11:51:30;STAT=201212;TMPA=28;TMPP=284;TMPB=25;TMPC=27;RHUA=55;DWPA=18;PTYP=1;PNAM=MS-80SH;PIRA=877;PIRP=871;PIRM=879;PIRL=255;PIRH=908;
SQNR=42705;DATE=24-08-14;TIME=11:51:45;STAT=201212;TMPA=28;TMPP=284;TMPB=25;TMPC=27;RHUA=57;DWPA=19;PTYP=1;PNAM=MS-80SH;PIRA=886;PIRP=876;PIRM=873;PIRL=255;PIRH=911;
SQNR=42720;DATE=24-08-14;TIME=11:52:00;STAT=201212;TMPA=28;TMPP=285;TMPB=25;TMPC=27;RHUA=56;DWPA=19;PTYP=1;PNAM=MS-80SH;PIRA=939;PIRP=886;PIRM=887;PIRL=255;PIRH=941;
SQNR=42735;DATE=24-08-14;TIME=11:52:15;STAT=201212;TMPA=28;TMPP=286;TMPB=25;TMPC=27;RHUA=55;DWPA=19;PTYP=1;PNAM=MS-80SH;PIRA=884;PIRP=882;PIRM=874;PIRL=255;PIRH=941;
SQNR=42750;DATE=24-08-14;TIME=11:52:30;STAT=201212;TMPA=28;TMPP=286;TMPB=25;TMPC=27;RHUA=55;DWPA=18;PTYP=1;PNAM=MS-80SH;PIRA=665;PIRP=836;PIRM=845;PIRL=255;PIRH=941;
SQNR=42765;DATE=24-08-14;TIME=11:52:45;STAT=201212;TMPA=28;TMPP=285;TMPB=25;TMPC=27;RHUA=54;DWPA=18;PTYP=1;PNAM=MS-80SH;PIRA=613;PIRP=715;PIRM=754;PIRL=255;PIRH=941;
SQNR=42780;DATE=24-08-14;TIME=11:53:00;STAT=201212;TMPA=28;TMPP=285;TMPB=25;TMPC=27;RHUA=56;DWPA=18;PTYP=1;PNAM=MS-80SH;PIRA=829;PIRP=662;PIRM=741;PIRL=255;PIRH=941;
SQNR=42795;DATE=24-08-14;TIME=11:53:15;STAT=201212;TMPA=28;TMPP=285;TMPB=25;TMPC=27;RHUA=55;DWPA=18;PTYP=1;PNAM=MS-80SH;PIRA=668;PIRP=714;PIRM=729;PIRL=255;PIRH=941;
SQNR=42810;DATE=24-08-14;TIME=11:53:30;STAT=201212;TMPA=28;TMPP=287;TMPB=25;TMPC=27;RHUA=55;DWPA=18;PTYP=1;PNAM=MS-80SH;PIRA=817;PIRP=779;PIRM=775;PIRL=255;PIRH=941;
SQNR=42825;DATE=24-08-14;TIME=11:53:45;STAT=201212;TMPA=28;TMPP=288;TMPB=25;TMPC=27;RHUA=54;DWPA=18;PTYP=1;PNAM=MS-80SH;PIRA=536;PIRP=716;PIRM=700;PIRL=255;PIRH=941;
SQNR=42840;DATE=24-08-14;TIME=11:54:00;STAT=201212;TMPA=28;TMPP=288;TMPB=25;TMPC=27;RHUA=53;DWPA=18;PTYP=1;PNAM=MS-80SH;PIRA=467;PIRP=534;PIRM=609;PIRL=255;PIRH=941;
SQNR=42855;DATE=24-08-14;TIME=11:54:15;STAT=201212;TMPA=28;TMPP=288;TMPB=25;TMPC=27;RHUA=54;DWPA=18;PTYP=1;PNAM=MS-80SH;PIRA=663;PIRP=509;PIRM=586;PIRL=255;PIRH=941;
SQNR=42870;DATE=24-08-14;TIME=11:54:30;STAT=201212;TMPA=28;TMPP=288;TMPB=25;TMPC=27;RHUA=54;DWPA=18;PTYP=1;PNAM=MS-80SH;PIRA=809;PIRP=688;PIRM=687;PIRL=255;PIRH=941;
SQNR=42885;DATE=24-08-14;TIME=11:54:45;STAT=201212;TMPA=28;TMPP=288;TMPB=25;TMPC=27;RHUA=54;DWPA=18;PTYP=1;PNAM=MS-80SH;PIRA=631;PIRP=761;PIRM=685;PIRL=255;PIRH=941;
SQNR=42900;DATE=24-08-14;TIME=11:55:00;STAT=201212;TMPA=28;TMPP=288;TMPB=25;TMPC=27;RHUA=54;DWPA=18;PTYP=1;PNAM=MS-80SH;PIRA=477;PIRP=593;PIRM=608;PIRL=255;PIRH=941;
C-----;?
V-----;SWVNR=2102190;SQNDL=42901;DATE=24-08-14;TIME=11:55:06;THTYP=85;TTEMP=15;TDEWP=5;IUFAN=800;ILFAN=5;IUHEA=3000;PYDEF=21;PYAVT=30;PYAVW=1;PYOST=0;MSDLY=15;FNDLY=30;OSTRG=3;DBGFL=0;ASIRE=0;DBGRE=0;MPPFL=-1;
SQNR=42915;DATE=24-08-14;TIME=11:55:15;STAT=201212;TMPA=28;TMPP=288;TMPB=25;TMPC=27;RHUA=54;DWPA=18;PTYP=1;PNAM=MS-80SH;PIRA=527;PIRP=530;PIRM=590;PIRL=255;PIRH=941;
SQNR=42930;DATE=24-08-14;TIME=11:55:30;STAT=201212;TMPA=28;TMPP=287;TMPB=25;TMPC=27;RHUA=56;DWPA=19;PTYP=1;PNAM=MS-80SH;PIRA=545;PIRP=555;PIRM=573;PIRL=255;PIRH=941;
SQNR=42945;DATE=24-08-14;TIME=11:55:45;STAT=201212;TMPA=28;TMPP=285;TMPB=25;TMPC=27;RHUA=57;DWPA=19;PTYP=1;PNAM=MS-80SH;PIRA=489;PIRP=569;PIRM=578;PIRL=255;PIRH=941;
SQNR=42960;DATE=24-08-14;TIME=11:56:00;STAT=201212;TMPA=28;TMPP=284;TMPB=24;TMPC=27;RHUA=58;DWPA=19;PTYP=1;PNAM=MS-80SH;PIRA=448;PIRP=519;PIRM=526;PIRL=255;PIRH=941;
SQNR=42975;DATE=24-08-14;TIME=11:56:15;STAT=201212;TMPA=28;TMPP=283;TMPB=24;TMPC=27;RHUA=58;DWPA=19;PTYP=1;PNAM=MS-80SH;PIRA=449;PIRP=448;PIRM=495;PIRL=255;PIRH=941;
SQNR=42990;DATE=24-08-14;TIME=11:56:30;STAT=201212;TMPA=28;TMPP=281;TMPB=24;TMPC=27;RHUA=59;DWPA=19;PTYP=1;PNAM=MS-80SH;PIRA=462;PIRP=451;PIRM=479;PIRL=255;PIRH=941;
SQNR=43005;DATE=24-08-14;TIME=11:56:45;STAT=201212;TMPA=28;TMPP=280;TMPB=24;TMPC=27;RHUA=57;DWPA=18;PTYP=1;PNAM=MS-80SH;PIRA=485;PIRP=477;PIRM=488;PIRL=255;PIRH=941;
SQNR=43020;DATE=24-08-14;TIME=11:57:00;STAT=201212;TMPA=27;TMPP=278;TMPB=24;TMPC=27;RHUA=57;DWPA=18;PTYP=1;PNAM=MS-80SH;PIRA=460;PIRP=480;PIRM=476;PIRL=255;PIRH=941;
SQNR=43035;DATE=24-08-14;TIME=11:57:15;STAT=201212;TMPA=27;TMPP=277;TMPB=24;TMPC=27;RHUA=57;DWPA=18;PTYP=1;PNAM=MS-80SH;PIRA=500;PIRP=467;PIRM=477;PIRL=255;PIRH=941;
SQNR=43050;DATE=24-08-14;TIME=11:57:30;STAT=201212;TMPA=27;TMPP=276;TMPB=24;TMPC=27;RHUA=57;DWPA=18;PTYP=1;PNAM=MS-80SH;PIRA=496;PIRP=483;PIRM=483;PIRL=255;PIRH=941;
SQNR=43065;DATE=24-08-14;TIME=11:57:45;STAT=201212;TMPA=27;TMPP=275;TMPB=24;TMPC=27;RHUA=57;DWPA=18;PTYP=1;PNAM=MS-80SH;PIRA=494;PIRP=493;PIRM=487;PIRL=255;PIRH=941;
SQNR=43080;DATE=24-08-14;TIME=11:58:00;STAT=201212;TMPA=27;TMPP=274;TMPB=24;TMPC=26;RHUA=58;DWPA=18;PTYP=1;PNAM=MS-80SH;PIRA=511;PIRP=497;PIRM=492;PIRL=255;PIRH=941;
SQNR=43095;DATE=24-08-14;TIME=11:58:15;STAT=201212;TMPA=27;TMPP=273;TMPB=24;TMPC=26;RHUA=58;DWPA=18;PTYP=1;PNAM=MS-80SH;PIRA=595;PIRP=570;PIRM=552;PIRL=255;PIRH=941;
SQNR=43110;DATE=24-08-14;TIME=11:58:30;STAT=201212;TMPA=27;TMPP=273;TMPB=24;TMPC=26;RHUA=59;DWPA=18;PTYP=1;PNAM=MS-80SH;PIRA=629;PIRP=619;PIRM=571;PIRL=255;PIRH=941;
SQNR=43125;DATE=24-08-14;TIME=11:58:45;STAT=201212;TMPA=27;TMPP=273;TMPB=24;TMPC=26;RHUA=57;DWPA=18;PTYP=1;PNAM=MS-80SH;PIRA=851;PIRP=674;PIRM=647;PIRL=255;PIRH=941;
SQNR=43140;DATE=24-08-14;TIME=11:59:00;STAT=201212;TMPA=27;TMPP=273;TMPB=24;TMPC=26;RHUA=57;DWPA=18;PTYP=1;PNAM=MS-80SH;PIRA=769;PIRP=786;PIRM=715;PIRL=255;PIRH=941;
SQNR=43155;DATE=24-08-14;TIME=11:59:15;STAT=201212;TMPA=27;TMPP=273;TMPB=24;TMPC=26;RHUA=57;DWPA=18;PTYP=1;PNAM=MS-80SH;PIRA=636;PIRP=745;PIRM=696;PIRL=255;PIRH=941;
SQNR=43170;DATE=24-08-14;TIME=11:59:30;STAT=201212;TMPA=27;TMPP=273;TMPB=24;TMPC=26;RHUA=57;DWPA=18;PTYP=1;PNAM=MS-80SH;PIRA=981;PIRP=708;PIRM=722;PIRL=255;PIRH=981;
SQNR=43185;DATE=24-08-14;TIME=11:59:45;STAT=201212;TMPA=27;TMPP=273;TMPB=24;TMPC=26;RHUA=57;DWPA=18;PTYP=1;PNAM=MS-80SH;PIRA=952;PIRP=896;PIRM=850;PIRL=255;PIRH=1070;
SQNR=43200;DATE=24-08-14;TIME=12:00:00;STAT=201212;TMPA=27;TMPP=273;TMPB=24;TMPC=26;RHUA=57;DWPA=18;PTYP=1;PNAM=MS-80SH;PIRA=685;PIRP=901;PIRM=810;PIRL=255;PIRH=1070;
V-----;SWVNR=2102190;SQNDL=43201;DATE=24-08-14;TIME=12:00:06;THTYP=85;TTEMP=15;TDEWP=5;IUFAN=800;ILFAN=5;IUHEA=3000;PYDEF=21;PYAVT=30;PYAVW=1;PYOST=0;MSDLY=15;FNDLY=30;OSTRG=3;DBGFL=0;ASIRE=0;DBGRE=0;MPPFL=-1;
SQNR=43215;DATE=24-08-14;TIME=12:00:15;STAT=201212;TMPA=27;TMPP=273;TMPB=24;TMPC=26;RHUA=56;DWPA=17;PTYP=1;PNAM=MS-80SH;PIRA=585;PIRP=681;PIRM=727;PIRL=255;PIRH=1070;
SQNR=43230;DATE=24-08-14;TIME=12:00:30;STAT=201212;TMPA=27;TMPP=274;TMPB=24;TMPC=26;RHUA=58;DWPA=18;PTYP=1;PNAM=MS-80SH;PIRA=633;PIRP=662;PIRM=724;PIRL=255;PIRH=1070;
C-----;P1001
P-----;DATE=24-08-14;TIME=12:00:31;PSNR=23059772;PTMP=336;PRHU=6;PSTX=-25;PSTY=12;
SQNR=43245;DATE=24-08-14;TIME=12:00:45;STAT=201212;TMPA=27;TMPP=275;TMPB=25;TMPC=26;RHUA=57;DWPA=18;PTYP=1;PNAM=MS-80SH;PIRA=631;PIRP=677;PIRM=688;PIRL=255;PIRH=1070;
SQNR=43260;DATE=24-08-14;TIME=12:01:00;STAT=201212;TMPA=27;TMPP=277;TMPB=25;TMPC=26;RHUA=58;DWPA=18;PTYP=1;PNAM=MS-80SH;PIRA=573;PIRP=609;PIRM=645;PIRL=255;PIRH=1070;
SQNR=43275;DATE=24-08-14;TIME=12:01:15;STAT=201212;TMPA=27;TMPP=279;TMPB=24;TMPC=26;RHUA=55;DWPA=18;PTYP=1;PNAM=MS-80SH;PIRA=487;PIRP=553;PIRM=595;PIRL=255;PIRH=1070;
SQNR=43290;DATE=24-08-14;TIME=12:01:30;STAT=201212;TMPA=28;TMPP=280;TMPB=24;TMPC=26;RHUA=56;DWPA=18;PTYP=1;PNAM=MS-80SH;PIRA=461;PIRP=497;PIRM=545;PIRL=255;PIRH=1070;
SQNR=43305;DATE=24-08-14;TIME=12:01:45;STAT=201212;TMPA=28;TMPP=280;TMPB=24;TMPC=26;RHUA=58;DWPA=19;PTYP=1;PNAM=MS-80SH;PIRA=454;PIRP=465;PIRM=510;PIRL=255;PIRH=1070;
SQNR=43320;DATE=24-08-14;TIME=12:02:00;STAT=201212;TMPA=28;TMPP=280;TMPB=24;TMPC=26;RHUA=55;DWPA=18;PTYP=1;PNAM=MS-80SH;PIRA=468;PIRP=458;PIRM=490;PIRL=255;PIRH=1070;
SQNR=43335;DATE=24-08-14;TIME=12:02:15;STAT=201212;TMPA=27;TMPP=279;TMPB=24;TMPC=26;RHUA=56;DWPA=18;PTYP=1;PNAM=MS-80SH;PIRA=515;PIRP=473;PIRM=490;PIRL=255;PIRH=1070;
SQNR=43350;DATE=24-08-14;TIME=12:02:30;STAT=201212;TMPA=27;TMPP=278;TMPB=24;TMPC=26;RHUA=55;DWPA=18;PTYP=1;PNAM=MS-80SH;PIRA=591;PIRP=511;PIRM=509;PIRL=255;PIRH=1070;
SQNR=43365;DATE=24-08-14;TIME=12:02:45;STAT=201212;TMPA=27;TMPP=278;TMPB=24;TMPC=26;RHUA=57;DWPA=18;PTYP=1;PNAM=MS-80SH;PIRA=1004;PIRP=661;PIRM=627;PIRL=255;PIRH=1070;
SQNR=43380;DATE=24-08-14;TIME=12:03:00;STAT=201212;TMPA=27;TMPP=277;TMPB=24;TMPC=26;RHUA=56;DWPA=18;PTYP=1;PNAM=MS-80SH;PIRA=836;PIRP=886;PIRM=767;PIRL=255;PIRH=1070;
SQNR=43395;DATE=24-08-14;TIME=12:03:15;STAT=201212;TMPA=27;TMPP=277;TMPB=24;TMPC=26;RHUA=56;DWPA=18;PTYP=1;PNAM=MS-80SH;PIRA=501;PIRP=814;PIRM=711;PIRL=255;PIRH=1070;
SQNR=43410;DATE=24-08-14;TIME=12:03:30;STAT=201212;TMPA=27;TMPP=276;TMPB=24;TMPC=26;RHUA=57;DWPA=18;PTYP=1;PNAM=MS-80SH;PIRA=586;PIRP=571;PIRM=628;PIRL=255;PIRH=1070;
SQNR=43425;DATE=24-08-14;TIME=12:03:45;STAT=201212;TMPA=27;TMPP=275;TMPB=24;TMPC=26;RHUA=57;DWPA=18;PTYP=1;PNAM=MS-80SH;PIRA=811;PIRP=617;PIRM=674;PIRL=255;PIRH=1070;
SQNR=43440;DATE=24-08-14;TIME=12:04:00;STAT=201212;TMPA=27;TMPP=275;TMPB=24;TMPC=26;RHUA=57;DWPA=18;PTYP=1;PNAM=MS-80SH;PIRA=626;PIRP=773;PIRM=724;PIRL=255;PIRH=1070;
SQNR=43455;DATE=24-08-14;TIME=12:04:15;STAT=201212;TMPA=27;TMPP=274;TMPB=24;TMPC=26;RHUA=59;DWPA=18;PTYP=1;PNAM=MS-80SH;PIRA=485;PIRP=679;PIRM=650;PIRL=255;PIRH=1070;
SQNR=43470;DATE=24-08-14;TIME=12:04:30;STAT=201212;TMPA=27;TMPP=274;TMPB=24;TMPC=26;RHUA=57;DWPA=18;PTYP=1;PNAM=MS-80SH;PIRA=468;PIRP=512;PIRM=581;PIRL=255;PIRH=1070;
SQNR=43485;DATE=24-08-14;TIME=12:04:45;STAT=201212;TMPA=27;TMPP=273;TMPB=24;TMPC=26;RHUA=57;DWPA=18;PTYP=1;PNAM=MS-80SH;PIRA=490;PIRP=482;PIRM=544;PIRL=255;PIRH=1070;
C-----;?
SQNR=43500;DATE=24-08-14;TIME=12:05:00;STAT=201212;TMPA=27;TMPP=273;TMPB=24;TMPC=26;RHUA=59;DWPA=18;PTYP=1;PNAM=MS-80SH;PIRA=552;PIRP=520;PIRM=550;PIRL=255;PIRH=1070;
V-----;SWVNR=2102190;SQNDL=43501;DATE=24-08-14;TIME=12:05:06;THTYP=85;TTEMP=15;TDEWP=5;IUFAN=800;ILFAN=5;IUHEA=3000;PYDEF=21;PYAVT=30;PYAVW=1;PYOST=0;MSDLY=15;FNDLY=30;OSTRG=3;DBGFL=0;ASIRE=0;DBGRE=0;MPPFL=-1;
SQNR=43515;DATE=24-08-14;TIME=12:05:15;STAT=201212;TMPA=27;TMPP=272;TMPB=24;TMPC=26;RHUA=57;DWPA=18;PTYP=1;PNAM=MS-80SH;PIRA=444;PIRP=506;PIRM=512;PIRL=255;PIRH=1070;
SQNR=43530;DATE=24-08-14;TIME=12:05:30;STAT=201212;TMPA=27;TMPP=272;TMPB=24;TMPC=26;RHUA=58;DWPA=18;PTYP=1;PNAM=MS-80SH;PIRA=515;PIRP=467;PIRM=498;PIRL=255;PIRH=1070;
SQNR=43545;DATE=24-08-14;TIME=12:05:45;STAT=201212;TMPA=27;TMPP=271;TMPB=24;TMPC=26;RHUA=58;DWPA=18;PTYP=1;PNAM=MS-80SH;PIRA=477;PIRP=482;PIRM=494;PIRL=255;PIRH=1070;
SQNR=43560;DATE=24-08-14;TIME=12:06:00;STAT=201212;TMPA=27;TMPP=271;TMPB=24;TMPC=26;RHUA=61;DWPA=19;PTYP=1;PNAM=MS-80SH;PIRA=415;PIRP=449;PIRM=460;PIRL=255;PIRH=1070;
SQNR=43575;DATE=24-08-14;TIME=12:06:15;STAT=201212;TMPA=27;TMPP=271;TMPB=24;TMPC=26;RHUA=61;DWPA=19;PTYP=1;PNAM=MS-80SH;PIRA=387;PIRP=408;PIRM=438;PIRL=255;PIRH=1070;
SQNR=43590;DATE=24-08-14;TIME=12:06:30;STAT=201212;TMPA=27;TMPP=271;TMPB=24;TMPC=26;RHUA=57;DWPA=18;PTYP=1;PNAM=MS-80SH;PIRA=371;PIRP=392;PIRM=413;PIRL=255;PIRH=1070;
SQNR=43605;DATE=24-08-14;TIME=12:06:45;STAT=201212;TMPA=27;TMPP=272;TMPB=24;TMPC=26;RHUA=60;DWPA=18;PTYP=1;PNAM=MS-80SH;PIRA=368;PIRP=372;PIRM=395;PIRL=255;PIRH=1070;
SQNR=43620;DATE=24-08-14;TIME=12:07:00;STAT=201212;TMPA=27;TMPP=272;TMPB=24;TMPC=26;RHUA=58;DWPA=18;PTYP=1;PNAM=MS-80SH;PIRA=374;PIRP=370;PIRM=386;PIRL=255;PIRH=1070;
SQNR=43635;DATE=24-08-14;TIME=12:07:15;STAT=201212;TMPA=27;TMPP=272;TMPB=24;TMPC=26;RHUA=59;DWPA=18;PTYP=1;PNAM=MS-80SH;PIRA=399;PIRP=378;PIRM=386;PIRL=255;PIRH=1070;
SQNR=43650;DATE=24-08-14;TIME=12:07:30;STAT=201212;TMPA=27;TMPP=272;TMPB=24;TMPC=26;RHUA=60;DWPA=18;PTYP=1;PNAM=MS-80SH;PIRA=381;PIRP=387;PIRM=387;PIRL=255;PIRH=1070;
SQNR=43665;DATE=24-08-14;TIME=12:07:45;STAT=201212;TMPA=27;TMPP=272;TMPB=24;TMPC=26;RHUA=59;DWPA=18;PTYP=1;PNAM=MS-80SH;PIRA=365;PIRP=379;PIRM=379;PIRL=255;PIRH=1070;
SQNR=43680;DATE=24-08-14;TIME=12:08:00;STAT=201212;TMPA=27;TMPP=273;TMPB=24;TMPC=26;RHUA=60;DWPA=18;PTYP=1;PNAM=MS-80SH;PIRA=422;PIRP=374;PIRM=380;PIRL=255;PIRH=1070;
SQNR=43695;DATE=24-08-14;TIME=12:08:15;STAT=201212;TMPA=27;TMPP=275;TMPB=24;TMPC=26;RHUA=60;DWPA=19;PTYP=1;PNAM=MS-80SH;PIRA=371;PIRP=380;PIRM=380;PIRL=255;PIRH=1070;
SQNR=43710;DATE=24-08-14;TIME=12:08:30;STAT=201212;TMPA=27;TMPP=276;TMPB=24;TMPC=26;RHUA=59;DWPA=19;PTYP=1;PNAM=MS-80SH;PIRA=386;PIRP=381;PIRM=381;PIRL=255;PIRH=1070;
SQNR=43725;DATE=24-08-14;TIME=12:08:45;STAT=201212;TMPA=27;TMPP=277;TMPB=24;TMPC=26;RHUA=59;DWPA=19;PTYP=1;PNAM=MS-80SH;PIRA=468;PIRP=407;PIRM=403;PIRL=255;PIRH=1070;
SQNR=43740;DATE=24-08-14;TIME=12:09:00;STAT=201212;TMPA=27;TMPP=276;TMPB=24;TMPC=26;RHUA=59;DWPA=18;PTYP=1;PNAM=MS-80SH;PIRA=388;PIRP=425;PIRM=408;PIRL=255;PIRH=1070;
SQNR=43755;DATE=24-08-14;TIME=12:09:15;STAT=201212;TMPA=27;TMPP=275;TMPB=24;TMPC=26;RHUA=57;DWPA=18;PTYP=1;PNAM=MS-80SH;PIRA=382;PIRP=401;PIRM=398;PIRL=255;PIRH=1070;
SQNR=43770;DATE=24-08-14;TIME=12:09:30;STAT=201212;TMPA=27;TMPP=275;TMPB=24;TMPC=26;RHUA=60;DWPA=19;PTYP=1;PNAM=MS-80SH;PIRA=386;PIRP=383;PIRM=392;PIRL=255;PIRH=1070;
SQNR=43785;DATE=24-08-14;TIME=12:09:45;STAT=201212;TMPA=27;TMPP=275;TMPB=24;TMPC=26;RHUA=62;DWPA=19;PTYP=1;PNAM=MS-80SH;PIRA=387;PIRP=386;PIRM=391;PIRL=255;PIRH=1070;
SQNR=43800;DATE=24-08-14;TIME=12:10:00;STAT=201212;TMPA=27;TMPP=274;TMPB=24;TMPC=26;RHUA=58;DWPA=18;PTYP=1;PNAM=MS-80SH;PIRA=390;PIRP=389;PIRM=390;PIRL=255;PIRH=1070;
C-----;?
V-----;SWVNR=2102190;SQNDL=43801;DATE=24-08-14;TIME=12:10:06;THTYP=85;TTEMP=15;TDEWP=5;IUFAN=800;ILFAN=5;IUHEA=3000;PYDEF=21;PYAVT=30;PYAVW=1;PYOST=0;MSDLY=15;FNDLY=30;OSTRG=3;DBGFL=0;ASIRE=0;DBGRE=0;MPPFL=-1;
SQNR=43815;DATE=24-08-14;TIME=12:10:15;STAT=201212;TMPA=27;TMPP=273;TMPB=24;TMPC=26;RHUA=58;DWPA=18;PTYP=1;PNAM=MS-80SH;PIRA=391;PIRP=390;PIRM=390;PIRL=255;PIRH=1070;
SQNR=43830;DATE=24-08-14;TIME=12:10:30;STAT=201212;TMPA=27;TMPP=273;TMPB=24;TMPC=26;RHUA=57;DWPA=18;PTYP=1;PNAM=MS-80SH;PIRA=400;PIRP=392;PIRM=392;PIRL=255;PIRH=1070;
SQNR=43845;DATE=24-08-14;TIME=12:10:45;STAT=201212;TMPA=27;TMPP=273;TMPB=24;TMPC=26;RHUA=57;DWPA=18;PTYP=1;PNAM=MS-80SH;PIRA=458;PIRP=407;PIRM=404;PIRL=255;PIRH=1070;
SQNR=43860;DATE=24-08-14;TIME=12:11:00;STAT=201212;TMPA=27;TMPP=272;TMPB=24;TMPC=26;RHUA=58;DWPA=18;PTYP=1;PNAM=MS-80SH;PIRA=519;PIRP=452;PIRM=437;PIRL=255;PIRH=1070;
SQNR=43875;DATE=24-08-14;TIME=12:11:15;STAT=201212;TMPA=27;TMPP=272;TMPB=24;TMPC=26;RHUA=57;DWPA=18;PTYP=1;PNAM=MS-80SH;PIRA=421;PIRP=468;PIRM=441;PIRL=255;PIRH=1070;
SQNR=43890;DATE=24-08-14;TIME=12:11:30;STAT=201212;TMPA=27;TMPP=273;TMPB=24;TMPC=26;RHUA=57;DWPA=18;PTYP=1;PNAM=MS-80SH;PIRA=412;PIRP=432;PIRM=430;PIRL=255;PIRH=1070;
SQNR=43905;DATE=24-08-14;TIME=12:11:45;STAT=201212;TMPA=27;TMPP=273;TMPB=24;TMPC=26;RHUA=57;DWPA=18;PTYP=1;PNAM=MS-80SH;PIRA=402;PIRP=409;PIRM=420;PIRL=255;PIRH=1070;
SQNR=43920;DATE=24-08-14;TIME=12:12:00;STAT=201212;TMPA=27;TMPP=272;TMPB=24;TMPC=26;RHUA=57;DWPA=18;PTYP=1;PNAM=MS-80SH;PIRA=413;PIRP=405;PIRM=414;PIRL=255;PIRH=1070;
SQNR=43935;DATE=24-08-14;TIME=12:12:15;STAT=201212;TMPA=27;TMPP=272;TMPB=24;TMPC=26;RHUA=57;DWPA=17;PTYP=1;PNAM=MS-80SH;PIRA=409;PIRP=411;PIRM=415;PIRL=255;PIRH=1070;
SQNR=43950;DATE=24-08-14;TIME=12:12:30;STAT=201212;TMPA=27;TMPP=271;TMPB=24;TMPC=26;RHUA=57;DWPA=18;PTYP=1;PNAM=MS-80SH;PIRA=419;PIRP=415;PIRM=415;PIRL=255;PIRH=1070;
SQNR=43965;DATE=24-08-14;TIME=12:12:45;STAT=201212;TMPA=27;TMPP=271;TMPB=24;TMPC=26;RHUA=58;DWPA=18;PTYP=1;PNAM=MS-80SH;PIRA=418;PIRP=418;PIRM=417;PIRL=255;PIRH=1070;
SQNR=43980;DATE=24-08-14;TIME=12:13:00;STAT=201212;TMPA=27;TMPP=271;TMPB=24;TMPC=26;RHUA=59;DWPA=18;PTYP=1;PNAM=MS-80SH;PIRA=412;PIRP=418;PIRM=416;PIRL=255;PIRH=1070;
SQNR=43995;DATE=24-08-14;TIME=12:13:15;STAT=201212;TMPA=27;TMPP=271;TMPB=24;TMPC=26;RHUA=60;DWPA=18;PTYP=1;PNAM=MS-80SH;PIRA=405;PIRP=412;PIRM=413;PIRL=255;PIRH=1070;
SQNR=44010;DATE=24-08-14;TIME=12:13:30;STAT=201212;TMPA=27;TMPP=271;TMPB=24;TMPC=26;RHUA=57;DWPA=18;PTYP=1;PNAM=MS-80SH;PIRA=401;PIRP=406;PIRM=409;PIRL=255;PIRH=1070;
SQNR=44025;DATE=24-08-14;TIME=12:13:45;STAT=201212;TMPA=27;TMPP=271;TMPB=24;TMPC=26;RHUA=57;DWPA=18;PTYP=1;PNAM=MS-80SH;PIRA=400;PIRP=402;PIRM=405;PIRL=255;PIRH=1070;
SQNR=44040;DATE=24-08-14;TIME=12:14:00;STAT=201212;TMPA=27;TMPP=271;TMPB=24;TMPC=26;RHUA=58;DWPA=18;PTYP=1;PNAM=MS-80SH;PIRA=399;PIRP=400;PIRM=403;PIRL=255;PIRH=1070;
SQNR=44055;DATE=24-08-14;TIME=12:14:15;STAT=201212;TMPA=27;TMPP=271;TMPB=24;TMPC=26;RHUA=57;DWPA=18;PTYP=1;PNAM=MS-80SH;PIRA=400;PIRP=399;PIRM=402;PIRL=255;PIRH=1070;
SQNR=44070;DATE=24-08-14;TIME=12:14:30;STAT=201212;TMPA=27;TMPP=271;TMPB=24;TMPC=26;RHUA=57;DWPA=18;PTYP=1;PNAM=MS-80SH;PIRA=400;PIRP=400;PIRM=401;PIRL=255;PIRH=1070;
SQNR=44085;DATE=24-08-14;TIME=12:14:45;STAT=201212;TMPA=27;TMPP=271;TMPB=24;TMPC=26;RHUA=57;DWPA=18;PTYP=1;PNAM=MS-80SH;PIRA=402;PIRP=401;PIRM=401;PIRL=255;PIRH=1070;
SQNR=44100;DATE=24-08-14;TIME=12:15:00;STAT=201212;TMPA=27;TMPP=271;TMPB=24;TMPC=26;RHUA=57;DWPA=18;PTYP=1;PNAM=MS-80SH;PIRA=403;PIRP=402;PIRM=402;PIRL=255;PIRH=1070;
C-----;?
V-----;SWVNR=2102190;SQNDL=44102;DATE=24-08-14;TIME=12:15:07;THTYP=85;TTEMP=15;TDEWP=5;IUFAN=800;ILFAN=5;IUHEA=3000;PYDEF=21;PYAVT=30;PYAVW=1;PYOST=0;MSDLY=15;FNDLY=30;OSTRG=3;DBGFL=0;ASIRE=0;DBGRE=0;MPPFL=-1;
SQNR=44115;DATE=24-08-14;TIME=12:15:15;STAT=201212;TMPA=27;TMPP=271;TMPB=24;TMPC=26;RHUA=58;DWPA=18;PTYP=1;PNAM=MS-80SH;PIRA=400;PIRP=402;PIRM=402;PIRL=255;PIRH=1070;
SQNR=44130;DATE=24-08-14;TIME=12:15:30;STAT=201212;TMPA=27;TMPP=271;TMPB=24;TMPC=26;RHUA=58;DWPA=18;PTYP=1;PNAM=MS-80SH;PIRA=398;PIRP=400;PIRM=401;PIRL=255;PIRH=1070;
SQNR=44145;DATE=24-08-14;TIME=12:15:45;STAT=201212;TMPA=27;TMPP=271;TMPB=24;TMPC=26;RHUA=58;DWPA=18;PTYP=1;PNAM=MS-80SH;PIRA=399;PIRP=399;PIRM=400;PIRL=255;PIRH=1070;
SQNR=44160;DATE=24-08-14;TIME=12:16:00;STAT=201212;TMPA=27;TMPP=271;TMPB=24;TMPC=26;RHUA=58;DWPA=18;PTYP=1;PNAM=MS-80SH;PIRA=402;PIRP=399;PIRM=400;PIRL=255;PIRH=1070;
SQNR=44175;DATE=24-08-14;TIME=12:16:15;STAT=201212;TMPA=27;TMPP=272;TMPB=24;TMPC=26;RHUA=57;DWPA=18;PTYP=1;PNAM=MS-80SH;PIRA=410;PIRP=403;PIRM=402;PIRL=255;PIRH=1070;
SQNR=44190;DATE=24-08-14;TIME=12:16:30;STAT=201212;TMPA=27;TMPP=271;TMPB=24;TMPC=26;RHUA=57;DWPA=18;PTYP=1;PNAM=MS-80SH;PIRA=427;PIRP=412;PIRM=409;PIRL=255;PIRH=1070;
SQNR=44205;DATE=24-08-14;TIME=12:16:45;STAT=201212;TMPA=27;TMPP=272;TMPB=24;TMPC=26;RHUA=58;DWPA=18;PTYP=1;PNAM=MS-80SH;PIRA=448;PIRP=428;PIRM=421;PIRL=255;PIRH=1070;
SQNR=44220;DATE=24-08-14;TIME=12:17:00;STAT=201212;TMPA=27;TMPP=272;TMPB=24;TMPC=26;RHUA=58;DWPA=18;PTYP=1;PNAM=MS-80SH;PIRA=552;PIRP=462;PIRM=448;PIRL=255;PIRH=1070;
SQNR=44235;DATE=24-08-14;TIME=12:17:15;STAT=201212;TMPA=27;TMPP=272;TMPB=24;TMPC=26;RHUA=59;DWPA=18;PTYP=1;PNAM=MS-80SH;PIRA=489;PIRP=510;PIRM=480;PIRL=255;PIRH=1070;
SQNR=44250;DATE=24-08-14;TIME=12:17:30;STAT=201212;TMPA=27;TMPP=272;TMPB=24;TMPC=26;RHUA=59;DWPA=18;PTYP=1;PNAM=MS-80SH;PIRA=600;PIRP=527;PIRM=498;PIRL=255;PIRH=1070;
SQNR=44265;DATE=24-08-14;TIME=12:17:45;STAT=201212;TMPA=27;TMPP=273;TMPB=24;TMPC=26;RHUA=59;DWPA=18;PTYP=1;PNAM=MS-80SH;PIRA=672;PIRP=595;PIRM=566;PIRL=255;PIRH=1070;
SQNR=44280;DATE=24-08-14;TIME=12:18:00;STAT=201212;TMPA=27;TMPP=274;TMPB=24;TMPC=26;RHUA=59;DWPA=18;PTYP=1;PNAM=MS-80SH;PIRA=780;PIRP=744;PIRM=669;PIRL=255;PIRH=1070;
SQNR=44295;DATE=24-08-14;TIME=12:18:15;STAT=201212;TMPA=27;TMPP=275;TMPB=24;TMPC=26;RHUA=58;DWPA=18;PTYP=1;PNAM=MS-80SH;PIRA=854;PIRP=824;PIRM=738;PIRL=255;PIRH=1070;
SQNR=44310;DATE=24-08-14;TIME=12:18:30;STAT=201212;TMPA=27;TMPP=276;TMPB=24;TMPC=26;RHUA=59;DWPA=19;PTYP=1;PNAM=MS-80SH;PIRA=614;PIRP=770;PIRM=722;PIRL=255;PIRH=1070;
SQNR=44325;DATE=24-08-14;TIME=12:18:45;STAT=201212;TMPA=27;TMPP=277;TMPB=24;TMPC=26;RHUA=58;DWPA=18;PTYP=1;PNAM=MS-80SH;PIRA=949;PIRP=711;PIRM=725;PIRL=255;PIRH=1070;
SQNR=44340;DATE=24-08-14;TIME=12:19:00;STAT=201212;TMPA=27;TMPP=279;TMPB=25;TMPC=26;RHUA=56;DWPA=18;PTYP=1;PNAM=MS-80SH;PIRA=1055;PIRP=866;PIRM=843;PIRL=255;PIRH=1070;
SQNR=44355;DATE=24-08-14;TIME=12:19:15;STAT=201212;TMPA=28;TMPP=280;TMPB=24;TMPC=26;RHUA=56;DWPA=18;PTYP=1;PNAM=MS-80SH;PIRA=1070;PIRP=1041;PIRM=931;PIRL=255;PIRH=1072;
SQNR=44370;DATE=24-08-14;TIME=12:19:30;STAT=201212;TMPA=28;TMPP=281;TMPB=24;TMPC=26;RHUA=58;DWPA=19;PTYP=1;PNAM=MS-80SH;PIRA=928;PIRP=1054;PIRM=975;PIRL=255;PIRH=1072;
SQNR=44385;DATE=24-08-14;TIME=12:19:45;STAT=201212;TMPA=28;TMPP=281;TMPB=24;TMPC=26;RHUA=57;DWPA=18;PTYP=1;PNAM=MS-80SH;PIRA=742;PIRP=866;PIRM=858;PIRL=255;PIRH=1072;
SQNR=44400;DATE=24-08-14;TIME=12:20:00;STAT=201212;TMPA=28;TMPP=281;TMPB=24;TMPC=26;RHUA=57;DWPA=18;PTYP=1;PNAM=MS-80SH;PIRA=854;PIRP=808;PIRM=886;PIRL=255;PIRH=1072;
C-----;?
V-----;SWVNR=2102190;SQNDL=44401;DATE=24-08-14;TIME=12:20:06;THTYP=85;TTEMP=15;TDEWP=5;IUFAN=800;ILFAN=5;IUHEA=3000;PYDEF=21;PYAVT=30;PYAVW=1;PYOST=0;MSDLY=15;FNDLY=30;OSTRG=3;DBGFL=0;ASIRE=0;DBGRE=0;MPPFL=-1;
SQNR=44415;DATE=24-08-14;TIME=12:20:15;STAT=201212;TMPA=28;TMPP=282;TMPB=24;TMPC=26;RHUA=59;DWPA=19;PTYP=1;PNAM=MS-80SH;PIRA=1058;PIRP=942;PIRM=920;PIRL=255;PIRH=1072;
SQNR=44430;DATE=24-08-14;TIME=12:20:30;STAT=201212;TMPA=28;TMPP=282;TMPB=24;TMPC=26;RHUA=58;DWPA=19;PTYP=1;PNAM=MS-80SH;PIRA=1047;PIRP=1000;PIRM=970;PIRL=255;PIRH=1072;
SQNR=44445;DATE=24-08-14;TIME=12:20:45;STAT=201212;TMPA=28;TMPP=282;TMPB=24;TMPC=26;RHUA=58;DWPA=19;PTYP=1;PNAM=MS-80SH;PIRA=1048;PIRP=1045;PIRM=1000;PIRL=255;PIRH=1072;
SQNR=44460;DATE=24-08-14;TIME=12:21:00;STAT=201212;TMPA=28;TMPP=283;TMPB=25;TMPC=27;RHUA=60;DWPA=20;PTYP=1;PNAM=MS-80SH;PIRA=1049;PIRP=1047;PIRM=1019;PIRL=255;PIRH=1072;
SQNR=44475;DATE=24-08-14;TIME=12:21:15;STAT=201212;TMPA=28;TMPP=284;TMPB=24;TMPC=27;RHUA=55;DWPA=18;PTYP=1;PNAM=MS-80SH;PIRA=1031;PIRP=1050;PIRM=1032;PIRL=255;PIRH=1072;
SQNR=44490;DATE=24-08-14;TIME=12:21:30;STAT=201212;TMPA=28;TMPP=284;TMPB=25;TMPC=27;RHUA=56;DWPA=18;PTYP=1;PNAM=MS-80SH;PIRA=1030;PIRP=1042;PIRM=1034;PIRL=255;PIRH=1072;
SQNR=44505;DATE=24-08-14;TIME=12:21:45;STAT=201212;TMPA=28;TMPP=284;TMPB=25;TMPC=27;RHUA=55;DWPA=18;PTYP=1;PNAM=MS-80SH;PIRA=668;PIRP=888;PIRM=916;PIRL=255;PIRH=1072;
SQNR=44520;DATE=24-08-14;TIME=12:22:00;STAT=201212;TMPA=28;TMPP=285;TMPB=25;TMPC=27;RHUA=56;DWPA=19;PTYP=1;PNAM=MS-80SH;PIRA=804;PIRP=760;PIRM=865;PIRL=255;PIRH=1072;
SQNR=44535;DATE=24-08-14;TIME=12:22:15;STAT=201212;TMPA=28;TMPP=286;TMPB=25;TMPC=27;RHUA=57;DWPA=19;PTYP=1;PNAM=MS-80SH;PIRA=981;PIRP=887;PIRM=919;PIRL=255;PIRH=1072;
SQNR=44550;DATE=24-08-14;TIME=12:22:30;STAT=201212;TMPA=28;TMPP=285;TMPB=25;TMPC=27;RHUA=57;DWPA=19;PTYP=1;PNAM=MS-80SH;PIRA=659;PIRP=898;PIRM=863;PIRL=255;PIRH=1072;
SQNR=44565;DATE=24-08-14;TIME=12:22:45;STAT=201212;TMPA=28;TMPP=285;TMPB=25;TMPC=27;RHUA=57;DWPA=19;PTYP=1;PNAM=MS-80SH;PIRA=825;PIRP=792;PIRM=836;PIRL=255;PIRH=1072;
SQNR=44580;DATE=24-08-14;TIME=12:23:00;STAT=201212;TMPA=28;TMPP=285;TMPB=25;TMPC=27;RHUA=60;DWPA=20;PTYP=1;PNAM=MS-80SH;PIRA=893;PIRP=823;PIRM=844;PIRL=255;PIRH=1072;
SQNR=44595;DATE=24-08-14;TIME=12:23:15;STAT=201212;TMPA=28;TMPP=285;TMPB=25;TMPC=27;RHUA=59;DWPA=19;PTYP=1;PNAM=MS-80SH;PIRA=970;PIRP=885;PIRM=873;PIRL=255;PIRH=1072;
SQNR=44610;DATE=24-08-14;TIME=12:23:30;STAT=201212;TMPA=28;TMPP=285;TMPB=25;TMPC=27;RHUA=53;DWPA=18;PTYP=1;PNAM=MS-80SH;PIRA=911;PIRP=865;PIRM=852;PIRL=255;PIRH=1072;
SQNR=44625;DATE=24-08-14;TIME=12:23:45;STAT=201212;TMPA=28;TMPP=285;TMPB=25;TMPC=27;RHUA=52;DWPA=18;PTYP=1;PNAM=MS-80SH;PIRA=1026;PIRP=892;PIRM=898;PIRL=255;PIRH=1072;
SQNR=44640;DATE=24-08-14;TIME=12:24:00;STAT=201212;TMPA=28;TMPP=285;TMPB=25;TMPC=27;RHUA=53;DWPA=18;PTYP=1;PNAM=MS-80SH;PIRA=1073;PIRP=997;PIRM=953;PIRL=255;PIRH=1074;
SQNR=44655;DATE=24-08-14;TIME=12:24:15;STAT=201212;TMPA=28;TMPP=285;TMPB=25;TMPC=27;RHUA=53;DWPA=18;PTYP=1;PNAM=MS-80SH;PIRA=1021;PIRP=1022;PIRM=976;PIRL=255;PIRH=1074;
SQNR=44670;DATE=24-08-14;TIME=12:24:30;STAT=201212;TMPA=28;TMPP=285;TMPB=25;TMPC=27;RHUA=53;DWPA=18;PTYP=1;PNAM=MS-80SH;PIRA=536;PIRP=874;PIRM=870;PIRL=255;PIRH=1074;
SQNR=44685;DATE=24-08-14;TIME=12:24:45;STAT=201212;TMPA=28;TMPP=285;TMPB=25;TMPC=27;RHUA=53;DWPA=18;PTYP=1;PNAM=MS-80SH;PIRA=595;PIRP=640;PIRM=742;PIRL=255;PIRH=1074;
SQNR=44700;DATE=24-08-14;TIME=12:25:00;STAT=201212;TMPA=28;TMPP=285;TMPB=25;TMPC=27;RHUA=55;DWPA=18;PTYP=1;PNAM=MS-80SH;PIRA=786;PIRP=624;PIRM=729;PIRL=255;PIRH=1074;
C-----;?
V-----;SWVNR=2102190;SQNDL=44702;DATE=24-08-14;TIME=12:25:07;THTYP=85;TTEMP=15;TDEWP=5;IUFAN=800;ILFAN=5;IUHEA=3000;PYDEF=21;PYAVT=30;PYAVW=1;PYOST=0;MSDLY=15;FNDLY=30;OSTRG=3;DBGFL=0;ASIRE=0;DBGRE=0;MPPFL=-1;
SQNR=44715;DATE=24-08-14;TIME=12:25:15;STAT=201212;TMPA=28;TMPP=285;TMPB=25;TMPC=27;RHUA=57;DWPA=19;PTYP=1;PNAM=MS-80SH;PIRA=734;PIRP=762;PIRM=764;PIRL=255;PIRH=1074;
SQNR=44730;DATE=24-08-14;TIME=12:25:30;STAT=201212;TMPA=28;TMPP=285;TMPB=25;TMPC=27;RHUA=57;DWPA=19;PTYP=1;PNAM=MS-80SH;PIRA=731;PIRP=780;PIRM=755;PIRL=255;PIRH=1074;
SQNR=44745;DATE=24-08-14;TIME=12:25:45;STAT=201212;TMPA=28;TMPP=285;TMPB=25;TMPC=27;RHUA=56;DWPA=19;PTYP=1;PNAM=MS-80SH;PIRA=608;PIRP=687;PIRM=705;PIRL=255;PIRH=1074;
SQNR=44760;DATE=24-08-14;TIME=12:26:00;STAT=201212;TMPA=28;TMPP=285;TMPB=25;TMPC=27;RHUA=59;DWPA=19;PTYP=1;PNAM=MS-80SH;PIRA=843;PIRP=692;PIRM=728;PIRL=255;PIRH=1074;
SQNR=44775;DATE=24-08-14;TIME=12:26:15;STAT=201212;TMPA=28;TMPP=284;TMPB=25;TMPC=27;RHUA=60;DWPA=20;PTYP=1;PNAM=MS-80SH;PIRA=848;PIRP=784;PIRM=764;PIRL=255;PIRH=1074;
SQNR=44790;DATE=24-08-14;TIME=12:26:30;STAT=201212;TMPA=28;TMPP=284;TMPB=25;TMPC=27;RHUA=57;DWPA=19;PTYP=1;PNAM=MS-80SH;PIRA=577;PIRP=734;PIRM=713;PIRL=255;PIRH=1074;
SQNR=44805;DATE=24-08-14;TIME=12:26:45;STAT=201212;TMPA=28;TMPP=284;TMPB=25;TMPC=27;RHUA=60;DWPA=19;PTYP=1;PNAM=MS-80SH;PIRA=931;PIRP=685;PIRM=722;PIRL=255;PIRH=1074;
SQNR=44820;DATE=24-08-14;TIME=12:27:00;STAT=201212;TMPA=28;TMPP=284;TMPB=25;TMPC=27;RHUA=57;DWPA=19;PTYP=1;PNAM=MS-80SH;PIRA=963;PIRP=841;PIRM=818;PIRL=255;PIRH=1074;
SQNR=44835;DATE=24-08-14;TIME=12:27:15;STAT=201212;TMPA=28;TMPP=284;TMPB=24;TMPC=27;RHUA=54;DWPA=18;PTYP=1;PNAM=MS-80SH;PIRA=958;PIRP=960;PIRM=874;PIRL=255;PIRH=1074;
SQNR=44850;DATE=24-08-14;TIME=12:27:30;STAT=201212;TMPA=28;TMPP=283;TMPB=24;TMPC=27;RHUA=55;DWPA=18;PTYP=1;PNAM=MS-80SH;PIRA=949;PIRP=963;PIRM=911;PIRL=255;PIRH=1074;
SQNR=44865;DATE=24-08-14;TIME=12:27:45;STAT=201212;TMPA=28;TMPP=283;TMPB=24;TMPC=27;RHUA=54;DWPA=18;PTYP=1;PNAM=MS-80SH;PIRA=931;PIRP=951;PIRM=920;PIRL=255;PIRH=1074;
SQNR=44880;DATE=24-08-14;TIME=12:28:00;STAT=201212;TMPA=28;TMPP=282;TMPB=24;TMPC=27;RHUA=55;DWPA=18;PTYP=1;PNAM=MS-80SH;PIRA=704;PIRP=896;PIRM=891;PIRL=255;PIRH=1074;
SQNR=44895;DATE=24-08-14;TIME=12:28:15;STAT=201212;TMPA=28;TMPP=281;TMPB=24;TMPC=27;RHUA=54;DWPA=18;PTYP=1;PNAM=MS-80SH;PIRA=797;PIRP=772;PIRM=811;PIRL=255;PIRH=1074;
SQNR=44910;DATE=24-08-14;TIME=12:28:30;STAT=201212;TMPA=28;TMPP=280;TMPB=24;TMPC=27;RHUA=54;DWPA=17;PTYP=1;PNAM=MS-80SH;PIRA=639;PIRP=713;PIRM=779;PIRL=255;PIRH=1074;
SQNR=44925;DATE=24-08-14;TIME=12:28:45;STAT=201212;TMPA=27;TMPP=279;TMPB=24;TMPC=27;RHUA=54;DWPA=17;PTYP=1;PNAM=MS-80SH;PIRA=640;PIRP=682;PIRM=717;PIRL=255;PIRH=1074;
SQNR=44940;DATE=24-08-14;TIME=12:29:00;STAT=201212;TMPA=27;TMPP=279;TMPB=24;TMPC=27;RHUA=55;DWPA=18;PTYP=1;PNAM=MS-80SH;PIRA=614;PIRP=615;PIRM=672;PIRL=255;PIRH=1074;
SQNR=44955;DATE=24-08-14;TIME=12:29:15;STAT=201212;TMPA=27;TMPP=278;TMPB=24;TMPC=27;RHUA=54;DWPA=17;PTYP=1;PNAM=MS-80SH;PIRA=674;PIRP=630;PIRM=666;PIRL=255;PIRH=1074;
SQNR=44970;DATE=24-08-14;TIME=12:29:30;STAT=201212;TMPA=27;TMPP=278;TMPB=24;TMPC=27;RHUA=56;DWPA=18;PTYP=1;PNAM=MS-80SH;PIRA=643;PIRP=674;PIRM=677;PIRL=255;PIRH=1074;
SQNR=44985;DATE=24-08-14;TIME=12:29:45;STAT=201212;TMPA=27;TMPP=277;TMPB=24;TMPC=27;RHUA=58;DWPA=18;PTYP=1;PNAM=MS-80SH;PIRA=526;PIRP=637;PIRM=636;PIRL=255;PIRH=1074;
SQNR=45000;DATE=24-08-14;TIME=12:30:00;STAT=201212;TMPA=27;TMPP=277;TMPB=24;TMPC=27;RHUA=54;DWPA=17;PTYP=1;PNAM=MS-80SH;PIRA=739;PIRP=597;PIRM=631;PIRL=255;PIRH=1074;
C-----;?
V-----;SWVNR=2102190;SQNDL=45001;DATE=24-08-14;TIME=12:30:06;THTYP=85;TTEMP=15;TDEWP=5;IUFAN=800;ILFAN=5;IUHEA=3000;PYDEF=21;PYAVT=30;PYAVW=1;PYOST=0;MSDLY=15;FNDLY=30;OSTRG=3;DBGFL=0;ASIRE=0;DBGRE=0;MPPFL=-1;
SQNR=45015;DATE=24-08-14;TIME=12:30:15;STAT=201212;TMPA=27;TMPP=277;TMPB=24;TMPC=27;RHUA=55;DWPA=17;PTYP=1;PNAM=MS-80SH;PIRA=559;PIRP=626;PIRM=630;PIRL=255;PIRH=1074;
SQNR=45030;DATE=24-08-14;TIME=12:30:30;STAT=201212;TMPA=27;TMPP=276;TMPB=24;TMPC=27;RHUA=54;DWPA=17;PTYP=1;PNAM=MS-80SH;PIRA=722;PIRP=634;PIRM=633;PIRL=255;PIRH=1074;
SQNR=45045;DATE=24-08-14;TIME=12:30:45;STAT=201212;TMPA=27;TMPP=276;TMPB=24;TMPC=27;RHUA=56;DWPA=18;PTYP=1;PNAM=MS-80SH;PIRA=879;PIRP=729;PIRM=713;PIRL=255;PIRH=1074;
SQNR=45060;DATE=24-08-14;TIME=12:31:00;STAT=201212;TMPA=27;TMPP=277;TMPB=24;TMPC=27;RHUA=57;DWPA=18;PTYP=1;PNAM=MS-80SH;PIRA=935;PIRP=863;PIRM=788;PIRL=255;PIRH=1074;
SQNR=45075;DATE=24-08-14;TIME=12:31:15;STAT=201212;TMPA=27;TMPP=277;TMPB=24;TMPC=27;RHUA=55;DWPA=17;PTYP=1;PNAM=MS-80SH;PIRA=855;PIRP=907;PIRM=837;PIRL=255;PIRH=1074;
SQNR=45090;DATE=24-08-14;TIME=12:31:30;STAT=201212;TMPA=27;TMPP=277;TMPB=24;TMPC=27;RHUA=60;DWPA=19;PTYP=1;PNAM=MS-80SH;PIRA=867;PIRP=847;PIRM=814;PIRL=255;PIRH=1074;
SQNR=45105;DATE=24-08-14;TIME=12:31:45;STAT=201212;TMPA=27;TMPP=277;TMPB=24;TMPC=27;RHUA=54;DWPA=17;PTYP=1;PNAM=MS-80SH;PIRA=928;PIRP=781;PIRM=802;PIRL=255;PIRH=1074;
SQNR=45120;DATE=24-08-14;TIME=12:32:00;STAT=201212;TMPA=27;TMPP=277;TMPB=24;TMPC=27;RHUA=54;DWPA=17;PTYP=1;PNAM=MS-80SH;PIRA=676;PIRP=821;PIRM=818;PIRL=255;PIRH=1074;
SQNR=45135;DATE=24-08-14;TIME=12:32:15;STAT=201212;TMPA=27;TMPP=277;TMPB=24;TMPC=27;RHUA=53;DWPA=17;PTYP=1;PNAM=MS-80SH;PIRA=630;PIRP=748;PIRM=745;PIRL=255;PIRH=1074;
SQNR=45150;DATE=24-08-14;TIME=12:32:30;STAT=201212;TMPA=27;TMPP=277;TMPB=24;TMPC=27;RHUA=54;DWPA=17;PTYP=1;PNAM=MS-80SH;PIRA=528;PIRP=600;PIRM=671;PIRL=255;PIRH=1074;
SQNR=45165;DATE=24-08-14;TIME=12:32:45;STAT=201212;TMPA=27;TMPP=277;TMPB=24;TMPC=27;RHUA=54;DWPA=17;PTYP=1;PNAM=MS-80SH;PIRA=829;PIRP=675;PIRM=724;PIRL=255;PIRH=1074;
SQNR=45180;DATE=24-08-14;TIME=12:33:00;STAT=201212;TMPA=27;TMPP=278;TMPB=24;TMPC=27;RHUA=54;DWPA=17;PTYP=1;PNAM=MS-80SH;PIRA=665;PIRP=715;PIRM=692;PIRL=255;PIRH=1074;
SQNR=45195;DATE=24-08-14;TIME=12:33:15;STAT=201212;TMPA=27;TMPP=278;TMPB=24;TMPC=27;RHUA=54;DWPA=17;PTYP=1;PNAM=MS-80SH;PIRA=540;PIRP=599;PIRM=635;PIRL=255;PIRH=1074;
SQNR=45210;DATE=24-08-14;TIME=12:33:30;STAT=201212;TMPA=27;TMPP=278;TMPB=24;TMPC=27;RHUA=54;DWPA=17;PTYP=1;PNAM=MS-80SH;PIRA=651;PIRP=562;PIRM=611;PIRL=255;PIRH=1074;
SQNR=45225;DATE=24-08-14;TIME=12:33:45;STAT=201212;TMPA=27;TMPP=279;TMPB=24;TMPC=27;RHUA=55;DWPA=18;PTYP=1;PNAM=MS-80SH;PIRA=777;PIRP=621;PIRM=637;PIRL=255;PIRH=1074;
SQNR=45240;DATE=24-08-14;TIME=12:34:00;STAT=201212;TMPA=27;TMPP=279;TMPB=24;TMPC=27;RHUA=56;DWPA=18;PTYP=1;PNAM=MS-80SH;PIRA=792;PIRP=740;PIRM=705;PIRL=255;PIRH=1074;
SQNR=45255;DATE=24-08-14;TIME=12:34:15;STAT=201212;TMPA=27;TMPP=279;TMPB=24;TMPC=27;RHUA=55;DWPA=18;PTYP=1;PNAM=MS-80SH;PIRA=637;PIRP=774;PIRM=716;PIRL=255;PIRH=1074;
SQNR=45270;DATE=24-08-14;TIME=12:34:30;STAT=201212;TMPA=27;TMPP=279;TMPB=24;TMPC=27;RHUA=54;DWPA=17;PTYP=1;PNAM=MS-80SH;PIRA=625;PIRP=664;PIRM=666;PIRL=255;PIRH=1074;
SQNR=45285;DATE=24-08-14;TIME=12:34:45;STAT=201212;TMPA=27;TMPP=279;TMPB=24;TMPC=27;RHUA=54;DWPA=17;PTYP=1;PNAM=MS-80SH;PIRA=590;PIRP=601;PIRM=645;PIRL=255;PIRH=1074;
C-----;?
SQNR=45300;DATE=24-08-14;TIME=12:35:00;STAT=201212;TMPA=27;TMPP=278;TMPB=24;TMPC=27;RHUA=54;DWPA=17;PTYP=1;PNAM=MS-80SH;PIRA=493;PIRP=562;PIRM=591;PIRL=255;PIRH=1074;
V-----;SWVNR=2102190;SQNDL=45301;DATE=24-08-14;TIME=12:35:06;THTYP=85;TTEMP=15;TDEWP=5;IUFAN=800;ILFAN=5;IUHEA=3000;PYDEF=21;PYAVT=30;PYAVW=1;PYOST=0;MSDLY=15;FNDLY=30;OSTRG=3;DBGFL=0;ASIRE=0;DBGRE=0;MPPFL=-1;
SQNR=45315;DATE=24-08-14;TIME=12:35:15;STAT=201212;TMPA=27;TMPP=278;TMPB=24;TMPC=27;RHUA=56;DWPA=18;PTYP=1;PNAM=MS-80SH;PIRA=460;PIRP=489;PIRM=541;PIRL=255;PIRH=1074;
SQNR=45330;DATE=24-08-14;TIME=12:35:30;STAT=201212;TMPA=27;TMPP=277;TMPB=24;TMPC=27;RHUA=55;DWPA=17;PTYP=1;PNAM=MS-80SH;PIRA=443;PIRP=462;PIRM=507;PIRL=255;PIRH=1074;
SQNR=45345;DATE=24-08-14;TIME=12:35:45;STAT=201212;TMPA=27;TMPP=277;TMPB=24;TMPC=27;RHUA=55;DWPA=18;PTYP=1;PNAM=MS-80SH;PIRA=425;PIRP=445;PIRM=477;PIRL=255;PIRH=1074;
SQNR=45360;DATE=24-08-14;TIME=12:36:00;STAT=201212;TMPA=27;TMPP=277;TMPB=24;TMPC=27;RHUA=56;DWPA=18;PTYP=1;PNAM=MS-80SH;PIRA=414;PIRP=426;PIRM=454;PIRL=255;PIRH=1074;
SQNR=45375;DATE=24-08-14;TIME=12:36:15;STAT=201212;TMPA=27;TMPP=277;TMPB=24;TMPC=27;RHUA=56;DWPA=18;PTYP=1;PNAM=MS-80SH;PIRA=409;PIRP=415;PIRM=437;PIRL=255;PIRH=1074;
SQNR=45390;DATE=24-08-14;TIME=12:36:30;STAT=201212;TMPA=27;TMPP=277;TMPB=24;TMPC=27;RHUA=56;DWPA=18;PTYP=1;PNAM=MS-80SH;PIRA=408;PIRP=410;PIRM=425;PIRL=255;PIRH=1074;
SQNR=45405;DATE=24-08-14;TIME=12:36:45;STAT=201212;TMPA=27;TMPP=277;TMPB=24;TMPC=27;RHUA=55;DWPA=18;PTYP=1;PNAM=MS-80SH;PIRA=410;PIRP=409;PIRM=419;PIRL=255;PIRH=1074;
SQNR=45420;DATE=24-08-14;TIME=12:37:00;STAT=201212;TMPA=27;TMPP=277;TMPB=24;TMPC=27;RHUA=55;DWPA=18;PTYP=1;PNAM=MS-80SH;PIRA=414;PIRP=411;PIRM=416;PIRL=255;PIRH=1074;
SQNR=45435;DATE=24-08-14;TIME=12:37:15;STAT=201212;TMPA=27;TMPP=276;TMPB=24;TMPC=26;RHUA=57;DWPA=18;PTYP=1;PNAM=MS-80SH;PIRA=414;PIRP=413;PIRM=415;PIRL=255;PIRH=1074;
SQNR=45450;DATE=24-08-14;TIME=12:37:30;STAT=201212;TMPA=27;TMPP=276;TMPB=24;TMPC=26;RHUA=57;DWPA=18;PTYP=1;PNAM=MS-80SH;PIRA=423;PIRP=416;PIRM=416;PIRL=255;PIRH=1074;
SQNR=45465;DATE=24-08-14;TIME=12:37:45;STAT=201212;TMPA=27;TMPP=276;TMPB=24;TMPC=26;RHUA=57;DWPA=18;PTYP=1;PNAM=MS-80SH;PIRA=454;PIRP=433;PIRM=430;PIRL=255;PIRH=1074;
SQNR=45480;DATE=24-08-14;TIME=12:38:00;STAT=201212;TMPA=27;TMPP=276;TMPB=24;TMPC=26;RHUA=57;DWPA=18;PTYP=1;PNAM=MS-80SH;PIRA=420;PIRP=437;PIRM=427;PIRL=255;PIRH=1074;
SQNR=45495;DATE=24-08-14;TIME=12:38:15;STAT=201212;TMPA=27;TMPP=276;TMPB=24;TMPC=26;RHUA=57;DWPA=18;PTYP=1;PNAM=MS-80SH;PIRA=439;PIRP=427;PIRM=428;PIRL=255;PIRH=1074;
SQNR=45510;DATE=24-08-14;TIME=12:38:30;STAT=201212;TMPA=27;TMPP=276;TMPB=24;TMPC=26;RHUA=55;DWPA=18;PTYP=1;PNAM=MS-80SH;PIRA=420;PIRP=425;PIRM=426;PIRL=255;PIRH=1074;
SQNR=45525;DATE=24-08-14;TIME=12:38:45;STAT=201212;TMPA=27;TMPP=276;TMPB=24;TMPC=26;RHUA=55;DWPA=18;PTYP=1;PNAM=MS-80SH;PIRA=418;PIRP=421;PIRM=423;PIRL=255;PIRH=1074;
SQNR=45540;DATE=24-08-14;TIME=12:39:00;STAT=201212;TMPA=27;TMPP=276;TMPB=24;TMPC=26;RHUA=56;DWPA=18;PTYP=1;PNAM=MS-80SH;PIRA=420;PIRP=419;PIRM=422;PIRL=255;PIRH=1074;
SQNR=45555;DATE=24-08-14;TIME=12:39:15;STAT=201212;TMPA=27;TMPP=276;TMPB=24;TMPC=26;RHUA=56;DWPA=18;PTYP=1;PNAM=MS-80SH;PIRA=425;PIRP=421;PIRM=422;PIRL=255;PIRH=1074;
SQNR=45570;DATE=24-08-14;TIME=12:39:30;STAT=201212;TMPA=27;TMPP=276;TMPB=24;TMPC=26;RHUA=56;DWPA=18;PTYP=1;PNAM=MS-80SH;PIRA=446;PIRP=430;PIRM=428;PIRL=255;PIRH=1074;
SQNR=45585;DATE=24-08-14;TIME=12:39:45;STAT=201212;TMPA=27;TMPP=277;TMPB=24;TMPC=26;RHUA=56;DWPA=18;PTYP=1;PNAM=MS-80SH;PIRA=768;PIRP=495;PIRM=484;PIRL=255;PIRH=1074;
SQNR=45600;DATE=24-08-14;TIME=12:40:00;STAT=201212;TMPA=27;TMPP=277;TMPB=24;TMPC=26;RHUA=54;DWPA=17;PTYP=1;PNAM=MS-80SH;PIRA=795;PIRP=706;PIRM=633;PIRL=255;PIRH=1074;
C-----;?
V-----;SWVNR=2102190;SQNDL=45601;DATE=24-08-14;TIME=12:40:06;THTYP=85;TTEMP=15;TDEWP=5;IUFAN=800;ILFAN=5;IUHEA=3000;PYDEF=21;PYAVT=30;PYAVW=1;PYOST=0;MSDLY=15;FNDLY=30;OSTRG=3;DBGFL=0;ASIRE=0;DBGRE=0;MPPFL=-1;
SQNR=45615;DATE=24-08-14;TIME=12:40:15;STAT=201212;TMPA=27;TMPP=278;TMPB=24;TMPC=26;RHUA=55;DWPA=18;PTYP=1;PNAM=MS-80SH;PIRA=1016;PIRP=906;PIRM=766;PIRL=255;PIRH=1074;
SQNR=45630;DATE=24-08-14;TIME=12:40:30;STAT=201212;TMPA=27;TMPP=278;TMPB=24;TMPC=26;RHUA=53;DWPA=17;PTYP=1;PNAM=MS-80SH;PIRA=890;PIRP=966;PIRM=849;PIRL=255;PIRH=1074;
SQNR=45645;DATE=24-08-14;TIME=12:40:45;STAT=201212;TMPA=27;TMPP=278;TMPB=24;TMPC=27;RHUA=53;DWPA=17;PTYP=1;PNAM=MS-80SH;PIRA=682;PIRP=859;PIRM=803;PIRL=255;PIRH=1074;
SQNR=45660;DATE=24-08-14;TIME=12:41:00;STAT=201212;TMPA=27;TMPP=277;TMPB=24;TMPC=26;RHUA=55;DWPA=18;PTYP=1;PNAM=MS-80SH;PIRA=565;PIRP=685;PIRM=731;PIRL=255;PIRH=1074;
SQNR=45675;DATE=24-08-14;TIME=12:41:15;STAT=201212;TMPA=27;TMPP=277;TMPB=24;TMPC=27;RHUA=54;DWPA=17;PTYP=1;PNAM=MS-80SH;PIRA=537;PIRP=619;PIRM=680;PIRL=255;PIRH=1074;
SQNR=45690;DATE=24-08-14;TIME=12:41:30;STAT=201212;TMPA=27;TMPP=277;TMPB=24;TMPC=27;RHUA=56;DWPA=18;PTYP=1;PNAM=MS-80SH;PIRA=530;PIRP=566;PIRM=618;PIRL=255;PIRH=1074;
SQNR=45706;DATE=24-08-14;TIME=12:41:45;STAT=201212;TMPA=27;TMPP=276;TMPB=24;TMPC=27;RHUA=54;DWPA=17;PTYP=1;PNAM=MS-80SH;PIRA=625;PIRP=542;PIRM=597;PIRL=255;PIRH=1074;
SQNR=45721;DATE=24-08-14;TIME=12:42:00;STAT=201212;TMPA=27;TMPP=276;TMPB=24;TMPC=27;RHUA=54;DWPA=17;PTYP=1;PNAM=MS-80SH;PIRA=649;PIRP=586;PIRM=604;PIRL=255;PIRH=1074;
SQNR=45736;DATE=24-08-14;TIME=12:42:15;STAT=201212;TMPA=27;TMPP=276;TMPB=24;TMPC=27;RHUA=53;DWPA=17;PTYP=1;PNAM=MS-80SH;PIRA=1019;PIRP=735;PIRM=712;PIRL=255;PIRH=1074;
SQNR=45751;DATE=24-08-14;TIME=12:42:30;STAT=201212;TMPA=27;TMPP=276;TMPB=24;TMPC=27;RHUA=53;DWPA=17;PTYP=1;PNAM=MS-80SH;PIRA=989;PIRP=908;PIRM=810;PIRL=255;PIRH=1074;
SQNR=45766;DATE=24-08-14;TIME=12:42:45;STAT=201212;TMPA=27;TMPP=277;TMPB=24;TMPC=27;RHUA=53;DWPA=17;PTYP=1;PNAM=MS-80SH;PIRA=930;PIRP=963;PIRM=872;PIRL=255;PIRH=1074;
SQNR=45781;DATE=24-08-14;TIME=12:43:00;STAT=201212;TMPA=27;TMPP=277;TMPB=24;TMPC=27;RHUA=53;DWPA=17;PTYP=1;PNAM=MS-80SH;PIRA=996;PIRP=974;PIRM=915;PIRL=255;PIRH=1074;
SQNR=45796;DATE=24-08-14;TIME=12:43:15;STAT=201212;TMPA=27;TMPP=277;TMPB=24;TMPC=27;RHUA=53;DWPA=17;PTYP=1;PNAM=MS-80SH;PIRA=671;PIRP=894;PIRM=866;PIRL=255;PIRH=1074;
SQNR=45811;DATE=24-08-14;TIME=12:43:30;STAT=201212;TMPA=27;TMPP=277;TMPB=24;TMPC=27;RHUA=54;DWPA=17;PTYP=1;PNAM=MS-80SH;PIRA=647;PIRP=736;PIRM=785;PIRL=255;PIRH=1074;
SQNR=45826;DATE=24-08-14;TIME=12:43:45;STAT=201212;TMPA=27;TMPP=278;TMPB=24;TMPC=27;RHUA=58;DWPA=18;PTYP=1;PNAM=MS-80SH;PIRA=713;PIRP=667;PIRM=741;PIRL=255;PIRH=1074;
SQNR=45841;DATE=24-08-14;TIME=12:44:00;STAT=201212;TMPA=27;TMPP=278;TMPB=24;TMPC=27;RHUA=59;DWPA=19;PTYP=1;PNAM=MS-80SH;PIRA=870;PIRP=728;PIRM=762;PIRL=255;PIRH=1074;
SQNR=45856;DATE=24-08-14;TIME=12:44:15;STAT=201212;TMPA=27;TMPP=279;TMPB=24;TMPC=27;RHUA=55;DWPA=18;PTYP=1;PNAM=MS-80SH;PIRA=842;PIRP=842;PIRM=814;PIRL=255;PIRH=1074;
SQNR=45871;DATE=24-08-14;TIME=12:44:30;STAT=201212;TMPA=27;TMPP=279;TMPB=24;TMPC=27;RHUA=54;DWPA=17;PTYP=1;PNAM=MS-80SH;PIRA=845;PIRP=857;PIRM=816;PIRL=255;PIRH=1074;
SQNR=45886;DATE=24-08-14;TIME=12:44:45;STAT=201212;TMPA=27;TMPP=279;TMPB=24;TMPC=27;RHUA=54;DWPA=17;PTYP=1;PNAM=MS-80SH;PIRA=885;PIRP=890;PIRM=876;PIRL=255;PIRH=1074;
SQNR=45901;DATE=24-08-14;TIME=12:45:00;STAT=201212;TMPA=27;TMPP=279;TMPB=24;TMPC=27;RHUA=54;DWPA=18;PTYP=1;PNAM=MS-80SH;PIRA=730;PIRP=839;PIRM=810;PIRL=255;PIRH=1074;
C-----;?
V-----;SWVNR=2102190;SQNDL=45903;DATE=24-08-14;TIME=12:45:07;THTYP=85;TTEMP=15;TDEWP=5;IUFAN=800;ILFAN=5;IUHEA=3000;PYDEF=21;PYAVT=30;PYAVW=1;PYOST=0;MSDLY=15;FNDLY=30;OSTRG=3;DBGFL=0;ASIRE=0;DBGRE=0;MPPFL=-1;
SQNR=45916;DATE=24-08-14;TIME=12:45:15;STAT=201212;TMPA=27;TMPP=279;TMPB=24;TMPC=27;RHUA=53;DWPA=17;PTYP=1;PNAM=MS-80SH;PIRA=813;PIRP=773;PIRM=820;PIRL=255;PIRH=1074;
SQNR=45931;DATE=24-08-14;TIME=12:45:30;STAT=201212;TMPA=27;TMPP=279;TMPB=24;TMPC=27;RHUA=55;DWPA=18;PTYP=1;PNAM=MS-80SH;PIRA=711;PIRP=778;PIRM=779;PIRL=255;PIRH=1074;
SQNR=45946;DATE=24-08-14;TIME=12:45:45;STAT=201212;TMPA=27;TMPP=279;TMPB=24;TMPC=27;RHUA=53;DWPA=17;PTYP=1;PNAM=MS-80SH;PIRA=806;PIRP=744;PIRM=775;PIRL=255;PIRH=1074;
SQNR=45961;DATE=24-08-14;TIME=12:46:00;STAT=201212;TMPA=28;TMPP=280;TMPB=24;TMPC=27;RHUA=53;DWPA=17;PTYP=1;PNAM=MS-80SH;PIRA=895;PIRP=805;PIRM=805;PIRL=255;PIRH=1074;
SQNR=45976;DATE=24-08-14;TIME=12:46:15;STAT=201212;TMPA=28;TMPP=280;TMPB=24;TMPC=27;RHUA=55;DWPA=18;PTYP=1;PNAM=MS-80SH;PIRA=897;PIRP=906;PIRM=868;PIRL=255;PIRH=1074;
SQNR=45991;DATE=24-08-14;TIME=12:46:30;STAT=201212;TMPA=28;TMPP=281;TMPB=24;TMPC=27;RHUA=56;DWPA=18;PTYP=1;PNAM=MS-80SH;PIRA=772;PIRP=929;PIRM=875;PIRL=255;PIRH=1074;
SQNR=46006;DATE=24-08-14;TIME=12:46:45;STAT=201212;TMPA=28;TMPP=281;TMPB=24;TMPC=27;RHUA=53;DWPA=17;PTYP=1;PNAM=MS-80SH;PIRA=750;PIRP=849;PIRM=848;PIRL=255;PIRH=1074;
SQNR=46021;DATE=24-08-14;TIME=12:47:00;STAT=201212;TMPA=28;TMPP=281;TMPB=24;TMPC=27;RHUA=54;DWPA=18;PTYP=1;PNAM=MS-80SH;PIRA=763;PIRP=763;PIRM=799;PIRL=255;PIRH=1074;
SQNR=46036;DATE=24-08-14;TIME=12:47:15;STAT=201212;TMPA=28;TMPP=281;TMPB=24;TMPC=27;RHUA=54;DWPA=18;PTYP=1;PNAM=MS-80SH;PIRA=815;PIRP=770;PIRM=807;PIRL=255;PIRH=1074;
SQNR=46051;DATE=24-08-14;TIME=12:47:30;STAT=201212;TMPA=28;TMPP=281;TMPB=24;TMPC=27;RHUA=54;DWPA=17;PTYP=1;PNAM=MS-80SH;PIRA=697;PIRP=824;PIRM=812;PIRL=255;PIRH=1074;
SQNR=46066;DATE=24-08-14;TIME=12:47:45;STAT=201212;TMPA=28;TMPP=281;TMPB=24;TMPC=27;RHUA=54;DWPA=18;PTYP=1;PNAM=MS-80SH;PIRA=568;PIRP=766;PIRM=765;PIRL=255;PIRH=1074;
SQNR=46081;DATE=24-08-14;TIME=12:48:00;STAT=201212;TMPA=28;TMPP=281;TMPB=24;TMPC=27;RHUA=53;DWPA=17;PTYP=1;PNAM=MS-80SH;PIRA=766;PIRP=701;PIRM=742;PIRL=255;PIRH=1074;
SQNR=46096;DATE=24-08-14;TIME=12:48:15;STAT=201212;TMPA=28;TMPP=281;TMPB=24;TMPC=27;RHUA=54;DWPA=18;PTYP=1;PNAM=MS-80SH;PIRA=864;PIRP=748;PIRM=766;PIRL=255;PIRH=1074;
SQNR=46111;DATE=24-08-14;TIME=12:48:30;STAT=201212;TMPA=28;TMPP=282;TMPB=25;TMPC=27;RHUA=58;DWPA=19;PTYP=1;PNAM=MS-80SH;PIRA=988;PIRP=880;PIRM=846;PIRL=255;PIRH=1074;
SQNR=46126;DATE=24-08-14;TIME=12:48:45;STAT=201212;TMPA=28;TMPP=283;TMPB=25;TMPC=27;RHUA=54;DWPA=18;PTYP=1;PNAM=MS-80SH;PIRA=950;PIRP=970;PIRM=898;PIRL=255;PIRH=1074;
SQNR=46141;DATE=24-08-14;TIME=12:49:00;STAT=201212;TMPA=28;TMPP=283;TMPB=25;TMPC=27;RHUA=56;DWPA=18;PTYP=1;PNAM=MS-80SH;PIRA=996;PIRP=985;PIRM=935;PIRL=255;PIRH=1074;
SQNR=46156;DATE=24-08-14;TIME=12:49:15;STAT=201212;TMPA=28;TMPP=283;TMPB=25;TMPC=27;RHUA=53;DWPA=18;PTYP=1;PNAM=MS-80SH;PIRA=984;PIRP=990;PIRM=956;PIRL=255;PIRH=1074;
SQNR=46171;DATE=24-08-14;TIME=12:49:30;STAT=201212;TMPA=28;TMPP=283;TMPB=25;TMPC=27;RHUA=53;DWPA=18;PTYP=1;PNAM=MS-80SH;PIRA=977;PIRP=985;PIRM=966;PIRL=255;PIRH=1074;
SQNR=46186;DATE=24-08-14;TIME=12:49:45;STAT=201212;TMPA=28;TMPP=283;TMPB=25;TMPC=27;RHUA=53;DWPA=17;PTYP=1;PNAM=MS-80SH;PIRA=970;PIRP=977;PIRM=969;PIRL=255;PIRH=1074;
SQNR=46201;DATE=24-08-14;TIME=12:50:00;STAT=201212;TMPA=28;TMPP=283;TMPB=24;TMPC=27;RHUA=53;DWPA=17;PTYP=1;PNAM=MS-80SH;PIRA=961;PIRP=970;PIRM=967;PIRL=255;PIRH=1074;
C-----;?
V-----;SWVNR=2102190;SQNDL=46202;DATE=24-08-14;TIME=12:50:06;THTYP=85;TTEMP=15;TDEWP=5;IUFAN=800;ILFAN=5;IUHEA=3000;PYDEF=21;PYAVT=30;PYAVW=1;PYOST=0;MSDLY=15;FNDLY=30;OSTRG=3;DBGFL=0;ASIRE=0;DBGRE=0;MPPFL=-1;
SQNR=46216;DATE=24-08-14;TIME=12:50:15;STAT=201212;TMPA=28;TMPP=282;TMPB=24;TMPC=27;RHUA=52;DWPA=17;PTYP=1;PNAM=MS-80SH;PIRA=955;PIRP=962;PIRM=963;PIRL=255;PIRH=1074;
SQNR=46231;DATE=24-08-14;TIME=12:50:30;STAT=201212;TMPA=28;TMPP=282;TMPB=24;TMPC=27;RHUA=53;DWPA=18;PTYP=1;PNAM=MS-80SH;PIRA=949;PIRP=955;PIRM=959;PIRL=255;PIRH=1074;
SQNR=46246;DATE=24-08-14;TIME=12:50:45;STAT=201212;TMPA=28;TMPP=282;TMPB=24;TMPC=27;RHUA=55;DWPA=18;PTYP=1;PNAM=MS-80SH;PIRA=940;PIRP=948;PIRM=953;PIRL=255;PIRH=1074;
SQNR=46261;DATE=24-08-14;TIME=12:51:00;STAT=201212;TMPA=28;TMPP=282;TMPB=24;TMPC=27;RHUA=53;DWPA=17;PTYP=1;PNAM=MS-80SH;PIRA=935;PIRP=941;PIRM=947;PIRL=255;PIRH=1074;
SQNR=46276;DATE=24-08-14;TIME=12:51:15;STAT=201212;TMPA=28;TMPP=282;TMPB=24;TMPC=27;RHUA=53;DWPA=17;PTYP=1;PNAM=MS-80SH;PIRA=928;PIRP=934;PIRM=940;PIRL=255;PIRH=1074;
SQNR=46291;DATE=24-08-14;TIME=12:51:30;STAT=201212;TMPA=28;TMPP=282;TMPB=24;TMPC=27;RHUA=53;DWPA=17;PTYP=1;PNAM=MS-80SH;PIRA=922;PIRP=928;PIRM=934;PIRL=255;PIRH=1074;
SQNR=46306;DATE=24-08-14;TIME=12:51:45;STAT=201212;TMPA=28;TMPP=282;TMPB=25;TMPC=27;RHUA=55;DWPA=18;PTYP=1;PNAM=MS-80SH;PIRA=916;PIRP=922;PIRM=928;PIRL=255;PIRH=1074;
SQNR=46321;DATE=24-08-14;TIME=12:52:00;STAT=201212;TMPA=28;TMPP=282;TMPB=25;TMPC=27;RHUA=58;DWPA=19;PTYP=1;PNAM=MS-80SH;PIRA=909;PIRP=915;PIRM=921;PIRL=255;PIRH=1074;
SQNR=46336;DATE=24-08-14;TIME=12:52:15;STAT=201212;TMPA=28;TMPP=282;TMPB=25;TMPC=27;RHUA=53;DWPA=17;PTYP=1;PNAM=MS-80SH;PIRA=904;PIRP=909;PIRM=915;PIRL=255;PIRH=1074;
SQNR=46351;DATE=24-08-14;TIME=12:52:30;STAT=201212;TMPA=28;TMPP=282;TMPB=25;TMPC=27;RHUA=53;DWPA=17;PTYP=1;PNAM=MS-80SH;PIRA=899;PIRP=903;PIRM=909;PIRL=255;PIRH=1074;
SQNR=46366;DATE=24-08-14;TIME=12:52:45;STAT=201212;TMPA=28;TMPP=282;TMPB=25;TMPC=27;RHUA=55;DWPA=18;PTYP=1;PNAM=MS-80SH;PIRA=893;PIRP=898;PIRM=904;PIRL=255;PIRH=1074;
SQNR=46381;DATE=24-08-14;TIME=12:53:00;STAT=201212;TMPA=28;TMPP=282;TMPB=25;TMPC=27;RHUA=53;DWPA=17;PTYP=1;PNAM=MS-80SH;PIRA=887;PIRP=893;PIRM=898;PIRL=255;PIRH=1074;
SQNR=46396;DATE=24-08-14;TIME=12:53:15;STAT=201212;TMPA=28;TMPP=282;TMPB=25;TMPC=27;RHUA=54;DWPA=18;PTYP=1;PNAM=MS-80SH;PIRA=881;PIRP=887;PIRM=893;PIRL=255;PIRH=1074;
SQNR=46411;DATE=24-08-14;TIME=12:53:30;STAT=201212;TMPA=28;TMPP=282;TMPB=25;TMPC=27;RHUA=54;DWPA=18;PTYP=1;PNAM=MS-80SH;PIRA=881;PIRP=883;PIRM=888;PIRL=255;PIRH=1074;
SQNR=46426;DATE=24-08-14;TIME=12:53:45;STAT=201212;TMPA=28;TMPP=282;TMPB=25;TMPC=27;RHUA=53;DWPA=17;PTYP=1;PNAM=MS-80SH;PIRA=877;PIRP=880;PIRM=884;PIRL=255;PIRH=1074;
SQNR=46441;DATE=24-08-14;TIME=12:54:00;STAT=201212;TMPA=28;TMPP=282;TMPB=25;TMPC=27;RHUA=52;DWPA=17;PTYP=1;PNAM=MS-80SH;PIRA=872;PIRP=877;PIRM=880;PIRL=255;PIRH=1074;
SQNR=46456;DATE=24-08-14;TIME=12:54:15;STAT=201212;TMPA=28;TMPP=282;TMPB=25;TMPC=27;RHUA=52;DWPA=17;PTYP=1;PNAM=MS-80SH;PIRA=867;PIRP=872;PIRM=876;PIRL=255;PIRH=1074;
SQNR=46471;DATE=24-08-14;TIME=12:54:30;STAT=201212;TMPA=28;TMPP=282;TMPB=25;TMPC=27;RHUA=53;DWPA=17;PTYP=1;PNAM=MS-80SH;PIRA=863;PIRP=868;PIRM=872;PIRL=255;PIRH=1074;
SQNR=46486;DATE=24-08-14;TIME=12:54:45;STAT=201212;TMPA=28;TMPP=282;TMPB=25;TMPC=27;RHUA=53;DWPA=17;PTYP=1;PNAM=MS-80SH;PIRA=862;PIRP=864;PIRM=868;PIRL=255;PIRH=1074;
SQNR=46501;DATE=24-08-14;TIME=12:55:00;STAT=201212;TMPA=28;TMPP=282;TMPB=25;TMPC=27;RHUA=52;DWPA=17;PTYP=1;PNAM=MS-80SH;PIRA=861;PIRP=862;PIRM=866;PIRL=255;PIRH=1074;
C-----;?
V-----;SWVNR=2102190;SQNDL=46503;DATE=24-08-14;TIME=12:55:07;THTYP=85;TTEMP=15;TDEWP=5;IUFAN=800;ILFAN=5;IUHEA=3000;PYDEF=21;PYAVT=30;PYAVW=1;PYOST=0;MSDLY=15;FNDLY=30;OSTRG=3;DBGFL=0;ASIRE=0;DBGRE=0;MPPFL=-1;
SQNR=46515;DATE=24-08-14;TIME=12:55:15;STAT=201212;TMPA=28;TMPP=281;TMPB=25;TMPC=27;RHUA=54;DWPA=17;PTYP=1;PNAM=MS-80SH;PIRA=857;PIRP=860;PIRM=863;PIRL=255;PIRH=1074;
SQNR=46530;DATE=24-08-14;TIME=12:55:30;STAT=201212;TMPA=28;TMPP=281;TMPB=25;TMPC=27;RHUA=52;DWPA=17;PTYP=1;PNAM=MS-80SH;PIRA=853;PIRP=857;PIRM=860;PIRL=255;PIRH=1074;
SQNR=46545;DATE=24-08-14;TIME=12:55:45;STAT=201212;TMPA=28;TMPP=281;TMPB=25;TMPC=27;RHUA=53;DWPA=17;PTYP=1;PNAM=MS-80SH;PIRA=848;PIRP=853;PIRM=856;PIRL=255;PIRH=1074;
SQNR=46560;DATE=24-08-14;TIME=12:56:00;STAT=201212;TMPA=28;TMPP=281;TMPB=25;TMPC=27;RHUA=54;DWPA=18;PTYP=1;PNAM=MS-80SH;PIRA=848;PIRP=849;PIRM=853;PIRL=255;PIRH=1074;
SQNR=46575;DATE=24-08-14;TIME=12:56:15;STAT=201212;TMPA=28;TMPP=282;TMPB=25;TMPC=27;RHUA=55;DWPA=18;PTYP=1;PNAM=MS-80SH;PIRA=846;PIRP=848;PIRM=850;PIRL=255;PIRH=1074;
SQNR=46590;DATE=24-08-14;TIME=12:56:30;STAT=201212;TMPA=28;TMPP=282;TMPB=25;TMPC=27;RHUA=54;DWPA=18;PTYP=1;PNAM=MS-80SH;PIRA=845;PIRP=846;PIRM=848;PIRL=255;PIRH=1074;
SQNR=46605;DATE=24-08-14;TIME=12:56:45;STAT=201212;TMPA=28;TMPP=283;TMPB=25;TMPC=27;RHUA=55;DWPA=18;PTYP=1;PNAM=MS-80SH;PIRA=842;PIRP=845;PIRM=847;PIRL=255;PIRH=1074;
SQNR=46620;DATE=24-08-14;TIME=12:57:00;STAT=201212;TMPA=28;TMPP=283;TMPB=25;TMPC=27;RHUA=54;DWPA=18;PTYP=1;PNAM=MS-80SH;PIRA=840;PIRP=843;PIRM=845;PIRL=255;PIRH=1074;
SQNR=46635;DATE=24-08-14;TIME=12:57:15;STAT=201212;TMPA=28;TMPP=285;TMPB=25;TMPC=27;RHUA=53;DWPA=18;PTYP=1;PNAM=MS-80SH;PIRA=838;PIRP=840;PIRM=842;PIRL=255;PIRH=1074;
SQNR=46650;DATE=24-08-14;TIME=12:57:30;STAT=201212;TMPA=28;TMPP=286;TMPB=26;TMPC=27;RHUA=52;DWPA=17;PTYP=1;PNAM=MS-80SH;PIRA=836;PIRP=839;PIRM=841;PIRL=255;PIRH=1074;
SQNR=46665;DATE=24-08-14;TIME=12:57:45;STAT=201212;TMPA=28;TMPP=288;TMPB=26;TMPC=27;RHUA=52;DWPA=18;PTYP=1;PNAM=MS-80SH;PIRA=835;PIRP=837;PIRM=839;PIRL=255;PIRH=1074;
SQNR=46680;DATE=24-08-14;TIME=12:58:00;STAT=201212;TMPA=29;TMPP=291;TMPB=26;TMPC=28;RHUA=52;DWPA=18;PTYP=1;PNAM=MS-80SH;PIRA=835;PIRP=836;PIRM=837;PIRL=255;PIRH=1074;
SQNR=46695;DATE=24-08-14;TIME=12:58:15;STAT=201212;TMPA=29;TMPP=293;TMPB=26;TMPC=28;RHUA=51;DWPA=18;PTYP=1;PNAM=MS-80SH;PIRA=833;PIRP=834;PIRM=836;PIRL=255;PIRH=1074;
SQNR=46710;DATE=24-08-14;TIME=12:58:30;STAT=201212;TMPA=29;TMPP=296;TMPB=26;TMPC=28;RHUA=50;DWPA=18;PTYP=1;PNAM=MS-80SH;PIRA=832;PIRP=833;PIRM=835;PIRL=255;PIRH=1074;
SQNR=46725;DATE=24-08-14;TIME=12:58:45;STAT=201212;TMPA=29;TMPP=298;TMPB=26;TMPC=28;RHUA=49;DWPA=18;PTYP=1;PNAM=MS-80SH;PIRA=832;PIRP=832;PIRM=834;PIRL=255;PIRH=1074;
SQNR=46740;DATE=24-08-14;TIME=12:59:00;STAT=201212;TMPA=30;TMPP=300;TMPB=26;TMPC=28;RHUA=49;DWPA=18;PTYP=1;PNAM=MS-80SH;PIRA=830;PIRP=832;PIRM=833;PIRL=255;PIRH=1074;
SQNR=46755;DATE=24-08-14;TIME=12:59:15;STAT=201212;TMPA=30;TMPP=301;TMPB=26;TMPC=28;RHUA=51;DWPA=18;PTYP=1;PNAM=MS-80SH;PIRA=831;PIRP=831;PIRM=832;PIRL=255;PIRH=1074;
SQNR=46770;DATE=24-08-14;TIME=12:59:30;STAT=201212;TMPA=30;TMPP=302;TMPB=26;TMPC=28;RHUA=50;DWPA=18;PTYP=1;PNAM=MS-80SH;PIRA=829;PIRP=830;PIRM=831;PIRL=255;PIRH=1074;
SQNR=46785;DATE=24-08-14;TIME=12:59:45;STAT=201212;TMPA=30;TMPP=304;TMPB=26;TMPC=28;RHUA=49;DWPA=18;PTYP=1;PNAM=MS-80SH;PIRA=829;PIRP=829;PIRM=830;PIRL=255;PIRH=1074;
SQNR=46800;DATE=24-08-14;TIME=13:00:00;STAT=201212;TMPA=30;TMPP=305;TMPB=26;TMPC=28;RHUA=47;DWPA=18;PTYP=1;PNAM=MS-80SH;PIRA=829;PIRP=829;PIRM=830;PIRL=255;PIRH=1074;
C-----;?
V-----;SWVNR=2102190;SQNDL=46802;DATE=24-08-14;TIME=13:00:07;THTYP=85;TTEMP=15;TDEWP=5;IUFAN=800;ILFAN=5;IUHEA=3000;PYDEF=21;PYAVT=30;PYAVW=1;PYOST=0;MSDLY=15;FNDLY=30;OSTRG=3;DBGFL=0;ASIRE=0;DBGRE=0;MPPFL=-1;
SQNR=46815;DATE=24-08-14;TIME=13:00:15;STAT=201212;TMPA=30;TMPP=306;TMPB=26;TMPC=28;RHUA=48;DWPA=18;PTYP=1;PNAM=MS-80SH;PIRA=829;PIRP=829;PIRM=829;PIRL=255;PIRH=1074;
SQNR=46830;DATE=24-08-14;TIME=13:00:30;STAT=201212;TMPA=30;TMPP=306;TMPB=26;TMPC=28;RHUA=49;DWPA=18;PTYP=1;PNAM=MS-80SH;PIRA=831;PIRP=829;PIRM=829;PIRL=255;PIRH=1074;
SQNR=46845;DATE=24-08-14;TIME=13:00:45;STAT=201212;TMPA=30;TMPP=305;TMPB=26;TMPC=28;RHUA=48;DWPA=18;PTYP=1;PNAM=MS-80SH;PIRA=828;PIRP=829;PIRM=829;PIRL=255;PIRH=1074;
SQNR=46860;DATE=24-08-14;TIME=13:01:00;STAT=201212;TMPA=30;TMPP=305;TMPB=26;TMPC=28;RHUA=49;DWPA=18;PTYP=1;PNAM=MS-80SH;PIRA=830;PIRP=829;PIRM=829;PIRL=255;PIRH=1074;
C-----;P1001
P-----;DATE=24-08-14;TIME=13:01:01;PSNR=23059772;PTMP=349;PRHU=7;PSTX=-25;PSTY=13;
SQNR=46875;DATE=24-08-14;TIME=13:01:15;STAT=201212;TMPA=30;TMPP=305;TMPB=26;TMPC=28;RHUA=48;DWPA=18;PTYP=1;PNAM=MS-80SH;PIRA=827;PIRP=829;PIRM=829;PIRL=255;PIRH=1074;
SQNR=46890;DATE=24-08-14;TIME=13:01:30;STAT=201212;TMPA=30;TMPP=305;TMPB=26;TMPC=28;RHUA=49;DWPA=18;PTYP=1;PNAM=MS-80SH;PIRA=826;PIRP=828;PIRM=828;PIRL=255;PIRH=1074;
SQNR=46905;DATE=24-08-14;TIME=13:01:45;STAT=201212;TMPA=30;TMPP=305;TMPB=26;TMPC=28;RHUA=50;DWPA=18;PTYP=1;PNAM=MS-80SH;PIRA=826;PIRP=827;PIRM=828;PIRL=255;PIRH=1074;
SQNR=46920;DATE=24-08-14;TIME=13:02:00;STAT=201212;TMPA=30;TMPP=306;TMPB=26;TMPC=28;RHUA=51;DWPA=19;PTYP=1;PNAM=MS-80SH;PIRA=828;PIRP=827;PIRM=827;PIRL=255;PIRH=1074;
SQNR=46935;DATE=24-08-14;TIME=13:02:15;STAT=201212;TMPA=30;TMPP=307;TMPB=26;TMPC=28;RHUA=49;DWPA=19;PTYP=1;PNAM=MS-80SH;PIRA=826;PIRP=826;PIRM=827;PIRL=255;PIRH=1074;
SQNR=46950;DATE=24-08-14;TIME=13:02:30;STAT=201212;TMPA=30;TMPP=307;TMPB=26;TMPC=28;RHUA=48;DWPA=18;PTYP=1;PNAM=MS-80SH;PIRA=825;PIRP=826;PIRM=826;PIRL=255;PIRH=1074;
SQNR=46965;DATE=24-08-14;TIME=13:02:45;STAT=201212;TMPA=30;TMPP=307;TMPB=26;TMPC=28;RHUA=50;DWPA=19;PTYP=1;PNAM=MS-80SH;PIRA=827;PIRP=825;PIRM=826;PIRL=255;PIRH=1074;
SQNR=46980;DATE=24-08-14;TIME=13:03:00;STAT=201212;TMPA=30;TMPP=307;TMPB=26;TMPC=28;RHUA=47;DWPA=18;PTYP=1;PNAM=MS-80SH;PIRA=828;PIRP=826;PIRM=826;PIRL=255;PIRH=1074;
SQNR=46995;DATE=24-08-14;TIME=13:03:15;STAT=201212;TMPA=30;TMPP=306;TMPB=26;TMPC=28;RHUA=46;DWPA=17;PTYP=1;PNAM=MS-80SH;PIRA=828;PIRP=827;PIRM=827;PIRL=255;PIRH=1074;
SQNR=47010;DATE=24-08-14;TIME=13:03:30;STAT=201212;TMPA=30;TMPP=304;TMPB=26;TMPC=28;RHUA=47;DWPA=18;PTYP=1;PNAM=MS-80SH;PIRA=828;PIRP=828;PIRM=827;PIRL=255;PIRH=1074;
SQNR=47025;DATE=24-08-14;TIME=13:03:45;STAT=201212;TMPA=30;TMPP=302;TMPB=26;TMPC=28;RHUA=48;DWPA=18;PTYP=1;PNAM=MS-80SH;PIRA=827;PIRP=827;PIRM=827;PIRL=255;PIRH=1074;
SQNR=47040;DATE=24-08-14;TIME=13:04:00;STAT=201212;TMPA=30;TMPP=300;TMPB=26;TMPC=28;RHUA=49;DWPA=18;PTYP=1;PNAM=MS-80SH;PIRA=828;PIRP=827;PIRM=827;PIRL=255;PIRH=1074;
SQNR=47055;DATE=24-08-14;TIME=13:04:15;STAT=201212;TMPA=29;TMPP=298;TMPB=26;TMPC=28;RHUA=49;DWPA=18;PTYP=1;PNAM=MS-80SH;PIRA=829;PIRP=828;PIRM=828;PIRL=255;PIRH=1074;
SQNR=47070;DATE=24-08-14;TIME=13:04:30;STAT=201212;TMPA=29;TMPP=297;TMPB=26;TMPC=28;RHUA=52;DWPA=18;PTYP=1;PNAM=MS-80SH;PIRA=828;PIRP=828;PIRM=828;PIRL=255;PIRH=1074;
SQNR=47085;DATE=24-08-14;TIME=13:04:45;STAT=201212;TMPA=29;TMPP=296;TMPB=25;TMPC=28;RHUA=48;DWPA=17;PTYP=1;PNAM=MS-80SH;PIRA=829;PIRP=829;PIRM=829;PIRL=255;PIRH=1074;
SQNR=47100;DATE=24-08-14;TIME=13:05:00;STAT=201212;TMPA=29;TMPP=295;TMPB=25;TMPC=28;RHUA=50;DWPA=17;PTYP=1;PNAM=MS-80SH;PIRA=830;PIRP=830;PIRM=829;PIRL=255;PIRH=1074;
C-----;?
V-----;SWVNR=2102190;SQNDL=47101;DATE=24-08-14;TIME=13:05:06;THTYP=85;TTEMP=15;TDEWP=5;IUFAN=800;ILFAN=5;IUHEA=3000;PYDEF=21;PYAVT=30;PYAVW=1;PYOST=0;MSDLY=15;FNDLY=30;OSTRG=3;DBGFL=0;ASIRE=0;DBGRE=0;MPPFL=-1;
SQNR=47115;DATE=24-08-14;TIME=13:05:15;STAT=201212;TMPA=29;TMPP=294;TMPB=26;TMPC=28;RHUA=52;DWPA=18;PTYP=1;PNAM=MS-80SH;PIRA=829;PIRP=830;PIRM=829;PIRL=255;PIRH=1074;
SQNR=47130;DATE=24-08-14;TIME=13:05:30;STAT=201212;TMPA=29;TMPP=296;TMPB=26;TMPC=28;RHUA=52;DWPA=18;PTYP=1;PNAM=MS-80SH;PIRA=826;PIRP=829;PIRM=829;PIRL=255;PIRH=1074;
SQNR=47145;DATE=24-08-14;TIME=13:05:45;STAT=201212;TMPA=29;TMPP=297;TMPB=26;TMPC=28;RHUA=50;DWPA=18;PTYP=1;PNAM=MS-80SH;PIRA=826;PIRP=827;PIRM=828;PIRL=255;PIRH=1074;
SQNR=47160;DATE=24-08-14;TIME=13:06:00;STAT=201212;TMPA=29;TMPP=298;TMPB=26;TMPC=28;RHUA=51;DWPA=18;PTYP=1;PNAM=MS-80SH;PIRA=825;PIRP=826;PIRM=827;PIRL=255;PIRH=1074;
SQNR=47175;DATE=24-08-14;TIME=13:06:15;STAT=201212;TMPA=29;TMPP=299;TMPB=26;TMPC=28;RHUA=52;DWPA=19;PTYP=1;PNAM=MS-80SH;PIRA=824;PIRP=825;PIRM=826;PIRL=255;PIRH=1074;
SQNR=47190;DATE=24-08-14;TIME=13:06:30;STAT=201212;TMPA=30;TMPP=300;TMPB=26;TMPC=28;RHUA=49;DWPA=18;PTYP=1;PNAM=MS-80SH;PIRA=825;PIRP=825;PIRM=825;PIRL=255;PIRH=1074;
SQNR=47205;DATE=24-08-14;TIME=13:06:45;STAT=201212;TMPA=30;TMPP=301;TMPB=26;TMPC=28;RHUA=49;DWPA=18;PTYP=1;PNAM=MS-80SH;PIRA=824;PIRP=824;PIRM=825;PIRL=255;PIRH=1074;
SQNR=47220;DATE=24-08-14;TIME=13:07:00;STAT=201212;TMPA=30;TMPP=301;TMPB=27;TMPC=28;RHUA=50;DWPA=18;PTYP=1;PNAM=MS-80SH;PIRA=825;PIRP=824;PIRM=825;PIRL=255;PIRH=1074;
SQNR=47235;DATE=24-08-14;TIME=13:07:15;STAT=201212;TMPA=30;TMPP=303;TMPB=26;TMPC=29;RHUA=47;DWPA=18;PTYP=1;PNAM=MS-80SH;PIRA=825;PIRP=825;PIRM=825;PIRL=255;PIRH=1074;
SQNR=47250;DATE=24-08-14;TIME=13:07:30;STAT=201212;TMPA=30;TMPP=304;TMPB=27;TMPC=29;RHUA=48;DWPA=18;PTYP=1;PNAM=MS-80SH;PIRA=825;PIRP=825;PIRM=825;PIRL=255;PIRH=1074;
SQNR=47265;DATE=24-08-14;TIME=13:07:45;STAT=201212;TMPA=30;TMPP=305;TMPB=27;TMPC=29;RHUA=47;DWPA=18;PTYP=1;PNAM=MS-80SH;PIRA=824;PIRP=824;PIRM=824;PIRL=255;PIRH=1074;
SQNR=47280;DATE=24-08-14;TIME=13:08:00;STAT=201212;TMPA=30;TMPP=306;TMPB=27;TMPC=29;RHUA=46;DWPA=17;PTYP=1;PNAM=MS-80SH;PIRA=823;PIRP=824;PIRM=824;PIRL=255;PIRH=1074;
SQNR=47295;DATE=24-08-14;TIME=13:08:15;STAT=201212;TMPA=30;TMPP=307;TMPB=26;TMPC=29;RHUA=45;DWPA=17;PTYP=1;PNAM=MS-80SH;PIRA=810;PIRP=822;PIRM=822;PIRL=255;PIRH=1074;
SQNR=47310;DATE=24-08-14;TIME=13:08:30;STAT=201212;TMPA=30;TMPP=307;TMPB=26;TMPC=29;RHUA=48;DWPA=18;PTYP=1;PNAM=MS-80SH;PIRA=779;PIRP=806;PIRM=810;PIRL=255;PIRH=1074;
SQNR=47325;DATE=24-08-14;TIME=13:08:45;STAT=201212;TMPA=30;TMPP=307;TMPB=26;TMPC=29;RHUA=46;DWPA=17;PTYP=1;PNAM=MS-80SH;PIRA=782;PIRP=785;PIRM=797;PIRL=255;PIRH=1074;
SQNR=47340;DATE=24-08-14;TIME=13:09:00;STAT=201212;TMPA=30;TMPP=306;TMPB=26;TMPC=29;RHUA=48;DWPA=18;PTYP=1;PNAM=MS-80SH;PIRA=799;PIRP=785;PIRM=796;PIRL=255;PIRH=1074;
SQNR=47355;DATE=24-08-14;TIME=13:09:15;STAT=201212;TMPA=30;TMPP=305;TMPB=26;TMPC=29;RHUA=46;DWPA=17;PTYP=1;PNAM=MS-80SH;PIRA=807;PIRP=797;PIRM=798;PIRL=255;PIRH=1074;
SQNR=47370;DATE=24-08-14;TIME=13:09:30;STAT=201212;TMPA=30;TMPP=304;TMPB=26;TMPC=29;RHUA=46;DWPA=17;PTYP=1;PNAM=MS-80SH;PIRA=811;PIRP=806;PIRM=803;PIRL=255;PIRH=1074;
SQNR=47385;DATE=24-08-14;TIME=13:09:45;STAT=201212;TMPA=30;TMPP=303;TMPB=26;TMPC=29;RHUA=48;DWPA=18;PTYP=1;PNAM=MS-80SH;PIRA=814;PIRP=811;PIRM=807;PIRL=255;PIRH=1074;
SQNR=47400;DATE=24-08-14;TIME=13:10:00;STAT=201212;TMPA=30;TMPP=302;TMPB=26;TMPC=29;RHUA=49;DWPA=18;PTYP=1;PNAM=MS-80SH;PIRA=817;PIRP=814;PIRM=811;PIRL=255;PIRH=1074;
C-----;?
V-----;SWVNR=2102190;SQNDL=47401;DATE=24-08-14;TIME=13:10:06;THTYP=85;TTEMP=15;TDEWP=5;IUFAN=800;ILFAN=5;IUHEA=3000;PYDEF=21;PYAVT=30;PYAVW=1;PYOST=0;MSDLY=15;FNDLY=30;OSTRG=3;DBGFL=0;ASIRE=0;DBGRE=0;MPPFL=-1;
SQNR=47415;DATE=24-08-14;TIME=13:10:15;STAT=201212;TMPA=30;TMPP=301;TMPB=26;TMPC=29;RHUA=50;DWPA=18;PTYP=1;PNAM=MS-80SH;PIRA=818;PIRP=818;PIRM=814;PIRL=255;PIRH=1074;
SQNR=47430;DATE=24-08-14;TIME=13:10:30;STAT=201212;TMPA=30;TMPP=301;TMPB=26;TMPC=29;RHUA=50;DWPA=18;PTYP=1;PNAM=MS-80SH;PIRA=820;PIRP=819;PIRM=816;PIRL=255;PIRH=1074;
C-----;?
V-----;SWVNR=2102190;SQNDL=47430;DATE=24-08-14;TIME=13:10:35;THTYP=85;TTEMP=15;TDEWP=5;IUFAN=800;ILFAN=5;IUHEA=3000;PYDEF=21;PYAVT=30;PYAVW=1;PYOST=0;MSDLY=15;FNDLY=30;OSTRG=3;DBGFL=0;ASIRE=0;DBGRE=0;MPPFL=-1;
SQNR=47445;DATE=24-08-14;TIME=13:10:45;STAT=201212;TMPA=30;TMPP=301;TMPB=26;TMPC=29;RHUA=48;DWPA=18;PTYP=1;PNAM=MS-80SH;PIRA=820;PIRP=820;PIRM=818;PIRL=255;PIRH=1074;
C-----;?
V-----;SWVNR=2102190;SQNDL=47445;DATE=24-08-14;TIME=13:10:50;THTYP=85;TTEMP=15;TDEWP=5;IUFAN=800;ILFAN=5;IUHEA=3000;PYDEF=21;PYAVT=30;PYAVW=1;PYOST=0;MSDLY=15;FNDLY=30;OSTRG=3;DBGFL=0;ASIRE=0;DBGRE=0;MPPFL=-1;
SQNR=47460;DATE=24-08-14;TIME=13:11:00;STAT=201212;TMPA=30;TMPP=300;TMPB=26;TMPC=29;RHUA=47;DWPA=17;PTYP=1;PNAM=MS-80SH;PIRA=821;PIRP=820;PIRM=819;PIRL=255;PIRH=1074;
SQNR=47475;DATE=24-08-14;TIME=13:11:15;STAT=201212;TMPA=29;TMPP=299;TMPB=26;TMPC=29;RHUA=48;DWPA=17;PTYP=1;PNAM=MS-80SH;PIRA=824;PIRP=822;PIRM=820;PIRL=255;PIRH=1074;
SQNR=47490;DATE=24-08-14;TIME=13:11:30;STAT=201212;TMPA=29;TMPP=299;TMPB=26;TMPC=29;RHUA=50;DWPA=18;PTYP=1;PNAM=MS-80SH;PIRA=827;PIRP=825;PIRM=823;PIRL=255;PIRH=1074;
SQNR=47505;DATE=24-08-14;TIME=13:11:45;STAT=201212;TMPA=30;TMPP=300;TMPB=26;TMPC=29;RHUA=48;DWPA=18;PTYP=1;PNAM=MS-80SH;PIRA=829;PIRP=827;PIRM=825;PIRL=255;PIRH=1074;
SQNR=47520;DATE=24-08-14;TIME=13:12:00;STAT=201212;TMPA=30;TMPP=301;TMPB=26;TMPC=29;RHUA=49;DWPA=18;PTYP=1;PNAM=MS-80SH;PIRA=833;PIRP=830;PIRM=828;PIRL=255;PIRH=1074;
SQNR=47535;DATE=24-08-14;TIME=13:12:15;STAT=201212;TMPA=30;TMPP=300;TMPB=26;TMPC=29;RHUA=49;DWPA=18;PTYP=1;PNAM=MS-80SH;PIRA=833;PIRP=832;PIRM=830;PIRL=255;PIRH=1074;
SQNR=47550;DATE=24-08-14;TIME=13:12:30;STAT=201212;TMPA=29;TMPP=299;TMPB=26;TMPC=29;RHUA=47;DWPA=17;PTYP=1;PNAM=MS-80SH;PIRA=836;PIRP=834;PIRM=832;PIRL=255;PIRH=1074;
SQNR=47565;DATE=24-08-14;TIME=13:12:45;STAT=201212;TMPA=29;TMPP=298;TMPB=26;TMPC=29;RHUA=47;DWPA=17;PTYP=1;PNAM=MS-80SH;PIRA=836;PIRP=835;PIRM=833;PIRL=255;PIRH=1074;
SQNR=47580;DATE=24-08-14;TIME=13:13:00;STAT=201212;TMPA=29;TMPP=297;TMPB=26;TMPC=29;RHUA=47;DWPA=17;PTYP=1;PNAM=MS-80SH;PIRA=836;PIRP=836;PIRM=834;PIRL=255;PIRH=1074;
SQNR=47595;DATE=24-08-14;TIME=13:13:15;STAT=201212;TMPA=29;TMPP=295;TMPB=26;TMPC=29;RHUA=47;DWPA=17;PTYP=1;PNAM=MS-80SH;PIRA=836;PIRP=836;PIRM=835;PIRL=255;PIRH=1074;
SQNR=47610;DATE=24-08-14;TIME=13:13:30;STAT=201212;TMPA=29;TMPP=294;TMPB=25;TMPC=29;RHUA=47;DWPA=17;PTYP=1;PNAM=MS-80SH;PIRA=838;PIRP=837;PIRM=836;PIRL=255;PIRH=1074;
SQNR=47625;DATE=24-08-14;TIME=13:13:45;STAT=201212;TMPA=29;TMPP=293;TMPB=25;TMPC=29;RHUA=47;DWPA=17;PTYP=1;PNAM=MS-80SH;PIRA=841;PIRP=838;PIRM=837;PIRL=255;PIRH=1074;
SQNR=47640;DATE=24-08-14;TIME=13:14:00;STAT=201212;TMPA=29;TMPP=293;TMPB=26;TMPC=29;RHUA=50;DWPA=17;PTYP=1;PNAM=MS-80SH;PIRA=843;PIRP=840;PIRM=839;PIRL=255;PIRH=1074;
SQNR=47655;DATE=24-08-14;TIME=13:14:15;STAT=201212;TMPA=29;TMPP=292;TMPB=25;TMPC=29;RHUA=49;DWPA=17;PTYP=1;PNAM=MS-80SH;PIRA=844;PIRP=842;PIRM=840;PIRL=255;PIRH=1074;
SQNR=47670;DATE=24-08-14;TIME=13:14:30;STAT=201212;TMPA=29;TMPP=292;TMPB=25;TMPC=29;RHUA=48;DWPA=17;PTYP=1;PNAM=MS-80SH;PIRA=849;PIRP=845;PIRM=843;PIRL=255;PIRH=1074;
SQNR=47685;DATE=24-08-14;TIME=13:14:45;STAT=201212;TMPA=29;TMPP=291;TMPB=25;TMPC=29;RHUA=48;DWPA=17;PTYP=1;PNAM=MS-80SH;PIRA=852;PIRP=848;PIRM=846;PIRL=255;PIRH=1074;
SQNR=47700;DATE=24-08-14;TIME=13:15:00;STAT=201212;TMPA=29;TMPP=291;TMPB=25;TMPC=29;RHUA=48;DWPA=17;PTYP=1;PNAM=MS-80SH;PIRA=856;PIRP=853;PIRM=850;PIRL=255;PIRH=1074;
C-----;?
V-----;SWVNR=2102190;SQNDL=47702;DATE=24-08-14;TIME=13:15:07;THTYP=85;TTEMP=15;TDEWP=5;IUFAN=800;ILFAN=5;IUHEA=3000;PYDEF=21;PYAVT=30;PYAVW=1;PYOST=0;MSDLY=15;FNDLY=30;OSTRG=3;DBGFL=0;ASIRE=0;DBGRE=0;MPPFL=-1;
SQNR=47715;DATE=24-08-14;TIME=13:15:15;STAT=201212;TMPA=29;TMPP=291;TMPB=25;TMPC=28;RHUA=51;DWPA=18;PTYP=1;PNAM=MS-80SH;PIRA=858;PIRP=856;PIRM=853;PIRL=255;PIRH=1074;
SQNR=47730;DATE=24-08-14;TIME=13:15:30;STAT=201212;TMPA=29;TMPP=291;TMPB=25;TMPC=28;RHUA=52;DWPA=18;PTYP=1;PNAM=MS-80SH;PIRA=861;PIRP=859;PIRM=856;PIRL=255;PIRH=1074;
SQNR=47745;DATE=24-08-14;TIME=13:15:45;STAT=201212;TMPA=29;TMPP=292;TMPB=25;TMPC=28;RHUA=49;DWPA=17;PTYP=1;PNAM=MS-80SH;PIRA=865;PIRP=862;PIRM=859;PIRL=255;PIRH=1074;
SQNR=47760;DATE=24-08-14;TIME=13:16:00;STAT=201212;TMPA=29;TMPP=292;TMPB=25;TMPC=28;RHUA=49;DWPA=17;PTYP=1;PNAM=MS-80SH;PIRA=866;PIRP=864;PIRM=861;PIRL=255;PIRH=1074;
SQNR=47775;DATE=24-08-14;TIME=13:16:15;STAT=201212;TMPA=29;TMPP=293;TMPB=26;TMPC=28;RHUA=51;DWPA=18;PTYP=1;PNAM=MS-80SH;PIRA=874;PIRP=868;PIRM=865;PIRL=255;PIRH=1074;
SQNR=47790;DATE=24-08-14;TIME=13:16:30;STAT=201212;TMPA=29;TMPP=294;TMPB=26;TMPC=28;RHUA=50;DWPA=17;PTYP=1;PNAM=MS-80SH;PIRA=883;PIRP=874;PIRM=871;PIRL=255;PIRH=1074;
SQNR=47805;DATE=24-08-14;TIME=13:16:45;STAT=201212;TMPA=29;TMPP=294;TMPB=25;TMPC=28;RHUA=53;DWPA=18;PTYP=1;PNAM=MS-80SH;PIRA=892;PIRP=881;PIRM=876;PIRL=255;PIRH=1074;
SQNR=47820;DATE=24-08-14;TIME=13:17:00;STAT=201212;TMPA=29;TMPP=295;TMPB=25;TMPC=28;RHUA=48;DWPA=17;PTYP=1;PNAM=MS-80SH;PIRA=789;PIRP=882;PIRM=876;PIRL=255;PIRH=1074;
SQNR=47835;DATE=24-08-14;TIME=13:17:15;STAT=201212;TMPA=29;TMPP=295;TMPB=26;TMPC=28;RHUA=49;DWPA=17;PTYP=1;PNAM=MS-80SH;PIRA=552;PIRP=678;PIRM=715;PIRL=255;PIRH=1074;
SQNR=47850;DATE=24-08-14;TIME=13:17:30;STAT=201212;TMPA=29;TMPP=295;TMPB=26;TMPC=28;RHUA=48;DWPA=17;PTYP=1;PNAM=MS-80SH;PIRA=557;PIRP=635;PIRM=745;PIRL=255;PIRH=1074;
SQNR=47865;DATE=24-08-14;TIME=13:17:45;STAT=201212;TMPA=29;TMPP=295;TMPB=26;TMPC=28;RHUA=47;DWPA=17;PTYP=1;PNAM=MS-80SH;PIRA=280;PIRP=538;PIRM=559;PIRL=250;PIRH=1074;
SQNR=47880;DATE=24-08-14;TIME=13:18:00;STAT=201212;TMPA=29;TMPP=296;TMPB=26;TMPC=28;RHUA=48;DWPA=17;PTYP=1;PNAM=MS-80SH;PIRA=582;PIRP=345;PIRM=505;PIRL=250;PIRH=1074;
SQNR=47895;DATE=24-08-14;TIME=13:18:15;STAT=201212;TMPA=29;TMPP=296;TMPB=26;TMPC=28;RHUA=47;DWPA=17;PTYP=1;PNAM=MS-80SH;PIRA=309;PIRP=505;PIRM=539;PIRL=250;PIRH=1074;
SQNR=47910;DATE=24-08-14;TIME=13:18:30;STAT=201212;TMPA=29;TMPP=296;TMPB=26;TMPC=28;RHUA=48;DWPA=17;PTYP=1;PNAM=MS-80SH;PIRA=240;PIRP=426;PIRM=423;PIRL=240;PIRH=1074;
SQNR=47925;DATE=24-08-14;TIME=13:18:45;STAT=201212;TMPA=29;TMPP=296;TMPB=26;TMPC=28;RHUA=48;DWPA=17;PTYP=1;PNAM=MS-80SH;PIRA=288;PIRP=262;PIRM=366;PIRL=240;PIRH=1074;
SQNR=47940;DATE=24-08-14;TIME=13:19:00;STAT=201212;TMPA=29;TMPP=296;TMPB=26;TMPC=28;RHUA=48;DWPA=17;PTYP=1;PNAM=MS-80SH;PIRA=235;PIRP=256;PIRM=314;PIRL=235;PIRH=1074;
SQNR=47955;DATE=24-08-14;TIME=13:19:15;STAT=201212;TMPA=29;TMPP=297;TMPB=26;TMPC=28;RHUA=49;DWPA=18;PTYP=1;PNAM=MS-80SH;PIRA=247;PIRP=239;PIRM=285;PIRL=235;PIRH=1074;
SQNR=47970;DATE=24-08-14;TIME=13:19:30;STAT=201212;TMPA=29;TMPP=297;TMPB=26;TMPC=28;RHUA=49;DWPA=18;PTYP=1;PNAM=MS-80SH;PIRA=680;PIRP=370;PIRM=383;PIRL=235;PIRH=1074;
SQNR=47985;DATE=24-08-14;TIME=13:19:45;STAT=201212;TMPA=29;TMPP=297;TMPB=26;TMPC=28;RHUA=51;DWPA=18;PTYP=1;PNAM=MS-80SH;PIRA=363;PIRP=539;PIRM=458;PIRL=235;PIRH=1074;
SQNR=48000;DATE=24-08-14;TIME=13:20:00;STAT=201212;TMPA=29;TMPP=297;TMPB=26;TMPC=28;RHUA=50;DWPA=18;PTYP=1;PNAM=MS-80SH;PIRA=306;PIRP=448;PIRM=400;PIRL=235;PIRH=1074;
C-----;?
V-----;SWVNR=2102190;SQNDL=48002;DATE=24-08-14;TIME=13:20:07;THTYP=85;TTEMP=15;TDEWP=5;IUFAN=800;ILFAN=5;IUHEA=3000;PYDEF=21;PYAVT=30;PYAVW=1;PYOST=0;MSDLY=15;FNDLY=30;OSTRG=3;DBGFL=0;ASIRE=0;DBGRE=0;MPPFL=-1;
SQNR=48015;DATE=24-08-14;TIME=13:20:15;STAT=201212;TMPA=29;TMPP=296;TMPB=26;TMPC=28;RHUA=53;DWPA=19;PTYP=1;PNAM=MS-80SH;PIRA=248;PIRP=297;PIRM=350;PIRL=235;PIRH=1074;
SQNR=48030;DATE=24-08-14;TIME=13:20:30;STAT=201212;TMPA=29;TMPP=294;TMPB=25;TMPC=28;RHUA=50;DWPA=17;PTYP=1;PNAM=MS-80SH;PIRA=238;PIRP=261;PIRM=307;PIRL=235;PIRH=1074;
SQNR=48045;DATE=24-08-14;TIME=13:20:45;STAT=201212;TMPA=29;TMPP=293;TMPB=25;TMPC=28;RHUA=50;DWPA=18;PTYP=1;PNAM=MS-80SH;PIRA=233;PIRP=239;PIRM=278;PIRL=233;PIRH=1074;
SQNR=48060;DATE=24-08-14;TIME=13:21:00;STAT=201212;TMPA=29;TMPP=291;TMPB=25;TMPC=28;RHUA=50;DWPA=17;PTYP=1;PNAM=MS-80SH;PIRA=228;PIRP=233;PIRM=259;PIRL=228;PIRH=1074;
SQNR=48075;DATE=24-08-14;TIME=13:21:15;STAT=201212;TMPA=29;TMPP=290;TMPB=25;TMPC=28;RHUA=51;DWPA=18;PTYP=1;PNAM=MS-80SH;PIRA=225;PIRP=228;PIRM=246;PIRL=225;PIRH=1074;
SQNR=48090;DATE=24-08-14;TIME=13:21:30;STAT=201212;TMPA=28;TMPP=288;TMPB=25;TMPC=28;RHUA=54;DWPA=18;PTYP=1;PNAM=MS-80SH;PIRA=227;PIRP=226;PIRM=238;PIRL=225;PIRH=1074;
SQNR=48105;DATE=24-08-14;TIME=13:21:45;STAT=201212;TMPA=28;TMPP=288;TMPB=25;TMPC=28;RHUA=55;DWPA=19;PTYP=1;PNAM=MS-80SH;PIRA=229;PIRP=227;PIRM=234;PIRL=225;PIRH=1074;
SQNR=48120;DATE=24-08-14;TIME=13:22:00;STAT=201212;TMPA=28;TMPP=287;TMPB=25;TMPC=28;RHUA=52;DWPA=18;PTYP=1;PNAM=MS-80SH;PIRA=233;PIRP=229;PIRM=233;PIRL=225;PIRH=1074;
SQNR=48135;DATE=24-08-14;TIME=13:22:15;STAT=201212;TMPA=28;TMPP=287;TMPB=25;TMPC=28;RHUA=53;DWPA=18;PTYP=1;PNAM=MS-80SH;PIRA=242;PIRP=234;PIRM=235;PIRL=225;PIRH=1074;
SQNR=48150;DATE=24-08-14;TIME=13:22:30;STAT=201212;TMPA=28;TMPP=286;TMPB=25;TMPC=27;RHUA=51;DWPA=17;PTYP=1;PNAM=MS-80SH;PIRA=451;PIRP=276;PIRM=271;PIRL=225;PIRH=1074;
SQNR=48165;DATE=24-08-14;TIME=13:22:45;STAT=201212;TMPA=28;TMPP=285;TMPB=25;TMPC=27;RHUA=50;DWPA=17;PTYP=1;PNAM=MS-80SH;PIRA=275;PIRP=352;PIRM=313;PIRL=225;PIRH=1074;
SQNR=48180;DATE=24-08-14;TIME=13:23:00;STAT=201212;TMPA=28;TMPP=285;TMPB=25;TMPC=27;RHUA=51;DWPA=17;PTYP=1;PNAM=MS-80SH;PIRA=241;PIRP=319;PIRM=287;PIRL=225;PIRH=1074;
SQNR=48195;DATE=24-08-14;TIME=13:23:15;STAT=201212;TMPA=28;TMPP=284;TMPB=25;TMPC=27;RHUA=51;DWPA=17;PTYP=1;PNAM=MS-80SH;PIRA=236;PIRP=243;PIRM=267;PIRL=225;PIRH=1074;
SQNR=48210;DATE=24-08-14;TIME=13:23:30;STAT=201212;TMPA=28;TMPP=284;TMPB=25;TMPC=27;RHUA=50;DWPA=17;PTYP=1;PNAM=MS-80SH;PIRA=234;PIRP=236;PIRM=254;PIRL=225;PIRH=1074;
SQNR=48225;DATE=24-08-14;TIME=13:23:45;STAT=201212;TMPA=28;TMPP=283;TMPB=25;TMPC=27;RHUA=52;DWPA=17;PTYP=1;PNAM=MS-80SH;PIRA=236;PIRP=235;PIRM=247;PIRL=225;PIRH=1074;
SQNR=48240;DATE=24-08-14;TIME=13:24:00;STAT=201212;TMPA=28;TMPP=283;TMPB=25;TMPC=27;RHUA=52;DWPA=17;PTYP=1;PNAM=MS-80SH;PIRA=239;PIRP=236;PIRM=243;PIRL=225;PIRH=1074;
SQNR=48255;DATE=24-08-14;TIME=13:24:15;STAT=201212;TMPA=28;TMPP=283;TMPB=25;TMPC=27;RHUA=54;DWPA=18;PTYP=1;PNAM=MS-80SH;PIRA=250;PIRP=240;PIRM=243;PIRL=225;PIRH=1074;
SQNR=48270;DATE=24-08-14;TIME=13:24:30;STAT=201212;TMPA=28;TMPP=282;TMPB=25;TMPC=27;RHUA=55;DWPA=18;PTYP=1;PNAM=MS-80SH;PIRA=322;PIRP=259;PIRM=257;PIRL=225;PIRH=1074;
SQNR=48285;DATE=24-08-14;TIME=13:24:45;STAT=201212;TMPA=28;TMPP=282;TMPB=25;TMPC=27;RHUA=52;DWPA=17;PTYP=1;PNAM=MS-80SH;PIRA=268;PIRP=277;PIRM=265;PIRL=225;PIRH=1074;
SQNR=48300;DATE=24-08-14;TIME=13:25:00;STAT=201212;TMPA=28;TMPP=282;TMPB=25;TMPC=27;RHUA=51;DWPA=17;PTYP=1;PNAM=MS-80SH;PIRA=271;PIRP=274;PIRM=267;PIRL=225;PIRH=1074;
C-----;?
V-----;SWVNR=2102190;SQNDL=48302;DATE=24-08-14;TIME=13:25:07;THTYP=85;TTEMP=15;TDEWP=5;IUFAN=800;ILFAN=5;IUHEA=3000;PYDEF=21;PYAVT=30;PYAVW=1;PYOST=0;MSDLY=15;FNDLY=30;OSTRG=3;DBGFL=0;ASIRE=0;DBGRE=0;MPPFL=-1;
SQNR=48315;DATE=24-08-14;TIME=13:25:15;STAT=201212;TMPA=28;TMPP=283;TMPB=25;TMPC=27;RHUA=52;DWPA=17;PTYP=1;PNAM=MS-80SH;PIRA=274;PIRP=275;PIRM=273;PIRL=225;PIRH=1074;
SQNR=48330;DATE=24-08-14;TIME=13:25:30;STAT=201212;TMPA=28;TMPP=283;TMPB=25;TMPC=27;RHUA=52;DWPA=17;PTYP=1;PNAM=MS-80SH;PIRA=272;PIRP=277;PIRM=273;PIRL=225;PIRH=1074;
SQNR=48345;DATE=24-08-14;TIME=13:25:45;STAT=201212;TMPA=28;TMPP=283;TMPB=25;TMPC=27;RHUA=53;DWPA=18;PTYP=1;PNAM=MS-80SH;PIRA=279;PIRP=274;PIRM=274;PIRL=225;PIRH=1074;
SQNR=48360;DATE=24-08-14;TIME=13:26:00;STAT=201212;TMPA=28;TMPP=284;TMPB=26;TMPC=27;RHUA=52;DWPA=17;PTYP=1;PNAM=MS-80SH;PIRA=303;PIRP=282;PIRM=281;PIRL=225;PIRH=1074;
SQNR=48375;DATE=24-08-14;TIME=13:26:15;STAT=201212;TMPA=28;TMPP=286;TMPB=26;TMPC=27;RHUA=50;DWPA=17;PTYP=1;PNAM=MS-80SH;PIRA=468;PIRP=368;PIRM=351;PIRL=225;PIRH=1074;
SQNR=48390;DATE=24-08-14;TIME=13:26:30;STAT=201212;TMPA=28;TMPP=288;TMPB=26;TMPC=27;RHUA=51;DWPA=17;PTYP=1;PNAM=MS-80SH;PIRA=846;PIRP=620;PIRM=531;PIRL=225;PIRH=1074;
SQNR=48405;DATE=24-08-14;TIME=13:26:45;STAT=201212;TMPA=28;TMPP=289;TMPB=25;TMPC=27;RHUA=50;DWPA=17;PTYP=1;PNAM=MS-80SH;PIRA=952;PIRP=862;PIRM=693;PIRL=225;PIRH=1074;
SQNR=48420;DATE=24-08-14;TIME=13:27:00;STAT=201212;TMPA=29;TMPP=290;TMPB=25;TMPC=27;RHUA=49;DWPA=17;PTYP=1;PNAM=MS-80SH;PIRA=655;PIRP=908;PIRM=763;PIRL=225;PIRH=1074;
SQNR=48435;DATE=24-08-14;TIME=13:27:15;STAT=201212;TMPA=29;TMPP=290;TMPB=25;TMPC=27;RHUA=49;DWPA=17;PTYP=1;PNAM=MS-80SH;PIRA=946;PIRP=883;PIRM=813;PIRL=225;PIRH=1074;
SQNR=48450;DATE=24-08-14;TIME=13:27:30;STAT=201212;TMPA=29;TMPP=290;TMPB=25;TMPC=27;RHUA=49;DWPA=17;PTYP=1;PNAM=MS-80SH;PIRA=962;PIRP=922;PIRM=873;PIRL=225;PIRH=1074;
SQNR=48465;DATE=24-08-14;TIME=13:27:45;STAT=201212;TMPA=29;TMPP=291;TMPB=25;TMPC=27;RHUA=50;DWPA=17;PTYP=1;PNAM=MS-80SH;PIRA=837;PIRP=939;PIRM=887;PIRL=225;PIRH=1074;
SQNR=48480;DATE=24-08-14;TIME=13:28:00;STAT=201212;TMPA=29;TMPP=290;TMPB=25;TMPC=27;RHUA=49;DWPA=17;PTYP=1;PNAM=MS-80SH;PIRA=954;PIRP=914;PIRM=899;PIRL=225;PIRH=1074;
SQNR=48495;DATE=24-08-14;TIME=13:28:15;STAT=201212;TMPA=29;TMPP=291;TMPB=25;TMPC=28;RHUA=52;DWPA=18;PTYP=1;PNAM=MS-80SH;PIRA=951;PIRP=932;PIRM=920;PIRL=225;PIRH=1074;
SQNR=48510;DATE=24-08-14;TIME=13:28:30;STAT=201212;TMPA=29;TMPP=291;TMPB=25;TMPC=28;RHUA=51;DWPA=17;PTYP=1;PNAM=MS-80SH;PIRA=949;PIRP=952;PIRM=933;PIRL=225;PIRH=1074;
SQNR=48525;DATE=24-08-14;TIME=13:28:45;STAT=201212;TMPA=29;TMPP=291;TMPB=25;TMPC=28;RHUA=49;DWPA=17;PTYP=1;PNAM=MS-80SH;PIRA=946;PIRP=949;PIRM=938;PIRL=225;PIRH=1074;
SQNR=48540;DATE=24-08-14;TIME=13:29:00;STAT=201212;TMPA=29;TMPP=291;TMPB=25;TMPC=28;RHUA=50;DWPA=17;PTYP=1;PNAM=MS-80SH;PIRA=944;PIRP=947;PIRM=941;PIRL=225;PIRH=1074;
SQNR=48555;DATE=24-08-14;TIME=13:29:15;STAT=201212;TMPA=29;TMPP=291;TMPB=25;TMPC=28;RHUA=51;DWPA=18;PTYP=1;PNAM=MS-80SH;PIRA=945;PIRP=946;PIRM=943;PIRL=225;PIRH=1074;
SQNR=48570;DATE=24-08-14;TIME=13:29:30;STAT=201212;TMPA=29;TMPP=291;TMPB=25;TMPC=28;RHUA=51;DWPA=18;PTYP=1;PNAM=MS-80SH;PIRA=946;PIRP=945;PIRM=944;PIRL=225;PIRH=1074;
SQNR=48585;DATE=24-08-14;TIME=13:29:45;STAT=201212;TMPA=29;TMPP=292;TMPB=25;TMPC=28;RHUA=53;DWPA=18;PTYP=1;PNAM=MS-80SH;PIRA=944;PIRP=945;PIRM=944;PIRL=225;PIRH=1074;
SQNR=48600;DATE=24-08-14;TIME=13:30:00;STAT=201212;TMPA=29;TMPP=292;TMPB=25;TMPC=28;RHUA=54;DWPA=19;PTYP=1;PNAM=MS-80SH;PIRA=943;PIRP=944;PIRM=944;PIRL=225;PIRH=1074;
C-----;?
V-----;SWVNR=2102190;SQNDL=48602;DATE=24-08-14;TIME=13:30:07;THTYP=85;TTEMP=15;TDEWP=5;IUFAN=800;ILFAN=5;IUHEA=3000;PYDEF=21;PYAVT=30;PYAVW=1;PYOST=0;MSDLY=15;FNDLY=30;OSTRG=3;DBGFL=0;ASIRE=0;DBGRE=0;MPPFL=-1;
SQNR=48615;DATE=24-08-14;TIME=13:30:15;STAT=201212;TMPA=29;TMPP=291;TMPB=25;TMPC=28;RHUA=52;DWPA=18;PTYP=1;PNAM=MS-80SH;PIRA=941;PIRP=942;PIRM=943;PIRL=225;PIRH=1074;
SQNR=48630;DATE=24-08-14;TIME=13:30:30;STAT=201212;TMPA=29;TMPP=291;TMPB=25;TMPC=28;RHUA=49;DWPA=17;PTYP=1;PNAM=MS-80SH;PIRA=908;PIRP=940;PIRM=941;PIRL=225;PIRH=1074;
SQNR=48645;DATE=24-08-14;TIME=13:30:45;STAT=201212;TMPA=29;TMPP=291;TMPB=25;TMPC=28;RHUA=49;DWPA=17;PTYP=1;PNAM=MS-80SH;PIRA=938;PIRP=939;PIRM=940;PIRL=225;PIRH=1074;
SQNR=48660;DATE=24-08-14;TIME=13:31:00;STAT=201212;TMPA=29;TMPP=291;TMPB=25;TMPC=28;RHUA=49;DWPA=17;PTYP=1;PNAM=MS-80SH;PIRA=936;PIRP=938;PIRM=939;PIRL=225;PIRH=1074;
SQNR=48675;DATE=24-08-14;TIME=13:31:15;STAT=201212;TMPA=29;TMPP=290;TMPB=25;TMPC=28;RHUA=50;DWPA=17;PTYP=1;PNAM=MS-80SH;PIRA=931;PIRP=935;PIRM=937;PIRL=225;PIRH=1074;
SQNR=48690;DATE=24-08-14;TIME=13:31:30;STAT=201212;TMPA=29;TMPP=290;TMPB=25;TMPC=28;RHUA=51;DWPA=18;PTYP=1;PNAM=MS-80SH;PIRA=929;PIRP=931;PIRM=934;PIRL=225;PIRH=1074;
SQNR=48705;DATE=24-08-14;TIME=13:31:45;STAT=201212;TMPA=29;TMPP=290;TMPB=25;TMPC=28;RHUA=53;DWPA=18;PTYP=1;PNAM=MS-80SH;PIRA=929;PIRP=929;PIRM=932;PIRL=225;PIRH=1074;
SQNR=48720;DATE=24-08-14;TIME=13:32:00;STAT=201212;TMPA=28;TMPP=289;TMPB=25;TMPC=28;RHUA=52;DWPA=18;PTYP=1;PNAM=MS-80SH;PIRA=922;PIRP=927;PIRM=929;PIRL=225;PIRH=1074;
SQNR=48735;DATE=24-08-14;TIME=13:32:15;STAT=201212;TMPA=28;TMPP=289;TMPB=25;TMPC=28;RHUA=49;DWPA=17;PTYP=1;PNAM=MS-80SH;PIRA=913;PIRP=922;PIRM=925;PIRL=225;PIRH=1074;
SQNR=48750;DATE=24-08-14;TIME=13:32:30;STAT=201212;TMPA=28;TMPP=289;TMPB=25;TMPC=28;RHUA=50;DWPA=17;PTYP=1;PNAM=MS-80SH;PIRA=888;PIRP=910;PIRM=915;PIRL=225;PIRH=1074;
SQNR=48765;DATE=24-08-14;TIME=13:32:45;STAT=201212;TMPA=28;TMPP=289;TMPB=25;TMPC=28;RHUA=52;DWPA=18;PTYP=1;PNAM=MS-80SH;PIRA=848;PIRP=882;PIRM=893;PIRL=225;PIRH=1074;
SQNR=48780;DATE=24-08-14;TIME=13:33:00;STAT=201212;TMPA=28;TMPP=289;TMPB=25;TMPC=28;RHUA=50;DWPA=17;PTYP=1;PNAM=MS-80SH;PIRA=783;PIRP=842;PIRM=864;PIRL=225;PIRH=1074;
SQNR=48795;DATE=24-08-14;TIME=13:33:15;STAT=201212;TMPA=28;TMPP=289;TMPB=25;TMPC=28;RHUA=50;DWPA=17;PTYP=1;PNAM=MS-80SH;PIRA=771;PIRP=798;PIRM=828;PIRL=225;PIRH=1074;
SQNR=48810;DATE=24-08-14;TIME=13:33:30;STAT=201212;TMPA=29;TMPP=290;TMPB=25;TMPC=28;RHUA=51;DWPA=17;PTYP=1;PNAM=MS-80SH;PIRA=740;PIRP=771;PIRM=803;PIRL=225;PIRH=1074;
SQNR=48825;DATE=24-08-14;TIME=13:33:45;STAT=201212;TMPA=29;TMPP=290;TMPB=25;TMPC=28;RHUA=52;DWPA=18;PTYP=1;PNAM=MS-80SH;PIRA=780;PIRP=762;PIRM=785;PIRL=225;PIRH=1074;
SQNR=48840;DATE=24-08-14;TIME=13:34:00;STAT=201212;TMPA=29;TMPP=291;TMPB=25;TMPC=28;RHUA=55;DWPA=19;PTYP=1;PNAM=MS-80SH;PIRA=786;PIRP=768;PIRM=784;PIRL=225;PIRH=1074;
SQNR=48855;DATE=24-08-14;TIME=13:34:15;STAT=201212;TMPA=29;TMPP=291;TMPB=25;TMPC=28;RHUA=50;DWPA=17;PTYP=1;PNAM=MS-80SH;PIRA=771;PIRP=780;PIRM=782;PIRL=225;PIRH=1074;
SQNR=48870;DATE=24-08-14;TIME=13:34:30;STAT=201212;TMPA=29;TMPP=291;TMPB=25;TMPC=28;RHUA=50;DWPA=17;PTYP=1;PNAM=MS-80SH;PIRA=758;PIRP=778;PIRM=779;PIRL=225;PIRH=1074;
SQNR=48885;DATE=24-08-14;TIME=13:34:45;STAT=201212;TMPA=29;TMPP=291;TMPB=25;TMPC=28;RHUA=52;DWPA=18;PTYP=1;PNAM=MS-80SH;PIRA=737;PIRP=754;PIRM=760;PIRL=225;PIRH=1074;
SQNR=48900;DATE=24-08-14;TIME=13:35:00;STAT=201212;TMPA=29;TMPP=291;TMPB=25;TMPC=28;RHUA=51;DWPA=18;PTYP=1;PNAM=MS-80SH;PIRA=630;PIRP=718;PIRM=736;PIRL=225;PIRH=1074;
C-----;?
V-----;SWVNR=2102190;SQNDL=48902;DATE=24-08-14;TIME=13:35:07;THTYP=85;TTEMP=15;TDEWP=5;IUFAN=800;ILFAN=5;IUHEA=3000;PYDEF=21;PYAVT=30;PYAVW=1;PYOST=0;MSDLY=15;FNDLY=30;OSTRG=3;DBGFL=0;ASIRE=0;DBGRE=0;MPPFL=-1;
SQNR=48915;DATE=24-08-14;TIME=13:35:15;STAT=201212;TMPA=29;TMPP=291;TMPB=25;TMPC=28;RHUA=50;DWPA=17;PTYP=1;PNAM=MS-80SH;PIRA=734;PIRP=694;PIRM=716;PIRL=225;PIRH=1074;
SQNR=48930;DATE=24-08-14;TIME=13:35:30;STAT=201212;TMPA=29;TMPP=291;TMPB=25;TMPC=28;RHUA=49;DWPA=17;PTYP=1;PNAM=MS-80SH;PIRA=834;PIRP=744;PIRM=754;PIRL=225;PIRH=1074;
SQNR=48945;DATE=24-08-14;TIME=13:35:45;STAT=201212;TMPA=29;TMPP=291;TMPB=25;TMPC=28;RHUA=51;DWPA=18;PTYP=1;PNAM=MS-80SH;PIRA=838;PIRP=826;PIRM=790;PIRL=225;PIRH=1074;
SQNR=48960;DATE=24-08-14;TIME=13:36:00;STAT=201212;TMPA=29;TMPP=291;TMPB=25;TMPC=28;RHUA=51;DWPA=18;PTYP=1;PNAM=MS-80SH;PIRA=853;PIRP=840;PIRM=808;PIRL=225;PIRH=1074;
SQNR=48975;DATE=24-08-14;TIME=13:36:15;STAT=201212;TMPA=29;TMPP=292;TMPB=25;TMPC=28;RHUA=52;DWPA=18;PTYP=1;PNAM=MS-80SH;PIRA=867;PIRP=849;PIRM=830;PIRL=225;PIRH=1074;
SQNR=48990;DATE=24-08-14;TIME=13:36:30;STAT=201212;TMPA=29;TMPP=292;TMPB=26;TMPC=28;RHUA=53;DWPA=18;PTYP=1;PNAM=MS-80SH;PIRA=853;PIRP=860;PIRM=840;PIRL=225;PIRH=1074;
SQNR=49005;DATE=24-08-14;TIME=13:36:45;STAT=201212;TMPA=29;TMPP=292;TMPB=26;TMPC=28;RHUA=52;DWPA=18;PTYP=1;PNAM=MS-80SH;PIRA=870;PIRP=858;PIRM=848;PIRL=225;PIRH=1074;
SQNR=49020;DATE=24-08-14;TIME=13:37:00;STAT=201212;TMPA=29;TMPP=293;TMPB=26;TMPC=28;RHUA=52;DWPA=18;PTYP=1;PNAM=MS-80SH;PIRA=872;PIRP=865;PIRM=858;PIRL=225;PIRH=1074;
SQNR=49035;DATE=24-08-14;TIME=13:37:15;STAT=201212;TMPA=29;TMPP=294;TMPB=26;TMPC=28;RHUA=52;DWPA=18;PTYP=1;PNAM=MS-80SH;PIRA=871;PIRP=872;PIRM=863;PIRL=225;PIRH=1074;
SQNR=49050;DATE=24-08-14;TIME=13:37:30;STAT=201212;TMPA=29;TMPP=295;TMPB=26;TMPC=28;RHUA=53;DWPA=19;PTYP=1;PNAM=MS-80SH;PIRA=870;PIRP=871;PIRM=866;PIRL=225;PIRH=1074;
SQNR=49065;DATE=24-08-14;TIME=13:37:45;STAT=201212;TMPA=29;TMPP=295;TMPB=26;TMPC=28;RHUA=50;DWPA=18;PTYP=1;PNAM=MS-80SH;PIRA=869;PIRP=870;PIRM=868;PIRL=225;PIRH=1074;
SQNR=49080;DATE=24-08-14;TIME=13:38:00;STAT=201212;TMPA=29;TMPP=296;TMPB=26;TMPC=28;RHUA=49;DWPA=17;PTYP=1;PNAM=MS-80SH;PIRA=865;PIRP=869;PIRM=867;PIRL=225;PIRH=1074;
SQNR=49095;DATE=24-08-14;TIME=13:38:15;STAT=201212;TMPA=29;TMPP=296;TMPB=26;TMPC=28;RHUA=49;DWPA=17;PTYP=1;PNAM=MS-80SH;PIRA=855;PIRP=864;PIRM=864;PIRL=225;PIRH=1074;
SQNR=49110;DATE=24-08-14;TIME=13:38:30;STAT=201212;TMPA=29;TMPP=296;TMPB=26;TMPC=28;RHUA=51;DWPA=18;PTYP=1;PNAM=MS-80SH;PIRA=843;PIRP=850;PIRM=855;PIRL=225;PIRH=1074;
SQNR=49125;DATE=24-08-14;TIME=13:38:45;STAT=201212;TMPA=29;TMPP=296;TMPB=26;TMPC=28;RHUA=49;DWPA=18;PTYP=1;PNAM=MS-80SH;PIRA=854;PIRP=846;PIRM=854;PIRL=225;PIRH=1074;
SQNR=49140;DATE=24-08-14;TIME=13:39:00;STAT=201212;TMPA=29;TMPP=297;TMPB=26;TMPC=28;RHUA=50;DWPA=18;PTYP=1;PNAM=MS-80SH;PIRA=862;PIRP=855;PIRM=856;PIRL=225;PIRH=1074;
SQNR=49155;DATE=24-08-14;TIME=13:39:15;STAT=201212;TMPA=29;TMPP=297;TMPB=26;TMPC=28;RHUA=51;DWPA=18;PTYP=1;PNAM=MS-80SH;PIRA=856;PIRP=859;PIRM=857;PIRL=225;PIRH=1074;
SQNR=49170;DATE=24-08-14;TIME=13:39:30;STAT=201212;TMPA=29;TMPP=298;TMPB=26;TMPC=28;RHUA=52;DWPA=18;PTYP=1;PNAM=MS-80SH;PIRA=861;PIRP=860;PIRM=858;PIRL=225;PIRH=1074;
SQNR=49185;DATE=24-08-14;TIME=13:39:45;STAT=201212;TMPA=29;TMPP=298;TMPB=26;TMPC=28;RHUA=52;DWPA=19;PTYP=1;PNAM=MS-80SH;PIRA=855;PIRP=860;PIRM=859;PIRL=225;PIRH=1074;
SQNR=49200;DATE=24-08-14;TIME=13:40:00;STAT=201212;TMPA=29;TMPP=299;TMPB=26;TMPC=28;RHUA=49;DWPA=18;PTYP=1;PNAM=MS-80SH;PIRA=844;PIRP=853;PIRM=854;PIRL=225;PIRH=1074;
C-----;?
V-----;SWVNR=2102190;SQNDL=49201;DATE=24-08-14;TIME=13:40:06;THTYP=85;TTEMP=15;TDEWP=5;IUFAN=800;ILFAN=5;IUHEA=3000;PYDEF=21;PYAVT=30;PYAVW=1;PYOST=0;MSDLY=15;FNDLY=30;OSTRG=3;DBGFL=0;ASIRE=0;DBGRE=0;MPPFL=-1;
SQNR=49215;DATE=24-08-14;TIME=13:40:15;STAT=201212;TMPA=29;TMPP=299;TMPB=26;TMPC=28;RHUA=48;DWPA=17;PTYP=1;PNAM=MS-80SH;PIRA=844;PIRP=845;PIRM=849;PIRL=225;PIRH=1074;
SQNR=49230;DATE=24-08-14;TIME=13:40:30;STAT=201212;TMPA=29;TMPP=299;TMPB=26;TMPC=28;RHUA=48;DWPA=17;PTYP=1;PNAM=MS-80SH;PIRA=845;PIRP=844;PIRM=848;PIRL=225;PIRH=1074;
SQNR=49245;DATE=24-08-14;TIME=13:40:45;STAT=201212;TMPA=29;TMPP=298;TMPB=26;TMPC=28;RHUA=49;DWPA=18;PTYP=1;PNAM=MS-80SH;PIRA=839;PIRP=843;PIRM=845;PIRL=225;PIRH=1074;
SQNR=49260;DATE=24-08-14;TIME=13:41:00;STAT=201212;TMPA=29;TMPP=298;TMPB=26;TMPC=28;RHUA=51;DWPA=18;PTYP=1;PNAM=MS-80SH;PIRA=840;PIRP=840;PIRM=842;PIRL=225;PIRH=1074;
SQNR=49275;DATE=24-08-14;TIME=13:41:15;STAT=201212;TMPA=29;TMPP=298;TMPB=26;TMPC=28;RHUA=50;DWPA=18;PTYP=1;PNAM=MS-80SH;PIRA=839;PIRP=839;PIRM=841;PIRL=225;PIRH=1074;
SQNR=49290;DATE=24-08-14;TIME=13:41:30;STAT=201212;TMPA=29;TMPP=299;TMPB=26;TMPC=28;RHUA=52;DWPA=19;PTYP=1;PNAM=MS-80SH;PIRA=846;PIRP=841;PIRM=842;PIRL=225;PIRH=1074;
SQNR=49305;DATE=24-08-14;TIME=13:41:45;STAT=201212;TMPA=30;TMPP=300;TMPB=26;TMPC=28;RHUA=52;DWPA=19;PTYP=1;PNAM=MS-80SH;PIRA=849;PIRP=845;PIRM=844;PIRL=225;PIRH=1074;
SQNR=49320;DATE=24-08-14;TIME=13:42:00;STAT=201212;TMPA=30;TMPP=301;TMPB=26;TMPC=28;RHUA=52;DWPA=19;PTYP=1;PNAM=MS-80SH;PIRA=850;PIRP=849;PIRM=847;PIRL=225;PIRH=1074;
SQNR=49335;DATE=24-08-14;TIME=13:42:15;STAT=201212;TMPA=30;TMPP=303;TMPB=26;TMPC=28;RHUA=50;DWPA=18;PTYP=1;PNAM=MS-80SH;PIRA=850;PIRP=850;PIRM=848;PIRL=225;PIRH=1074;
SQNR=49350;DATE=24-08-14;TIME=13:42:30;STAT=201212;TMPA=30;TMPP=304;TMPB=26;TMPC=28;RHUA=49;DWPA=18;PTYP=1;PNAM=MS-80SH;PIRA=849;PIRP=850;PIRM=849;PIRL=225;PIRH=1074;
SQNR=49365;DATE=24-08-14;TIME=13:42:45;STAT=201212;TMPA=30;TMPP=304;TMPB=26;TMPC=28;RHUA=49;DWPA=18;PTYP=1;PNAM=MS-80SH;PIRA=845;PIRP=848;PIRM=848;PIRL=225;PIRH=1074;
SQNR=49380;DATE=24-08-14;TIME=13:43:00;STAT=201212;TMPA=30;TMPP=304;TMPB=26;TMPC=28;RHUA=51;DWPA=19;PTYP=1;PNAM=MS-80SH;PIRA=834;PIRP=842;PIRM=843;PIRL=225;PIRH=1074;
SQNR=49395;DATE=24-08-14;TIME=13:43:15;STAT=201212;TMPA=30;TMPP=303;TMPB=26;TMPC=28;RHUA=50;DWPA=18;PTYP=1;PNAM=MS-80SH;PIRA=805;PIRP=828;PIRM=833;PIRL=225;PIRH=1074;
SQNR=49410;DATE=24-08-14;TIME=13:43:30;STAT=201212;TMPA=30;TMPP=302;TMPB=26;TMPC=28;RHUA=49;DWPA=18;PTYP=1;PNAM=MS-80SH;PIRA=808;PIRP=812;PIRM=822;PIRL=225;PIRH=1074;
SQNR=49425;DATE=24-08-14;TIME=13:43:45;STAT=201212;TMPA=30;TMPP=302;TMPB=26;TMPC=28;RHUA=49;DWPA=18;PTYP=1;PNAM=MS-80SH;PIRA=810;PIRP=810;PIRM=819;PIRL=225;PIRH=1074;
SQNR=49440;DATE=24-08-14;TIME=13:44:00;STAT=201212;TMPA=30;TMPP=300;TMPB=26;TMPC=28;RHUA=50;DWPA=18;PTYP=1;PNAM=MS-80SH;PIRA=815;PIRP=814;PIRM=817;PIRL=225;PIRH=1074;
SQNR=49455;DATE=24-08-14;TIME=13:44:15;STAT=201212;TMPA=29;TMPP=299;TMPB=26;TMPC=28;RHUA=51;DWPA=18;PTYP=1;PNAM=MS-80SH;PIRA=843;PIRP=823;PIRM=824;PIRL=225;PIRH=1074;
SQNR=49470;DATE=24-08-14;TIME=13:44:30;STAT=201212;TMPA=29;TMPP=298;TMPB=26;TMPC=28;RHUA=50;DWPA=18;PTYP=1;PNAM=MS-80SH;PIRA=842;PIRP=837;PIRM=831;PIRL=225;PIRH=1074;
SQNR=49485;DATE=24-08-14;TIME=13:44:45;STAT=201212;TMPA=29;TMPP=298;TMPB=26;TMPC=28;RHUA=51;DWPA=18;PTYP=1;PNAM=MS-80SH;PIRA=847;PIRP=843;PIRM=837;PIRL=225;PIRH=1074;
SQNR=49500;DATE=24-08-14;TIME=13:45:00;STAT=201212;TMPA=29;TMPP=297;TMPB=26;TMPC=28;RHUA=54;DWPA=19;PTYP=1;PNAM=MS-80SH;PIRA=798;PIRP=834;PIRM=830;PIRL=225;PIRH=1074;
C-----;?
V-----;SWVNR=2102190;SQNDL=49501;DATE=24-08-14;TIME=13:45:06;THTYP=85;TTEMP=15;TDEWP=5;IUFAN=800;ILFAN=5;IUHEA=3000;PYDEF=21;PYAVT=30;PYAVW=1;PYOST=0;MSDLY=15;FNDLY=30;OSTRG=3;DBGFL=0;ASIRE=0;DBGRE=0;MPPFL=-1;
SQNR=49515;DATE=24-08-14;TIME=13:45:15;STAT=201212;TMPA=29;TMPP=296;TMPB=26;TMPC=28;RHUA=48;DWPA=17;PTYP=1;PNAM=MS-80SH;PIRA=815;PIRP=824;PIRM=828;PIRL=225;PIRH=1074;
SQNR=49530;DATE=24-08-14;TIME=13:45:30;STAT=201212;TMPA=29;TMPP=296;TMPB=26;TMPC=28;RHUA=48;DWPA=17;PTYP=1;PNAM=MS-80SH;PIRA=772;PIRP=820;PIRM=823;PIRL=225;PIRH=1074;
SQNR=49545;DATE=24-08-14;TIME=13:45:45;STAT=201212;TMPA=29;TMPP=295;TMPB=26;TMPC=28;RHUA=49;DWPA=17;PTYP=1;PNAM=MS-80SH;PIRA=767;PIRP=791;PIRM=801;PIRL=225;PIRH=1074;
SQNR=49560;DATE=24-08-14;TIME=13:46:00;STAT=201212;TMPA=29;TMPP=294;TMPB=26;TMPC=28;RHUA=50;DWPA=17;PTYP=1;PNAM=MS-80SH;PIRA=736;PIRP=765;PIRM=785;PIRL=225;PIRH=1074;
SQNR=49575;DATE=24-08-14;TIME=13:46:15;STAT=201212;TMPA=29;TMPP=293;TMPB=26;TMPC=28;RHUA=50;DWPA=17;PTYP=1;PNAM=MS-80SH;PIRA=838;PIRP=789;PIRM=799;PIRL=225;PIRH=1074;
SQNR=49590;DATE=24-08-14;TIME=13:46:30;STAT=201212;TMPA=29;TMPP=293;TMPB=26;TMPC=28;RHUA=55;DWPA=19;PTYP=1;PNAM=MS-80SH;PIRA=831;PIRP=826;PIRM=813;PIRL=225;PIRH=1074;
SQNR=49605;DATE=24-08-14;TIME=13:46:45;STAT=201212;TMPA=29;TMPP=293;TMPB=26;TMPC=28;RHUA=54;DWPA=19;PTYP=1;PNAM=MS-80SH;PIRA=821;PIRP=823;PIRM=812;PIRL=225;PIRH=1074;
SQNR=49620;DATE=24-08-14;TIME=13:47:00;STAT=201212;TMPA=29;TMPP=292;TMPB=26;TMPC=28;RHUA=54;DWPA=19;PTYP=1;PNAM=MS-80SH;PIRA=839;PIRP=824;PIRM=822;PIRL=225;PIRH=1074;
SQNR=49635;DATE=24-08-14;TIME=13:47:15;STAT=201212;TMPA=29;TMPP=293;TMPB=26;TMPC=28;RHUA=53;DWPA=18;PTYP=1;PNAM=MS-80SH;PIRA=837;PIRP=838;PIRM=829;PIRL=225;PIRH=1074;
SQNR=49650;DATE=24-08-14;TIME=13:47:30;STAT=201212;TMPA=29;TMPP=293;TMPB=26;TMPC=28;RHUA=49;DWPA=17;PTYP=1;PNAM=MS-80SH;PIRA=833;PIRP=837;PIRM=831;PIRL=225;PIRH=1074;
SQNR=49665;DATE=24-08-14;TIME=13:47:45;STAT=201212;TMPA=29;TMPP=293;TMPB=26;TMPC=28;RHUA=47;DWPA=17;PTYP=1;PNAM=MS-80SH;PIRA=833;PIRP=835;PIRM=832;PIRL=225;PIRH=1074;
SQNR=49680;DATE=24-08-14;TIME=13:48:00;STAT=201212;TMPA=29;TMPP=293;TMPB=26;TMPC=28;RHUA=47;DWPA=17;PTYP=1;PNAM=MS-80SH;PIRA=831;PIRP=833;PIRM=832;PIRL=225;PIRH=1074;
SQNR=49695;DATE=24-08-14;TIME=13:48:15;STAT=201212;TMPA=29;TMPP=292;TMPB=26;TMPC=28;RHUA=47;DWPA=17;PTYP=1;PNAM=MS-80SH;PIRA=829;PIRP=831;PIRM=831;PIRL=225;PIRH=1074;
SQNR=49710;DATE=24-08-14;TIME=13:48:30;STAT=201212;TMPA=29;TMPP=292;TMPB=26;TMPC=28;RHUA=47;DWPA=17;PTYP=1;PNAM=MS-80SH;PIRA=830;PIRP=829;PIRM=830;PIRL=225;PIRH=1074;
SQNR=49725;DATE=24-08-14;TIME=13:48:45;STAT=201212;TMPA=29;TMPP=293;TMPB=26;TMPC=28;RHUA=49;DWPA=17;PTYP=1;PNAM=MS-80SH;PIRA=829;PIRP=829;PIRM=830;PIRL=225;PIRH=1074;
SQNR=49740;DATE=24-08-14;TIME=13:49:00;STAT=201212;TMPA=29;TMPP=293;TMPB=26;TMPC=28;RHUA=49;DWPA=17;PTYP=1;PNAM=MS-80SH;PIRA=832;PIRP=830;PIRM=830;PIRL=225;PIRH=1074;
SQNR=49755;DATE=24-08-14;TIME=13:49:15;STAT=201212;TMPA=29;TMPP=293;TMPB=26;TMPC=28;RHUA=51;DWPA=18;PTYP=1;PNAM=MS-80SH;PIRA=832;PIRP=831;PIRM=831;PIRL=225;PIRH=1074;
SQNR=49770;DATE=24-08-14;TIME=13:49:30;STAT=201212;TMPA=29;TMPP=293;TMPB=26;TMPC=28;RHUA=49;DWPA=17;PTYP=1;PNAM=MS-80SH;PIRA=833;PIRP=832;PIRM=832;PIRL=225;PIRH=1074;
SQNR=49785;DATE=24-08-14;TIME=13:49:45;STAT=201212;TMPA=29;TMPP=294;TMPB=26;TMPC=28;RHUA=50;DWPA=18;PTYP=1;PNAM=MS-80SH;PIRA=831;PIRP=833;PIRM=832;PIRL=225;PIRH=1074;
SQNR=49800;DATE=24-08-14;TIME=13:50:00;STAT=201212;TMPA=29;TMPP=297;TMPB=27;TMPC=28;RHUA=49;DWPA=18;PTYP=1;PNAM=MS-80SH;PIRA=832;PIRP=832;PIRM=832;PIRL=225;PIRH=1074;
C-----;?
V-----;SWVNR=2102190;SQNDL=49801;DATE=24-08-14;TIME=13:50:06;THTYP=85;TTEMP=15;TDEWP=5;IUFAN=800;ILFAN=5;IUHEA=3000;PYDEF=21;PYAVT=30;PYAVW=1;PYOST=0;MSDLY=15;FNDLY=30;OSTRG=3;DBGFL=0;ASIRE=0;DBGRE=0;MPPFL=-1;
SQNR=49815;DATE=24-08-14;TIME=13:50:15;STAT=201212;TMPA=30;TMPP=300;TMPB=27;TMPC=28;RHUA=49;DWPA=18;PTYP=1;PNAM=MS-80SH;PIRA=831;PIRP=832;PIRM=832;PIRL=225;PIRH=1074;
SQNR=49830;DATE=24-08-14;TIME=13:50:30;STAT=201212;TMPA=30;TMPP=302;TMPB=27;TMPC=29;RHUA=49;DWPA=18;PTYP=1;PNAM=MS-80SH;PIRA=829;PIRP=831;PIRM=831;PIRL=225;PIRH=1074;
SQNR=49845;DATE=24-08-14;TIME=13:50:45;STAT=201212;TMPA=30;TMPP=305;TMPB=27;TMPC=29;RHUA=47;DWPA=17;PTYP=1;PNAM=MS-80SH;PIRA=829;PIRP=830;PIRM=830;PIRL=225;PIRH=1074;
SQNR=49860;DATE=24-08-14;TIME=13:51:00;STAT=201212;TMPA=30;TMPP=307;TMPB=27;TMPC=29;RHUA=47;DWPA=18;PTYP=1;PNAM=MS-80SH;PIRA=829;PIRP=829;PIRM=830;PIRL=225;PIRH=1074;
SQNR=49875;DATE=24-08-14;TIME=13:51:15;STAT=201212;TMPA=30;TMPP=308;TMPB=27;TMPC=29;RHUA=48;DWPA=18;PTYP=1;PNAM=MS-80SH;PIRA=826;PIRP=828;PIRM=829;PIRL=225;PIRH=1074;
SQNR=49890;DATE=24-08-14;TIME=13:51:30;STAT=201212;TMPA=30;TMPP=309;TMPB=27;TMPC=29;RHUA=47;DWPA=18;PTYP=1;PNAM=MS-80SH;PIRA=826;PIRP=827;PIRM=828;PIRL=225;PIRH=1074;
SQNR=49905;DATE=24-08-14;TIME=13:51:45;STAT=201212;TMPA=31;TMPP=310;TMPB=27;TMPC=29;RHUA=47;DWPA=18;PTYP=1;PNAM=MS-80SH;PIRA=826;PIRP=827;PIRM=828;PIRL=225;PIRH=1074;
SQNR=49920;DATE=24-08-14;TIME=13:52:00;STAT=201212;TMPA=31;TMPP=311;TMPB=28;TMPC=29;RHUA=47;DWPA=18;PTYP=1;PNAM=MS-80SH;PIRA=826;PIRP=828;PIRM=828;PIRL=225;PIRH=1074;
SQNR=49935;DATE=24-08-14;TIME=13:52:15;STAT=201212;TMPA=31;TMPP=313;TMPB=27;TMPC=29;RHUA=45;DWPA=18;PTYP=1;PNAM=MS-80SH;PIRA=827;PIRP=827;PIRM=827;PIRL=225;PIRH=1074;
SQNR=49950;DATE=24-08-14;TIME=13:52:30;STAT=201212;TMPA=31;TMPP=313;TMPB=27;TMPC=29;RHUA=47;DWPA=18;PTYP=1;PNAM=MS-80SH;PIRA=831;PIRP=828;PIRM=828;PIRL=225;PIRH=1074;
SQNR=49965;DATE=24-08-14;TIME=13:52:45;STAT=201212;TMPA=31;TMPP=313;TMPB=27;TMPC=29;RHUA=46;DWPA=18;PTYP=1;PNAM=MS-80SH;PIRA=828;PIRP=829;PIRM=828;PIRL=225;PIRH=1074;
SQNR=49980;DATE=24-08-14;TIME=13:53:00;STAT=201212;TMPA=31;TMPP=313;TMPB=27;TMPC=29;RHUA=46;DWPA=18;PTYP=1;PNAM=MS-80SH;PIRA=831;PIRP=829;PIRM=829;PIRL=225;PIRH=1074;
SQNR=49995;DATE=24-08-14;TIME=13:53:15;STAT=201212;TMPA=31;TMPP=311;TMPB=26;TMPC=29;RHUA=46;DWPA=18;PTYP=1;PNAM=MS-80SH;PIRA=831;PIRP=830;PIRM=830;PIRL=225;PIRH=1074;
SQNR=50010;DATE=24-08-14;TIME=13:53:30;STAT=201212;TMPA=30;TMPP=309;TMPB=26;TMPC=29;RHUA=49;DWPA=18;PTYP=1;PNAM=MS-80SH;PIRA=830;PIRP=831;PIRM=830;PIRL=225;PIRH=1074;
SQNR=50025;DATE=24-08-14;TIME=13:53:45;STAT=201212;TMPA=30;TMPP=307;TMPB=26;TMPC=29;RHUA=47;DWPA=18;PTYP=1;PNAM=MS-80SH;PIRA=799;PIRP=825;PIRM=825;PIRL=225;PIRH=1074;
SQNR=50040;DATE=24-08-14;TIME=13:54:00;STAT=201212;TMPA=30;TMPP=307;TMPB=26;TMPC=29;RHUA=45;DWPA=17;PTYP=1;PNAM=MS-80SH;PIRA=821;PIRP=815;PIRM=820;PIRL=225;PIRH=1074;
SQNR=50055;DATE=24-08-14;TIME=13:54:15;STAT=201212;TMPA=30;TMPP=306;TMPB=26;TMPC=29;RHUA=47;DWPA=18;PTYP=1;PNAM=MS-80SH;PIRA=815;PIRP=814;PIRM=818;PIRL=225;PIRH=1074;
SQNR=50070;DATE=24-08-14;TIME=13:54:30;STAT=201212;TMPA=30;TMPP=305;TMPB=26;TMPC=29;RHUA=46;DWPA=17;PTYP=1;PNAM=MS-80SH;PIRA=810;PIRP=814;PIRM=816;PIRL=225;PIRH=1074;
SQNR=50085;DATE=24-08-14;TIME=13:54:45;STAT=201212;TMPA=30;TMPP=305;TMPB=26;TMPC=29;RHUA=45;DWPA=17;PTYP=1;PNAM=MS-80SH;PIRA=770;PIRP=790;PIRM=796;PIRL=225;PIRH=1074;
SQNR=50100;DATE=24-08-14;TIME=13:55:00;STAT=201212;TMPA=30;TMPP=305;TMPB=26;TMPC=29;RHUA=46;DWPA=17;PTYP=1;PNAM=MS-80SH;PIRA=808;PIRP=778;PIRM=794;PIRL=225;PIRH=1074;
C-----;?
V-----;SWVNR=2102190;SQNDL=50102;DATE=24-08-14;TIME=13:55:07;THTYP=85;TTEMP=15;TDEWP=5;IUFAN=800;ILFAN=5;IUHEA=3000;PYDEF=21;PYAVT=30;PYAVW=1;PYOST=0;MSDLY=15;FNDLY=30;OSTRG=3;DBGFL=0;ASIRE=0;DBGRE=0;MPPFL=-1;
SQNR=50115;DATE=24-08-14;TIME=13:55:15;STAT=201212;TMPA=30;TMPP=305;TMPB=27;TMPC=29;RHUA=47;DWPA=18;PTYP=1;PNAM=MS-80SH;PIRA=798;PIRP=801;PIRM=802;PIRL=225;PIRH=1074;
SQNR=50130;DATE=24-08-14;TIME=13:55:30;STAT=201212;TMPA=30;TMPP=306;TMPB=27;TMPC=29;RHUA=47;DWPA=18;PTYP=1;PNAM=MS-80SH;PIRA=812;PIRP=799;PIRM=795;PIRL=225;PIRH=1074;
SQNR=50145;DATE=24-08-14;TIME=13:55:45;STAT=201212;TMPA=30;TMPP=307;TMPB=27;TMPC=29;RHUA=47;DWPA=18;PTYP=1;PNAM=MS-80SH;PIRA=819;PIRP=803;PIRM=806;PIRL=225;PIRH=1074;
SQNR=50160;DATE=24-08-14;TIME=13:56:00;STAT=201212;TMPA=30;TMPP=308;TMPB=26;TMPC=29;RHUA=46;DWPA=18;PTYP=1;PNAM=MS-80SH;PIRA=761;PIRP=803;PIRM=796;PIRL=225;PIRH=1074;
SQNR=50175;DATE=24-08-14;TIME=13:56:15;STAT=201212;TMPA=30;TMPP=307;TMPB=26;TMPC=29;RHUA=47;DWPA=18;PTYP=1;PNAM=MS-80SH;PIRA=720;PIRP=748;PIRM=762;PIRL=225;PIRH=1074;
SQNR=50190;DATE=24-08-14;TIME=13:56:30;STAT=201212;TMPA=30;TMPP=307;TMPB=26;TMPC=29;RHUA=48;DWPA=18;PTYP=1;PNAM=MS-80SH;PIRA=831;PIRP=759;PIRM=781;PIRL=225;PIRH=1074;
SQNR=50205;DATE=24-08-14;TIME=13:56:45;STAT=201212;TMPA=30;TMPP=306;TMPB=26;TMPC=29;RHUA=47;DWPA=18;PTYP=1;PNAM=MS-80SH;PIRA=824;PIRP=817;PIRM=800;PIRL=225;PIRH=1074;
SQNR=50220;DATE=24-08-14;TIME=13:57:00;STAT=201212;TMPA=30;TMPP=304;TMPB=26;TMPC=29;RHUA=46;DWPA=17;PTYP=1;PNAM=MS-80SH;PIRA=835;PIRP=829;PIRM=811;PIRL=225;PIRH=1074;
SQNR=50235;DATE=24-08-14;TIME=13:57:15;STAT=201212;TMPA=30;TMPP=303;TMPB=26;TMPC=29;RHUA=46;DWPA=17;PTYP=1;PNAM=MS-80SH;PIRA=838;PIRP=833;PIRM=822;PIRL=225;PIRH=1074;
SQNR=50250;DATE=24-08-14;TIME=13:57:30;STAT=201212;TMPA=30;TMPP=302;TMPB=26;TMPC=29;RHUA=50;DWPA=18;PTYP=1;PNAM=MS-80SH;PIRA=832;PIRP=836;PIRM=827;PIRL=225;PIRH=1074;
SQNR=50265;DATE=24-08-14;TIME=13:57:45;STAT=201212;TMPA=30;TMPP=301;TMPB=26;TMPC=29;RHUA=46;DWPA=17;PTYP=1;PNAM=MS-80SH;PIRA=832;PIRP=832;PIRM=828;PIRL=225;PIRH=1074;
SQNR=50280;DATE=24-08-14;TIME=13:58:00;STAT=201212;TMPA=30;TMPP=300;TMPB=26;TMPC=29;RHUA=47;DWPA=17;PTYP=1;PNAM=MS-80SH;PIRA=831;PIRP=829;PIRM=828;PIRL=225;PIRH=1074;
SQNR=50295;DATE=24-08-14;TIME=13:58:15;STAT=201212;TMPA=29;TMPP=299;TMPB=26;TMPC=29;RHUA=49;DWPA=18;PTYP=1;PNAM=MS-80SH;PIRA=828;PIRP=829;PIRM=829;PIRL=225;PIRH=1074;
SQNR=50310;DATE=24-08-14;TIME=13:58:30;STAT=201212;TMPA=29;TMPP=299;TMPB=26;TMPC=29;RHUA=52;DWPA=19;PTYP=1;PNAM=MS-80SH;PIRA=832;PIRP=828;PIRM=828;PIRL=225;PIRH=1074;
SQNR=50325;DATE=24-08-14;TIME=13:58:45;STAT=201212;TMPA=29;TMPP=299;TMPB=26;TMPC=29;RHUA=49;DWPA=18;PTYP=1;PNAM=MS-80SH;PIRA=823;PIRP=828;PIRM=829;PIRL=225;PIRH=1074;
SQNR=50340;DATE=24-08-14;TIME=13:59:00;STAT=201212;TMPA=29;TMPP=298;TMPB=26;TMPC=29;RHUA=48;DWPA=17;PTYP=1;PNAM=MS-80SH;PIRA=794;PIRP=820;PIRM=821;PIRL=225;PIRH=1074;
SQNR=50355;DATE=24-08-14;TIME=13:59:15;STAT=201212;TMPA=29;TMPP=297;TMPB=26;TMPC=29;RHUA=49;DWPA=18;PTYP=1;PNAM=MS-80SH;PIRA=645;PIRP=773;PIRM=784;PIRL=225;PIRH=1074;
SQNR=50370;DATE=24-08-14;TIME=13:59:30;STAT=201212;TMPA=29;TMPP=296;TMPB=26;TMPC=29;RHUA=49;DWPA=17;PTYP=1;PNAM=MS-80SH;PIRA=580;PIRP=670;PIRM=711;PIRL=225;PIRH=1074;
SQNR=50385;DATE=24-08-14;TIME=13:59:45;STAT=201212;TMPA=29;TMPP=295;TMPB=26;TMPC=29;RHUA=49;DWPA=17;PTYP=1;PNAM=MS-80SH;PIRA=601;PIRP=597;PIRM=663;PIRL=225;PIRH=1074;
SQNR=50400;DATE=24-08-14;TIME=14:00:00;STAT=201212;TMPA=29;TMPP=294;TMPB=26;TMPC=29;RHUA=50;DWPA=18;PTYP=1;PNAM=MS-80SH;PIRA=730;PIRP=617;PIRM=659;PIRL=225;PIRH=1074;
C-----;?
V-----;SWVNR=2102190;SQNDL=50401;DATE=24-08-14;TIME=14:00:06;THTYP=85;TTEMP=15;TDEWP=5;IUFAN=800;ILFAN=5;IUHEA=3000;PYDEF=21;PYAVT=30;PYAVW=1;PYOST=0;MSDLY=15;FNDLY=30;OSTRG=3;DBGFL=0;ASIRE=0;DBGRE=0;MPPFL=-1;
SQNR=50415;DATE=24-08-14;TIME=14:00:15;STAT=201212;TMPA=29;TMPP=294;TMPB=26;TMPC=29;RHUA=51;DWPA=18;PTYP=1;PNAM=MS-80SH;PIRA=750;PIRP=695;PIRM=693;PIRL=225;PIRH=1074;
SQNR=50430;DATE=24-08-14;TIME=14:00:30;STAT=201212;TMPA=29;TMPP=294;TMPB=26;TMPC=29;RHUA=53;DWPA=18;PTYP=1;PNAM=MS-80SH;PIRA=739;PIRP=758;PIRM=723;PIRL=225;PIRH=1074;
SQNR=50445;DATE=24-08-14;TIME=14:00:45;STAT=201212;TMPA=29;TMPP=293;TMPB=26;TMPC=29;RHUA=50;DWPA=18;PTYP=1;PNAM=MS-80SH;PIRA=657;PIRP=732;PIRM=710;PIRL=225;PIRH=1074;
SQNR=50460;DATE=24-08-14;TIME=14:01:00;STAT=201212;TMPA=29;TMPP=293;TMPB=26;TMPC=29;RHUA=50;DWPA=17;PTYP=1;PNAM=MS-80SH;PIRA=674;PIRP=687;PIRM=698;PIRL=225;PIRH=1074;
C-----;P1001
P-----;DATE=24-08-14;TIME=14:01:01;PSNR=23059772;PTMP=358;PRHU=7;PSTX=-25;PSTY=11;
SQNR=50475;DATE=24-08-14;TIME=14:01:15;STAT=201212;TMPA=29;TMPP=292;TMPB=26;TMPC=29;RHUA=52;DWPA=18;PTYP=1;PNAM=MS-80SH;PIRA=722;PIRP=664;PIRM=679;PIRL=225;PIRH=1074;
SQNR=50490;DATE=24-08-14;TIME=14:01:30;STAT=201212;TMPA=29;TMPP=292;TMPB=26;TMPC=29;RHUA=48;DWPA=17;PTYP=1;PNAM=MS-80SH;PIRA=734;PIRP=700;PIRM=708;PIRL=225;PIRH=1074;
SQNR=50505;DATE=24-08-14;TIME=14:01:45;STAT=201212;TMPA=29;TMPP=292;TMPB=26;TMPC=29;RHUA=48;DWPA=17;PTYP=1;PNAM=MS-80SH;PIRA=644;PIRP=723;PIRM=701;PIRL=225;PIRH=1074;
SQNR=50520;DATE=24-08-14;TIME=14:02:00;STAT=201212;TMPA=29;TMPP=291;TMPB=26;TMPC=29;RHUA=49;DWPA=17;PTYP=1;PNAM=MS-80SH;PIRA=746;PIRP=684;PIRM=693;PIRL=225;PIRH=1074;
SQNR=50535;DATE=24-08-14;TIME=14:02:15;STAT=201212;TMPA=29;TMPP=291;TMPB=26;TMPC=29;RHUA=48;DWPA=17;PTYP=1;PNAM=MS-80SH;PIRA=787;PIRP=717;PIRM=720;PIRL=225;PIRH=1074;
SQNR=50550;DATE=24-08-14;TIME=14:02:30;STAT=201212;TMPA=29;TMPP=291;TMPB=26;TMPC=29;RHUA=52;DWPA=18;PTYP=1;PNAM=MS-80SH;PIRA=845;PIRP=795;PIRM=765;PIRL=225;PIRH=1074;
SQNR=50565;DATE=24-08-14;TIME=14:02:45;STAT=201212;TMPA=29;TMPP=291;TMPB=26;TMPC=29;RHUA=54;DWPA=18;PTYP=1;PNAM=MS-80SH;PIRA=845;PIRP=837;PIRM=796;PIRL=225;PIRH=1074;
SQNR=50580;DATE=24-08-14;TIME=14:03:00;STAT=201212;TMPA=29;TMPP=291;TMPB=26;TMPC=29;RHUA=49;DWPA=17;PTYP=1;PNAM=MS-80SH;PIRA=807;PIRP=839;PIRM=811;PIRL=225;PIRH=1074;
SQNR=50595;DATE=24-08-14;TIME=14:03:15;STAT=201212;TMPA=29;TMPP=291;TMPB=26;TMPC=29;RHUA=53;DWPA=18;PTYP=1;PNAM=MS-80SH;PIRA=749;PIRP=801;PIRM=793;PIRL=225;PIRH=1074;
SQNR=50610;DATE=24-08-14;TIME=14:03:30;STAT=201212;TMPA=29;TMPP=291;TMPB=26;TMPC=29;RHUA=50;DWPA=17;PTYP=1;PNAM=MS-80SH;PIRA=671;PIRP=735;PIRM=755;PIRL=225;PIRH=1074;
SQNR=50625;DATE=24-08-14;TIME=14:03:45;STAT=201212;TMPA=29;TMPP=291;TMPB=26;TMPC=29;RHUA=49;DWPA=17;PTYP=1;PNAM=MS-80SH;PIRA=542;PIRP=646;PIRM=688;PIRL=225;PIRH=1074;
SQNR=50640;DATE=24-08-14;TIME=14:04:00;STAT=201212;TMPA=29;TMPP=291;TMPB=26;TMPC=28;RHUA=48;DWPA=17;PTYP=1;PNAM=MS-80SH;PIRA=592;PIRP=565;PIRM=629;PIRL=225;PIRH=1074;
SQNR=50655;DATE=24-08-14;TIME=14:04:15;STAT=201212;TMPA=29;TMPP=291;TMPB=26;TMPC=28;RHUA=49;DWPA=17;PTYP=1;PNAM=MS-80SH;PIRA=834;PIRP=631;PIRM=671;PIRL=225;PIRH=1074;
SQNR=50670;DATE=24-08-14;TIME=14:04:30;STAT=201212;TMPA=29;TMPP=291;TMPB=26;TMPC=28;RHUA=50;DWPA=17;PTYP=1;PNAM=MS-80SH;PIRA=851;PIRP=786;PIRM=742;PIRL=225;PIRH=1074;
SQNR=50685;DATE=24-08-14;TIME=14:04:45;STAT=201212;TMPA=29;TMPP=291;TMPB=26;TMPC=28;RHUA=49;DWPA=17;PTYP=1;PNAM=MS-80SH;PIRA=836;PIRP=847;PIRM=783;PIRL=225;PIRH=1074;
SQNR=50700;DATE=24-08-14;TIME=14:05:00;STAT=201212;TMPA=29;TMPP=292;TMPB=26;TMPC=28;RHUA=50;DWPA=17;PTYP=1;PNAM=MS-80SH;PIRA=773;PIRP=827;PIRM=793;PIRL=225;PIRH=1074;
C-----;?
V-----;SWVNR=2102190;SQNDL=50701;DATE=24-08-14;TIME=14:05:06;THTYP=85;TTEMP=15;TDEWP=5;IUFAN=800;ILFAN=5;IUHEA=3000;PYDEF=21;PYAVT=30;PYAVW=1;PYOST=0;MSDLY=15;FNDLY=30;OSTRG=3;DBGFL=0;ASIRE=0;DBGRE=0;MPPFL=-1;
SQNR=50715;DATE=24-08-14;TIME=14:05:15;STAT=201212;TMPA=29;TMPP=292;TMPB=26;TMPC=28;RHUA=50;DWPA=17;PTYP=1;PNAM=MS-80SH;PIRA=805;PIRP=790;PIRM=784;PIRL=225;PIRH=1074;
SQNR=50730;DATE=24-08-14;TIME=14:05:30;STAT=201212;TMPA=29;TMPP=292;TMPB=26;TMPC=28;RHUA=49;DWPA=17;PTYP=1;PNAM=MS-80SH;PIRA=850;PIRP=803;PIRM=806;PIRL=225;PIRH=1074;
SQNR=50745;DATE=24-08-14;TIME=14:05:45;STAT=201212;TMPA=29;TMPP=292;TMPB=26;TMPC=28;RHUA=52;DWPA=18;PTYP=1;PNAM=MS-80SH;PIRA=846;PIRP=843;PIRM=823;PIRL=225;PIRH=1074;
SQNR=50760;DATE=24-08-14;TIME=14:06:00;STAT=201212;TMPA=29;TMPP=292;TMPB=26;TMPC=28;RHUA=53;DWPA=18;PTYP=1;PNAM=MS-80SH;PIRA=846;PIRP=847;PIRM=832;PIRL=225;PIRH=1074;
SQNR=50775;DATE=24-08-14;TIME=14:06:15;STAT=201212;TMPA=29;TMPP=293;TMPB=26;TMPC=28;RHUA=51;DWPA=18;PTYP=1;PNAM=MS-80SH;PIRA=838;PIRP=842;PIRM=834;PIRL=225;PIRH=1074;
SQNR=50790;DATE=24-08-14;TIME=14:06:30;STAT=201212;TMPA=29;TMPP=293;TMPB=26;TMPC=28;RHUA=53;DWPA=19;PTYP=1;PNAM=MS-80SH;PIRA=829;PIRP=836;PIRM=834;PIRL=225;PIRH=1074;
SQNR=50805;DATE=24-08-14;TIME=14:06:45;STAT=201212;TMPA=29;TMPP=293;TMPB=26;TMPC=28;RHUA=51;DWPA=18;PTYP=1;PNAM=MS-80SH;PIRA=813;PIRP=826;PIRM=827;PIRL=225;PIRH=1074;
SQNR=50820;DATE=24-08-14;TIME=14:07:00;STAT=201212;TMPA=29;TMPP=293;TMPB=26;TMPC=28;RHUA=51;DWPA=18;PTYP=1;PNAM=MS-80SH;PIRA=812;PIRP=815;PIRM=821;PIRL=225;PIRH=1074;
SQNR=50835;DATE=24-08-14;TIME=14:07:15;STAT=201212;TMPA=29;TMPP=294;TMPB=26;TMPC=29;RHUA=49;DWPA=17;PTYP=1;PNAM=MS-80SH;PIRA=827;PIRP=817;PIRM=822;PIRL=225;PIRH=1074;
SQNR=50850;DATE=24-08-14;TIME=14:07:30;STAT=201212;TMPA=29;TMPP=294;TMPB=26;TMPC=28;RHUA=50;DWPA=18;PTYP=1;PNAM=MS-80SH;PIRA=837;PIRP=827;PIRM=826;PIRL=225;PIRH=1074;
SQNR=50865;DATE=24-08-14;TIME=14:07:45;STAT=201212;TMPA=29;TMPP=294;TMPB=26;TMPC=29;RHUA=50;DWPA=18;PTYP=1;PNAM=MS-80SH;PIRA=820;PIRP=834;PIRM=829;PIRL=225;PIRH=1074;
SQNR=50880;DATE=24-08-14;TIME=14:08:00;STAT=201212;TMPA=29;TMPP=294;TMPB=26;TMPC=29;RHUA=53;DWPA=19;PTYP=1;PNAM=MS-80SH;PIRA=616;PIRP=770;PIRM=776;PIRL=225;PIRH=1074;
SQNR=50895;DATE=24-08-14;TIME=14:08:15;STAT=201212;TMPA=29;TMPP=294;TMPB=26;TMPC=29;RHUA=52;DWPA=18;PTYP=1;PNAM=MS-80SH;PIRA=720;PIRP=693;PIRM=740;PIRL=225;PIRH=1074;
SQNR=50910;DATE=24-08-14;TIME=14:08:30;STAT=201212;TMPA=29;TMPP=296;TMPB=26;TMPC=29;RHUA=48;DWPA=17;PTYP=1;PNAM=MS-80SH;PIRA=806;PIRP=721;PIRM=751;PIRL=225;PIRH=1074;
SQNR=50925;DATE=24-08-14;TIME=14:08:45;STAT=201212;TMPA=29;TMPP=298;TMPB=26;TMPC=29;RHUA=47;DWPA=17;PTYP=1;PNAM=MS-80SH;PIRA=810;PIRP=791;PIRM=778;PIRL=225;PIRH=1074;
SQNR=50940;DATE=24-08-14;TIME=14:09:00;STAT=201212;TMPA=29;TMPP=299;TMPB=26;TMPC=29;RHUA=47;DWPA=17;PTYP=1;PNAM=MS-80SH;PIRA=826;PIRP=813;PIRM=790;PIRL=225;PIRH=1074;
SQNR=50955;DATE=24-08-14;TIME=14:09:15;STAT=201212;TMPA=30;TMPP=300;TMPB=26;TMPC=29;RHUA=46;DWPA=17;PTYP=1;PNAM=MS-80SH;PIRA=834;PIRP=821;PIRM=808;PIRL=225;PIRH=1074;
SQNR=50970;DATE=24-08-14;TIME=14:09:30;STAT=201212;TMPA=30;TMPP=301;TMPB=26;TMPC=29;RHUA=47;DWPA=17;PTYP=1;PNAM=MS-80SH;PIRA=831;PIRP=833;PIRM=817;PIRL=225;PIRH=1074;
SQNR=50985;DATE=24-08-14;TIME=14:09:45;STAT=201212;TMPA=30;TMPP=301;TMPB=26;TMPC=29;RHUA=47;DWPA=17;PTYP=1;PNAM=MS-80SH;PIRA=830;PIRP=831;PIRM=822;PIRL=225;PIRH=1074;
SQNR=51000;DATE=24-08-14;TIME=14:10:00;STAT=201212;TMPA=30;TMPP=301;TMPB=26;TMPC=29;RHUA=48;DWPA=18;PTYP=1;PNAM=MS-80SH;PIRA=829;PIRP=830;PIRM=825;PIRL=225;PIRH=1074;
C-----;?
V-----;SWVNR=2102190;SQNDL=51001;DATE=24-08-14;TIME=14:10:06;THTYP=85;TTEMP=15;TDEWP=5;IUFAN=800;ILFAN=5;IUHEA=3000;PYDEF=21;PYAVT=30;PYAVW=1;PYOST=0;MSDLY=15;FNDLY=30;OSTRG=3;DBGFL=0;ASIRE=0;DBGRE=0;MPPFL=-1;
SQNR=51015;DATE=24-08-14;TIME=14:10:15;STAT=201212;TMPA=30;TMPP=301;TMPB=26;TMPC=29;RHUA=53;DWPA=19;PTYP=1;PNAM=MS-80SH;PIRA=827;PIRP=829;PIRM=826;PIRL=225;PIRH=1074;
SQNR=51030;DATE=24-08-14;TIME=14:10:30;STAT=201212;TMPA=30;TMPP=300;TMPB=26;TMPC=29;RHUA=49;DWPA=18;PTYP=1;PNAM=MS-80SH;PIRA=826;PIRP=827;PIRM=827;PIRL=225;PIRH=1074;
SQNR=51045;DATE=24-08-14;TIME=14:10:45;STAT=201212;TMPA=29;TMPP=299;TMPB=26;TMPC=29;RHUA=50;DWPA=18;PTYP=1;PNAM=MS-80SH;PIRA=827;PIRP=827;PIRM=827;PIRL=225;PIRH=1074;
SQNR=51060;DATE=24-08-14;TIME=14:11:00;STAT=201212;TMPA=29;TMPP=299;TMPB=26;TMPC=29;RHUA=50;DWPA=18;PTYP=1;PNAM=MS-80SH;PIRA=824;PIRP=826;PIRM=826;PIRL=225;PIRH=1074;
SQNR=51075;DATE=24-08-14;TIME=14:11:15;STAT=201212;TMPA=29;TMPP=298;TMPB=26;TMPC=29;RHUA=48;DWPA=17;PTYP=1;PNAM=MS-80SH;PIRA=822;PIRP=825;PIRM=825;PIRL=225;PIRH=1074;
SQNR=51090;DATE=24-08-14;TIME=14:11:30;STAT=201212;TMPA=29;TMPP=297;TMPB=26;TMPC=29;RHUA=49;DWPA=18;PTYP=1;PNAM=MS-80SH;PIRA=822;PIRP=822;PIRM=823;PIRL=225;PIRH=1074;
SQNR=51105;DATE=24-08-14;TIME=14:11:45;STAT=201212;TMPA=29;TMPP=297;TMPB=26;TMPC=29;RHUA=47;DWPA=17;PTYP=1;PNAM=MS-80SH;PIRA=822;PIRP=821;PIRM=823;PIRL=225;PIRH=1074;
SQNR=51120;DATE=24-08-14;TIME=14:12:00;STAT=201212;TMPA=29;TMPP=296;TMPB=26;TMPC=29;RHUA=44;DWPA=16;PTYP=1;PNAM=MS-80SH;PIRA=818;PIRP=821;PIRM=822;PIRL=225;PIRH=1074;
SQNR=51135;DATE=24-08-14;TIME=14:12:15;STAT=201212;TMPA=29;TMPP=296;TMPB=26;TMPC=29;RHUA=46;DWPA=16;PTYP=1;PNAM=MS-80SH;PIRA=816;PIRP=818;PIRM=820;PIRL=225;PIRH=1074;
SQNR=51150;DATE=24-08-14;TIME=14:12:30;STAT=201212;TMPA=29;TMPP=295;TMPB=26;TMPC=29;RHUA=46;DWPA=16;PTYP=1;PNAM=MS-80SH;PIRA=812;PIRP=815;PIRM=817;PIRL=225;PIRH=1074;
SQNR=51165;DATE=24-08-14;TIME=14:12:45;STAT=201212;TMPA=29;TMPP=295;TMPB=26;TMPC=29;RHUA=49;DWPA=17;PTYP=1;PNAM=MS-80SH;PIRA=811;PIRP=812;PIRM=815;PIRL=225;PIRH=1074;
SQNR=51180;DATE=24-08-14;TIME=14:13:00;STAT=201212;TMPA=29;TMPP=295;TMPB=26;TMPC=29;RHUA=45;DWPA=16;PTYP=1;PNAM=MS-80SH;PIRA=811;PIRP=811;PIRM=813;PIRL=225;PIRH=1074;
SQNR=51195;DATE=24-08-14;TIME=14:13:15;STAT=201212;TMPA=29;TMPP=295;TMPB=26;TMPC=29;RHUA=46;DWPA=16;PTYP=1;PNAM=MS-80SH;PIRA=807;PIRP=810;PIRM=811;PIRL=225;PIRH=1074;
SQNR=51210;DATE=24-08-14;TIME=14:13:30;STAT=201212;TMPA=29;TMPP=295;TMPB=26;TMPC=29;RHUA=47;DWPA=17;PTYP=1;PNAM=MS-80SH;PIRA=807;PIRP=808;PIRM=810;PIRL=225;PIRH=1074;
SQNR=51225;DATE=24-08-14;TIME=14:13:45;STAT=201212;TMPA=29;TMPP=295;TMPB=26;TMPC=29;RHUA=48;DWPA=17;PTYP=1;PNAM=MS-80SH;PIRA=807;PIRP=807;PIRM=808;PIRL=225;PIRH=1074;
SQNR=51240;DATE=24-08-14;TIME=14:14:00;STAT=201212;TMPA=29;TMPP=294;TMPB=26;TMPC=29;RHUA=47;DWPA=17;PTYP=1;PNAM=MS-80SH;PIRA=807;PIRP=806;PIRM=808;PIRL=225;PIRH=1074;
SQNR=51255;DATE=24-08-14;TIME=14:14:15;STAT=201212;TMPA=29;TMPP=294;TMPB=26;TMPC=29;RHUA=48;DWPA=17;PTYP=1;PNAM=MS-80SH;PIRA=806;PIRP=807;PIRM=807;PIRL=225;PIRH=1074;
SQNR=51270;DATE=24-08-14;TIME=14:14:30;STAT=201212;TMPA=29;TMPP=294;TMPB=26;TMPC=29;RHUA=48;DWPA=17;PTYP=1;PNAM=MS-80SH;PIRA=807;PIRP=807;PIRM=807;PIRL=225;PIRH=1074;
SQNR=51285;DATE=24-08-14;TIME=14:14:45;STAT=201212;TMPA=29;TMPP=294;TMPB=26;TMPC=29;RHUA=48;DWPA=17;PTYP=1;PNAM=MS-80SH;PIRA=805;PIRP=806;PIRM=807;PIRL=225;PIRH=1074;
SQNR=51300;DATE=24-08-14;TIME=14:15:00;STAT=201212;TMPA=29;TMPP=294;TMPB=26;TMPC=29;RHUA=48;DWPA=17;PTYP=1;PNAM=MS-80SH;PIRA=804;PIRP=805;PIRM=806;PIRL=225;PIRH=1074;
C-----;?
V-----;SWVNR=2102190;SQNDL=51302;DATE=24-08-14;TIME=14:15:07;THTYP=85;TTEMP=15;TDEWP=5;IUFAN=800;ILFAN=5;IUHEA=3000;PYDEF=21;PYAVT=30;PYAVW=1;PYOST=0;MSDLY=15;FNDLY=30;OSTRG=3;DBGFL=0;ASIRE=0;DBGRE=0;MPPFL=-1;
SQNR=51315;DATE=24-08-14;TIME=14:15:15;STAT=201212;TMPA=29;TMPP=294;TMPB=26;TMPC=29;RHUA=47;DWPA=17;PTYP=1;PNAM=MS-80SH;PIRA=806;PIRP=805;PIRM=806;PIRL=225;PIRH=1074;
SQNR=51330;DATE=24-08-14;TIME=14:15:30;STAT=201212;TMPA=29;TMPP=294;TMPB=26;TMPC=29;RHUA=48;DWPA=17;PTYP=1;PNAM=MS-80SH;PIRA=802;PIRP=805;PIRM=805;PIRL=225;PIRH=1074;
SQNR=51345;DATE=24-08-14;TIME=14:15:45;STAT=201212;TMPA=29;TMPP=294;TMPB=26;TMPC=29;RHUA=48;DWPA=17;PTYP=1;PNAM=MS-80SH;PIRA=800;PIRP=803;PIRM=803;PIRL=225;PIRH=1074;
SQNR=51360;DATE=24-08-14;TIME=14:16:00;STAT=201212;TMPA=29;TMPP=294;TMPB=26;TMPC=29;RHUA=49;DWPA=17;PTYP=1;PNAM=MS-80SH;PIRA=797;PIRP=800;PIRM=801;PIRL=225;PIRH=1074;
SQNR=51375;DATE=24-08-14;TIME=14:16:15;STAT=201212;TMPA=29;TMPP=295;TMPB=26;TMPC=29;RHUA=49;DWPA=17;PTYP=1;PNAM=MS-80SH;PIRA=794;PIRP=797;PIRM=799;PIRL=225;PIRH=1074;
SQNR=51390;DATE=24-08-14;TIME=14:16:30;STAT=201212;TMPA=29;TMPP=296;TMPB=26;TMPC=29;RHUA=50;DWPA=18;PTYP=1;PNAM=MS-80SH;PIRA=791;PIRP=794;PIRM=796;PIRL=225;PIRH=1074;
SQNR=51405;DATE=24-08-14;TIME=14:16:45;STAT=201212;TMPA=29;TMPP=297;TMPB=26;TMPC=29;RHUA=51;DWPA=18;PTYP=1;PNAM=MS-80SH;PIRA=787;PIRP=791;PIRM=793;PIRL=225;PIRH=1074;
SQNR=51420;DATE=24-08-14;TIME=14:17:00;STAT=201212;TMPA=29;TMPP=298;TMPB=26;TMPC=29;RHUA=47;DWPA=17;PTYP=1;PNAM=MS-80SH;PIRA=786;PIRP=788;PIRM=791;PIRL=225;PIRH=1074;
SQNR=51435;DATE=24-08-14;TIME=14:17:15;STAT=201212;TMPA=29;TMPP=298;TMPB=26;TMPC=29;RHUA=47;DWPA=17;PTYP=1;PNAM=MS-80SH;PIRA=787;PIRP=787;PIRM=789;PIRL=225;PIRH=1074;
SQNR=51450;DATE=24-08-14;TIME=14:17:30;STAT=201212;TMPA=29;TMPP=299;TMPB=26;TMPC=29;RHUA=49;DWPA=18;PTYP=1;PNAM=MS-80SH;PIRA=787;PIRP=787;PIRM=789;PIRL=225;PIRH=1074;
SQNR=51465;DATE=24-08-14;TIME=14:17:45;STAT=201212;TMPA=29;TMPP=299;TMPB=26;TMPC=29;RHUA=48;DWPA=17;PTYP=1;PNAM=MS-80SH;PIRA=787;PIRP=787;PIRM=788;PIRL=225;PIRH=1074;
SQNR=51480;DATE=24-08-14;TIME=14:18:00;STAT=201212;TMPA=30;TMPP=300;TMPB=26;TMPC=29;RHUA=48;DWPA=18;PTYP=1;PNAM=MS-80SH;PIRA=785;PIRP=786;PIRM=787;PIRL=225;PIRH=1074;
SQNR=51495;DATE=24-08-14;TIME=14:18:15;STAT=201212;TMPA=30;TMPP=300;TMPB=26;TMPC=29;RHUA=49;DWPA=18;PTYP=1;PNAM=MS-80SH;PIRA=785;PIRP=786;PIRM=786;PIRL=225;PIRH=1074;
SQNR=51510;DATE=24-08-14;TIME=14:18:30;STAT=201212;TMPA=30;TMPP=300;TMPB=26;TMPC=29;RHUA=48;DWPA=18;PTYP=1;PNAM=MS-80SH;PIRA=787;PIRP=786;PIRM=786;PIRL=225;PIRH=1074;
SQNR=51525;DATE=24-08-14;TIME=14:18:45;STAT=201212;TMPA=29;TMPP=299;TMPB=26;TMPC=29;RHUA=47;DWPA=17;PTYP=1;PNAM=MS-80SH;PIRA=787;PIRP=787;PIRM=787;PIRL=225;PIRH=1074;
SQNR=51540;DATE=24-08-14;TIME=14:19:00;STAT=201212;TMPA=29;TMPP=299;TMPB=26;TMPC=29;RHUA=47;DWPA=17;PTYP=1;PNAM=MS-80SH;PIRA=787;PIRP=787;PIRM=787;PIRL=225;PIRH=1074;
SQNR=51555;DATE=24-08-14;TIME=14:19:15;STAT=201212;TMPA=29;TMPP=298;TMPB=26;TMPC=29;RHUA=47;DWPA=17;PTYP=1;PNAM=MS-80SH;PIRA=786;PIRP=787;PIRM=787;PIRL=225;PIRH=1074;
SQNR=51570;DATE=24-08-14;TIME=14:19:30;STAT=201212;TMPA=29;TMPP=298;TMPB=26;TMPC=29;RHUA=46;DWPA=17;PTYP=1;PNAM=MS-80SH;PIRA=784;PIRP=786;PIRM=786;PIRL=225;PIRH=1074;
SQNR=51585;DATE=24-08-14;TIME=14:19:45;STAT=201212;TMPA=29;TMPP=297;TMPB=26;TMPC=29;RHUA=46;DWPA=16;PTYP=1;PNAM=MS-80SH;PIRA=784;PIRP=785;PIRM=785;PIRL=225;PIRH=1074;
SQNR=51600;DATE=24-08-14;TIME=14:20:00;STAT=201212;TMPA=29;TMPP=296;TMPB=26;TMPC=29;RHUA=46;DWPA=16;PTYP=1;PNAM=MS-80SH;PIRA=784;PIRP=784;PIRM=785;PIRL=225;PIRH=1074;
C-----;?
V-----;SWVNR=2102190;SQNDL=51601;DATE=24-08-14;TIME=14:20:06;THTYP=85;TTEMP=15;TDEWP=5;IUFAN=800;ILFAN=5;IUHEA=3000;PYDEF=21;PYAVT=30;PYAVW=1;PYOST=0;MSDLY=15;FNDLY=30;OSTRG=3;DBGFL=0;ASIRE=0;DBGRE=0;MPPFL=-1;
SQNR=51615;DATE=24-08-14;TIME=14:20:15;STAT=201212;TMPA=29;TMPP=295;TMPB=26;TMPC=29;RHUA=46;DWPA=16;PTYP=1;PNAM=MS-80SH;PIRA=782;PIRP=783;PIRM=784;PIRL=225;PIRH=1074;
SQNR=51630;DATE=24-08-14;TIME=14:20:30;STAT=201212;TMPA=29;TMPP=295;TMPB=26;TMPC=29;RHUA=46;DWPA=16;PTYP=1;PNAM=MS-80SH;PIRA=781;PIRP=782;PIRM=783;PIRL=225;PIRH=1074;
SQNR=51645;DATE=24-08-14;TIME=14:20:45;STAT=201212;TMPA=29;TMPP=295;TMPB=26;TMPC=29;RHUA=47;DWPA=17;PTYP=1;PNAM=MS-80SH;PIRA=779;PIRP=780;PIRM=781;PIRL=225;PIRH=1074;
SQNR=51660;DATE=24-08-14;TIME=14:21:00;STAT=201212;TMPA=29;TMPP=295;TMPB=26;TMPC=29;RHUA=49;DWPA=17;PTYP=1;PNAM=MS-80SH;PIRA=780;PIRP=780;PIRM=781;PIRL=225;PIRH=1074;
SQNR=51675;DATE=24-08-14;TIME=14:21:15;STAT=201212;TMPA=29;TMPP=295;TMPB=26;TMPC=29;RHUA=47;DWPA=17;PTYP=1;PNAM=MS-80SH;PIRA=780;PIRP=780;PIRM=781;PIRL=225;PIRH=1074;
SQNR=51690;DATE=24-08-14;TIME=14:21:30;STAT=201212;TMPA=29;TMPP=296;TMPB=26;TMPC=29;RHUA=47;DWPA=17;PTYP=1;PNAM=MS-80SH;PIRA=780;PIRP=780;PIRM=780;PIRL=225;PIRH=1074;
SQNR=51705;DATE=24-08-14;TIME=14:21:45;STAT=201212;TMPA=29;TMPP=297;TMPB=26;TMPC=29;RHUA=46;DWPA=17;PTYP=1;PNAM=MS-80SH;PIRA=781;PIRP=780;PIRM=781;PIRL=225;PIRH=1074;
SQNR=51720;DATE=24-08-14;TIME=14:22:00;STAT=201212;TMPA=29;TMPP=298;TMPB=26;TMPC=29;RHUA=47;DWPA=17;PTYP=1;PNAM=MS-80SH;PIRA=784;PIRP=782;PIRM=781;PIRL=225;PIRH=1074;
SQNR=51735;DATE=24-08-14;TIME=14:22:15;STAT=201212;TMPA=29;TMPP=299;TMPB=26;TMPC=29;RHUA=47;DWPA=17;PTYP=1;PNAM=MS-80SH;PIRA=785;PIRP=783;PIRM=782;PIRL=225;PIRH=1074;
SQNR=51750;DATE=24-08-14;TIME=14:22:30;STAT=201212;TMPA=29;TMPP=299;TMPB=26;TMPC=29;RHUA=46;DWPA=17;PTYP=1;PNAM=MS-80SH;PIRA=784;PIRP=784;PIRM=783;PIRL=225;PIRH=1074;
SQNR=51765;DATE=24-08-14;TIME=14:22:45;STAT=201212;TMPA=29;TMPP=299;TMPB=26;TMPC=29;RHUA=45;DWPA=16;PTYP=1;PNAM=MS-80SH;PIRA=782;PIRP=783;PIRM=783;PIRL=225;PIRH=1074;
SQNR=51780;DATE=24-08-14;TIME=14:23:00;STAT=201212;TMPA=29;TMPP=299;TMPB=26;TMPC=29;RHUA=47;DWPA=17;PTYP=1;PNAM=MS-80SH;PIRA=780;PIRP=782;PIRM=782;PIRL=225;PIRH=1074;
SQNR=51795;DATE=24-08-14;TIME=14:23:15;STAT=201212;TMPA=29;TMPP=299;TMPB=26;TMPC=29;RHUA=47;DWPA=17;PTYP=1;PNAM=MS-80SH;PIRA=780;PIRP=780;PIRM=781;PIRL=225;PIRH=1074;
SQNR=51810;DATE=24-08-14;TIME=14:23:30;STAT=201212;TMPA=29;TMPP=299;TMPB=26;TMPC=29;RHUA=47;DWPA=17;PTYP=1;PNAM=MS-80SH;PIRA=781;PIRP=780;PIRM=781;PIRL=225;PIRH=1074;
SQNR=51825;DATE=24-08-14;TIME=14:23:45;STAT=201212;TMPA=30;TMPP=300;TMPB=26;TMPC=29;RHUA=46;DWPA=17;PTYP=1;PNAM=MS-80SH;PIRA=776;PIRP=779;PIRM=780;PIRL=225;PIRH=1074;
SQNR=51840;DATE=24-08-14;TIME=14:24:00;STAT=201212;TMPA=29;TMPP=299;TMPB=26;TMPC=29;RHUA=46;DWPA=17;PTYP=1;PNAM=MS-80SH;PIRA=774;PIRP=777;PIRM=778;PIRL=225;PIRH=1074;
SQNR=51855;DATE=24-08-14;TIME=14:24:15;STAT=201212;TMPA=29;TMPP=299;TMPB=26;TMPC=29;RHUA=46;DWPA=17;PTYP=1;PNAM=MS-80SH;PIRA=773;PIRP=774;PIRM=776;PIRL=225;PIRH=1074;
SQNR=51870;DATE=24-08-14;TIME=14:24:30;STAT=201212;TMPA=29;TMPP=298;TMPB=26;TMPC=29;RHUA=47;DWPA=17;PTYP=1;PNAM=MS-80SH;PIRA=775;PIRP=774;PIRM=776;PIRL=225;PIRH=1074;
SQNR=51885;DATE=24-08-14;TIME=14:24:45;STAT=201212;TMPA=29;TMPP=298;TMPB=26;TMPC=29;RHUA=46;DWPA=16;PTYP=1;PNAM=MS-80SH;PIRA=777;PIRP=775;PIRM=776;PIRL=225;PIRH=1074;
SQNR=51900;DATE=24-08-14;TIME=14:25:00;STAT=201212;TMPA=29;TMPP=297;TMPB=26;TMPC=29;RHUA=49;DWPA=17;PTYP=1;PNAM=MS-80SH;PIRA=778;PIRP=777;PIRM=776;PIRL=225;PIRH=1074;
C-----;?
V-----;SWVNR=2102190;SQNDL=51901;DATE=24-08-14;TIME=14:25:06;THTYP=85;TTEMP=15;TDEWP=5;IUFAN=800;ILFAN=5;IUHEA=3000;PYDEF=21;PYAVT=30;PYAVW=1;PYOST=0;MSDLY=15;FNDLY=30;OSTRG=3;DBGFL=0;ASIRE=0;DBGRE=0;MPPFL=-1;
SQNR=51915;DATE=24-08-14;TIME=14:25:15;STAT=201212;TMPA=29;TMPP=297;TMPB=26;TMPC=29;RHUA=47;DWPA=17;PTYP=1;PNAM=MS-80SH;PIRA=777;PIRP=777;PIRM=777;PIRL=225;PIRH=1074;
SQNR=51930;DATE=24-08-14;TIME=14:25:30;STAT=201212;TMPA=29;TMPP=296;TMPB=26;TMPC=29;RHUA=46;DWPA=16;PTYP=1;PNAM=MS-80SH;PIRA=777;PIRP=777;PIRM=777;PIRL=225;PIRH=1074;
SQNR=51945;DATE=24-08-14;TIME=14:25:45;STAT=201212;TMPA=29;TMPP=296;TMPB=26;TMPC=29;RHUA=45;DWPA=16;PTYP=1;PNAM=MS-80SH;PIRA=777;PIRP=777;PIRM=777;PIRL=225;PIRH=1074;
SQNR=51960;DATE=24-08-14;TIME=14:26:00;STAT=201212;TMPA=29;TMPP=296;TMPB=26;TMPC=29;RHUA=46;DWPA=16;PTYP=1;PNAM=MS-80SH;PIRA=776;PIRP=776;PIRM=777;PIRL=225;PIRH=1074;
SQNR=51975;DATE=24-08-14;TIME=14:26:15;STAT=201212;TMPA=29;TMPP=295;TMPB=26;TMPC=29;RHUA=47;DWPA=17;PTYP=1;PNAM=MS-80SH;PIRA=774;PIRP=776;PIRM=776;PIRL=225;PIRH=1074;
SQNR=51990;DATE=24-08-14;TIME=14:26:30;STAT=201212;TMPA=29;TMPP=295;TMPB=26;TMPC=29;RHUA=46;DWPA=16;PTYP=1;PNAM=MS-80SH;PIRA=773;PIRP=774;PIRM=775;PIRL=225;PIRH=1074;
SQNR=52005;DATE=24-08-14;TIME=14:26:45;STAT=201212;TMPA=29;TMPP=295;TMPB=26;TMPC=29;RHUA=46;DWPA=16;PTYP=1;PNAM=MS-80SH;PIRA=774;PIRP=774;PIRM=774;PIRL=225;PIRH=1074;
SQNR=52020;DATE=24-08-14;TIME=14:27:00;STAT=201212;TMPA=29;TMPP=295;TMPB=26;TMPC=29;RHUA=48;DWPA=17;PTYP=1;PNAM=MS-80SH;PIRA=772;PIRP=773;PIRM=774;PIRL=225;PIRH=1074;
SQNR=52035;DATE=24-08-14;TIME=14:27:15;STAT=201212;TMPA=29;TMPP=295;TMPB=26;TMPC=29;RHUA=50;DWPA=17;PTYP=1;PNAM=MS-80SH;PIRA=771;PIRP=772;PIRM=773;PIRL=225;PIRH=1074;
SQNR=52050;DATE=24-08-14;TIME=14:27:30;STAT=201212;TMPA=29;TMPP=295;TMPB=26;TMPC=29;RHUA=49;DWPA=17;PTYP=1;PNAM=MS-80SH;PIRA=773;PIRP=771;PIRM=772;PIRL=225;PIRH=1074;
SQNR=52065;DATE=24-08-14;TIME=14:27:45;STAT=201212;TMPA=29;TMPP=296;TMPB=26;TMPC=29;RHUA=46;DWPA=16;PTYP=1;PNAM=MS-80SH;PIRA=773;PIRP=772;PIRM=773;PIRL=225;PIRH=1074;
SQNR=52080;DATE=24-08-14;TIME=14:28:00;STAT=201212;TMPA=29;TMPP=296;TMPB=26;TMPC=29;RHUA=46;DWPA=16;PTYP=1;PNAM=MS-80SH;PIRA=772;PIRP=773;PIRM=773;PIRL=225;PIRH=1074;
SQNR=52095;DATE=24-08-14;TIME=14:28:15;STAT=201212;TMPA=29;TMPP=296;TMPB=26;TMPC=29;RHUA=45;DWPA=16;PTYP=1;PNAM=MS-80SH;PIRA=771;PIRP=772;PIRM=772;PIRL=225;PIRH=1074;
SQNR=52110;DATE=24-08-14;TIME=14:28:30;STAT=201212;TMPA=29;TMPP=296;TMPB=26;TMPC=29;RHUA=46;DWPA=16;PTYP=1;PNAM=MS-80SH;PIRA=768;PIRP=771;PIRM=771;PIRL=225;PIRH=1074;
SQNR=52125;DATE=24-08-14;TIME=14:28:45;STAT=201212;TMPA=29;TMPP=296;TMPB=26;TMPC=29;RHUA=51;DWPA=18;PTYP=1;PNAM=MS-80SH;PIRA=767;PIRP=769;PIRM=770;PIRL=225;PIRH=1074;
SQNR=52140;DATE=24-08-14;TIME=14:29:00;STAT=201212;TMPA=29;TMPP=295;TMPB=26;TMPC=29;RHUA=48;DWPA=17;PTYP=1;PNAM=MS-80SH;PIRA=761;PIRP=766;PIRM=768;PIRL=225;PIRH=1074;
SQNR=52155;DATE=24-08-14;TIME=14:29:15;STAT=201212;TMPA=29;TMPP=296;TMPB=26;TMPC=29;RHUA=52;DWPA=18;PTYP=1;PNAM=MS-80SH;PIRA=759;PIRP=762;PIRM=765;PIRL=225;PIRH=1074;
SQNR=52170;DATE=24-08-14;TIME=14:29:30;STAT=201212;TMPA=29;TMPP=296;TMPB=26;TMPC=29;RHUA=46;DWPA=17;PTYP=1;PNAM=MS-80SH;PIRA=757;PIRP=759;PIRM=762;PIRL=225;PIRH=1074;
SQNR=52185;DATE=24-08-14;TIME=14:29:45;STAT=201212;TMPA=29;TMPP=296;TMPB=26;TMPC=29;RHUA=46;DWPA=16;PTYP=1;PNAM=MS-80SH;PIRA=758;PIRP=758;PIRM=760;PIRL=225;PIRH=1074;
SQNR=52200;DATE=24-08-14;TIME=14:30:00;STAT=201212;TMPA=29;TMPP=296;TMPB=26;TMPC=29;RHUA=46;DWPA=16;PTYP=1;PNAM=MS-80SH;PIRA=760;PIRP=759;PIRM=760;PIRL=225;PIRH=1074;
C-----;?
V-----;SWVNR=2102190;SQNDL=52202;DATE=24-08-14;TIME=14:30:07;THTYP=85;TTEMP=15;TDEWP=5;IUFAN=800;ILFAN=5;IUHEA=3000;PYDEF=21;PYAVT=30;PYAVW=1;PYOST=0;MSDLY=15;FNDLY=30;OSTRG=3;DBGFL=0;ASIRE=0;DBGRE=0;MPPFL=-1;
SQNR=52215;DATE=24-08-14;TIME=14:30:15;STAT=201212;TMPA=29;TMPP=296;TMPB=26;TMPC=29;RHUA=46;DWPA=16;PTYP=1;PNAM=MS-80SH;PIRA=758;PIRP=759;PIRM=759;PIRL=225;PIRH=1074;
SQNR=52230;DATE=24-08-14;TIME=14:30:30;STAT=201212;TMPA=29;TMPP=296;TMPB=26;TMPC=29;RHUA=46;DWPA=16;PTYP=1;PNAM=MS-80SH;PIRA=756;PIRP=758;PIRM=758;PIRL=225;PIRH=1074;
SQNR=52245;DATE=24-08-14;TIME=14:30:45;STAT=201212;TMPA=29;TMPP=296;TMPB=26;TMPC=29;RHUA=46;DWPA=17;PTYP=1;PNAM=MS-80SH;PIRA=756;PIRP=747;PIRM=751;PIRL=225;PIRH=1074;
SQNR=52260;DATE=24-08-14;TIME=14:31:00;STAT=201212;TMPA=29;TMPP=297;TMPB=26;TMPC=29;RHUA=48;DWPA=17;PTYP=1;PNAM=MS-80SH;PIRA=756;PIRP=746;PIRM=753;PIRL=225;PIRH=1074;
SQNR=52275;DATE=24-08-14;TIME=14:31:15;STAT=201212;TMPA=29;TMPP=297;TMPB=26;TMPC=29;RHUA=47;DWPA=17;PTYP=1;PNAM=MS-80SH;PIRA=756;PIRP=756;PIRM=754;PIRL=225;PIRH=1074;
SQNR=52290;DATE=24-08-14;TIME=14:31:30;STAT=201212;TMPA=29;TMPP=297;TMPB=26;TMPC=29;RHUA=46;DWPA=17;PTYP=1;PNAM=MS-80SH;PIRA=754;PIRP=755;PIRM=754;PIRL=225;PIRH=1074;
SQNR=52305;DATE=24-08-14;TIME=14:31:45;STAT=201212;TMPA=29;TMPP=297;TMPB=26;TMPC=29;RHUA=47;DWPA=17;PTYP=1;PNAM=MS-80SH;PIRA=754;PIRP=754;PIRM=754;PIRL=225;PIRH=1074;
SQNR=52320;DATE=24-08-14;TIME=14:32:00;STAT=201212;TMPA=29;TMPP=297;TMPB=26;TMPC=29;RHUA=48;DWPA=17;PTYP=1;PNAM=MS-80SH;PIRA=752;PIRP=753;PIRM=753;PIRL=225;PIRH=1074;
SQNR=52335;DATE=24-08-14;TIME=14:32:15;STAT=201212;TMPA=29;TMPP=298;TMPB=26;TMPC=29;RHUA=49;DWPA=17;PTYP=1;PNAM=MS-80SH;PIRA=751;PIRP=751;PIRM=752;PIRL=225;PIRH=1074;
SQNR=52350;DATE=24-08-14;TIME=14:32:30;STAT=201212;TMPA=29;TMPP=298;TMPB=26;TMPC=29;RHUA=50;DWPA=18;PTYP=1;PNAM=MS-80SH;PIRA=751;PIRP=750;PIRM=751;PIRL=225;PIRH=1074;
SQNR=52365;DATE=24-08-14;TIME=14:32:45;STAT=201212;TMPA=29;TMPP=299;TMPB=26;TMPC=29;RHUA=48;DWPA=17;PTYP=1;PNAM=MS-80SH;PIRA=752;PIRP=751;PIRM=752;PIRL=225;PIRH=1074;
SQNR=52380;DATE=24-08-14;TIME=14:33:00;STAT=201212;TMPA=29;TMPP=299;TMPB=26;TMPC=29;RHUA=46;DWPA=17;PTYP=1;PNAM=MS-80SH;PIRA=751;PIRP=752;PIRM=752;PIRL=225;PIRH=1074;
SQNR=52395;DATE=24-08-14;TIME=14:33:15;STAT=201212;TMPA=30;TMPP=300;TMPB=26;TMPC=29;RHUA=45;DWPA=16;PTYP=1;PNAM=MS-80SH;PIRA=750;PIRP=751;PIRM=751;PIRL=225;PIRH=1074;
SQNR=52410;DATE=24-08-14;TIME=14:33:30;STAT=201212;TMPA=30;TMPP=300;TMPB=26;TMPC=29;RHUA=46;DWPA=17;PTYP=1;PNAM=MS-80SH;PIRA=748;PIRP=749;PIRM=750;PIRL=225;PIRH=1074;
SQNR=52425;DATE=24-08-14;TIME=14:33:45;STAT=201212;TMPA=30;TMPP=300;TMPB=26;TMPC=29;RHUA=46;DWPA=17;PTYP=1;PNAM=MS-80SH;PIRA=748;PIRP=748;PIRM=749;PIRL=225;PIRH=1074;
SQNR=52440;DATE=24-08-14;TIME=14:34:00;STAT=201212;TMPA=30;TMPP=301;TMPB=26;TMPC=29;RHUA=48;DWPA=17;PTYP=1;PNAM=MS-80SH;PIRA=751;PIRP=749;PIRM=750;PIRL=225;PIRH=1074;
SQNR=52455;DATE=24-08-14;TIME=14:34:15;STAT=201212;TMPA=30;TMPP=300;TMPB=26;TMPC=29;RHUA=46;DWPA=17;PTYP=1;PNAM=MS-80SH;PIRA=753;PIRP=751;PIRM=751;PIRL=225;PIRH=1074;
SQNR=52470;DATE=24-08-14;TIME=14:34:30;STAT=201212;TMPA=30;TMPP=300;TMPB=26;TMPC=29;RHUA=46;DWPA=17;PTYP=1;PNAM=MS-80SH;PIRA=754;PIRP=753;PIRM=752;PIRL=225;PIRH=1074;
SQNR=52485;DATE=24-08-14;TIME=14:34:45;STAT=201212;TMPA=29;TMPP=299;TMPB=26;TMPC=29;RHUA=47;DWPA=17;PTYP=1;PNAM=MS-80SH;PIRA=756;PIRP=754;PIRM=753;PIRL=225;PIRH=1074;
SQNR=52500;DATE=24-08-14;TIME=14:35:00;STAT=201212;TMPA=29;TMPP=298;TMPB=26;TMPC=29;RHUA=46;DWPA=16;PTYP=1;PNAM=MS-80SH;PIRA=757;PIRP=756;PIRM=754;PIRL=225;PIRH=1074;
C-----;?
V-----;SWVNR=2102190;SQNDL=52502;DATE=24-08-14;TIME=14:35:07;THTYP=85;TTEMP=15;TDEWP=5;IUFAN=800;ILFAN=5;IUHEA=3000;PYDEF=21;PYAVT=30;PYAVW=1;PYOST=0;MSDLY=15;FNDLY=30;OSTRG=3;DBGFL=0;ASIRE=0;DBGRE=0;MPPFL=-1;
SQNR=52515;DATE=24-08-14;TIME=14:35:15;STAT=201212;TMPA=29;TMPP=297;TMPB=26;TMPC=29;RHUA=46;DWPA=16;PTYP=1;PNAM=MS-80SH;PIRA=761;PIRP=758;PIRM=757;PIRL=225;PIRH=1074;
SQNR=52530;DATE=24-08-14;TIME=14:35:30;STAT=201212;TMPA=29;TMPP=297;TMPB=26;TMPC=29;RHUA=46;DWPA=16;PTYP=1;PNAM=MS-80SH;PIRA=761;PIRP=760;PIRM=758;PIRL=225;PIRH=1074;
SQNR=52545;DATE=24-08-14;TIME=14:35:45;STAT=201212;TMPA=29;TMPP=296;TMPB=26;TMPC=29;RHUA=46;DWPA=16;PTYP=1;PNAM=MS-80SH;PIRA=760;PIRP=761;PIRM=759;PIRL=225;PIRH=1074;
SQNR=52560;DATE=24-08-14;TIME=14:36:00;STAT=201212;TMPA=29;TMPP=296;TMPB=26;TMPC=29;RHUA=46;DWPA=16;PTYP=1;PNAM=MS-80SH;PIRA=760;PIRP=760;PIRM=760;PIRL=225;PIRH=1074;
SQNR=52575;DATE=24-08-14;TIME=14:36:15;STAT=201212;TMPA=29;TMPP=296;TMPB=26;TMPC=29;RHUA=46;DWPA=16;PTYP=1;PNAM=MS-80SH;PIRA=758;PIRP=760;PIRM=759;PIRL=225;PIRH=1074;
SQNR=52590;DATE=24-08-14;TIME=14:36:30;STAT=201212;TMPA=29;TMPP=296;TMPB=26;TMPC=29;RHUA=49;DWPA=18;PTYP=1;PNAM=MS-80SH;PIRA=758;PIRP=754;PIRM=755;PIRL=225;PIRH=1074;
SQNR=52605;DATE=24-08-14;TIME=14:36:45;STAT=201212;TMPA=29;TMPP=296;TMPB=26;TMPC=29;RHUA=52;DWPA=18;PTYP=1;PNAM=MS-80SH;PIRA=757;PIRP=753;PIRM=756;PIRL=225;PIRH=1074;
SQNR=52620;DATE=24-08-14;TIME=14:37:00;STAT=201212;TMPA=29;TMPP=297;TMPB=26;TMPC=29;RHUA=53;DWPA=19;PTYP=1;PNAM=MS-80SH;PIRA=758;PIRP=758;PIRM=757;PIRL=225;PIRH=1074;
SQNR=52635;DATE=24-08-14;TIME=14:37:15;STAT=201212;TMPA=29;TMPP=297;TMPB=26;TMPC=29;RHUA=48;DWPA=17;PTYP=1;PNAM=MS-80SH;PIRA=759;PIRP=758;PIRM=757;PIRL=225;PIRH=1074;
SQNR=52650;DATE=24-08-14;TIME=14:37:30;STAT=201212;TMPA=29;TMPP=297;TMPB=26;TMPC=29;RHUA=49;DWPA=18;PTYP=1;PNAM=MS-80SH;PIRA=760;PIRP=759;PIRM=758;PIRL=225;PIRH=1074;
SQNR=52665;DATE=24-08-14;TIME=14:37:45;STAT=201212;TMPA=29;TMPP=297;TMPB=26;TMPC=29;RHUA=46;DWPA=17;PTYP=1;PNAM=MS-80SH;PIRA=760;PIRP=760;PIRM=759;PIRL=225;PIRH=1074;
SQNR=52680;DATE=24-08-14;TIME=14:38:00;STAT=201212;TMPA=29;TMPP=297;TMPB=26;TMPC=29;RHUA=46;DWPA=17;PTYP=1;PNAM=MS-80SH;PIRA=758;PIRP=760;PIRM=759;PIRL=225;PIRH=1074;
SQNR=52695;DATE=24-08-14;TIME=14:38:15;STAT=201212;TMPA=29;TMPP=297;TMPB=26;TMPC=29;RHUA=48;DWPA=17;PTYP=1;PNAM=MS-80SH;PIRA=759;PIRP=758;PIRM=758;PIRL=225;PIRH=1074;
SQNR=52710;DATE=24-08-14;TIME=14:38:30;STAT=201212;TMPA=29;TMPP=298;TMPB=26;TMPC=29;RHUA=47;DWPA=17;PTYP=1;PNAM=MS-80SH;PIRA=758;PIRP=758;PIRM=758;PIRL=225;PIRH=1074;
SQNR=52725;DATE=24-08-14;TIME=14:38:45;STAT=201212;TMPA=29;TMPP=298;TMPB=26;TMPC=29;RHUA=50;DWPA=18;PTYP=1;PNAM=MS-80SH;PIRA=757;PIRP=758;PIRM=758;PIRL=225;PIRH=1074;
SQNR=52740;DATE=24-08-14;TIME=14:39:00;STAT=201212;TMPA=29;TMPP=298;TMPB=26;TMPC=29;RHUA=48;DWPA=17;PTYP=1;PNAM=MS-80SH;PIRA=755;PIRP=757;PIRM=757;PIRL=225;PIRH=1074;
SQNR=52755;DATE=24-08-14;TIME=14:39:15;STAT=201212;TMPA=29;TMPP=298;TMPB=26;TMPC=29;RHUA=47;DWPA=17;PTYP=1;PNAM=MS-80SH;PIRA=753;PIRP=756;PIRM=756;PIRL=225;PIRH=1074;
SQNR=52770;DATE=24-08-14;TIME=14:39:30;STAT=201212;TMPA=29;TMPP=298;TMPB=26;TMPC=29;RHUA=51;DWPA=18;PTYP=1;PNAM=MS-80SH;PIRA=751;PIRP=753;PIRM=755;PIRL=225;PIRH=1074;
SQNR=52785;DATE=24-08-14;TIME=14:39:45;STAT=201212;TMPA=29;TMPP=298;TMPB=26;TMPC=29;RHUA=52;DWPA=19;PTYP=1;PNAM=MS-80SH;PIRA=750;PIRP=752;PIRM=753;PIRL=225;PIRH=1074;
C-----;?
SQNR=52800;DATE=24-08-14;TIME=14:40:00;STAT=201212;TMPA=29;TMPP=299;TMPB=26;TMPC=29;RHUA=50;DWPA=18;PTYP=1;PNAM=MS-80SH;PIRA=752;PIRP=751;PIRM=752;PIRL=225;PIRH=1074;
V-----;SWVNR=2102190;SQNDL=52801;DATE=24-08-14;TIME=14:40:06;THTYP=85;TTEMP=15;TDEWP=5;IUFAN=800;ILFAN=5;IUHEA=3000;PYDEF=21;PYAVT=30;PYAVW=1;PYOST=0;MSDLY=15;FNDLY=30;OSTRG=3;DBGFL=0;ASIRE=0;DBGRE=0;MPPFL=-1;
SQNR=52815;DATE=24-08-14;TIME=14:40:15;STAT=201212;TMPA=30;TMPP=301;TMPB=26;TMPC=29;RHUA=48;DWPA=17;PTYP=1;PNAM=MS-80SH;PIRA=751;PIRP=751;PIRM=752;PIRL=225;PIRH=1074;
SQNR=52830;DATE=24-08-14;TIME=14:40:30;STAT=201212;TMPA=30;TMPP=303;TMPB=26;TMPC=29;RHUA=46;DWPA=17;PTYP=1;PNAM=MS-80SH;PIRA=748;PIRP=750;PIRM=751;PIRL=225;PIRH=1074;
SQNR=52845;DATE=24-08-14;TIME=14:40:45;STAT=201212;TMPA=30;TMPP=304;TMPB=26;TMPC=29;RHUA=46;DWPA=17;PTYP=1;PNAM=MS-80SH;PIRA=747;PIRP=749;PIRM=750;PIRL=225;PIRH=1074;
SQNR=52860;DATE=24-08-14;TIME=14:41:00;STAT=201212;TMPA=30;TMPP=305;TMPB=26;TMPC=29;RHUA=46;DWPA=17;PTYP=1;PNAM=MS-80SH;PIRA=747;PIRP=748;PIRM=749;PIRL=225;PIRH=1074;
SQNR=52875;DATE=24-08-14;TIME=14:41:15;STAT=201212;TMPA=30;TMPP=306;TMPB=26;TMPC=29;RHUA=49;DWPA=18;PTYP=1;PNAM=MS-80SH;PIRA=748;PIRP=748;PIRM=748;PIRL=225;PIRH=1074;
SQNR=52890;DATE=24-08-14;TIME=14:41:30;STAT=201212;TMPA=30;TMPP=307;TMPB=26;TMPC=29;RHUA=49;DWPA=19;PTYP=1;PNAM=MS-80SH;PIRA=749;PIRP=748;PIRM=749;PIRL=225;PIRH=1074;
SQNR=52905;DATE=24-08-14;TIME=14:41:45;STAT=201212;TMPA=30;TMPP=307;TMPB=26;TMPC=29;RHUA=50;DWPA=19;PTYP=1;PNAM=MS-80SH;PIRA=750;PIRP=749;PIRM=749;PIRL=225;PIRH=1074;
SQNR=52920;DATE=24-08-14;TIME=14:42:00;STAT=201212;TMPA=30;TMPP=307;TMPB=26;TMPC=29;RHUA=48;DWPA=18;PTYP=1;PNAM=MS-80SH;PIRA=751;PIRP=750;PIRM=749;PIRL=225;PIRH=1074;
SQNR=52935;DATE=24-08-14;TIME=14:42:15;STAT=201212;TMPA=30;TMPP=306;TMPB=26;TMPC=29;RHUA=48;DWPA=18;PTYP=1;PNAM=MS-80SH;PIRA=752;PIRP=751;PIRM=750;PIRL=225;PIRH=1074;
SQNR=52950;DATE=24-08-14;TIME=14:42:30;STAT=201212;TMPA=30;TMPP=306;TMPB=27;TMPC=29;RHUA=49;DWPA=18;PTYP=1;PNAM=MS-80SH;PIRA=751;PIRP=751;PIRM=751;PIRL=225;PIRH=1074;
SQNR=52965;DATE=24-08-14;TIME=14:42:45;STAT=201212;TMPA=30;TMPP=307;TMPB=27;TMPC=29;RHUA=52;DWPA=19;PTYP=1;PNAM=MS-80SH;PIRA=751;PIRP=751;PIRM=750;PIRL=225;PIRH=1074;
SQNR=52980;DATE=24-08-14;TIME=14:43:00;STAT=201212;TMPA=30;TMPP=307;TMPB=27;TMPC=29;RHUA=48;DWPA=18;PTYP=1;PNAM=MS-80SH;PIRA=750;PIRP=750;PIRM=750;PIRL=225;PIRH=1074;
SQNR=52995;DATE=24-08-14;TIME=14:43:15;STAT=201212;TMPA=30;TMPP=308;TMPB=27;TMPC=29;RHUA=50;DWPA=19;PTYP=1;PNAM=MS-80SH;PIRA=748;PIRP=750;PIRM=750;PIRL=225;PIRH=1074;
SQNR=53010;DATE=24-08-14;TIME=14:43:30;STAT=201212;TMPA=30;TMPP=308;TMPB=27;TMPC=29;RHUA=51;DWPA=19;PTYP=1;PNAM=MS-80SH;PIRA=748;PIRP=749;PIRM=749;PIRL=225;PIRH=1074;
SQNR=53025;DATE=24-08-14;TIME=14:43:45;STAT=201212;TMPA=30;TMPP=308;TMPB=27;TMPC=29;RHUA=50;DWPA=19;PTYP=1;PNAM=MS-80SH;PIRA=750;PIRP=749;PIRM=749;PIRL=225;PIRH=1074;
SQNR=53040;DATE=24-08-14;TIME=14:44:00;STAT=201212;TMPA=30;TMPP=308;TMPB=27;TMPC=29;RHUA=47;DWPA=18;PTYP=1;PNAM=MS-80SH;PIRA=751;PIRP=749;PIRM=750;PIRL=225;PIRH=1074;
SQNR=53055;DATE=24-08-14;TIME=14:44:15;STAT=201212;TMPA=30;TMPP=307;TMPB=26;TMPC=29;RHUA=43;DWPA=17;PTYP=1;PNAM=MS-80SH;PIRA=750;PIRP=750;PIRM=750;PIRL=225;PIRH=1074;
SQNR=53070;DATE=24-08-14;TIME=14:44:30;STAT=201212;TMPA=30;TMPP=306;TMPB=26;TMPC=29;RHUA=43;DWPA=16;PTYP=1;PNAM=MS-80SH;PIRA=749;PIRP=750;PIRM=750;PIRL=225;PIRH=1074;
SQNR=53085;DATE=24-08-14;TIME=14:44:45;STAT=201212;TMPA=30;TMPP=305;TMPB=26;TMPC=29;RHUA=43;DWPA=16;PTYP=1;PNAM=MS-80SH;PIRA=748;PIRP=749;PIRM=749;PIRL=225;PIRH=1074;
SQNR=53100;DATE=24-08-14;TIME=14:45:00;STAT=201212;TMPA=30;TMPP=304;TMPB=26;TMPC=29;RHUA=45;DWPA=17;PTYP=1;PNAM=MS-80SH;PIRA=746;PIRP=748;PIRM=748;PIRL=225;PIRH=1074;
C-----;?
V-----;SWVNR=2102190;SQNDL=53101;DATE=24-08-14;TIME=14:45:06;THTYP=85;TTEMP=15;TDEWP=5;IUFAN=800;ILFAN=5;IUHEA=3000;PYDEF=21;PYAVT=30;PYAVW=1;PYOST=0;MSDLY=15;FNDLY=30;OSTRG=3;DBGFL=0;ASIRE=0;DBGRE=0;MPPFL=-1;
SQNR=53115;DATE=24-08-14;TIME=14:45:15;STAT=201212;TMPA=30;TMPP=303;TMPB=26;TMPC=29;RHUA=44;DWPA=16;PTYP=1;PNAM=MS-80SH;PIRA=746;PIRP=746;PIRM=747;PIRL=225;PIRH=1074;
SQNR=53130;DATE=24-08-14;TIME=14:45:30;STAT=201212;TMPA=30;TMPP=303;TMPB=26;TMPC=29;RHUA=45;DWPA=17;PTYP=1;PNAM=MS-80SH;PIRA=746;PIRP=746;PIRM=747;PIRL=225;PIRH=1074;
SQNR=53145;DATE=24-08-14;TIME=14:45:45;STAT=201212;TMPA=30;TMPP=302;TMPB=26;TMPC=29;RHUA=44;DWPA=16;PTYP=1;PNAM=MS-80SH;PIRA=746;PIRP=746;PIRM=746;PIRL=225;PIRH=1074;
SQNR=53160;DATE=24-08-14;TIME=14:46:00;STAT=201212;TMPA=30;TMPP=302;TMPB=26;TMPC=29;RHUA=44;DWPA=16;PTYP=1;PNAM=MS-80SH;PIRA=746;PIRP=746;PIRM=746;PIRL=225;PIRH=1074;
SQNR=53175;DATE=24-08-14;TIME=14:46:15;STAT=201212;TMPA=30;TMPP=302;TMPB=26;TMPC=29;RHUA=45;DWPA=17;PTYP=1;PNAM=MS-80SH;PIRA=745;PIRP=745;PIRM=746;PIRL=225;PIRH=1074;
SQNR=53190;DATE=24-08-14;TIME=14:46:30;STAT=201212;TMPA=30;TMPP=302;TMPB=26;TMPC=29;RHUA=45;DWPA=16;PTYP=1;PNAM=MS-80SH;PIRA=744;PIRP=745;PIRM=745;PIRL=225;PIRH=1074;
SQNR=53205;DATE=24-08-14;TIME=14:46:45;STAT=201212;TMPA=30;TMPP=301;TMPB=26;TMPC=29;RHUA=45;DWPA=17;PTYP=1;PNAM=MS-80SH;PIRA=742;PIRP=744;PIRM=745;PIRL=225;PIRH=1074;
SQNR=53220;DATE=24-08-14;TIME=14:47:00;STAT=201212;TMPA=30;TMPP=301;TMPB=26;TMPC=29;RHUA=44;DWPA=16;PTYP=1;PNAM=MS-80SH;PIRA=742;PIRP=743;PIRM=744;PIRL=225;PIRH=1074;
SQNR=53235;DATE=24-08-14;TIME=14:47:15;STAT=201212;TMPA=30;TMPP=301;TMPB=26;TMPC=29;RHUA=45;DWPA=17;PTYP=1;PNAM=MS-80SH;PIRA=742;PIRP=742;PIRM=743;PIRL=225;PIRH=1074;
SQNR=53250;DATE=24-08-14;TIME=14:47:30;STAT=201212;TMPA=30;TMPP=301;TMPB=26;TMPC=29;RHUA=45;DWPA=16;PTYP=1;PNAM=MS-80SH;PIRA=742;PIRP=742;PIRM=743;PIRL=225;PIRH=1074;
SQNR=53265;DATE=24-08-14;TIME=14:47:45;STAT=201212;TMPA=30;TMPP=300;TMPB=26;TMPC=29;RHUA=45;DWPA=17;PTYP=1;PNAM=MS-80SH;PIRA=741;PIRP=742;PIRM=742;PIRL=225;PIRH=1074;
SQNR=53280;DATE=24-08-14;TIME=14:48:00;STAT=201212;TMPA=30;TMPP=300;TMPB=26;TMPC=29;RHUA=44;DWPA=16;PTYP=1;PNAM=MS-80SH;PIRA=741;PIRP=741;PIRM=742;PIRL=225;PIRH=1074;
SQNR=53295;DATE=24-08-14;TIME=14:48:15;STAT=201212;TMPA=30;TMPP=300;TMPB=26;TMPC=29;RHUA=45;DWPA=16;PTYP=1;PNAM=MS-80SH;PIRA=740;PIRP=741;PIRM=741;PIRL=225;PIRH=1074;
SQNR=53310;DATE=24-08-14;TIME=14:48:30;STAT=201212;TMPA=29;TMPP=299;TMPB=26;TMPC=29;RHUA=44;DWPA=16;PTYP=1;PNAM=MS-80SH;PIRA=738;PIRP=740;PIRM=740;PIRL=225;PIRH=1074;
SQNR=53325;DATE=24-08-14;TIME=14:48:45;STAT=201212;TMPA=30;TMPP=300;TMPB=26;TMPC=29;RHUA=44;DWPA=16;PTYP=1;PNAM=MS-80SH;PIRA=737;PIRP=738;PIRM=739;PIRL=225;PIRH=1074;
SQNR=53340;DATE=24-08-14;TIME=14:49:00;STAT=201212;TMPA=29;TMPP=299;TMPB=26;TMPC=29;RHUA=45;DWPA=16;PTYP=1;PNAM=MS-80SH;PIRA=735;PIRP=736;PIRM=737;PIRL=225;PIRH=1074;
SQNR=53355;DATE=24-08-14;TIME=14:49:15;STAT=201212;TMPA=29;TMPP=299;TMPB=26;TMPC=29;RHUA=45;DWPA=16;PTYP=1;PNAM=MS-80SH;PIRA=733;PIRP=734;PIRM=736;PIRL=225;PIRH=1074;
SQNR=53370;DATE=24-08-14;TIME=14:49:30;STAT=201212;TMPA=29;TMPP=299;TMPB=26;TMPC=29;RHUA=45;DWPA=16;PTYP=1;PNAM=MS-80SH;PIRA=730;PIRP=733;PIRM=734;PIRL=225;PIRH=1074;
SQNR=53385;DATE=24-08-14;TIME=14:49:45;STAT=201212;TMPA=30;TMPP=300;TMPB=27;TMPC=29;RHUA=46;DWPA=17;PTYP=1;PNAM=MS-80SH;PIRA=729;PIRP=730;PIRM=732;PIRL=225;PIRH=1074;
SQNR=53400;DATE=24-08-14;TIME=14:50:00;STAT=201212;TMPA=30;TMPP=300;TMPB=27;TMPC=29;RHUA=46;DWPA=17;PTYP=1;PNAM=MS-80SH;PIRA=729;PIRP=729;PIRM=731;PIRL=225;PIRH=1074;
C-----;?
V-----;SWVNR=2102190;SQNDL=53402;DATE=24-08-14;TIME=14:50:07;THTYP=85;TTEMP=15;TDEWP=5;IUFAN=800;ILFAN=5;IUHEA=3000;PYDEF=21;PYAVT=30;PYAVW=1;PYOST=0;MSDLY=15;FNDLY=30;OSTRG=3;DBGFL=0;ASIRE=0;DBGRE=0;MPPFL=-1;
SQNR=53415;DATE=24-08-14;TIME=14:50:15;STAT=201212;TMPA=30;TMPP=302;TMPB=27;TMPC=29;RHUA=45;DWPA=17;PTYP=1;PNAM=MS-80SH;PIRA=726;PIRP=728;PIRM=729;PIRL=225;PIRH=1074;
SQNR=53430;DATE=24-08-14;TIME=14:50:30;STAT=201212;TMPA=30;TMPP=303;TMPB=27;TMPC=29;RHUA=45;DWPA=17;PTYP=1;PNAM=MS-80SH;PIRA=726;PIRP=726;PIRM=728;PIRL=225;PIRH=1074;
SQNR=53445;DATE=24-08-14;TIME=14:50:45;STAT=201212;TMPA=30;TMPP=304;TMPB=27;TMPC=29;RHUA=45;DWPA=17;PTYP=1;PNAM=MS-80SH;PIRA=727;PIRP=726;PIRM=728;PIRL=225;PIRH=1074;
SQNR=53460;DATE=24-08-14;TIME=14:51:00;STAT=201212;TMPA=30;TMPP=306;TMPB=28;TMPC=29;RHUA=45;DWPA=17;PTYP=1;PNAM=MS-80SH;PIRA=724;PIRP=726;PIRM=727;PIRL=225;PIRH=1074;
SQNR=53475;DATE=24-08-14;TIME=14:51:15;STAT=201212;TMPA=30;TMPP=308;TMPB=27;TMPC=29;RHUA=44;DWPA=17;PTYP=1;PNAM=MS-80SH;PIRA=726;PIRP=726;PIRM=727;PIRL=225;PIRH=1074;
SQNR=53490;DATE=24-08-14;TIME=14:51:30;STAT=201212;TMPA=31;TMPP=310;TMPB=27;TMPC=29;RHUA=43;DWPA=17;PTYP=1;PNAM=MS-80SH;PIRA=725;PIRP=726;PIRM=726;PIRL=225;PIRH=1074;
SQNR=53505;DATE=24-08-14;TIME=14:51:45;STAT=201212;TMPA=31;TMPP=310;TMPB=27;TMPC=29;RHUA=43;DWPA=17;PTYP=1;PNAM=MS-80SH;PIRA=726;PIRP=726;PIRM=726;PIRL=225;PIRH=1074;
SQNR=53520;DATE=24-08-14;TIME=14:52:00;STAT=201212;TMPA=31;TMPP=311;TMPB=27;TMPC=29;RHUA=42;DWPA=17;PTYP=1;PNAM=MS-80SH;PIRA=725;PIRP=725;PIRM=726;PIRL=225;PIRH=1074;
SQNR=53535;DATE=24-08-14;TIME=14:52:15;STAT=201212;TMPA=31;TMPP=311;TMPB=28;TMPC=30;RHUA=43;DWPA=17;PTYP=1;PNAM=MS-80SH;PIRA=724;PIRP=725;PIRM=725;PIRL=225;PIRH=1074;
SQNR=53550;DATE=24-08-14;TIME=14:52:30;STAT=201212;TMPA=31;TMPP=313;TMPB=28;TMPC=30;RHUA=42;DWPA=17;PTYP=1;PNAM=MS-80SH;PIRA=725;PIRP=724;PIRM=725;PIRL=225;PIRH=1074;
SQNR=53565;DATE=24-08-14;TIME=14:52:45;STAT=201212;TMPA=31;TMPP=314;TMPB=28;TMPC=30;RHUA=43;DWPA=17;PTYP=1;PNAM=MS-80SH;PIRA=722;PIRP=724;PIRM=724;PIRL=225;PIRH=1074;
SQNR=53580;DATE=24-08-14;TIME=14:53:00;STAT=201212;TMPA=31;TMPP=316;TMPB=29;TMPC=30;RHUA=42;DWPA=17;PTYP=1;PNAM=MS-80SH;PIRA=725;PIRP=723;PIRM=724;PIRL=225;PIRH=1074;
SQNR=53595;DATE=24-08-14;TIME=14:53:15;STAT=201212;TMPA=31;TMPP=318;TMPB=29;TMPC=30;RHUA=42;DWPA=17;PTYP=1;PNAM=MS-80SH;PIRA=726;PIRP=724;PIRM=724;PIRL=225;PIRH=1074;
SQNR=53610;DATE=24-08-14;TIME=14:53:30;STAT=201212;TMPA=31;TMPP=319;TMPB=29;TMPC=30;RHUA=41;DWPA=17;PTYP=1;PNAM=MS-80SH;PIRA=725;PIRP=725;PIRM=725;PIRL=225;PIRH=1074;
SQNR=53625;DATE=24-08-14;TIME=14:53:45;STAT=201212;TMPA=32;TMPP=320;TMPB=29;TMPC=30;RHUA=41;DWPA=17;PTYP=1;PNAM=MS-80SH;PIRA=727;PIRP=726;PIRM=725;PIRL=225;PIRH=1074;
SQNR=53640;DATE=24-08-14;TIME=14:54:00;STAT=201212;TMPA=32;TMPP=321;TMPB=29;TMPC=30;RHUA=41;DWPA=17;PTYP=1;PNAM=MS-80SH;PIRA=728;PIRP=727;PIRM=726;PIRL=225;PIRH=1074;
SQNR=53655;DATE=24-08-14;TIME=14:54:15;STAT=201212;TMPA=32;TMPP=322;TMPB=29;TMPC=30;RHUA=41;DWPA=17;PTYP=1;PNAM=MS-80SH;PIRA=727;PIRP=728;PIRM=727;PIRL=225;PIRH=1074;
SQNR=53670;DATE=24-08-14;TIME=14:54:30;STAT=201212;TMPA=32;TMPP=324;TMPB=29;TMPC=30;RHUA=41;DWPA=17;PTYP=1;PNAM=MS-80SH;PIRA=729;PIRP=729;PIRM=728;PIRL=225;PIRH=1074;
SQNR=53685;DATE=24-08-14;TIME=14:54:45;STAT=201212;TMPA=32;TMPP=324;TMPB=28;TMPC=30;RHUA=40;DWPA=17;PTYP=1;PNAM=MS-80SH;PIRA=727;PIRP=728;PIRM=728;PIRL=225;PIRH=1074;
C-----;?
SQNR=53700;DATE=24-08-14;TIME=14:55:00;STAT=201212;TMPA=32;TMPP=325;TMPB=28;TMPC=30;RHUA=42;DWPA=18;PTYP=1;PNAM=MS-80SH;PIRA=724;PIRP=727;PIRM=727;PIRL=225;PIRH=1074;
V-----;SWVNR=2102190;SQNDL=53701;DATE=24-08-14;TIME=14:55:06;THTYP=85;TTEMP=15;TDEWP=5;IUFAN=800;ILFAN=5;IUHEA=3000;PYDEF=21;PYAVT=30;PYAVW=1;PYOST=0;MSDLY=15;FNDLY=30;OSTRG=3;DBGFL=0;ASIRE=0;DBGRE=0;MPPFL=-1;
SQNR=53715;DATE=24-08-14;TIME=14:55:15;STAT=201212;TMPA=32;TMPP=325;TMPB=29;TMPC=30;RHUA=42;DWPA=17;PTYP=1;PNAM=MS-80SH;PIRA=727;PIRP=725;PIRM=726;PIRL=225;PIRH=1074;
SQNR=53730;DATE=24-08-14;TIME=14:55:30;STAT=201212;TMPA=32;TMPP=327;TMPB=29;TMPC=30;RHUA=41;DWPA=17;PTYP=1;PNAM=MS-80SH;PIRA=723;PIRP=723;PIRM=725;PIRL=225;PIRH=1074;
SQNR=53745;DATE=24-08-14;TIME=14:55:45;STAT=201212;TMPA=32;TMPP=328;TMPB=28;TMPC=30;RHUA=43;DWPA=18;PTYP=1;PNAM=MS-80SH;PIRA=723;PIRP=723;PIRM=724;PIRL=225;PIRH=1074;
SQNR=53760;DATE=24-08-14;TIME=14:56:00;STAT=201212;TMPA=32;TMPP=328;TMPB=28;TMPC=30;RHUA=44;DWPA=19;PTYP=1;PNAM=MS-80SH;PIRA=724;PIRP=723;PIRM=723;PIRL=225;PIRH=1074;
SQNR=53775;DATE=24-08-14;TIME=14:56:15;STAT=201212;TMPA=32;TMPP=329;TMPB=29;TMPC=30;RHUA=43;DWPA=18;PTYP=1;PNAM=MS-80SH;PIRA=722;PIRP=722;PIRM=723;PIRL=225;PIRH=1074;
SQNR=53790;DATE=24-08-14;TIME=14:56:30;STAT=201212;TMPA=33;TMPP=330;TMPB=29;TMPC=30;RHUA=44;DWPA=19;PTYP=1;PNAM=MS-80SH;PIRA=721;PIRP=721;PIRM=722;PIRL=225;PIRH=1074;
SQNR=53805;DATE=24-08-14;TIME=14:56:45;STAT=201212;TMPA=33;TMPP=331;TMPB=29;TMPC=30;RHUA=43;DWPA=19;PTYP=1;PNAM=MS-80SH;PIRA=720;PIRP=721;PIRM=721;PIRL=225;PIRH=1074;
SQNR=53820;DATE=24-08-14;TIME=14:57:00;STAT=201212;TMPA=33;TMPP=332;TMPB=28;TMPC=30;RHUA=44;DWPA=19;PTYP=1;PNAM=MS-80SH;PIRA=720;PIRP=720;PIRM=720;PIRL=225;PIRH=1074;
SQNR=53835;DATE=24-08-14;TIME=14:57:15;STAT=201212;TMPA=33;TMPP=332;TMPB=28;TMPC=30;RHUA=42;DWPA=18;PTYP=1;PNAM=MS-80SH;PIRA=722;PIRP=720;PIRM=720;PIRL=225;PIRH=1074;
SQNR=53850;DATE=24-08-14;TIME=14:57:30;STAT=201212;TMPA=33;TMPP=330;TMPB=28;TMPC=30;RHUA=41;DWPA=18;PTYP=1;PNAM=MS-80SH;PIRA=723;PIRP=721;PIRM=721;PIRL=225;PIRH=1074;
SQNR=53865;DATE=24-08-14;TIME=14:57:45;STAT=201212;TMPA=32;TMPP=328;TMPB=27;TMPC=30;RHUA=39;DWPA=17;PTYP=1;PNAM=MS-80SH;PIRA=723;PIRP=723;PIRM=722;PIRL=225;PIRH=1074;
SQNR=53880;DATE=24-08-14;TIME=14:58:00;STAT=201212;TMPA=32;TMPP=325;TMPB=27;TMPC=30;RHUA=41;DWPA=17;PTYP=1;PNAM=MS-80SH;PIRA=722;PIRP=723;PIRM=722;PIRL=225;PIRH=1074;
SQNR=53895;DATE=24-08-14;TIME=14:58:15;STAT=201212;TMPA=32;TMPP=322;TMPB=27;TMPC=30;RHUA=40;DWPA=17;PTYP=1;PNAM=MS-80SH;PIRA=721;PIRP=722;PIRM=722;PIRL=225;PIRH=1074;
SQNR=53910;DATE=24-08-14;TIME=14:58:30;STAT=201212;TMPA=32;TMPP=320;TMPB=27;TMPC=30;RHUA=44;DWPA=18;PTYP=1;PNAM=MS-80SH;PIRA=721;PIRP=721;PIRM=721;PIRL=225;PIRH=1074;
SQNR=53925;DATE=24-08-14;TIME=14:58:45;STAT=201212;TMPA=31;TMPP=317;TMPB=27;TMPC=30;RHUA=41;DWPA=17;PTYP=1;PNAM=MS-80SH;PIRA=720;PIRP=721;PIRM=721;PIRL=225;PIRH=1074;
SQNR=53941;DATE=24-08-14;TIME=14:59:00;STAT=201212;TMPA=31;TMPP=315;TMPB=27;TMPC=30;RHUA=43;DWPA=17;PTYP=1;PNAM=MS-80SH;PIRA=720;PIRP=720;PIRM=721;PIRL=225;PIRH=1074;
SQNR=53956;DATE=24-08-14;TIME=14:59:15;STAT=201212;TMPA=31;TMPP=313;TMPB=27;TMPC=30;RHUA=43;DWPA=17;PTYP=1;PNAM=MS-80SH;PIRA=720;PIRP=720;PIRM=721;PIRL=225;PIRH=1074;
SQNR=53971;DATE=24-08-14;TIME=14:59:30;STAT=201212;TMPA=31;TMPP=312;TMPB=27;TMPC=30;RHUA=43;DWPA=17;PTYP=1;PNAM=MS-80SH;PIRA=719;PIRP=720;PIRM=720;PIRL=225;PIRH=1074;
SQNR=53986;DATE=24-08-14;TIME=14:59:45;STAT=201212;TMPA=31;TMPP=311;TMPB=27;TMPC=30;RHUA=42;DWPA=16;PTYP=1;PNAM=MS-80SH;PIRA=719;PIRP=720;PIRM=720;PIRL=225;PIRH=1074;
SQNR=54001;DATE=24-08-14;TIME=15:00:00;STAT=201212;TMPA=31;TMPP=310;TMPB=27;TMPC=30;RHUA=42;DWPA=16;PTYP=1;PNAM=MS-80SH;PIRA=717;PIRP=718;PIRM=719;PIRL=225;PIRH=1074;
C-----;?
V-----;SWVNR=2102190;SQNDL=54003;DATE=24-08-14;TIME=15:00:07;THTYP=85;TTEMP=15;TDEWP=5;IUFAN=800;ILFAN=5;IUHEA=3000;PYDEF=21;PYAVT=30;PYAVW=1;PYOST=0;MSDLY=15;FNDLY=30;OSTRG=3;DBGFL=0;ASIRE=0;DBGRE=0;MPPFL=-1;
SQNR=54016;DATE=24-08-14;TIME=15:00:15;STAT=201212;TMPA=30;TMPP=309;TMPB=27;TMPC=30;RHUA=43;DWPA=17;PTYP=1;PNAM=MS-80SH;PIRA=719;PIRP=718;PIRM=719;PIRL=225;PIRH=1074;
SQNR=54031;DATE=24-08-14;TIME=15:00:30;STAT=201212;TMPA=30;TMPP=309;TMPB=27;TMPC=30;RHUA=44;DWPA=17;PTYP=1;PNAM=MS-80SH;PIRA=716;PIRP=718;PIRM=718;PIRL=225;PIRH=1074;
SQNR=54046;DATE=24-08-14;TIME=15:00:45;STAT=201212;TMPA=30;TMPP=308;TMPB=27;TMPC=30;RHUA=45;DWPA=17;PTYP=1;PNAM=MS-80SH;PIRA=715;PIRP=717;PIRM=717;PIRL=225;PIRH=1074;
C-----;P1001
P-----;DATE=24-08-14;TIME=15:00:46;PSNR=23059772;PTMP=370;PRHU=7;PSTX=-25;PSTY=10;
SQNR=54061;DATE=24-08-14;TIME=15:01:00;STAT=201212;TMPA=30;TMPP=307;TMPB=27;TMPC=30;RHUA=46;DWPA=17;PTYP=1;PNAM=MS-80SH;PIRA=711;PIRP=714;PIRM=715;PIRL=225;PIRH=1074;
SQNR=54076;DATE=24-08-14;TIME=15:01:15;STAT=201212;TMPA=30;TMPP=307;TMPB=27;TMPC=30;RHUA=46;DWPA=17;PTYP=1;PNAM=MS-80SH;PIRA=712;PIRP=712;PIRM=714;PIRL=225;PIRH=1074;
SQNR=54091;DATE=24-08-14;TIME=15:01:30;STAT=201212;TMPA=30;TMPP=307;TMPB=27;TMPC=30;RHUA=45;DWPA=17;PTYP=1;PNAM=MS-80SH;PIRA=711;PIRP=712;PIRM=713;PIRL=225;PIRH=1074;
SQNR=54106;DATE=24-08-14;TIME=15:01:45;STAT=201212;TMPA=30;TMPP=308;TMPB=27;TMPC=30;RHUA=44;DWPA=17;PTYP=1;PNAM=MS-80SH;PIRA=713;PIRP=712;PIRM=713;PIRL=225;PIRH=1074;
SQNR=54121;DATE=24-08-14;TIME=15:02:00;STAT=201212;TMPA=30;TMPP=309;TMPB=27;TMPC=30;RHUA=44;DWPA=17;PTYP=1;PNAM=MS-80SH;PIRA=715;PIRP=714;PIRM=714;PIRL=225;PIRH=1074;
SQNR=54136;DATE=24-08-14;TIME=15:02:15;STAT=201212;TMPA=30;TMPP=309;TMPB=27;TMPC=30;RHUA=43;DWPA=17;PTYP=1;PNAM=MS-80SH;PIRA=714;PIRP=715;PIRM=714;PIRL=225;PIRH=1074;
SQNR=54151;DATE=24-08-14;TIME=15:02:30;STAT=201212;TMPA=30;TMPP=309;TMPB=27;TMPC=30;RHUA=45;DWPA=17;PTYP=1;PNAM=MS-80SH;PIRA=716;PIRP=715;PIRM=714;PIRL=225;PIRH=1074;
SQNR=54166;DATE=24-08-14;TIME=15:02:45;STAT=201212;TMPA=30;TMPP=309;TMPB=27;TMPC=30;RHUA=46;DWPA=18;PTYP=1;PNAM=MS-80SH;PIRA=715;PIRP=715;PIRM=715;PIRL=225;PIRH=1074;
SQNR=54181;DATE=24-08-14;TIME=15:03:00;STAT=201212;TMPA=30;TMPP=308;TMPB=27;TMPC=30;RHUA=48;DWPA=18;PTYP=1;PNAM=MS-80SH;PIRA=714;PIRP=715;PIRM=715;PIRL=225;PIRH=1074;
SQNR=54196;DATE=24-08-14;TIME=15:03:15;STAT=201212;TMPA=30;TMPP=308;TMPB=27;TMPC=30;RHUA=49;DWPA=19;PTYP=1;PNAM=MS-80SH;PIRA=713;PIRP=714;PIRM=714;PIRL=225;PIRH=1074;
SQNR=54211;DATE=24-08-14;TIME=15:03:30;STAT=201212;TMPA=30;TMPP=307;TMPB=27;TMPC=30;RHUA=48;DWPA=18;PTYP=1;PNAM=MS-80SH;PIRA=714;PIRP=713;PIRM=714;PIRL=225;PIRH=1074;
SQNR=54226;DATE=24-08-14;TIME=15:03:45;STAT=201212;TMPA=30;TMPP=307;TMPB=27;TMPC=30;RHUA=48;DWPA=18;PTYP=1;PNAM=MS-80SH;PIRA=714;PIRP=714;PIRM=714;PIRL=225;PIRH=1074;
SQNR=54241;DATE=24-08-14;TIME=15:04:00;STAT=201212;TMPA=30;TMPP=306;TMPB=27;TMPC=30;RHUA=44;DWPA=17;PTYP=1;PNAM=MS-80SH;PIRA=714;PIRP=715;PIRM=714;PIRL=225;PIRH=1074;
SQNR=54256;DATE=24-08-14;TIME=15:04:15;STAT=201212;TMPA=30;TMPP=306;TMPB=27;TMPC=30;RHUA=44;DWPA=17;PTYP=1;PNAM=MS-80SH;PIRA=715;PIRP=715;PIRM=715;PIRL=225;PIRH=1074;
SQNR=54271;DATE=24-08-14;TIME=15:04:30;STAT=201212;TMPA=30;TMPP=306;TMPB=27;TMPC=30;RHUA=45;DWPA=17;PTYP=1;PNAM=MS-80SH;PIRA=714;PIRP=715;PIRM=714;PIRL=225;PIRH=1074;
SQNR=54286;DATE=24-08-14;TIME=15:04:45;STAT=201212;TMPA=30;TMPP=305;TMPB=27;TMPC=30;RHUA=45;DWPA=17;PTYP=1;PNAM=MS-80SH;PIRA=715;PIRP=715;PIRM=715;PIRL=225;PIRH=1074;
SQNR=54301;DATE=24-08-14;TIME=15:05:00;STAT=201212;TMPA=30;TMPP=305;TMPB=27;TMPC=30;RHUA=46;DWPA=17;PTYP=1;PNAM=MS-80SH;PIRA=717;PIRP=715;PIRM=715;PIRL=225;PIRH=1074;
C-----;?
V-----;SWVNR=2102190;SQNDL=54303;DATE=24-08-14;TIME=15:05:07;THTYP=85;TTEMP=15;TDEWP=5;IUFAN=800;ILFAN=5;IUHEA=3000;PYDEF=21;PYAVT=30;PYAVW=1;PYOST=0;MSDLY=15;FNDLY=30;OSTRG=3;DBGFL=0;ASIRE=0;DBGRE=0;MPPFL=-1;
SQNR=54316;DATE=24-08-14;TIME=15:05:15;STAT=201212;TMPA=30;TMPP=305;TMPB=27;TMPC=30;RHUA=44;DWPA=17;PTYP=1;PNAM=MS-80SH;PIRA=716;PIRP=715;PIRM=715;PIRL=225;PIRH=1074;
SQNR=54331;DATE=24-08-14;TIME=15:05:30;STAT=201212;TMPA=30;TMPP=304;TMPB=27;TMPC=30;RHUA=45;DWPA=17;PTYP=1;PNAM=MS-80SH;PIRA=715;PIRP=715;PIRM=715;PIRL=225;PIRH=1074;
SQNR=54346;DATE=24-08-14;TIME=15:05:45;STAT=201212;TMPA=30;TMPP=304;TMPB=27;TMPC=30;RHUA=44;DWPA=16;PTYP=1;PNAM=MS-80SH;PIRA=715;PIRP=715;PIRM=715;PIRL=225;PIRH=1074;
SQNR=54361;DATE=24-08-14;TIME=15:06:00;STAT=201212;TMPA=30;TMPP=304;TMPB=27;TMPC=30;RHUA=44;DWPA=16;PTYP=1;PNAM=MS-80SH;PIRA=714;PIRP=714;PIRM=715;PIRL=225;PIRH=1074;
SQNR=54376;DATE=24-08-14;TIME=15:06:15;STAT=201212;TMPA=30;TMPP=304;TMPB=27;TMPC=30;RHUA=46;DWPA=17;PTYP=1;PNAM=MS-80SH;PIRA=714;PIRP=715;PIRM=715;PIRL=225;PIRH=1074;
SQNR=54391;DATE=24-08-14;TIME=15:06:30;STAT=201212;TMPA=30;TMPP=306;TMPB=27;TMPC=30;RHUA=44;DWPA=17;PTYP=1;PNAM=MS-80SH;PIRA=713;PIRP=714;PIRM=714;PIRL=225;PIRH=1074;
SQNR=54406;DATE=24-08-14;TIME=15:06:45;STAT=201212;TMPA=30;TMPP=307;TMPB=27;TMPC=30;RHUA=43;DWPA=16;PTYP=1;PNAM=MS-80SH;PIRA=712;PIRP=712;PIRM=713;PIRL=225;PIRH=1074;
SQNR=54421;DATE=24-08-14;TIME=15:07:00;STAT=201212;TMPA=30;TMPP=308;TMPB=27;TMPC=30;RHUA=43;DWPA=17;PTYP=1;PNAM=MS-80SH;PIRA=711;PIRP=712;PIRM=712;PIRL=225;PIRH=1074;
SQNR=54436;DATE=24-08-14;TIME=15:07:15;STAT=201212;TMPA=30;TMPP=308;TMPB=27;TMPC=30;RHUA=45;DWPA=17;PTYP=1;PNAM=MS-80SH;PIRA=710;PIRP=711;PIRM=711;PIRL=225;PIRH=1074;
SQNR=54451;DATE=24-08-14;TIME=15:07:30;STAT=201212;TMPA=30;TMPP=308;TMPB=27;TMPC=30;RHUA=46;DWPA=17;PTYP=1;PNAM=MS-80SH;PIRA=710;PIRP=710;PIRM=711;PIRL=225;PIRH=1074;
SQNR=54466;DATE=24-08-14;TIME=15:07:45;STAT=201212;TMPA=30;TMPP=308;TMPB=27;TMPC=30;RHUA=45;DWPA=17;PTYP=1;PNAM=MS-80SH;PIRA=712;PIRP=710;PIRM=710;PIRL=225;PIRH=1074;
SQNR=54481;DATE=24-08-14;TIME=15:08:00;STAT=201212;TMPA=30;TMPP=307;TMPB=27;TMPC=30;RHUA=45;DWPA=17;PTYP=1;PNAM=MS-80SH;PIRA=711;PIRP=711;PIRM=711;PIRL=225;PIRH=1074;
SQNR=54496;DATE=24-08-14;TIME=15:08:15;STAT=201212;TMPA=30;TMPP=307;TMPB=27;TMPC=30;RHUA=47;DWPA=18;PTYP=1;PNAM=MS-80SH;PIRA=709;PIRP=711;PIRM=711;PIRL=225;PIRH=1074;
SQNR=54511;DATE=24-08-14;TIME=15:08:30;STAT=201212;TMPA=30;TMPP=306;TMPB=27;TMPC=30;RHUA=44;DWPA=17;PTYP=1;PNAM=MS-80SH;PIRA=709;PIRP=709;PIRM=710;PIRL=225;PIRH=1074;
SQNR=54526;DATE=24-08-14;TIME=15:08:45;STAT=201212;TMPA=30;TMPP=305;TMPB=26;TMPC=30;RHUA=44;DWPA=17;PTYP=1;PNAM=MS-80SH;PIRA=709;PIRP=709;PIRM=710;PIRL=225;PIRH=1074;
SQNR=54541;DATE=24-08-14;TIME=15:09:00;STAT=201212;TMPA=30;TMPP=304;TMPB=27;TMPC=30;RHUA=47;DWPA=18;PTYP=1;PNAM=MS-80SH;PIRA=708;PIRP=709;PIRM=709;PIRL=225;PIRH=1074;
SQNR=54556;DATE=24-08-14;TIME=15:09:15;STAT=201212;TMPA=30;TMPP=304;TMPB=27;TMPC=30;RHUA=46;DWPA=17;PTYP=1;PNAM=MS-80SH;PIRA=707;PIRP=708;PIRM=709;PIRL=225;PIRH=1074;
SQNR=54571;DATE=24-08-14;TIME=15:09:30;STAT=201212;TMPA=30;TMPP=304;TMPB=27;TMPC=30;RHUA=49;DWPA=18;PTYP=1;PNAM=MS-80SH;PIRA=706;PIRP=708;PIRM=708;PIRL=225;PIRH=1074;
SQNR=54586;DATE=24-08-14;TIME=15:09:45;STAT=201212;TMPA=30;TMPP=305;TMPB=27;TMPC=30;RHUA=48;DWPA=18;PTYP=1;PNAM=MS-80SH;PIRA=707;PIRP=707;PIRM=708;PIRL=225;PIRH=1074;
SQNR=54601;DATE=24-08-14;TIME=15:10:00;STAT=201212;TMPA=30;TMPP=306;TMPB=27;TMPC=30;RHUA=46;DWPA=17;PTYP=1;PNAM=MS-80SH;PIRA=706;PIRP=707;PIRM=707;PIRL=225;PIRH=1074;
C-----;?
V-----;SWVNR=2102190;SQNDL=54603;DATE=24-08-14;TIME=15:10:07;THTYP=85;TTEMP=15;TDEWP=5;IUFAN=800;ILFAN=5;IUHEA=3000;PYDEF=21;PYAVT=30;PYAVW=1;PYOST=0;MSDLY=15;FNDLY=30;OSTRG=3;DBGFL=0;ASIRE=0;DBGRE=0;MPPFL=-1;
SQNR=54616;DATE=24-08-14;TIME=15:10:15;STAT=201212;TMPA=30;TMPP=307;TMPB=27;TMPC=30;RHUA=47;DWPA=18;PTYP=1;PNAM=MS-80SH;PIRA=705;PIRP=706;PIRM=707;PIRL=225;PIRH=1074;
SQNR=54631;DATE=24-08-14;TIME=15:10:30;STAT=201212;TMPA=30;TMPP=309;TMPB=27;TMPC=30;RHUA=45;DWPA=17;PTYP=1;PNAM=MS-80SH;PIRA=705;PIRP=706;PIRM=706;PIRL=225;PIRH=1074;
SQNR=54646;DATE=24-08-14;TIME=15:10:45;STAT=201212;TMPA=31;TMPP=310;TMPB=27;TMPC=30;RHUA=45;DWPA=17;PTYP=1;PNAM=MS-80SH;PIRA=704;PIRP=705;PIRM=706;PIRL=225;PIRH=1074;
SQNR=54661;DATE=24-08-14;TIME=15:11:00;STAT=201212;TMPA=31;TMPP=310;TMPB=27;TMPC=30;RHUA=46;DWPA=18;PTYP=1;PNAM=MS-80SH;PIRA=704;PIRP=705;PIRM=705;PIRL=225;PIRH=1074;
SQNR=54676;DATE=24-08-14;TIME=15:11:15;STAT=201212;TMPA=31;TMPP=310;TMPB=27;TMPC=30;RHUA=46;DWPA=18;PTYP=1;PNAM=MS-80SH;PIRA=704;PIRP=704;PIRM=705;PIRL=225;PIRH=1074;
SQNR=54691;DATE=24-08-14;TIME=15:11:30;STAT=201212;TMPA=31;TMPP=310;TMPB=27;TMPC=30;RHUA=44;DWPA=17;PTYP=1;PNAM=MS-80SH;PIRA=707;PIRP=705;PIRM=705;PIRL=225;PIRH=1074;
SQNR=54706;DATE=24-08-14;TIME=15:11:45;STAT=201212;TMPA=30;TMPP=309;TMPB=27;TMPC=30;RHUA=44;DWPA=17;PTYP=1;PNAM=MS-80SH;PIRA=705;PIRP=706;PIRM=705;PIRL=225;PIRH=1074;
SQNR=54721;DATE=24-08-14;TIME=15:12:00;STAT=201212;TMPA=30;TMPP=308;TMPB=27;TMPC=30;RHUA=44;DWPA=17;PTYP=1;PNAM=MS-80SH;PIRA=703;PIRP=705;PIRM=705;PIRL=225;PIRH=1074;
SQNR=54736;DATE=24-08-14;TIME=15:12:15;STAT=201212;TMPA=30;TMPP=307;TMPB=27;TMPC=30;RHUA=42;DWPA=16;PTYP=1;PNAM=MS-80SH;PIRA=703;PIRP=704;PIRM=704;PIRL=225;PIRH=1074;
SQNR=54750;DATE=24-08-14;TIME=15:12:30;STAT=201212;TMPA=30;TMPP=305;TMPB=27;TMPC=30;RHUA=43;DWPA=16;PTYP=1;PNAM=MS-80SH;PIRA=702;PIRP=703;PIRM=703;PIRL=225;PIRH=1074;
SQNR=54765;DATE=24-08-14;TIME=15:12:45;STAT=201212;TMPA=30;TMPP=304;TMPB=27;TMPC=30;RHUA=44;DWPA=16;PTYP=1;PNAM=MS-80SH;PIRA=700;PIRP=702;PIRM=703;PIRL=225;PIRH=1074;
SQNR=54780;DATE=24-08-14;TIME=15:13:00;STAT=201212;TMPA=30;TMPP=303;TMPB=26;TMPC=30;RHUA=44;DWPA=16;PTYP=1;PNAM=MS-80SH;PIRA=699;PIRP=701;PIRM=701;PIRL=225;PIRH=1074;
SQNR=54795;DATE=24-08-14;TIME=15:13:15;STAT=201212;TMPA=30;TMPP=303;TMPB=26;TMPC=30;RHUA=43;DWPA=16;PTYP=1;PNAM=MS-80SH;PIRA=697;PIRP=699;PIRM=700;PIRL=225;PIRH=1074;
SQNR=54810;DATE=24-08-14;TIME=15:13:30;STAT=201212;TMPA=30;TMPP=303;TMPB=26;TMPC=30;RHUA=44;DWPA=16;PTYP=1;PNAM=MS-80SH;PIRA=693;PIRP=696;PIRM=698;PIRL=225;PIRH=1074;
SQNR=54825;DATE=24-08-14;TIME=15:13:45;STAT=201212;TMPA=30;TMPP=302;TMPB=26;TMPC=29;RHUA=43;DWPA=16;PTYP=1;PNAM=MS-80SH;PIRA=692;PIRP=693;PIRM=695;PIRL=225;PIRH=1074;
SQNR=54840;DATE=24-08-14;TIME=15:14:00;STAT=201212;TMPA=30;TMPP=302;TMPB=27;TMPC=29;RHUA=43;DWPA=16;PTYP=1;PNAM=MS-80SH;PIRA=690;PIRP=692;PIRM=694;PIRL=225;PIRH=1074;
SQNR=54855;DATE=24-08-14;TIME=15:14:15;STAT=201212;TMPA=30;TMPP=303;TMPB=27;TMPC=29;RHUA=44;DWPA=16;PTYP=1;PNAM=MS-80SH;PIRA=687;PIRP=690;PIRM=691;PIRL=225;PIRH=1074;
SQNR=54870;DATE=24-08-14;TIME=15:14:30;STAT=201212;TMPA=30;TMPP=303;TMPB=27;TMPC=30;RHUA=44;DWPA=16;PTYP=1;PNAM=MS-80SH;PIRA=687;PIRP=687;PIRM=689;PIRL=225;PIRH=1074;
SQNR=54885;DATE=24-08-14;TIME=15:14:45;STAT=201212;TMPA=30;TMPP=304;TMPB=27;TMPC=30;RHUA=45;DWPA=17;PTYP=1;PNAM=MS-80SH;PIRA=687;PIRP=686;PIRM=688;PIRL=225;PIRH=1074;
SQNR=54900;DATE=24-08-14;TIME=15:15:00;STAT=201212;TMPA=30;TMPP=304;TMPB=27;TMPC=30;RHUA=46;DWPA=17;PTYP=1;PNAM=MS-80SH;PIRA=688;PIRP=687;PIRM=688;PIRL=225;PIRH=1074;
C-----;?
V-----;SWVNR=2102190;SQNDL=54902;DATE=24-08-14;TIME=15:15:07;THTYP=85;TTEMP=15;TDEWP=5;IUFAN=800;ILFAN=5;IUHEA=3000;PYDEF=21;PYAVT=30;PYAVW=1;PYOST=0;MSDLY=15;FNDLY=30;OSTRG=3;DBGFL=0;ASIRE=0;DBGRE=0;MPPFL=-1;
SQNR=54915;DATE=24-08-14;TIME=15:15:15;STAT=201212;TMPA=30;TMPP=305;TMPB=27;TMPC=30;RHUA=47;DWPA=18;PTYP=1;PNAM=MS-80SH;PIRA=691;PIRP=688;PIRM=688;PIRL=225;PIRH=1074;
SQNR=54930;DATE=24-08-14;TIME=15:15:30;STAT=201212;TMPA=30;TMPP=305;TMPB=27;TMPC=29;RHUA=47;DWPA=18;PTYP=1;PNAM=MS-80SH;PIRA=692;PIRP=690;PIRM=690;PIRL=225;PIRH=1074;
SQNR=54945;DATE=24-08-14;TIME=15:15:45;STAT=201212;TMPA=30;TMPP=305;TMPB=27;TMPC=30;RHUA=49;DWPA=18;PTYP=1;PNAM=MS-80SH;PIRA=451;PIRP=669;PIRM=669;PIRL=225;PIRH=1074;
SQNR=54960;DATE=24-08-14;TIME=15:16:00;STAT=201212;TMPA=30;TMPP=304;TMPB=27;TMPC=29;RHUA=48;DWPA=18;PTYP=1;PNAM=MS-80SH;PIRA=627;PIRP=580;PIRM=610;PIRL=225;PIRH=1074;
SQNR=54975;DATE=24-08-14;TIME=15:16:15;STAT=201212;TMPA=30;TMPP=304;TMPB=27;TMPC=29;RHUA=49;DWPA=18;PTYP=1;PNAM=MS-80SH;PIRA=680;PIRP=594;PIRM=636;PIRL=225;PIRH=1074;
SQNR=54990;DATE=24-08-14;TIME=15:16:30;STAT=201212;TMPA=30;TMPP=304;TMPB=27;TMPC=29;RHUA=47;DWPA=18;PTYP=1;PNAM=MS-80SH;PIRA=618;PIRP=665;PIRM=642;PIRL=225;PIRH=1074;
SQNR=55005;DATE=24-08-14;TIME=15:16:45;STAT=201212;TMPA=30;TMPP=304;TMPB=27;TMPC=29;RHUA=45;DWPA=17;PTYP=1;PNAM=MS-80SH;PIRA=665;PIRP=651;PIRM=645;PIRL=225;PIRH=1074;
SQNR=55020;DATE=24-08-14;TIME=15:17:00;STAT=201212;TMPA=30;TMPP=304;TMPB=27;TMPC=29;RHUA=46;DWPA=17;PTYP=1;PNAM=MS-80SH;PIRA=675;PIRP=660;PIRM=656;PIRL=225;PIRH=1074;
SQNR=55035;DATE=24-08-14;TIME=15:17:15;STAT=201212;TMPA=30;TMPP=304;TMPB=27;TMPC=29;RHUA=47;DWPA=17;PTYP=1;PNAM=MS-80SH;PIRA=680;PIRP=675;PIRM=665;PIRL=225;PIRH=1074;
SQNR=55050;DATE=24-08-14;TIME=15:17:30;STAT=201212;TMPA=30;TMPP=304;TMPB=27;TMPC=29;RHUA=44;DWPA=16;PTYP=1;PNAM=MS-80SH;PIRA=657;PIRP=670;PIRM=663;PIRL=225;PIRH=1074;
SQNR=55065;DATE=24-08-14;TIME=15:17:45;STAT=201212;TMPA=30;TMPP=304;TMPB=27;TMPC=29;RHUA=47;DWPA=18;PTYP=1;PNAM=MS-80SH;PIRA=660;PIRP=646;PIRM=652;PIRL=225;PIRH=1074;
SQNR=55080;DATE=24-08-14;TIME=15:18:00;STAT=201212;TMPA=30;TMPP=304;TMPB=27;TMPC=29;RHUA=44;DWPA=17;PTYP=1;PNAM=MS-80SH;PIRA=680;PIRP=653;PIRM=661;PIRL=225;PIRH=1074;
SQNR=55095;DATE=24-08-14;TIME=15:18:15;STAT=201212;TMPA=30;TMPP=303;TMPB=26;TMPC=29;RHUA=46;DWPA=17;PTYP=1;PNAM=MS-80SH;PIRA=687;PIRP=680;PIRM=671;PIRL=225;PIRH=1074;
SQNR=55110;DATE=24-08-14;TIME=15:18:30;STAT=201212;TMPA=30;TMPP=303;TMPB=27;TMPC=29;RHUA=45;DWPA=17;PTYP=1;PNAM=MS-80SH;PIRA=521;PIRP=662;PIRM=657;PIRL=225;PIRH=1074;
SQNR=55125;DATE=24-08-14;TIME=15:18:45;STAT=201212;TMPA=30;TMPP=302;TMPB=27;TMPC=29;RHUA=46;DWPA=17;PTYP=1;PNAM=MS-80SH;PIRA=182;PIRP=456;PIRM=498;PIRL=179;PIRH=1074;
SQNR=55140;DATE=24-08-14;TIME=15:19:00;STAT=201212;TMPA=30;TMPP=302;TMPB=27;TMPC=29;RHUA=49;DWPA=18;PTYP=1;PNAM=MS-80SH;PIRA=340;PIRP=250;PIRM=393;PIRL=179;PIRH=1074;
SQNR=55155;DATE=24-08-14;TIME=15:19:15;STAT=201212;TMPA=30;TMPP=301;TMPB=26;TMPC=29;RHUA=47;DWPA=17;PTYP=1;PNAM=MS-80SH;PIRA=559;PIRP=345;PIRM=424;PIRL=179;PIRH=1074;
SQNR=55170;DATE=24-08-14;TIME=15:19:30;STAT=201212;TMPA=30;TMPP=302;TMPB=26;TMPC=29;RHUA=45;DWPA=17;PTYP=1;PNAM=MS-80SH;PIRA=677;PIRP=561;PIRM=520;PIRL=179;PIRH=1074;
SQNR=55185;DATE=24-08-14;TIME=15:19:45;STAT=201212;TMPA=30;TMPP=301;TMPB=26;TMPC=29;RHUA=47;DWPA=17;PTYP=1;PNAM=MS-80SH;PIRA=698;PIRP=679;PIRM=591;PIRL=179;PIRH=1074;
SQNR=55200;DATE=24-08-14;TIME=15:20:00;STAT=201212;TMPA=30;TMPP=301;TMPB=26;TMPC=29;RHUA=49;DWPA=18;PTYP=1;PNAM=MS-80SH;PIRA=626;PIRP=656;PIRM=598;PIRL=179;PIRH=1074;
C-----;?
V-----;SWVNR=2102190;SQNDL=55202;DATE=24-08-14;TIME=15:20:07;THTYP=85;TTEMP=15;TDEWP=5;IUFAN=800;ILFAN=5;IUHEA=3000;PYDEF=21;PYAVT=30;PYAVW=1;PYOST=0;MSDLY=15;FNDLY=30;OSTRG=3;DBGFL=0;ASIRE=0;DBGRE=0;MPPFL=-1;
SQNR=55215;DATE=24-08-14;TIME=15:20:15;STAT=201212;TMPA=30;TMPP=301;TMPB=26;TMPC=29;RHUA=46;DWPA=17;PTYP=1;PNAM=MS-80SH;PIRA=597;PIRP=610;PIRM=600;PIRL=179;PIRH=1074;
SQNR=55230;DATE=24-08-14;TIME=15:20:30;STAT=201212;TMPA=30;TMPP=301;TMPB=26;TMPC=29;RHUA=44;DWPA=16;PTYP=1;PNAM=MS-80SH;PIRA=509;PIRP=566;PIRM=568;PIRL=179;PIRH=1074;
SQNR=55245;DATE=24-08-14;TIME=15:20:45;STAT=201212;TMPA=30;TMPP=301;TMPB=26;TMPC=29;RHUA=46;DWPA=17;PTYP=1;PNAM=MS-80SH;PIRA=673;PIRP=568;PIRM=586;PIRL=179;PIRH=1074;
SQNR=55260;DATE=24-08-14;TIME=15:21:00;STAT=201212;TMPA=30;TMPP=300;TMPB=26;TMPC=29;RHUA=44;DWPA=16;PTYP=1;PNAM=MS-80SH;PIRA=707;PIRP=655;PIRM=631;PIRL=179;PIRH=1074;
SQNR=55275;DATE=24-08-14;TIME=15:21:15;STAT=201212;TMPA=30;TMPP=300;TMPB=26;TMPC=29;RHUA=45;DWPA=17;PTYP=1;PNAM=MS-80SH;PIRA=712;PIRP=704;PIRM=663;PIRL=179;PIRH=1074;
SQNR=55290;DATE=24-08-14;TIME=15:21:30;STAT=201212;TMPA=30;TMPP=300;TMPB=26;TMPC=29;RHUA=46;DWPA=17;PTYP=1;PNAM=MS-80SH;PIRA=713;PIRP=711;PIRM=683;PIRL=179;PIRH=1074;
SQNR=55305;DATE=24-08-14;TIME=15:21:45;STAT=201212;TMPA=30;TMPP=300;TMPB=26;TMPC=29;RHUA=46;DWPA=17;PTYP=1;PNAM=MS-80SH;PIRA=711;PIRP=713;PIRM=695;PIRL=179;PIRH=1074;
SQNR=55320;DATE=24-08-14;TIME=15:22:00;STAT=201212;TMPA=30;TMPP=300;TMPB=26;TMPC=29;RHUA=45;DWPA=17;PTYP=1;PNAM=MS-80SH;PIRA=711;PIRP=712;PIRM=701;PIRL=179;PIRH=1074;
SQNR=55335;DATE=24-08-14;TIME=15:22:15;STAT=201212;TMPA=30;TMPP=300;TMPB=26;TMPC=29;RHUA=46;DWPA=17;PTYP=1;PNAM=MS-80SH;PIRA=711;PIRP=711;PIRM=705;PIRL=179;PIRH=1074;
SQNR=55350;DATE=24-08-14;TIME=15:22:30;STAT=201212;TMPA=30;TMPP=300;TMPB=26;TMPC=29;RHUA=45;DWPA=16;PTYP=1;PNAM=MS-80SH;PIRA=709;PIRP=710;PIRM=707;PIRL=179;PIRH=1074;
SQNR=55365;DATE=24-08-14;TIME=15:22:45;STAT=201212;TMPA=30;TMPP=300;TMPB=26;TMPC=29;RHUA=46;DWPA=17;PTYP=1;PNAM=MS-80SH;PIRA=707;PIRP=709;PIRM=707;PIRL=179;PIRH=1074;
SQNR=55380;DATE=24-08-14;TIME=15:23:00;STAT=201212;TMPA=30;TMPP=300;TMPB=26;TMPC=29;RHUA=48;DWPA=17;PTYP=1;PNAM=MS-80SH;PIRA=705;PIRP=707;PIRM=707;PIRL=179;PIRH=1074;
SQNR=55395;DATE=24-08-14;TIME=15:23:15;STAT=201212;TMPA=30;TMPP=300;TMPB=26;TMPC=29;RHUA=46;DWPA=17;PTYP=1;PNAM=MS-80SH;PIRA=703;PIRP=705;PIRM=706;PIRL=179;PIRH=1074;
SQNR=55410;DATE=24-08-14;TIME=15:23:30;STAT=201212;TMPA=30;TMPP=300;TMPB=26;TMPC=29;RHUA=45;DWPA=16;PTYP=1;PNAM=MS-80SH;PIRA=701;PIRP=703;PIRM=704;PIRL=179;PIRH=1074;
SQNR=55425;DATE=24-08-14;TIME=15:23:45;STAT=201212;TMPA=30;TMPP=300;TMPB=26;TMPC=29;RHUA=45;DWPA=16;PTYP=1;PNAM=MS-80SH;PIRA=700;PIRP=702;PIRM=703;PIRL=179;PIRH=1074;
SQNR=55440;DATE=24-08-14;TIME=15:24:00;STAT=201212;TMPA=29;TMPP=299;TMPB=26;TMPC=29;RHUA=45;DWPA=16;PTYP=1;PNAM=MS-80SH;PIRA=699;PIRP=700;PIRM=702;PIRL=179;PIRH=1074;
SQNR=55455;DATE=24-08-14;TIME=15:24:15;STAT=201212;TMPA=29;TMPP=299;TMPB=26;TMPC=29;RHUA=45;DWPA=16;PTYP=1;PNAM=MS-80SH;PIRA=697;PIRP=699;PIRM=700;PIRL=179;PIRH=1074;
SQNR=55470;DATE=24-08-14;TIME=15:24:30;STAT=201212;TMPA=29;TMPP=299;TMPB=26;TMPC=29;RHUA=45;DWPA=16;PTYP=1;PNAM=MS-80SH;PIRA=697;PIRP=698;PIRM=699;PIRL=179;PIRH=1074;
SQNR=55485;DATE=24-08-14;TIME=15:24:45;STAT=201212;TMPA=29;TMPP=299;TMPB=26;TMPC=29;RHUA=45;DWPA=16;PTYP=1;PNAM=MS-80SH;PIRA=696;PIRP=696;PIRM=698;PIRL=179;PIRH=1074;
SQNR=55500;DATE=24-08-14;TIME=15:25:00;STAT=201212;TMPA=29;TMPP=299;TMPB=26;TMPC=29;RHUA=45;DWPA=16;PTYP=1;PNAM=MS-80SH;PIRA=695;PIRP=695;PIRM=697;PIRL=179;PIRH=1074;
C-----;?
V-----;SWVNR=2102190;SQNDL=55502;DATE=24-08-14;TIME=15:25:07;THTYP=85;TTEMP=15;TDEWP=5;IUFAN=800;ILFAN=5;IUHEA=3000;PYDEF=21;PYAVT=30;PYAVW=1;PYOST=0;MSDLY=15;FNDLY=30;OSTRG=3;DBGFL=0;ASIRE=0;DBGRE=0;MPPFL=-1;
SQNR=55515;DATE=24-08-14;TIME=15:25:15;STAT=201212;TMPA=29;TMPP=299;TMPB=26;TMPC=29;RHUA=45;DWPA=16;PTYP=1;PNAM=MS-80SH;PIRA=693;PIRP=694;PIRM=695;PIRL=179;PIRH=1074;
SQNR=55530;DATE=24-08-14;TIME=15:25:30;STAT=201212;TMPA=29;TMPP=299;TMPB=26;TMPC=29;RHUA=45;DWPA=16;PTYP=1;PNAM=MS-80SH;PIRA=692;PIRP=693;PIRM=694;PIRL=179;PIRH=1074;
SQNR=55545;DATE=24-08-14;TIME=15:25:45;STAT=201212;TMPA=29;TMPP=299;TMPB=26;TMPC=29;RHUA=46;DWPA=17;PTYP=1;PNAM=MS-80SH;PIRA=691;PIRP=691;PIRM=693;PIRL=179;PIRH=1074;
SQNR=55560;DATE=24-08-14;TIME=15:26:00;STAT=201212;TMPA=30;TMPP=300;TMPB=27;TMPC=29;RHUA=46;DWPA=17;PTYP=1;PNAM=MS-80SH;PIRA=691;PIRP=691;PIRM=692;PIRL=179;PIRH=1074;
SQNR=55575;DATE=24-08-14;TIME=15:26:15;STAT=201212;TMPA=30;TMPP=301;TMPB=27;TMPC=29;RHUA=47;DWPA=17;PTYP=1;PNAM=MS-80SH;PIRA=689;PIRP=690;PIRM=691;PIRL=179;PIRH=1074;
SQNR=55590;DATE=24-08-14;TIME=15:26:30;STAT=201212;TMPA=30;TMPP=304;TMPB=28;TMPC=29;RHUA=47;DWPA=18;PTYP=1;PNAM=MS-80SH;PIRA=686;PIRP=689;PIRM=690;PIRL=179;PIRH=1074;
SQNR=55605;DATE=24-08-14;TIME=15:26:45;STAT=201212;TMPA=30;TMPP=308;TMPB=28;TMPC=29;RHUA=47;DWPA=18;PTYP=1;PNAM=MS-80SH;PIRA=684;PIRP=686;PIRM=688;PIRL=179;PIRH=1074;
SQNR=55620;DATE=24-08-14;TIME=15:27:00;STAT=201212;TMPA=31;TMPP=311;TMPB=27;TMPC=29;RHUA=49;DWPA=19;PTYP=1;PNAM=MS-80SH;PIRA=685;PIRP=684;PIRM=686;PIRL=179;PIRH=1074;
SQNR=55635;DATE=24-08-14;TIME=15:27:15;STAT=201212;TMPA=31;TMPP=313;TMPB=27;TMPC=29;RHUA=45;DWPA=18;PTYP=1;PNAM=MS-80SH;PIRA=684;PIRP=684;PIRM=685;PIRL=179;PIRH=1074;
SQNR=55650;DATE=24-08-14;TIME=15:27:30;STAT=201212;TMPA=31;TMPP=314;TMPB=27;TMPC=29;RHUA=45;DWPA=18;PTYP=1;PNAM=MS-80SH;PIRA=683;PIRP=683;PIRM=684;PIRL=179;PIRH=1074;
SQNR=55665;DATE=24-08-14;TIME=15:27:45;STAT=201212;TMPA=31;TMPP=315;TMPB=27;TMPC=29;RHUA=46;DWPA=18;PTYP=1;PNAM=MS-80SH;PIRA=682;PIRP=683;PIRM=683;PIRL=179;PIRH=1074;
SQNR=55680;DATE=24-08-14;TIME=15:28:00;STAT=201212;TMPA=31;TMPP=315;TMPB=27;TMPC=29;RHUA=43;DWPA=17;PTYP=1;PNAM=MS-80SH;PIRA=682;PIRP=682;PIRM=683;PIRL=179;PIRH=1074;
SQNR=55695;DATE=24-08-14;TIME=15:28:15;STAT=201212;TMPA=31;TMPP=316;TMPB=27;TMPC=29;RHUA=43;DWPA=17;PTYP=1;PNAM=MS-80SH;PIRA=679;PIRP=680;PIRM=681;PIRL=179;PIRH=1074;
SQNR=55710;DATE=24-08-14;TIME=15:28:30;STAT=201212;TMPA=31;TMPP=317;TMPB=27;TMPC=29;RHUA=44;DWPA=17;PTYP=1;PNAM=MS-80SH;PIRA=678;PIRP=678;PIRM=680;PIRL=179;PIRH=1074;
SQNR=55725;DATE=24-08-14;TIME=15:28:45;STAT=201212;TMPA=31;TMPP=317;TMPB=27;TMPC=29;RHUA=45;DWPA=18;PTYP=1;PNAM=MS-80SH;PIRA=676;PIRP=678;PIRM=679;PIRL=179;PIRH=1074;
SQNR=55740;DATE=24-08-14;TIME=15:29:00;STAT=201212;TMPA=31;TMPP=317;TMPB=27;TMPC=29;RHUA=46;DWPA=18;PTYP=1;PNAM=MS-80SH;PIRA=675;PIRP=677;PIRM=678;PIRL=179;PIRH=1074;
SQNR=55755;DATE=24-08-14;TIME=15:29:15;STAT=201212;TMPA=31;TMPP=317;TMPB=27;TMPC=29;RHUA=44;DWPA=18;PTYP=1;PNAM=MS-80SH;PIRA=674;PIRP=675;PIRM=676;PIRL=179;PIRH=1074;
SQNR=55770;DATE=24-08-14;TIME=15:29:30;STAT=201212;TMPA=31;TMPP=316;TMPB=27;TMPC=29;RHUA=43;DWPA=17;PTYP=1;PNAM=MS-80SH;PIRA=672;PIRP=673;PIRM=675;PIRL=179;PIRH=1074;
SQNR=55785;DATE=24-08-14;TIME=15:29:45;STAT=201212;TMPA=31;TMPP=316;TMPB=27;TMPC=29;RHUA=43;DWPA=17;PTYP=1;PNAM=MS-80SH;PIRA=671;PIRP=672;PIRM=674;PIRL=179;PIRH=1074;
SQNR=55800;DATE=24-08-14;TIME=15:30:00;STAT=201212;TMPA=31;TMPP=315;TMPB=27;TMPC=29;RHUA=45;DWPA=18;PTYP=1;PNAM=MS-80SH;PIRA=669;PIRP=671;PIRM=672;PIRL=179;PIRH=1074;
C-----;?
V-----;SWVNR=2102190;SQNDL=55802;DATE=24-08-14;TIME=15:30:07;THTYP=85;TTEMP=15;TDEWP=5;IUFAN=800;ILFAN=5;IUHEA=3000;PYDEF=21;PYAVT=30;PYAVW=1;PYOST=0;MSDLY=15;FNDLY=30;OSTRG=3;DBGFL=0;ASIRE=0;DBGRE=0;MPPFL=-1;
SQNR=55815;DATE=24-08-14;TIME=15:30:15;STAT=201212;TMPA=31;TMPP=315;TMPB=27;TMPC=29;RHUA=45;DWPA=18;PTYP=1;PNAM=MS-80SH;PIRA=668;PIRP=669;PIRM=670;PIRL=179;PIRH=1074;
SQNR=55830;DATE=24-08-14;TIME=15:30:30;STAT=201212;TMPA=31;TMPP=315;TMPB=27;TMPC=29;RHUA=47;DWPA=18;PTYP=1;PNAM=MS-80SH;PIRA=667;PIRP=668;PIRM=669;PIRL=179;PIRH=1074;
SQNR=55845;DATE=24-08-14;TIME=15:30:45;STAT=201212;TMPA=31;TMPP=316;TMPB=27;TMPC=29;RHUA=45;DWPA=18;PTYP=1;PNAM=MS-80SH;PIRA=666;PIRP=667;PIRM=668;PIRL=179;PIRH=1074;
SQNR=55860;DATE=24-08-14;TIME=15:31:00;STAT=201212;TMPA=31;TMPP=316;TMPB=27;TMPC=29;RHUA=46;DWPA=18;PTYP=1;PNAM=MS-80SH;PIRA=666;PIRP=666;PIRM=667;PIRL=179;PIRH=1074;
SQNR=55875;DATE=24-08-14;TIME=15:31:15;STAT=201212;TMPA=31;TMPP=317;TMPB=27;TMPC=29;RHUA=42;DWPA=17;PTYP=1;PNAM=MS-80SH;PIRA=668;PIRP=667;PIRM=667;PIRL=179;PIRH=1074;
SQNR=55890;DATE=24-08-14;TIME=15:31:30;STAT=201212;TMPA=31;TMPP=317;TMPB=27;TMPC=29;RHUA=43;DWPA=17;PTYP=1;PNAM=MS-80SH;PIRA=669;PIRP=668;PIRM=668;PIRL=179;PIRH=1074;
SQNR=55905;DATE=24-08-14;TIME=15:31:45;STAT=201212;TMPA=31;TMPP=317;TMPB=27;TMPC=29;RHUA=42;DWPA=17;PTYP=1;PNAM=MS-80SH;PIRA=668;PIRP=668;PIRM=668;PIRL=179;PIRH=1074;
SQNR=55920;DATE=24-08-14;TIME=15:32:00;STAT=201212;TMPA=31;TMPP=317;TMPB=27;TMPC=29;RHUA=41;DWPA=17;PTYP=1;PNAM=MS-80SH;PIRA=668;PIRP=668;PIRM=668;PIRL=179;PIRH=1074;
SQNR=55935;DATE=24-08-14;TIME=15:32:15;STAT=201212;TMPA=31;TMPP=318;TMPB=27;TMPC=29;RHUA=42;DWPA=17;PTYP=1;PNAM=MS-80SH;PIRA=668;PIRP=668;PIRM=668;PIRL=179;PIRH=1074;
SQNR=55950;DATE=24-08-14;TIME=15:32:30;STAT=201212;TMPA=31;TMPP=318;TMPB=27;TMPC=29;RHUA=42;DWPA=17;PTYP=1;PNAM=MS-80SH;PIRA=666;PIRP=668;PIRM=668;PIRL=179;PIRH=1074;
SQNR=55965;DATE=24-08-14;TIME=15:32:45;STAT=201212;TMPA=31;TMPP=319;TMPB=27;TMPC=29;RHUA=42;DWPA=17;PTYP=1;PNAM=MS-80SH;PIRA=665;PIRP=667;PIRM=667;PIRL=179;PIRH=1074;
SQNR=55980;DATE=24-08-14;TIME=15:33:00;STAT=201212;TMPA=32;TMPP=320;TMPB=28;TMPC=30;RHUA=42;DWPA=17;PTYP=1;PNAM=MS-80SH;PIRA=666;PIRP=666;PIRM=667;PIRL=179;PIRH=1074;
SQNR=55995;DATE=24-08-14;TIME=15:33:15;STAT=201212;TMPA=32;TMPP=321;TMPB=28;TMPC=30;RHUA=42;DWPA=17;PTYP=1;PNAM=MS-80SH;PIRA=665;PIRP=666;PIRM=666;PIRL=179;PIRH=1074;
SQNR=56010;DATE=24-08-14;TIME=15:33:30;STAT=201212;TMPA=32;TMPP=323;TMPB=28;TMPC=30;RHUA=43;DWPA=18;PTYP=1;PNAM=MS-80SH;PIRA=664;PIRP=665;PIRM=665;PIRL=179;PIRH=1074;
SQNR=56025;DATE=24-08-14;TIME=15:33:45;STAT=201212;TMPA=32;TMPP=324;TMPB=28;TMPC=30;RHUA=44;DWPA=18;PTYP=1;PNAM=MS-80SH;PIRA=663;PIRP=664;PIRM=665;PIRL=179;PIRH=1074;
SQNR=56040;DATE=24-08-14;TIME=15:34:00;STAT=201212;TMPA=32;TMPP=326;TMPB=28;TMPC=30;RHUA=43;DWPA=18;PTYP=1;PNAM=MS-80SH;PIRA=664;PIRP=664;PIRM=664;PIRL=179;PIRH=1074;
SQNR=56055;DATE=24-08-14;TIME=15:34:15;STAT=201212;TMPA=32;TMPP=327;TMPB=28;TMPC=30;RHUA=41;DWPA=18;PTYP=1;PNAM=MS-80SH;PIRA=665;PIRP=663;PIRM=664;PIRL=179;PIRH=1074;
SQNR=56070;DATE=24-08-14;TIME=15:34:30;STAT=201212;TMPA=32;TMPP=329;TMPB=28;TMPC=30;RHUA=40;DWPA=17;PTYP=1;PNAM=MS-80SH;PIRA=662;PIRP=663;PIRM=663;PIRL=179;PIRH=1074;
SQNR=56085;DATE=24-08-14;TIME=15:34:45;STAT=201212;TMPA=33;TMPP=331;TMPB=28;TMPC=30;RHUA=41;DWPA=18;PTYP=1;PNAM=MS-80SH;PIRA=661;PIRP=662;PIRM=663;PIRL=179;PIRH=1074;
SQNR=56100;DATE=24-08-14;TIME=15:35:00;STAT=201212;TMPA=33;TMPP=331;TMPB=28;TMPC=30;RHUA=43;DWPA=18;PTYP=1;PNAM=MS-80SH;PIRA=660;PIRP=661;PIRM=662;PIRL=179;PIRH=1074;
C-----;?
V-----;SWVNR=2102190;SQNDL=56102;DATE=24-08-14;TIME=15:35:07;THTYP=85;TTEMP=15;TDEWP=5;IUFAN=800;ILFAN=5;IUHEA=3000;PYDEF=21;PYAVT=30;PYAVW=1;PYOST=0;MSDLY=15;FNDLY=30;OSTRG=3;DBGFL=0;ASIRE=0;DBGRE=0;MPPFL=-1;
SQNR=56115;DATE=24-08-14;TIME=15:35:15;STAT=201212;TMPA=33;TMPP=332;TMPB=28;TMPC=30;RHUA=44;DWPA=19;PTYP=1;PNAM=MS-80SH;PIRA=660;PIRP=661;PIRM=661;PIRL=179;PIRH=1074;
SQNR=56130;DATE=24-08-14;TIME=15:35:30;STAT=201212;TMPA=33;TMPP=332;TMPB=28;TMPC=30;RHUA=41;DWPA=18;PTYP=1;PNAM=MS-80SH;PIRA=661;PIRP=661;PIRM=661;PIRL=179;PIRH=1074;
SQNR=56145;DATE=24-08-14;TIME=15:35:45;STAT=201212;TMPA=33;TMPP=332;TMPB=28;TMPC=30;RHUA=43;DWPA=19;PTYP=1;PNAM=MS-80SH;PIRA=660;PIRP=660;PIRM=661;PIRL=179;PIRH=1074;
SQNR=56160;DATE=24-08-14;TIME=15:36:00;STAT=201212;TMPA=33;TMPP=332;TMPB=28;TMPC=30;RHUA=43;DWPA=19;PTYP=1;PNAM=MS-80SH;PIRA=660;PIRP=661;PIRM=661;PIRL=179;PIRH=1074;
SQNR=56175;DATE=24-08-14;TIME=15:36:15;STAT=201212;TMPA=33;TMPP=332;TMPB=27;TMPC=30;RHUA=42;DWPA=18;PTYP=1;PNAM=MS-80SH;PIRA=660;PIRP=660;PIRM=661;PIRL=179;PIRH=1074;
SQNR=56190;DATE=24-08-14;TIME=15:36:30;STAT=201212;TMPA=33;TMPP=331;TMPB=27;TMPC=30;RHUA=40;DWPA=17;PTYP=1;PNAM=MS-80SH;PIRA=659;PIRP=660;PIRM=660;PIRL=179;PIRH=1074;
SQNR=56205;DATE=24-08-14;TIME=15:36:45;STAT=201212;TMPA=33;TMPP=330;TMPB=28;TMPC=30;RHUA=42;DWPA=18;PTYP=1;PNAM=MS-80SH;PIRA=659;PIRP=659;PIRM=660;PIRL=179;PIRH=1074;
SQNR=56220;DATE=24-08-14;TIME=15:37:00;STAT=201212;TMPA=33;TMPP=330;TMPB=28;TMPC=30;RHUA=40;DWPA=17;PTYP=1;PNAM=MS-80SH;PIRA=658;PIRP=658;PIRM=659;PIRL=179;PIRH=1074;
SQNR=56235;DATE=24-08-14;TIME=15:37:15;STAT=201212;TMPA=33;TMPP=331;TMPB=28;TMPC=30;RHUA=41;DWPA=18;PTYP=1;PNAM=MS-80SH;PIRA=657;PIRP=658;PIRM=658;PIRL=179;PIRH=1074;
SQNR=56250;DATE=24-08-14;TIME=15:37:30;STAT=201212;TMPA=33;TMPP=332;TMPB=28;TMPC=30;RHUA=42;DWPA=18;PTYP=1;PNAM=MS-80SH;PIRA=656;PIRP=657;PIRM=657;PIRL=179;PIRH=1074;
SQNR=56265;DATE=24-08-14;TIME=15:37:45;STAT=201212;TMPA=33;TMPP=333;TMPB=28;TMPC=30;RHUA=42;DWPA=18;PTYP=1;PNAM=MS-80SH;PIRA=656;PIRP=656;PIRM=657;PIRL=179;PIRH=1074;
SQNR=56280;DATE=24-08-14;TIME=15:38:00;STAT=201212;TMPA=33;TMPP=333;TMPB=28;TMPC=30;RHUA=43;DWPA=19;PTYP=1;PNAM=MS-80SH;PIRA=656;PIRP=656;PIRM=656;PIRL=179;PIRH=1074;
SQNR=56295;DATE=24-08-14;TIME=15:38:15;STAT=201212;TMPA=33;TMPP=333;TMPB=28;TMPC=30;RHUA=45;DWPA=19;PTYP=1;PNAM=MS-80SH;PIRA=655;PIRP=655;PIRM=656;PIRL=179;PIRH=1074;
SQNR=56310;DATE=24-08-14;TIME=15:38:30;STAT=201212;TMPA=33;TMPP=333;TMPB=28;TMPC=30;RHUA=42;DWPA=18;PTYP=1;PNAM=MS-80SH;PIRA=656;PIRP=655;PIRM=655;PIRL=179;PIRH=1074;
SQNR=56325;DATE=24-08-14;TIME=15:38:45;STAT=201212;TMPA=33;TMPP=333;TMPB=28;TMPC=30;RHUA=44;DWPA=19;PTYP=1;PNAM=MS-80SH;PIRA=656;PIRP=655;PIRM=655;PIRL=179;PIRH=1074;
SQNR=56340;DATE=24-08-14;TIME=15:39:00;STAT=201212;TMPA=33;TMPP=332;TMPB=28;TMPC=30;RHUA=41;DWPA=18;PTYP=1;PNAM=MS-80SH;PIRA=656;PIRP=656;PIRM=656;PIRL=179;PIRH=1074;
SQNR=56355;DATE=24-08-14;TIME=15:39:15;STAT=201212;TMPA=33;TMPP=331;TMPB=28;TMPC=30;RHUA=44;DWPA=19;PTYP=1;PNAM=MS-80SH;PIRA=655;PIRP=656;PIRM=656;PIRL=179;PIRH=1074;
SQNR=56370;DATE=24-08-14;TIME=15:39:30;STAT=201212;TMPA=33;TMPP=331;TMPB=28;TMPC=30;RHUA=45;DWPA=19;PTYP=1;PNAM=MS-80SH;PIRA=655;PIRP=656;PIRM=656;PIRL=179;PIRH=1074;
SQNR=56385;DATE=24-08-14;TIME=15:39:45;STAT=201212;TMPA=33;TMPP=330;TMPB=27;TMPC=30;RHUA=45;DWPA=19;PTYP=1;PNAM=MS-80SH;PIRA=655;PIRP=655;PIRM=655;PIRL=179;PIRH=1074;
C-----;?
SQNR=56400;DATE=24-08-14;TIME=15:40:00;STAT=201212;TMPA=32;TMPP=329;TMPB=27;TMPC=30;RHUA=45;DWPA=19;PTYP=1;PNAM=MS-80SH;PIRA=656;PIRP=655;PIRM=656;PIRL=179;PIRH=1074;
V-----;SWVNR=2102190;SQNDL=56401;DATE=24-08-14;TIME=15:40:06;THTYP=85;TTEMP=15;TDEWP=5;IUFAN=800;ILFAN=5;IUHEA=3000;PYDEF=21;PYAVT=30;PYAVW=1;PYOST=0;MSDLY=15;FNDLY=30;OSTRG=3;DBGFL=0;ASIRE=0;DBGRE=0;MPPFL=-1;
SQNR=56415;DATE=24-08-14;TIME=15:40:15;STAT=201212;TMPA=32;TMPP=327;TMPB=27;TMPC=30;RHUA=46;DWPA=19;PTYP=1;PNAM=MS-80SH;PIRA=655;PIRP=656;PIRM=656;PIRL=179;PIRH=1074;
SQNR=56430;DATE=24-08-14;TIME=15:40:30;STAT=201212;TMPA=32;TMPP=326;TMPB=27;TMPC=30;RHUA=44;DWPA=18;PTYP=1;PNAM=MS-80SH;PIRA=654;PIRP=655;PIRM=655;PIRL=179;PIRH=1074;
SQNR=56445;DATE=24-08-14;TIME=15:40:45;STAT=201212;TMPA=32;TMPP=324;TMPB=27;TMPC=30;RHUA=47;DWPA=19;PTYP=1;PNAM=MS-80SH;PIRA=653;PIRP=654;PIRM=654;PIRL=179;PIRH=1074;
SQNR=56460;DATE=24-08-14;TIME=15:41:00;STAT=201212;TMPA=32;TMPP=322;TMPB=27;TMPC=30;RHUA=41;DWPA=17;PTYP=1;PNAM=MS-80SH;PIRA=651;PIRP=653;PIRM=653;PIRL=179;PIRH=1074;
SQNR=56475;DATE=24-08-14;TIME=15:41:15;STAT=201212;TMPA=32;TMPP=321;TMPB=27;TMPC=30;RHUA=41;DWPA=17;PTYP=1;PNAM=MS-80SH;PIRA=649;PIRP=651;PIRM=652;PIRL=179;PIRH=1074;
SQNR=56490;DATE=24-08-14;TIME=15:41:30;STAT=201212;TMPA=32;TMPP=320;TMPB=27;TMPC=30;RHUA=42;DWPA=17;PTYP=1;PNAM=MS-80SH;PIRA=646;PIRP=649;PIRM=650;PIRL=179;PIRH=1074;
SQNR=56505;DATE=24-08-14;TIME=15:41:45;STAT=201212;TMPA=32;TMPP=320;TMPB=27;TMPC=30;RHUA=43;DWPA=18;PTYP=1;PNAM=MS-80SH;PIRA=644;PIRP=646;PIRM=648;PIRL=179;PIRH=1074;
SQNR=56520;DATE=24-08-14;TIME=15:42:00;STAT=201212;TMPA=31;TMPP=319;TMPB=27;TMPC=30;RHUA=44;DWPA=18;PTYP=1;PNAM=MS-80SH;PIRA=642;PIRP=644;PIRM=646;PIRL=179;PIRH=1074;
SQNR=56535;DATE=24-08-14;TIME=15:42:15;STAT=201212;TMPA=31;TMPP=319;TMPB=27;TMPC=30;RHUA=44;DWPA=18;PTYP=1;PNAM=MS-80SH;PIRA=642;PIRP=643;PIRM=645;PIRL=179;PIRH=1074;
SQNR=56550;DATE=24-08-14;TIME=15:42:30;STAT=201212;TMPA=31;TMPP=319;TMPB=27;TMPC=30;RHUA=45;DWPA=18;PTYP=1;PNAM=MS-80SH;PIRA=640;PIRP=642;PIRM=643;PIRL=179;PIRH=1074;
SQNR=56565;DATE=24-08-14;TIME=15:42:45;STAT=201212;TMPA=31;TMPP=319;TMPB=27;TMPC=30;RHUA=44;DWPA=18;PTYP=1;PNAM=MS-80SH;PIRA=638;PIRP=639;PIRM=641;PIRL=179;PIRH=1074;
SQNR=56580;DATE=24-08-14;TIME=15:43:00;STAT=201212;TMPA=32;TMPP=320;TMPB=27;TMPC=30;RHUA=48;DWPA=19;PTYP=1;PNAM=MS-80SH;PIRA=634;PIRP=637;PIRM=639;PIRL=179;PIRH=1074;
SQNR=56595;DATE=24-08-14;TIME=15:43:15;STAT=201212;TMPA=32;TMPP=320;TMPB=27;TMPC=30;RHUA=47;DWPA=19;PTYP=1;PNAM=MS-80SH;PIRA=627;PIRP=634;PIRM=636;PIRL=179;PIRH=1074;
SQNR=56610;DATE=24-08-14;TIME=15:43:30;STAT=201212;TMPA=32;TMPP=321;TMPB=27;TMPC=30;RHUA=42;DWPA=17;PTYP=1;PNAM=MS-80SH;PIRA=599;PIRP=595;PIRM=604;PIRL=179;PIRH=1074;
SQNR=56625;DATE=24-08-14;TIME=15:43:45;STAT=201212;TMPA=32;TMPP=321;TMPB=27;TMPC=30;RHUA=42;DWPA=17;PTYP=1;PNAM=MS-80SH;PIRA=630;PIRP=589;PIRM=612;PIRL=179;PIRH=1074;
SQNR=56640;DATE=24-08-14;TIME=15:44:00;STAT=201212;TMPA=32;TMPP=320;TMPB=27;TMPC=30;RHUA=42;DWPA=17;PTYP=1;PNAM=MS-80SH;PIRA=633;PIRP=627;PIRM=620;PIRL=179;PIRH=1074;
SQNR=56655;DATE=24-08-14;TIME=15:44:15;STAT=201212;TMPA=32;TMPP=320;TMPB=27;TMPC=30;RHUA=42;DWPA=17;PTYP=1;PNAM=MS-80SH;PIRA=638;PIRP=634;PIRM=626;PIRL=179;PIRH=1074;
SQNR=56670;DATE=24-08-14;TIME=15:44:30;STAT=201212;TMPA=31;TMPP=319;TMPB=27;TMPC=30;RHUA=41;DWPA=17;PTYP=1;PNAM=MS-80SH;PIRA=639;PIRP=637;PIRM=631;PIRL=179;PIRH=1074;
SQNR=56685;DATE=24-08-14;TIME=15:44:45;STAT=201212;TMPA=31;TMPP=318;TMPB=27;TMPC=30;RHUA=42;DWPA=17;PTYP=1;PNAM=MS-80SH;PIRA=638;PIRP=638;PIRM=634;PIRL=179;PIRH=1074;
SQNR=56700;DATE=24-08-14;TIME=15:45:00;STAT=201212;TMPA=31;TMPP=318;TMPB=27;TMPC=30;RHUA=43;DWPA=17;PTYP=1;PNAM=MS-80SH;PIRA=638;PIRP=638;PIRM=636;PIRL=179;PIRH=1074;
C-----;?
V-----;SWVNR=2102190;SQNDL=56702;DATE=24-08-14;TIME=15:45:07;THTYP=85;TTEMP=15;TDEWP=5;IUFAN=800;ILFAN=5;IUHEA=3000;PYDEF=21;PYAVT=30;PYAVW=1;PYOST=0;MSDLY=15;FNDLY=30;OSTRG=3;DBGFL=0;ASIRE=0;DBGRE=0;MPPFL=-1;
SQNR=56715;DATE=24-08-14;TIME=15:45:15;STAT=201212;TMPA=31;TMPP=317;TMPB=27;TMPC=30;RHUA=47;DWPA=19;PTYP=1;PNAM=MS-80SH;PIRA=639;PIRP=638;PIRM=637;PIRL=179;PIRH=1074;
SQNR=56730;DATE=24-08-14;TIME=15:45:30;STAT=201212;TMPA=31;TMPP=317;TMPB=27;TMPC=30;RHUA=49;DWPA=19;PTYP=1;PNAM=MS-80SH;PIRA=638;PIRP=639;PIRM=638;PIRL=179;PIRH=1074;
SQNR=56745;DATE=24-08-14;TIME=15:45:45;STAT=201212;TMPA=31;TMPP=317;TMPB=27;TMPC=30;RHUA=49;DWPA=20;PTYP=1;PNAM=MS-80SH;PIRA=637;PIRP=638;PIRM=638;PIRL=179;PIRH=1074;
SQNR=56760;DATE=24-08-14;TIME=15:46:00;STAT=201212;TMPA=31;TMPP=318;TMPB=27;TMPC=30;RHUA=48;DWPA=19;PTYP=1;PNAM=MS-80SH;PIRA=638;PIRP=638;PIRM=638;PIRL=179;PIRH=1074;
SQNR=56775;DATE=24-08-14;TIME=15:46:15;STAT=201212;TMPA=31;TMPP=319;TMPB=27;TMPC=30;RHUA=45;DWPA=18;PTYP=1;PNAM=MS-80SH;PIRA=636;PIRP=638;PIRM=638;PIRL=179;PIRH=1074;
SQNR=56790;DATE=24-08-14;TIME=15:46:30;STAT=201212;TMPA=32;TMPP=320;TMPB=27;TMPC=30;RHUA=46;DWPA=19;PTYP=1;PNAM=MS-80SH;PIRA=637;PIRP=636;PIRM=637;PIRL=179;PIRH=1074;
SQNR=56805;DATE=24-08-14;TIME=15:46:45;STAT=201212;TMPA=32;TMPP=320;TMPB=27;TMPC=30;RHUA=47;DWPA=19;PTYP=1;PNAM=MS-80SH;PIRA=634;PIRP=635;PIRM=636;PIRL=179;PIRH=1074;
SQNR=56820;DATE=24-08-14;TIME=15:47:00;STAT=201212;TMPA=32;TMPP=321;TMPB=27;TMPC=30;RHUA=47;DWPA=19;PTYP=1;PNAM=MS-80SH;PIRA=633;PIRP=634;PIRM=635;PIRL=179;PIRH=1074;
SQNR=56835;DATE=24-08-14;TIME=15:47:15;STAT=201212;TMPA=32;TMPP=322;TMPB=27;TMPC=30;RHUA=49;DWPA=20;PTYP=1;PNAM=MS-80SH;PIRA=633;PIRP=634;PIRM=634;PIRL=179;PIRH=1074;
SQNR=56850;DATE=24-08-14;TIME=15:47:30;STAT=201212;TMPA=32;TMPP=323;TMPB=27;TMPC=30;RHUA=46;DWPA=19;PTYP=1;PNAM=MS-80SH;PIRA=634;PIRP=633;PIRM=634;PIRL=179;PIRH=1074;
SQNR=56865;DATE=24-08-14;TIME=15:47:45;STAT=201212;TMPA=32;TMPP=323;TMPB=27;TMPC=30;RHUA=46;DWPA=19;PTYP=1;PNAM=MS-80SH;PIRA=635;PIRP=634;PIRM=634;PIRL=179;PIRH=1074;
SQNR=56880;DATE=24-08-14;TIME=15:48:00;STAT=201212;TMPA=32;TMPP=322;TMPB=27;TMPC=30;RHUA=44;DWPA=18;PTYP=1;PNAM=MS-80SH;PIRA=635;PIRP=635;PIRM=635;PIRL=179;PIRH=1074;
SQNR=56895;DATE=24-08-14;TIME=15:48:15;STAT=201212;TMPA=32;TMPP=321;TMPB=27;TMPC=30;RHUA=46;DWPA=19;PTYP=1;PNAM=MS-80SH;PIRA=634;PIRP=635;PIRM=635;PIRL=179;PIRH=1074;
SQNR=56910;DATE=24-08-14;TIME=15:48:30;STAT=201212;TMPA=32;TMPP=320;TMPB=27;TMPC=30;RHUA=49;DWPA=20;PTYP=1;PNAM=MS-80SH;PIRA=632;PIRP=634;PIRM=634;PIRL=179;PIRH=1074;
SQNR=56925;DATE=24-08-14;TIME=15:48:45;STAT=201212;TMPA=32;TMPP=320;TMPB=27;TMPC=30;RHUA=47;DWPA=19;PTYP=1;PNAM=MS-80SH;PIRA=632;PIRP=633;PIRM=633;PIRL=179;PIRH=1074;
SQNR=56940;DATE=24-08-14;TIME=15:49:00;STAT=201212;TMPA=31;TMPP=319;TMPB=27;TMPC=30;RHUA=45;DWPA=18;PTYP=1;PNAM=MS-80SH;PIRA=633;PIRP=633;PIRM=633;PIRL=179;PIRH=1074;
SQNR=56955;DATE=24-08-14;TIME=15:49:15;STAT=201212;TMPA=31;TMPP=318;TMPB=27;TMPC=30;RHUA=44;DWPA=18;PTYP=1;PNAM=MS-80SH;PIRA=633;PIRP=633;PIRM=633;PIRL=179;PIRH=1074;
SQNR=56970;DATE=24-08-14;TIME=15:49:30;STAT=201212;TMPA=31;TMPP=318;TMPB=27;TMPC=30;RHUA=43;DWPA=17;PTYP=1;PNAM=MS-80SH;PIRA=634;PIRP=633;PIRM=633;PIRL=179;PIRH=1074;
SQNR=56985;DATE=24-08-14;TIME=15:49:45;STAT=201212;TMPA=31;TMPP=318;TMPB=27;TMPC=30;RHUA=43;DWPA=17;PTYP=1;PNAM=MS-80SH;PIRA=633;PIRP=634;PIRM=633;PIRL=179;PIRH=1074;
SQNR=57000;DATE=24-08-14;TIME=15:50:00;STAT=201212;TMPA=31;TMPP=317;TMPB=27;TMPC=30;RHUA=41;DWPA=17;PTYP=1;PNAM=MS-80SH;PIRA=632;PIRP=633;PIRM=633;PIRL=179;PIRH=1074;
C-----;?
V-----;SWVNR=2102190;SQNDL=57001;DATE=24-08-14;TIME=15:50:06;THTYP=85;TTEMP=15;TDEWP=5;IUFAN=800;ILFAN=5;IUHEA=3000;PYDEF=21;PYAVT=30;PYAVW=1;PYOST=0;MSDLY=15;FNDLY=30;OSTRG=3;DBGFL=0;ASIRE=0;DBGRE=0;MPPFL=-1;
SQNR=57015;DATE=24-08-14;TIME=15:50:15;STAT=201212;TMPA=31;TMPP=316;TMPB=27;TMPC=30;RHUA=42;DWPA=17;PTYP=1;PNAM=MS-80SH;PIRA=629;PIRP=631;PIRM=632;PIRL=179;PIRH=1074;
SQNR=57030;DATE=24-08-14;TIME=15:50:30;STAT=201212;TMPA=31;TMPP=316;TMPB=27;TMPC=30;RHUA=45;DWPA=18;PTYP=1;PNAM=MS-80SH;PIRA=628;PIRP=629;PIRM=631;PIRL=179;PIRH=1074;
SQNR=57045;DATE=24-08-14;TIME=15:50:45;STAT=201212;TMPA=31;TMPP=316;TMPB=27;TMPC=30;RHUA=44;DWPA=18;PTYP=1;PNAM=MS-80SH;PIRA=627;PIRP=628;PIRM=629;PIRL=179;PIRH=1074;
SQNR=57060;DATE=24-08-14;TIME=15:51:00;STAT=201212;TMPA=31;TMPP=315;TMPB=27;TMPC=30;RHUA=47;DWPA=18;PTYP=1;PNAM=MS-80SH;PIRA=627;PIRP=627;PIRM=628;PIRL=179;PIRH=1074;
SQNR=57075;DATE=24-08-14;TIME=15:51:15;STAT=201212;TMPA=31;TMPP=315;TMPB=27;TMPC=30;RHUA=46;DWPA=18;PTYP=1;PNAM=MS-80SH;PIRA=627;PIRP=626;PIRM=628;PIRL=179;PIRH=1074;
SQNR=57090;DATE=24-08-14;TIME=15:51:30;STAT=201212;TMPA=31;TMPP=315;TMPB=27;TMPC=30;RHUA=43;DWPA=17;PTYP=1;PNAM=MS-80SH;PIRA=627;PIRP=627;PIRM=627;PIRL=179;PIRH=1074;
SQNR=57105;DATE=24-08-14;TIME=15:51:45;STAT=201212;TMPA=31;TMPP=315;TMPB=27;TMPC=30;RHUA=43;DWPA=17;PTYP=1;PNAM=MS-80SH;PIRA=626;PIRP=627;PIRM=627;PIRL=179;PIRH=1074;
SQNR=57120;DATE=24-08-14;TIME=15:52:00;STAT=201212;TMPA=31;TMPP=315;TMPB=27;TMPC=30;RHUA=42;DWPA=17;PTYP=1;PNAM=MS-80SH;PIRA=626;PIRP=627;PIRM=627;PIRL=179;PIRH=1074;
SQNR=57135;DATE=24-08-14;TIME=15:52:15;STAT=201212;TMPA=31;TMPP=314;TMPB=27;TMPC=30;RHUA=46;DWPA=18;PTYP=1;PNAM=MS-80SH;PIRA=624;PIRP=626;PIRM=626;PIRL=179;PIRH=1074;
SQNR=57150;DATE=24-08-14;TIME=15:52:30;STAT=201212;TMPA=31;TMPP=314;TMPB=27;TMPC=30;RHUA=45;DWPA=18;PTYP=1;PNAM=MS-80SH;PIRA=624;PIRP=625;PIRM=625;PIRL=179;PIRH=1074;
SQNR=57165;DATE=24-08-14;TIME=15:52:45;STAT=201212;TMPA=31;TMPP=314;TMPB=27;TMPC=30;RHUA=45;DWPA=18;PTYP=1;PNAM=MS-80SH;PIRA=623;PIRP=624;PIRM=625;PIRL=179;PIRH=1074;
SQNR=57180;DATE=24-08-14;TIME=15:53:00;STAT=201212;TMPA=31;TMPP=313;TMPB=27;TMPC=30;RHUA=45;DWPA=18;PTYP=1;PNAM=MS-80SH;PIRA=625;PIRP=624;PIRM=624;PIRL=179;PIRH=1074;
SQNR=57195;DATE=24-08-14;TIME=15:53:15;STAT=201212;TMPA=31;TMPP=312;TMPB=27;TMPC=30;RHUA=42;DWPA=16;PTYP=1;PNAM=MS-80SH;PIRA=625;PIRP=625;PIRM=625;PIRL=179;PIRH=1074;
SQNR=57210;DATE=24-08-14;TIME=15:53:30;STAT=201212;TMPA=31;TMPP=311;TMPB=27;TMPC=30;RHUA=43;DWPA=17;PTYP=1;PNAM=MS-80SH;PIRA=626;PIRP=626;PIRM=625;PIRL=179;PIRH=1074;
SQNR=57225;DATE=24-08-14;TIME=15:53:45;STAT=201212;TMPA=31;TMPP=310;TMPB=27;TMPC=30;RHUA=43;DWPA=16;PTYP=1;PNAM=MS-80SH;PIRA=626;PIRP=626;PIRM=626;PIRL=179;PIRH=1074;
SQNR=57240;DATE=24-08-14;TIME=15:54:00;STAT=201212;TMPA=30;TMPP=309;TMPB=27;TMPC=30;RHUA=43;DWPA=17;PTYP=1;PNAM=MS-80SH;PIRA=626;PIRP=626;PIRM=626;PIRL=179;PIRH=1074;
SQNR=57255;DATE=24-08-14;TIME=15:54:15;STAT=201212;TMPA=30;TMPP=308;TMPB=27;TMPC=30;RHUA=43;DWPA=16;PTYP=1;PNAM=MS-80SH;PIRA=624;PIRP=625;PIRM=625;PIRL=179;PIRH=1074;
SQNR=57270;DATE=24-08-14;TIME=15:54:30;STAT=201212;TMPA=30;TMPP=307;TMPB=27;TMPC=29;RHUA=44;DWPA=17;PTYP=1;PNAM=MS-80SH;PIRA=622;PIRP=623;PIRM=624;PIRL=179;PIRH=1074;
SQNR=57285;DATE=24-08-14;TIME=15:54:45;STAT=201212;TMPA=30;TMPP=307;TMPB=27;TMPC=29;RHUA=44;DWPA=17;PTYP=1;PNAM=MS-80SH;PIRA=618;PIRP=621;PIRM=622;PIRL=179;PIRH=1074;
SQNR=57300;DATE=24-08-14;TIME=15:55:00;STAT=201212;TMPA=30;TMPP=306;TMPB=27;TMPC=29;RHUA=45;DWPA=17;PTYP=1;PNAM=MS-80SH;PIRA=617;PIRP=619;PIRM=620;PIRL=179;PIRH=1074;
C-----;?
V-----;SWVNR=2102190;SQNDL=57301;DATE=24-08-14;TIME=15:55:06;THTYP=85;TTEMP=15;TDEWP=5;IUFAN=800;ILFAN=5;IUHEA=3000;PYDEF=21;PYAVT=30;PYAVW=1;PYOST=0;MSDLY=15;FNDLY=30;OSTRG=3;DBGFL=0;ASIRE=0;DBGRE=0;MPPFL=-1;
SQNR=57315;DATE=24-08-14;TIME=15:55:15;STAT=201212;TMPA=30;TMPP=306;TMPB=27;TMPC=29;RHUA=43;DWPA=16;PTYP=1;PNAM=MS-80SH;PIRA=617;PIRP=617;PIRM=619;PIRL=179;PIRH=1074;
SQNR=57330;DATE=24-08-14;TIME=15:55:30;STAT=201212;TMPA=30;TMPP=305;TMPB=27;TMPC=29;RHUA=45;DWPA=17;PTYP=1;PNAM=MS-80SH;PIRA=615;PIRP=616;PIRM=618;PIRL=179;PIRH=1074;
SQNR=57345;DATE=24-08-14;TIME=15:55:45;STAT=201212;TMPA=30;TMPP=305;TMPB=27;TMPC=29;RHUA=43;DWPA=16;PTYP=1;PNAM=MS-80SH;PIRA=616;PIRP=616;PIRM=617;PIRL=179;PIRH=1074;
SQNR=57360;DATE=24-08-14;TIME=15:56:00;STAT=201212;TMPA=30;TMPP=305;TMPB=27;TMPC=29;RHUA=43;DWPA=16;PTYP=1;PNAM=MS-80SH;PIRA=616;PIRP=615;PIRM=616;PIRL=179;PIRH=1074;
SQNR=57375;DATE=24-08-14;TIME=15:56:15;STAT=201212;TMPA=30;TMPP=304;TMPB=27;TMPC=29;RHUA=44;DWPA=16;PTYP=1;PNAM=MS-80SH;PIRA=618;PIRP=616;PIRM=617;PIRL=179;PIRH=1074;
SQNR=57390;DATE=24-08-14;TIME=15:56:30;STAT=201212;TMPA=30;TMPP=304;TMPB=27;TMPC=29;RHUA=44;DWPA=17;PTYP=1;PNAM=MS-80SH;PIRA=618;PIRP=617;PIRM=617;PIRL=179;PIRH=1074;
SQNR=57405;DATE=24-08-14;TIME=15:56:45;STAT=201212;TMPA=30;TMPP=304;TMPB=27;TMPC=29;RHUA=44;DWPA=17;PTYP=1;PNAM=MS-80SH;PIRA=617;PIRP=618;PIRM=617;PIRL=179;PIRH=1074;
SQNR=57420;DATE=24-08-14;TIME=15:57:00;STAT=201212;TMPA=30;TMPP=305;TMPB=27;TMPC=29;RHUA=45;DWPA=17;PTYP=1;PNAM=MS-80SH;PIRA=619;PIRP=618;PIRM=618;PIRL=179;PIRH=1074;
SQNR=57435;DATE=24-08-14;TIME=15:57:15;STAT=201212;TMPA=30;TMPP=306;TMPB=27;TMPC=29;RHUA=45;DWPA=17;PTYP=1;PNAM=MS-80SH;PIRA=621;PIRP=620;PIRM=619;PIRL=179;PIRH=1074;
SQNR=57450;DATE=24-08-14;TIME=15:57:30;STAT=201212;TMPA=30;TMPP=307;TMPB=27;TMPC=29;RHUA=48;DWPA=18;PTYP=1;PNAM=MS-80SH;PIRA=621;PIRP=621;PIRM=620;PIRL=179;PIRH=1074;
SQNR=57465;DATE=24-08-14;TIME=15:57:45;STAT=201212;TMPA=30;TMPP=308;TMPB=27;TMPC=29;RHUA=45;DWPA=17;PTYP=1;PNAM=MS-80SH;PIRA=621;PIRP=620;PIRM=620;PIRL=179;PIRH=1074;
SQNR=57480;DATE=24-08-14;TIME=15:58:00;STAT=201212;TMPA=30;TMPP=308;TMPB=27;TMPC=29;RHUA=46;DWPA=17;PTYP=1;PNAM=MS-80SH;PIRA=618;PIRP=620;PIRM=620;PIRL=179;PIRH=1074;
SQNR=57495;DATE=24-08-14;TIME=15:58:15;STAT=201212;TMPA=30;TMPP=308;TMPB=27;TMPC=29;RHUA=43;DWPA=16;PTYP=1;PNAM=MS-80SH;PIRA=619;PIRP=619;PIRM=619;PIRL=179;PIRH=1074;
SQNR=57510;DATE=24-08-14;TIME=15:58:30;STAT=201212;TMPA=30;TMPP=307;TMPB=27;TMPC=29;RHUA=44;DWPA=17;PTYP=1;PNAM=MS-80SH;PIRA=620;PIRP=619;PIRM=619;PIRL=179;PIRH=1074;
SQNR=57525;DATE=24-08-14;TIME=15:58:45;STAT=201212;TMPA=30;TMPP=307;TMPB=27;TMPC=30;RHUA=44;DWPA=17;PTYP=1;PNAM=MS-80SH;PIRA=621;PIRP=620;PIRM=620;PIRL=179;PIRH=1074;
SQNR=57540;DATE=24-08-14;TIME=15:59:00;STAT=201212;TMPA=30;TMPP=306;TMPB=27;TMPC=30;RHUA=45;DWPA=17;PTYP=1;PNAM=MS-80SH;PIRA=620;PIRP=621;PIRM=620;PIRL=179;PIRH=1074;
SQNR=57555;DATE=24-08-14;TIME=15:59:15;STAT=201212;TMPA=30;TMPP=306;TMPB=27;TMPC=29;RHUA=46;DWPA=17;PTYP=1;PNAM=MS-80SH;PIRA=620;PIRP=620;PIRM=620;PIRL=179;PIRH=1074;
SQNR=57570;DATE=24-08-14;TIME=15:59:30;STAT=201212;TMPA=30;TMPP=305;TMPB=27;TMPC=29;RHUA=47;DWPA=18;PTYP=1;PNAM=MS-80SH;PIRA=621;PIRP=620;PIRM=620;PIRL=179;PIRH=1074;
SQNR=57585;DATE=24-08-14;TIME=15:59:45;STAT=201212;TMPA=30;TMPP=305;TMPB=27;TMPC=29;RHUA=48;DWPA=18;PTYP=1;PNAM=MS-80SH;PIRA=620;PIRP=621;PIRM=620;PIRL=179;PIRH=1074;
SQNR=57600;DATE=24-08-14;TIME=16:00:00;STAT=201212;TMPA=30;TMPP=304;TMPB=27;TMPC=29;RHUA=47;DWPA=18;PTYP=1;PNAM=MS-80SH;PIRA=621;PIRP=621;PIRM=621;PIRL=179;PIRH=1074;
C-----;?
V-----;SWVNR=2102190;SQNDL=57602;DATE=24-08-14;TIME=16:00:07;THTYP=85;TTEMP=15;TDEWP=5;IUFAN=800;ILFAN=5;IUHEA=3000;PYDEF=21;PYAVT=30;PYAVW=1;PYOST=0;MSDLY=15;FNDLY=30;OSTRG=3;DBGFL=0;ASIRE=0;DBGRE=0;MPPFL=-1;
SQNR=57615;DATE=24-08-14;TIME=16:00:15;STAT=201212;TMPA=30;TMPP=304;TMPB=27;TMPC=29;RHUA=44;DWPA=16;PTYP=1;PNAM=MS-80SH;PIRA=621;PIRP=621;PIRM=621;PIRL=179;PIRH=1074;
SQNR=57630;DATE=24-08-14;TIME=16:00:30;STAT=201212;TMPA=30;TMPP=303;TMPB=27;TMPC=29;RHUA=43;DWPA=16;PTYP=1;PNAM=MS-80SH;PIRA=620;PIRP=621;PIRM=621;PIRL=179;PIRH=1074;
SQNR=57645;DATE=24-08-14;TIME=16:00:45;STAT=201212;TMPA=30;TMPP=304;TMPB=27;TMPC=29;RHUA=43;DWPA=16;PTYP=1;PNAM=MS-80SH;PIRA=618;PIRP=620;PIRM=620;PIRL=179;PIRH=1074;
SQNR=57660;DATE=24-08-14;TIME=16:01:00;STAT=201212;TMPA=30;TMPP=303;TMPB=27;TMPC=29;RHUA=44;DWPA=16;PTYP=1;PNAM=MS-80SH;PIRA=615;PIRP=618;PIRM=619;PIRL=179;PIRH=1074;
C-----;P1001
P-----;DATE=24-08-14;TIME=16:01:03;PSNR=23059772;PTMP=357;PRHU=7;PSTX=-26;PSTY=11;
SQNR=57675;DATE=24-08-14;TIME=16:01:15;STAT=201212;TMPA=30;TMPP=303;TMPB=27;TMPC=29;RHUA=44;DWPA=17;PTYP=1;PNAM=MS-80SH;PIRA=616;PIRP=616;PIRM=617;PIRL=179;PIRH=1074;
SQNR=57690;DATE=24-08-14;TIME=16:01:30;STAT=201212;TMPA=30;TMPP=303;TMPB=27;TMPC=29;RHUA=45;DWPA=17;PTYP=1;PNAM=MS-80SH;PIRA=614;PIRP=615;PIRM=616;PIRL=179;PIRH=1074;
SQNR=57705;DATE=24-08-14;TIME=16:01:45;STAT=201212;TMPA=30;TMPP=303;TMPB=27;TMPC=29;RHUA=45;DWPA=17;PTYP=1;PNAM=MS-80SH;PIRA=614;PIRP=614;PIRM=615;PIRL=179;PIRH=1074;
SQNR=57720;DATE=24-08-14;TIME=16:02:00;STAT=201212;TMPA=30;TMPP=303;TMPB=27;TMPC=29;RHUA=48;DWPA=18;PTYP=1;PNAM=MS-80SH;PIRA=614;PIRP=614;PIRM=615;PIRL=179;PIRH=1074;
SQNR=57735;DATE=24-08-14;TIME=16:02:15;STAT=201212;TMPA=30;TMPP=303;TMPB=27;TMPC=29;RHUA=44;DWPA=16;PTYP=1;PNAM=MS-80SH;PIRA=614;PIRP=614;PIRM=614;PIRL=179;PIRH=1074;
SQNR=57750;DATE=24-08-14;TIME=16:02:30;STAT=201212;TMPA=30;TMPP=303;TMPB=27;TMPC=29;RHUA=46;DWPA=17;PTYP=1;PNAM=MS-80SH;PIRA=614;PIRP=614;PIRM=614;PIRL=179;PIRH=1074;
SQNR=57765;DATE=24-08-14;TIME=16:02:45;STAT=201212;TMPA=30;TMPP=303;TMPB=27;TMPC=29;RHUA=46;DWPA=17;PTYP=1;PNAM=MS-80SH;PIRA=612;PIRP=613;PIRM=614;PIRL=179;PIRH=1074;
SQNR=57780;DATE=24-08-14;TIME=16:03:00;STAT=201212;TMPA=30;TMPP=303;TMPB=27;TMPC=29;RHUA=47;DWPA=17;PTYP=1;PNAM=MS-80SH;PIRA=609;PIRP=612;PIRM=612;PIRL=179;PIRH=1074;
SQNR=57795;DATE=24-08-14;TIME=16:03:15;STAT=201212;TMPA=30;TMPP=303;TMPB=27;TMPC=29;RHUA=45;DWPA=17;PTYP=1;PNAM=MS-80SH;PIRA=609;PIRP=610;PIRM=611;PIRL=179;PIRH=1074;
SQNR=57810;DATE=24-08-14;TIME=16:03:30;STAT=201212;TMPA=30;TMPP=303;TMPB=27;TMPC=29;RHUA=46;DWPA=17;PTYP=1;PNAM=MS-80SH;PIRA=608;PIRP=609;PIRM=610;PIRL=179;PIRH=1074;
SQNR=57825;DATE=24-08-14;TIME=16:03:45;STAT=201212;TMPA=30;TMPP=303;TMPB=27;TMPC=29;RHUA=47;DWPA=18;PTYP=1;PNAM=MS-80SH;PIRA=607;PIRP=608;PIRM=609;PIRL=179;PIRH=1074;
SQNR=57840;DATE=24-08-14;TIME=16:04:00;STAT=201212;TMPA=30;TMPP=303;TMPB=27;TMPC=29;RHUA=45;DWPA=17;PTYP=1;PNAM=MS-80SH;PIRA=608;PIRP=607;PIRM=608;PIRL=179;PIRH=1074;
SQNR=57855;DATE=24-08-14;TIME=16:04:15;STAT=201212;TMPA=30;TMPP=303;TMPB=27;TMPC=29;RHUA=45;DWPA=17;PTYP=1;PNAM=MS-80SH;PIRA=608;PIRP=607;PIRM=608;PIRL=179;PIRH=1074;
SQNR=57870;DATE=24-08-14;TIME=16:04:30;STAT=201212;TMPA=30;TMPP=303;TMPB=27;TMPC=29;RHUA=45;DWPA=17;PTYP=1;PNAM=MS-80SH;PIRA=611;PIRP=609;PIRM=609;PIRL=179;PIRH=1074;
SQNR=57885;DATE=24-08-14;TIME=16:04:45;STAT=201212;TMPA=30;TMPP=303;TMPB=27;TMPC=29;RHUA=45;DWPA=17;PTYP=1;PNAM=MS-80SH;PIRA=611;PIRP=611;PIRM=610;PIRL=179;PIRH=1074;
SQNR=57900;DATE=24-08-14;TIME=16:05:00;STAT=201212;TMPA=30;TMPP=303;TMPB=27;TMPC=29;RHUA=47;DWPA=18;PTYP=1;PNAM=MS-80SH;PIRA=609;PIRP=611;PIRM=610;PIRL=179;PIRH=1074;
C-----;?
V-----;SWVNR=2102190;SQNDL=57901;DATE=24-08-14;TIME=16:05:06;THTYP=85;TTEMP=15;TDEWP=5;IUFAN=800;ILFAN=5;IUHEA=3000;PYDEF=21;PYAVT=30;PYAVW=1;PYOST=0;MSDLY=15;FNDLY=30;OSTRG=3;DBGFL=0;ASIRE=0;DBGRE=0;MPPFL=-1;
SQNR=57915;DATE=24-08-14;TIME=16:05:15;STAT=201212;TMPA=30;TMPP=304;TMPB=27;TMPC=29;RHUA=45;DWPA=17;PTYP=1;PNAM=MS-80SH;PIRA=388;PIRP=586;PIRM=588;PIRL=179;PIRH=1074;
SQNR=57930;DATE=24-08-14;TIME=16:05:30;STAT=201212;TMPA=30;TMPP=304;TMPB=27;TMPC=29;RHUA=46;DWPA=17;PTYP=1;PNAM=MS-80SH;PIRA=605;PIRP=559;PIRM=578;PIRL=179;PIRH=1074;
SQNR=57945;DATE=24-08-14;TIME=16:05:45;STAT=201212;TMPA=30;TMPP=304;TMPB=27;TMPC=29;RHUA=46;DWPA=17;PTYP=1;PNAM=MS-80SH;PIRA=607;PIRP=581;PIRM=589;PIRL=179;PIRH=1074;
SQNR=57960;DATE=24-08-14;TIME=16:06:00;STAT=201212;TMPA=30;TMPP=304;TMPB=27;TMPC=29;RHUA=46;DWPA=17;PTYP=1;PNAM=MS-80SH;PIRA=610;PIRP=607;PIRM=597;PIRL=179;PIRH=1074;
SQNR=57975;DATE=24-08-14;TIME=16:06:15;STAT=201212;TMPA=30;TMPP=304;TMPB=27;TMPC=29;RHUA=43;DWPA=16;PTYP=1;PNAM=MS-80SH;PIRA=614;PIRP=610;PIRM=603;PIRL=179;PIRH=1074;
SQNR=57990;DATE=24-08-14;TIME=16:06:30;STAT=201212;TMPA=30;TMPP=304;TMPB=27;TMPC=29;RHUA=46;DWPA=17;PTYP=1;PNAM=MS-80SH;PIRA=593;PIRP=613;PIRM=607;PIRL=179;PIRH=1074;
SQNR=58005;DATE=24-08-14;TIME=16:06:45;STAT=201212;TMPA=30;TMPP=304;TMPB=27;TMPC=29;RHUA=44;DWPA=16;PTYP=1;PNAM=MS-80SH;PIRA=542;PIRP=579;PIRM=581;PIRL=179;PIRH=1074;
SQNR=58020;DATE=24-08-14;TIME=16:07:00;STAT=201212;TMPA=30;TMPP=303;TMPB=27;TMPC=29;RHUA=44;DWPA=16;PTYP=1;PNAM=MS-80SH;PIRA=334;PIRP=455;PIRM=489;PIRL=179;PIRH=1074;
SQNR=58035;DATE=24-08-14;TIME=16:07:15;STAT=201212;TMPA=30;TMPP=304;TMPB=27;TMPC=29;RHUA=44;DWPA=16;PTYP=1;PNAM=MS-80SH;PIRA=611;PIRP=461;PIRM=521;PIRL=179;PIRH=1074;
SQNR=58050;DATE=24-08-14;TIME=16:07:30;STAT=201212;TMPA=30;TMPP=304;TMPB=27;TMPC=29;RHUA=44;DWPA=16;PTYP=1;PNAM=MS-80SH;PIRA=607;PIRP=584;PIRM=556;PIRL=179;PIRH=1074;
SQNR=58065;DATE=24-08-14;TIME=16:07:45;STAT=201212;TMPA=30;TMPP=304;TMPB=27;TMPC=29;RHUA=44;DWPA=16;PTYP=1;PNAM=MS-80SH;PIRA=604;PIRP=598;PIRM=569;PIRL=179;PIRH=1074;
SQNR=58080;DATE=24-08-14;TIME=16:08:00;STAT=201212;TMPA=30;TMPP=304;TMPB=27;TMPC=29;RHUA=44;DWPA=16;PTYP=1;PNAM=MS-80SH;PIRA=528;PIRP=575;PIRM=566;PIRL=179;PIRH=1074;
SQNR=58095;DATE=24-08-14;TIME=16:08:15;STAT=201212;TMPA=30;TMPP=304;TMPB=27;TMPC=29;RHUA=43;DWPA=16;PTYP=1;PNAM=MS-80SH;PIRA=586;PIRP=557;PIRM=561;PIRL=179;PIRH=1074;
SQNR=58110;DATE=24-08-14;TIME=16:08:30;STAT=201212;TMPA=30;TMPP=305;TMPB=27;TMPC=29;RHUA=43;DWPA=16;PTYP=1;PNAM=MS-80SH;PIRA=588;PIRP=570;PIRM=572;PIRL=179;PIRH=1074;
SQNR=58125;DATE=24-08-14;TIME=16:08:45;STAT=201212;TMPA=30;TMPP=306;TMPB=27;TMPC=29;RHUA=45;DWPA=17;PTYP=1;PNAM=MS-80SH;PIRA=585;PIRP=587;PIRM=578;PIRL=179;PIRH=1074;
SQNR=58140;DATE=24-08-14;TIME=16:09:00;STAT=201212;TMPA=30;TMPP=306;TMPB=27;TMPC=29;RHUA=45;DWPA=17;PTYP=1;PNAM=MS-80SH;PIRA=587;PIRP=586;PIRM=581;PIRL=179;PIRH=1074;
SQNR=58155;DATE=24-08-14;TIME=16:09:15;STAT=201212;TMPA=30;TMPP=307;TMPB=27;TMPC=29;RHUA=47;DWPA=18;PTYP=1;PNAM=MS-80SH;PIRA=588;PIRP=587;PIRM=584;PIRL=179;PIRH=1074;
SQNR=58170;DATE=24-08-14;TIME=16:09:30;STAT=201212;TMPA=30;TMPP=308;TMPB=27;TMPC=29;RHUA=46;DWPA=17;PTYP=1;PNAM=MS-80SH;PIRA=588;PIRP=588;PIRM=586;PIRL=179;PIRH=1074;
SQNR=58185;DATE=24-08-14;TIME=16:09:45;STAT=201212;TMPA=31;TMPP=310;TMPB=27;TMPC=29;RHUA=44;DWPA=17;PTYP=1;PNAM=MS-80SH;PIRA=589;PIRP=589;PIRM=587;PIRL=179;PIRH=1074;
SQNR=58200;DATE=24-08-14;TIME=16:10:00;STAT=201212;TMPA=31;TMPP=311;TMPB=27;TMPC=29;RHUA=44;DWPA=17;PTYP=1;PNAM=MS-80SH;PIRA=590;PIRP=589;PIRM=588;PIRL=179;PIRH=1074;
C-----;?
V-----;SWVNR=2102190;SQNDL=58201;DATE=24-08-14;TIME=16:10:06;THTYP=85;TTEMP=15;TDEWP=5;IUFAN=800;ILFAN=5;IUHEA=3000;PYDEF=21;PYAVT=30;PYAVW=1;PYOST=0;MSDLY=15;FNDLY=30;OSTRG=3;DBGFL=0;ASIRE=0;DBGRE=0;MPPFL=-1;
SQNR=58215;DATE=24-08-14;TIME=16:10:15;STAT=201212;TMPA=31;TMPP=312;TMPB=27;TMPC=29;RHUA=46;DWPA=18;PTYP=1;PNAM=MS-80SH;PIRA=590;PIRP=589;PIRM=589;PIRL=179;PIRH=1074;
SQNR=58230;DATE=24-08-14;TIME=16:10:30;STAT=201212;TMPA=31;TMPP=313;TMPB=27;TMPC=29;RHUA=46;DWPA=18;PTYP=1;PNAM=MS-80SH;PIRA=590;PIRP=590;PIRM=589;PIRL=179;PIRH=1074;
SQNR=58245;DATE=24-08-14;TIME=16:10:45;STAT=201212;TMPA=31;TMPP=314;TMPB=27;TMPC=29;RHUA=47;DWPA=19;PTYP=1;PNAM=MS-80SH;PIRA=590;PIRP=590;PIRM=589;PIRL=179;PIRH=1074;
SQNR=58260;DATE=24-08-14;TIME=16:11:00;STAT=201212;TMPA=31;TMPP=315;TMPB=27;TMPC=29;RHUA=44;DWPA=17;PTYP=1;PNAM=MS-80SH;PIRA=591;PIRP=590;PIRM=590;PIRL=179;PIRH=1074;
SQNR=58275;DATE=24-08-14;TIME=16:11:15;STAT=201212;TMPA=31;TMPP=316;TMPB=27;TMPC=29;RHUA=43;DWPA=17;PTYP=1;PNAM=MS-80SH;PIRA=591;PIRP=591;PIRM=590;PIRL=179;PIRH=1074;
SQNR=58290;DATE=24-08-14;TIME=16:11:30;STAT=201212;TMPA=31;TMPP=317;TMPB=27;TMPC=29;RHUA=44;DWPA=18;PTYP=1;PNAM=MS-80SH;PIRA=592;PIRP=591;PIRM=591;PIRL=179;PIRH=1074;
SQNR=58305;DATE=24-08-14;TIME=16:11:45;STAT=201212;TMPA=31;TMPP=318;TMPB=27;TMPC=29;RHUA=46;DWPA=18;PTYP=1;PNAM=MS-80SH;PIRA=592;PIRP=591;PIRM=591;PIRL=179;PIRH=1074;
SQNR=58320;DATE=24-08-14;TIME=16:12:00;STAT=201212;TMPA=32;TMPP=320;TMPB=28;TMPC=29;RHUA=45;DWPA=18;PTYP=1;PNAM=MS-80SH;PIRA=592;PIRP=591;PIRM=591;PIRL=179;PIRH=1074;
SQNR=58335;DATE=24-08-14;TIME=16:12:15;STAT=201212;TMPA=32;TMPP=321;TMPB=28;TMPC=29;RHUA=45;DWPA=18;PTYP=1;PNAM=MS-80SH;PIRA=588;PIRP=590;PIRM=590;PIRL=179;PIRH=1074;
SQNR=58350;DATE=24-08-14;TIME=16:12:30;STAT=201212;TMPA=32;TMPP=323;TMPB=28;TMPC=29;RHUA=48;DWPA=19;PTYP=1;PNAM=MS-80SH;PIRA=587;PIRP=588;PIRM=589;PIRL=179;PIRH=1074;
SQNR=58365;DATE=24-08-14;TIME=16:12:45;STAT=201212;TMPA=32;TMPP=325;TMPB=28;TMPC=30;RHUA=44;DWPA=19;PTYP=1;PNAM=MS-80SH;PIRA=588;PIRP=588;PIRM=589;PIRL=179;PIRH=1074;
SQNR=58380;DATE=24-08-14;TIME=16:13:00;STAT=201212;TMPA=32;TMPP=327;TMPB=28;TMPC=30;RHUA=43;DWPA=18;PTYP=1;PNAM=MS-80SH;PIRA=584;PIRP=587;PIRM=587;PIRL=179;PIRH=1074;
SQNR=58395;DATE=24-08-14;TIME=16:13:15;STAT=201212;TMPA=32;TMPP=328;TMPB=28;TMPC=30;RHUA=44;DWPA=19;PTYP=1;PNAM=MS-80SH;PIRA=583;PIRP=585;PIRM=586;PIRL=179;PIRH=1074;
SQNR=58410;DATE=24-08-14;TIME=16:13:30;STAT=201212;TMPA=32;TMPP=329;TMPB=28;TMPC=30;RHUA=40;DWPA=17;PTYP=1;PNAM=MS-80SH;PIRA=579;PIRP=583;PIRM=585;PIRL=179;PIRH=1074;
SQNR=58425;DATE=24-08-14;TIME=16:13:45;STAT=201212;TMPA=32;TMPP=329;TMPB=28;TMPC=30;RHUA=42;DWPA=18;PTYP=1;PNAM=MS-80SH;PIRA=572;PIRP=579;PIRM=581;PIRL=179;PIRH=1074;
SQNR=58440;DATE=24-08-14;TIME=16:14:00;STAT=201212;TMPA=32;TMPP=329;TMPB=28;TMPC=30;RHUA=42;DWPA=18;PTYP=1;PNAM=MS-80SH;PIRA=574;PIRP=575;PIRM=578;PIRL=179;PIRH=1074;
SQNR=58455;DATE=24-08-14;TIME=16:14:15;STAT=201212;TMPA=32;TMPP=329;TMPB=28;TMPC=30;RHUA=43;DWPA=18;PTYP=1;PNAM=MS-80SH;PIRA=572;PIRP=573;PIRM=576;PIRL=179;PIRH=1074;
SQNR=58470;DATE=24-08-14;TIME=16:14:30;STAT=201212;TMPA=32;TMPP=329;TMPB=28;TMPC=30;RHUA=42;DWPA=18;PTYP=1;PNAM=MS-80SH;PIRA=569;PIRP=569;PIRM=572;PIRL=179;PIRH=1074;
SQNR=58485;DATE=24-08-14;TIME=16:14:45;STAT=201212;TMPA=32;TMPP=329;TMPB=28;TMPC=30;RHUA=43;DWPA=18;PTYP=1;PNAM=MS-80SH;PIRA=571;PIRP=569;PIRM=571;PIRL=179;PIRH=1074;
SQNR=58500;DATE=24-08-14;TIME=16:15:00;STAT=201212;TMPA=33;TMPP=330;TMPB=28;TMPC=30;RHUA=42;DWPA=18;PTYP=1;PNAM=MS-80SH;PIRA=572;PIRP=570;PIRM=571;PIRL=179;PIRH=1074;
C-----;?
V-----;SWVNR=2102190;SQNDL=58501;DATE=24-08-14;TIME=16:15:06;THTYP=85;TTEMP=15;TDEWP=5;IUFAN=800;ILFAN=5;IUHEA=3000;PYDEF=21;PYAVT=30;PYAVW=1;PYOST=0;MSDLY=15;FNDLY=30;OSTRG=3;DBGFL=0;ASIRE=0;DBGRE=0;MPPFL=-1;
SQNR=58515;DATE=24-08-14;TIME=16:15:15;STAT=201212;TMPA=33;TMPP=330;TMPB=28;TMPC=30;RHUA=39;DWPA=17;PTYP=1;PNAM=MS-80SH;PIRA=576;PIRP=572;PIRM=572;PIRL=179;PIRH=1074;
SQNR=58530;DATE=24-08-14;TIME=16:15:30;STAT=201212;TMPA=33;TMPP=330;TMPB=28;TMPC=30;RHUA=42;DWPA=18;PTYP=1;PNAM=MS-80SH;PIRA=572;PIRP=573;PIRM=572;PIRL=179;PIRH=1074;
SQNR=58545;DATE=24-08-14;TIME=16:15:45;STAT=201212;TMPA=33;TMPP=330;TMPB=28;TMPC=30;RHUA=43;DWPA=18;PTYP=1;PNAM=MS-80SH;PIRA=573;PIRP=573;PIRM=573;PIRL=179;PIRH=1074;
SQNR=58560;DATE=24-08-14;TIME=16:16:00;STAT=201212;TMPA=33;TMPP=330;TMPB=28;TMPC=30;RHUA=42;DWPA=18;PTYP=1;PNAM=MS-80SH;PIRA=578;PIRP=574;PIRM=573;PIRL=179;PIRH=1074;
SQNR=58575;DATE=24-08-14;TIME=16:16:15;STAT=201212;TMPA=33;TMPP=330;TMPB=28;TMPC=30;RHUA=40;DWPA=18;PTYP=1;PNAM=MS-80SH;PIRA=573;PIRP=574;PIRM=574;PIRL=179;PIRH=1074;
SQNR=58590;DATE=24-08-14;TIME=16:16:30;STAT=201212;TMPA=33;TMPP=331;TMPB=28;TMPC=30;RHUA=42;DWPA=18;PTYP=1;PNAM=MS-80SH;PIRA=568;PIRP=572;PIRM=572;PIRL=179;PIRH=1074;
SQNR=58605;DATE=24-08-14;TIME=16:16:45;STAT=201212;TMPA=33;TMPP=332;TMPB=28;TMPC=30;RHUA=42;DWPA=18;PTYP=1;PNAM=MS-80SH;PIRA=572;PIRP=570;PIRM=572;PIRL=179;PIRH=1074;
SQNR=58620;DATE=24-08-14;TIME=16:17:00;STAT=201212;TMPA=33;TMPP=333;TMPB=28;TMPC=30;RHUA=42;DWPA=18;PTYP=1;PNAM=MS-80SH;PIRA=567;PIRP=571;PIRM=571;PIRL=179;PIRH=1074;
SQNR=58635;DATE=24-08-14;TIME=16:17:15;STAT=201212;TMPA=33;TMPP=333;TMPB=28;TMPC=30;RHUA=43;DWPA=19;PTYP=1;PNAM=MS-80SH;PIRA=571;PIRP=569;PIRM=570;PIRL=179;PIRH=1074;
SQNR=58650;DATE=24-08-14;TIME=16:17:30;STAT=201212;TMPA=33;TMPP=333;TMPB=28;TMPC=30;RHUA=40;DWPA=17;PTYP=1;PNAM=MS-80SH;PIRA=574;PIRP=571;PIRM=571;PIRL=179;PIRH=1074;
SQNR=58665;DATE=24-08-14;TIME=16:17:45;STAT=201212;TMPA=33;TMPP=331;TMPB=27;TMPC=30;RHUA=38;DWPA=17;PTYP=1;PNAM=MS-80SH;PIRA=575;PIRP=574;PIRM=572;PIRL=179;PIRH=1074;
SQNR=58680;DATE=24-08-14;TIME=16:18:00;STAT=201212;TMPA=32;TMPP=328;TMPB=27;TMPC=30;RHUA=40;DWPA=17;PTYP=1;PNAM=MS-80SH;PIRA=575;PIRP=574;PIRM=573;PIRL=179;PIRH=1074;
SQNR=58695;DATE=24-08-14;TIME=16:18:15;STAT=201212;TMPA=32;TMPP=325;TMPB=27;TMPC=30;RHUA=39;DWPA=17;PTYP=1;PNAM=MS-80SH;PIRA=574;PIRP=576;PIRM=574;PIRL=179;PIRH=1074;
SQNR=58710;DATE=24-08-14;TIME=16:18:30;STAT=201212;TMPA=32;TMPP=322;TMPB=27;TMPC=30;RHUA=42;DWPA=17;PTYP=1;PNAM=MS-80SH;PIRA=573;PIRP=575;PIRM=574;PIRL=179;PIRH=1074;
SQNR=58725;DATE=24-08-14;TIME=16:18:45;STAT=201212;TMPA=32;TMPP=320;TMPB=27;TMPC=30;RHUA=41;DWPA=17;PTYP=1;PNAM=MS-80SH;PIRA=572;PIRP=573;PIRM=573;PIRL=179;PIRH=1074;
SQNR=58740;DATE=24-08-14;TIME=16:19:00;STAT=201212;TMPA=31;TMPP=318;TMPB=27;TMPC=30;RHUA=40;DWPA=16;PTYP=1;PNAM=MS-80SH;PIRA=572;PIRP=572;PIRM=573;PIRL=179;PIRH=1074;
SQNR=58755;DATE=24-08-14;TIME=16:19:15;STAT=201212;TMPA=31;TMPP=316;TMPB=27;TMPC=30;RHUA=42;DWPA=17;PTYP=1;PNAM=MS-80SH;PIRA=572;PIRP=572;PIRM=573;PIRL=179;PIRH=1074;
SQNR=58770;DATE=24-08-14;TIME=16:19:30;STAT=201212;TMPA=31;TMPP=315;TMPB=27;TMPC=30;RHUA=42;DWPA=17;PTYP=1;PNAM=MS-80SH;PIRA=570;PIRP=572;PIRM=572;PIRL=179;PIRH=1074;
SQNR=58785;DATE=24-08-14;TIME=16:19:45;STAT=201212;TMPA=31;TMPP=314;TMPB=27;TMPC=30;RHUA=42;DWPA=17;PTYP=1;PNAM=MS-80SH;PIRA=571;PIRP=571;PIRM=571;PIRL=179;PIRH=1074;
SQNR=58800;DATE=24-08-14;TIME=16:20:00;STAT=201212;TMPA=31;TMPP=313;TMPB=27;TMPC=30;RHUA=42;DWPA=17;PTYP=1;PNAM=MS-80SH;PIRA=571;PIRP=571;PIRM=571;PIRL=179;PIRH=1074;
C-----;?
V-----;SWVNR=2102190;SQNDL=58802;DATE=24-08-14;TIME=16:20:07;THTYP=85;TTEMP=15;TDEWP=5;IUFAN=800;ILFAN=5;IUHEA=3000;PYDEF=21;PYAVT=30;PYAVW=1;PYOST=0;MSDLY=15;FNDLY=30;OSTRG=3;DBGFL=0;ASIRE=0;DBGRE=0;MPPFL=-1;
SQNR=58815;DATE=24-08-14;TIME=16:20:15;STAT=201212;TMPA=31;TMPP=312;TMPB=27;TMPC=30;RHUA=42;DWPA=17;PTYP=1;PNAM=MS-80SH;PIRA=569;PIRP=571;PIRM=571;PIRL=179;PIRH=1074;
SQNR=58830;DATE=24-08-14;TIME=16:20:30;STAT=201212;TMPA=31;TMPP=311;TMPB=27;TMPC=30;RHUA=43;DWPA=17;PTYP=1;PNAM=MS-80SH;PIRA=570;PIRP=570;PIRM=570;PIRL=179;PIRH=1074;
SQNR=58845;DATE=24-08-14;TIME=16:20:45;STAT=201212;TMPA=31;TMPP=310;TMPB=27;TMPC=30;RHUA=45;DWPA=17;PTYP=1;PNAM=MS-80SH;PIRA=570;PIRP=569;PIRM=570;PIRL=179;PIRH=1074;
SQNR=58860;DATE=24-08-14;TIME=16:21:00;STAT=201212;TMPA=31;TMPP=310;TMPB=27;TMPC=30;RHUA=45;DWPA=17;PTYP=1;PNAM=MS-80SH;PIRA=570;PIRP=570;PIRM=570;PIRL=179;PIRH=1074;
SQNR=58875;DATE=24-08-14;TIME=16:21:15;STAT=201212;TMPA=31;TMPP=310;TMPB=27;TMPC=30;RHUA=47;DWPA=18;PTYP=1;PNAM=MS-80SH;PIRA=568;PIRP=570;PIRM=570;PIRL=179;PIRH=1074;
SQNR=58890;DATE=24-08-14;TIME=16:21:30;STAT=201212;TMPA=30;TMPP=309;TMPB=27;TMPC=30;RHUA=45;DWPA=17;PTYP=1;PNAM=MS-80SH;PIRA=570;PIRP=569;PIRM=569;PIRL=179;PIRH=1074;
SQNR=58905;DATE=24-08-14;TIME=16:21:45;STAT=201212;TMPA=30;TMPP=309;TMPB=27;TMPC=30;RHUA=46;DWPA=17;PTYP=1;PNAM=MS-80SH;PIRA=570;PIRP=569;PIRM=569;PIRL=179;PIRH=1074;
SQNR=58920;DATE=24-08-14;TIME=16:22:00;STAT=201212;TMPA=30;TMPP=309;TMPB=27;TMPC=30;RHUA=45;DWPA=17;PTYP=1;PNAM=MS-80SH;PIRA=569;PIRP=570;PIRM=570;PIRL=179;PIRH=1074;
SQNR=58935;DATE=24-08-14;TIME=16:22:15;STAT=201212;TMPA=30;TMPP=308;TMPB=27;TMPC=30;RHUA=44;DWPA=17;PTYP=1;PNAM=MS-80SH;PIRA=568;PIRP=569;PIRM=569;PIRL=179;PIRH=1074;
SQNR=58950;DATE=24-08-14;TIME=16:22:30;STAT=201212;TMPA=30;TMPP=308;TMPB=27;TMPC=30;RHUA=45;DWPA=17;PTYP=1;PNAM=MS-80SH;PIRA=569;PIRP=568;PIRM=569;PIRL=179;PIRH=1074;
SQNR=58965;DATE=24-08-14;TIME=16:22:45;STAT=201212;TMPA=30;TMPP=307;TMPB=27;TMPC=30;RHUA=45;DWPA=17;PTYP=1;PNAM=MS-80SH;PIRA=567;PIRP=568;PIRM=568;PIRL=179;PIRH=1074;
SQNR=58980;DATE=24-08-14;TIME=16:23:00;STAT=201212;TMPA=30;TMPP=307;TMPB=27;TMPC=30;RHUA=46;DWPA=17;PTYP=1;PNAM=MS-80SH;PIRA=565;PIRP=567;PIRM=567;PIRL=179;PIRH=1074;
SQNR=58995;DATE=24-08-14;TIME=16:23:15;STAT=201212;TMPA=30;TMPP=307;TMPB=27;TMPC=30;RHUA=46;DWPA=18;PTYP=1;PNAM=MS-80SH;PIRA=565;PIRP=566;PIRM=567;PIRL=179;PIRH=1074;
SQNR=59010;DATE=24-08-14;TIME=16:23:30;STAT=201212;TMPA=30;TMPP=307;TMPB=27;TMPC=30;RHUA=46;DWPA=17;PTYP=1;PNAM=MS-80SH;PIRA=564;PIRP=565;PIRM=566;PIRL=179;PIRH=1074;
SQNR=59025;DATE=24-08-14;TIME=16:23:45;STAT=201212;TMPA=30;TMPP=308;TMPB=27;TMPC=30;RHUA=48;DWPA=18;PTYP=1;PNAM=MS-80SH;PIRA=563;PIRP=564;PIRM=565;PIRL=179;PIRH=1074;
SQNR=59040;DATE=24-08-14;TIME=16:24:00;STAT=201212;TMPA=30;TMPP=308;TMPB=27;TMPC=30;RHUA=46;DWPA=17;PTYP=1;PNAM=MS-80SH;PIRA=562;PIRP=563;PIRM=564;PIRL=179;PIRH=1074;
SQNR=59055;DATE=24-08-14;TIME=16:24:15;STAT=201212;TMPA=30;TMPP=309;TMPB=27;TMPC=30;RHUA=48;DWPA=18;PTYP=1;PNAM=MS-80SH;PIRA=561;PIRP=562;PIRM=563;PIRL=179;PIRH=1074;
SQNR=59070;DATE=24-08-14;TIME=16:24:30;STAT=201212;TMPA=31;TMPP=310;TMPB=27;TMPC=30;RHUA=49;DWPA=19;PTYP=1;PNAM=MS-80SH;PIRA=561;PIRP=561;PIRM=562;PIRL=179;PIRH=1074;
SQNR=59085;DATE=24-08-14;TIME=16:24:45;STAT=201212;TMPA=31;TMPP=310;TMPB=27;TMPC=29;RHUA=46;DWPA=18;PTYP=1;PNAM=MS-80SH;PIRA=561;PIRP=561;PIRM=562;PIRL=179;PIRH=1074;
SQNR=59100;DATE=24-08-14;TIME=16:25:00;STAT=201212;TMPA=31;TMPP=310;TMPB=27;TMPC=29;RHUA=46;DWPA=18;PTYP=1;PNAM=MS-80SH;PIRA=561;PIRP=561;PIRM=562;PIRL=179;PIRH=1074;
C-----;?
V-----;SWVNR=2102190;SQNDL=59102;DATE=24-08-14;TIME=16:25:07;THTYP=85;TTEMP=15;TDEWP=5;IUFAN=800;ILFAN=5;IUHEA=3000;PYDEF=21;PYAVT=30;PYAVW=1;PYOST=0;MSDLY=15;FNDLY=30;OSTRG=3;DBGFL=0;ASIRE=0;DBGRE=0;MPPFL=-1;
SQNR=59115;DATE=24-08-14;TIME=16:25:15;STAT=201212;TMPA=31;TMPP=310;TMPB=27;TMPC=29;RHUA=44;DWPA=17;PTYP=1;PNAM=MS-80SH;PIRA=560;PIRP=561;PIRM=561;PIRL=179;PIRH=1074;
SQNR=59130;DATE=24-08-14;TIME=16:25:30;STAT=201212;TMPA=30;TMPP=309;TMPB=27;TMPC=29;RHUA=46;DWPA=18;PTYP=1;PNAM=MS-80SH;PIRA=558;PIRP=560;PIRM=560;PIRL=179;PIRH=1074;
SQNR=59145;DATE=24-08-14;TIME=16:25:45;STAT=201212;TMPA=30;TMPP=309;TMPB=27;TMPC=29;RHUA=47;DWPA=18;PTYP=1;PNAM=MS-80SH;PIRA=556;PIRP=558;PIRM=559;PIRL=179;PIRH=1074;
SQNR=59160;DATE=24-08-14;TIME=16:26:00;STAT=201212;TMPA=30;TMPP=309;TMPB=27;TMPC=29;RHUA=45;DWPA=17;PTYP=1;PNAM=MS-80SH;PIRA=555;PIRP=556;PIRM=557;PIRL=179;PIRH=1074;
SQNR=59175;DATE=24-08-14;TIME=16:26:15;STAT=201212;TMPA=30;TMPP=308;TMPB=27;TMPC=29;RHUA=46;DWPA=18;PTYP=1;PNAM=MS-80SH;PIRA=554;PIRP=554;PIRM=556;PIRL=179;PIRH=1074;
SQNR=59190;DATE=24-08-14;TIME=16:26:30;STAT=201212;TMPA=30;TMPP=308;TMPB=27;TMPC=29;RHUA=48;DWPA=18;PTYP=1;PNAM=MS-80SH;PIRA=553;PIRP=553;PIRM=555;PIRL=179;PIRH=1074;
SQNR=59205;DATE=24-08-14;TIME=16:26:45;STAT=201212;TMPA=30;TMPP=308;TMPB=27;TMPC=29;RHUA=47;DWPA=18;PTYP=1;PNAM=MS-80SH;PIRA=551;PIRP=552;PIRM=553;PIRL=179;PIRH=1074;
SQNR=59220;DATE=24-08-14;TIME=16:27:00;STAT=201212;TMPA=30;TMPP=307;TMPB=27;TMPC=29;RHUA=47;DWPA=18;PTYP=1;PNAM=MS-80SH;PIRA=550;PIRP=551;PIRM=552;PIRL=179;PIRH=1074;
SQNR=59235;DATE=24-08-14;TIME=16:27:15;STAT=201212;TMPA=30;TMPP=307;TMPB=27;TMPC=29;RHUA=45;DWPA=17;PTYP=1;PNAM=MS-80SH;PIRA=550;PIRP=550;PIRM=551;PIRL=179;PIRH=1074;
SQNR=59250;DATE=24-08-14;TIME=16:27:30;STAT=201212;TMPA=30;TMPP=307;TMPB=27;TMPC=29;RHUA=46;DWPA=18;PTYP=1;PNAM=MS-80SH;PIRA=548;PIRP=549;PIRM=550;PIRL=179;PIRH=1074;
SQNR=59265;DATE=24-08-14;TIME=16:27:45;STAT=201212;TMPA=30;TMPP=307;TMPB=27;TMPC=29;RHUA=48;DWPA=18;PTYP=1;PNAM=MS-80SH;PIRA=548;PIRP=548;PIRM=549;PIRL=179;PIRH=1074;
SQNR=59280;DATE=24-08-14;TIME=16:28:00;STAT=201212;TMPA=30;TMPP=307;TMPB=27;TMPC=29;RHUA=46;DWPA=18;PTYP=1;PNAM=MS-80SH;PIRA=547;PIRP=548;PIRM=549;PIRL=179;PIRH=1074;
SQNR=59295;DATE=24-08-14;TIME=16:28:15;STAT=201212;TMPA=30;TMPP=307;TMPB=27;TMPC=29;RHUA=47;DWPA=18;PTYP=1;PNAM=MS-80SH;PIRA=547;PIRP=548;PIRM=548;PIRL=179;PIRH=1074;
SQNR=59310;DATE=24-08-14;TIME=16:28:30;STAT=201212;TMPA=30;TMPP=308;TMPB=27;TMPC=29;RHUA=47;DWPA=18;PTYP=1;PNAM=MS-80SH;PIRA=547;PIRP=547;PIRM=548;PIRL=179;PIRH=1074;
SQNR=59325;DATE=24-08-14;TIME=16:28:45;STAT=201212;TMPA=30;TMPP=308;TMPB=27;TMPC=29;RHUA=46;DWPA=18;PTYP=1;PNAM=MS-80SH;PIRA=546;PIRP=547;PIRM=547;PIRL=179;PIRH=1074;
SQNR=59340;DATE=24-08-14;TIME=16:29:00;STAT=201212;TMPA=30;TMPP=308;TMPB=27;TMPC=29;RHUA=47;DWPA=18;PTYP=1;PNAM=MS-80SH;PIRA=545;PIRP=546;PIRM=546;PIRL=179;PIRH=1074;
SQNR=59355;DATE=24-08-14;TIME=16:29:15;STAT=201212;TMPA=30;TMPP=307;TMPB=27;TMPC=29;RHUA=46;DWPA=17;PTYP=1;PNAM=MS-80SH;PIRA=544;PIRP=545;PIRM=545;PIRL=179;PIRH=1074;
SQNR=59370;DATE=24-08-14;TIME=16:29:30;STAT=201212;TMPA=30;TMPP=307;TMPB=27;TMPC=29;RHUA=50;DWPA=19;PTYP=1;PNAM=MS-80SH;PIRA=541;PIRP=543;PIRM=544;PIRL=179;PIRH=1074;
SQNR=59385;DATE=24-08-14;TIME=16:29:45;STAT=201212;TMPA=30;TMPP=307;TMPB=27;TMPC=29;RHUA=49;DWPA=19;PTYP=1;PNAM=MS-80SH;PIRA=540;PIRP=542;PIRM=543;PIRL=179;PIRH=1074;
SQNR=59400;DATE=24-08-14;TIME=16:30:00;STAT=201212;TMPA=30;TMPP=307;TMPB=26;TMPC=29;RHUA=50;DWPA=19;PTYP=1;PNAM=MS-80SH;PIRA=540;PIRP=541;PIRM=542;PIRL=179;PIRH=1074;
C-----;?
V-----;SWVNR=2102190;SQNDL=59402;DATE=24-08-14;TIME=16:30:07;THTYP=85;TTEMP=15;TDEWP=5;IUFAN=800;ILFAN=5;IUHEA=3000;PYDEF=21;PYAVT=30;PYAVW=1;PYOST=0;MSDLY=15;FNDLY=30;OSTRG=3;DBGFL=0;ASIRE=0;DBGRE=0;MPPFL=-1;
SQNR=59415;DATE=24-08-14;TIME=16:30:15;STAT=201212;TMPA=30;TMPP=307;TMPB=26;TMPC=29;RHUA=46;DWPA=17;PTYP=1;PNAM=MS-80SH;PIRA=540;PIRP=540;PIRM=541;PIRL=179;PIRH=1074;
SQNR=59430;DATE=24-08-14;TIME=16:30:30;STAT=201212;TMPA=30;TMPP=307;TMPB=26;TMPC=29;RHUA=45;DWPA=17;PTYP=1;PNAM=MS-80SH;PIRA=540;PIRP=540;PIRM=541;PIRL=179;PIRH=1074;
SQNR=59445;DATE=24-08-14;TIME=16:30:45;STAT=201212;TMPA=30;TMPP=307;TMPB=26;TMPC=29;RHUA=48;DWPA=18;PTYP=1;PNAM=MS-80SH;PIRA=540;PIRP=540;PIRM=540;PIRL=179;PIRH=1074;
SQNR=59460;DATE=24-08-14;TIME=16:31:00;STAT=201212;TMPA=30;TMPP=307;TMPB=27;TMPC=29;RHUA=46;DWPA=17;PTYP=1;PNAM=MS-80SH;PIRA=539;PIRP=539;PIRM=540;PIRL=179;PIRH=1074;
SQNR=59475;DATE=24-08-14;TIME=16:31:15;STAT=201212;TMPA=30;TMPP=307;TMPB=27;TMPC=29;RHUA=45;DWPA=17;PTYP=1;PNAM=MS-80SH;PIRA=537;PIRP=539;PIRM=539;PIRL=179;PIRH=1074;
SQNR=59490;DATE=24-08-14;TIME=16:31:30;STAT=201212;TMPA=30;TMPP=308;TMPB=27;TMPC=29;RHUA=46;DWPA=18;PTYP=1;PNAM=MS-80SH;PIRA=537;PIRP=537;PIRM=538;PIRL=179;PIRH=1074;
SQNR=59505;DATE=24-08-14;TIME=16:31:45;STAT=201212;TMPA=30;TMPP=308;TMPB=27;TMPC=29;RHUA=47;DWPA=18;PTYP=1;PNAM=MS-80SH;PIRA=536;PIRP=537;PIRM=538;PIRL=179;PIRH=1074;
SQNR=59520;DATE=24-08-14;TIME=16:32:00;STAT=201212;TMPA=30;TMPP=309;TMPB=27;TMPC=29;RHUA=48;DWPA=18;PTYP=1;PNAM=MS-80SH;PIRA=536;PIRP=536;PIRM=537;PIRL=179;PIRH=1074;
SQNR=59535;DATE=24-08-14;TIME=16:32:15;STAT=201212;TMPA=30;TMPP=309;TMPB=27;TMPC=29;RHUA=47;DWPA=18;PTYP=1;PNAM=MS-80SH;PIRA=535;PIRP=536;PIRM=536;PIRL=179;PIRH=1074;
SQNR=59550;DATE=24-08-14;TIME=16:32:30;STAT=201212;TMPA=30;TMPP=309;TMPB=27;TMPC=29;RHUA=47;DWPA=18;PTYP=1;PNAM=MS-80SH;PIRA=534;PIRP=535;PIRM=535;PIRL=179;PIRH=1074;
SQNR=59565;DATE=24-08-14;TIME=16:32:45;STAT=201212;TMPA=30;TMPP=309;TMPB=27;TMPC=29;RHUA=47;DWPA=18;PTYP=1;PNAM=MS-80SH;PIRA=533;PIRP=534;PIRM=534;PIRL=179;PIRH=1074;
SQNR=59580;DATE=24-08-14;TIME=16:33:00;STAT=201212;TMPA=31;TMPP=310;TMPB=27;TMPC=29;RHUA=49;DWPA=19;PTYP=1;PNAM=MS-80SH;PIRA=532;PIRP=532;PIRM=533;PIRL=179;PIRH=1074;
SQNR=59595;DATE=24-08-14;TIME=16:33:15;STAT=201212;TMPA=31;TMPP=310;TMPB=27;TMPC=29;RHUA=46;DWPA=18;PTYP=1;PNAM=MS-80SH;PIRA=531;PIRP=532;PIRM=533;PIRL=179;PIRH=1074;
SQNR=59610;DATE=24-08-14;TIME=16:33:30;STAT=201212;TMPA=31;TMPP=311;TMPB=27;TMPC=29;RHUA=48;DWPA=18;PTYP=1;PNAM=MS-80SH;PIRA=531;PIRP=531;PIRM=532;PIRL=179;PIRH=1074;
SQNR=59625;DATE=24-08-14;TIME=16:33:45;STAT=201212;TMPA=31;TMPP=312;TMPB=27;TMPC=29;RHUA=51;DWPA=20;PTYP=1;PNAM=MS-80SH;PIRA=531;PIRP=531;PIRM=531;PIRL=179;PIRH=1074;
SQNR=59640;DATE=24-08-14;TIME=16:34:00;STAT=201212;TMPA=31;TMPP=312;TMPB=27;TMPC=29;RHUA=46;DWPA=18;PTYP=1;PNAM=MS-80SH;PIRA=530;PIRP=530;PIRM=531;PIRL=179;PIRH=1074;
SQNR=59655;DATE=24-08-14;TIME=16:34:15;STAT=201212;TMPA=31;TMPP=312;TMPB=27;TMPC=29;RHUA=43;DWPA=17;PTYP=1;PNAM=MS-80SH;PIRA=530;PIRP=530;PIRM=531;PIRL=179;PIRH=1074;
SQNR=59670;DATE=24-08-14;TIME=16:34:30;STAT=201212;TMPA=31;TMPP=311;TMPB=27;TMPC=29;RHUA=43;DWPA=17;PTYP=1;PNAM=MS-80SH;PIRA=529;PIRP=530;PIRM=530;PIRL=179;PIRH=1074;
SQNR=59685;DATE=24-08-14;TIME=16:34:45;STAT=201212;TMPA=31;TMPP=310;TMPB=27;TMPC=29;RHUA=45;DWPA=17;PTYP=1;PNAM=MS-80SH;PIRA=528;PIRP=529;PIRM=530;PIRL=179;PIRH=1074;
SQNR=59700;DATE=24-08-14;TIME=16:35:00;STAT=201212;TMPA=30;TMPP=309;TMPB=27;TMPC=29;RHUA=44;DWPA=17;PTYP=1;PNAM=MS-80SH;PIRA=527;PIRP=528;PIRM=529;PIRL=179;PIRH=1074;
C-----;?
V-----;SWVNR=2102190;SQNDL=59702;DATE=24-08-14;TIME=16:35:07;THTYP=85;TTEMP=15;TDEWP=5;IUFAN=800;ILFAN=5;IUHEA=3000;PYDEF=21;PYAVT=30;PYAVW=1;PYOST=0;MSDLY=15;FNDLY=30;OSTRG=3;DBGFL=0;ASIRE=0;DBGRE=0;MPPFL=-1;
SQNR=59715;DATE=24-08-14;TIME=16:35:15;STAT=201212;TMPA=30;TMPP=308;TMPB=27;TMPC=29;RHUA=44;DWPA=17;PTYP=1;PNAM=MS-80SH;PIRA=526;PIRP=527;PIRM=528;PIRL=179;PIRH=1074;
SQNR=59730;DATE=24-08-14;TIME=16:35:30;STAT=201212;TMPA=30;TMPP=307;TMPB=27;TMPC=29;RHUA=45;DWPA=17;PTYP=1;PNAM=MS-80SH;PIRA=525;PIRP=526;PIRM=527;PIRL=179;PIRH=1074;
SQNR=59745;DATE=24-08-14;TIME=16:35:45;STAT=201212;TMPA=30;TMPP=307;TMPB=27;TMPC=29;RHUA=48;DWPA=18;PTYP=1;PNAM=MS-80SH;PIRA=525;PIRP=525;PIRM=526;PIRL=179;PIRH=1074;
SQNR=59760;DATE=24-08-14;TIME=16:36:00;STAT=201212;TMPA=30;TMPP=307;TMPB=27;TMPC=29;RHUA=49;DWPA=18;PTYP=1;PNAM=MS-80SH;PIRA=525;PIRP=525;PIRM=526;PIRL=179;PIRH=1074;
SQNR=59775;DATE=24-08-14;TIME=16:36:15;STAT=201212;TMPA=30;TMPP=306;TMPB=27;TMPC=29;RHUA=50;DWPA=19;PTYP=1;PNAM=MS-80SH;PIRA=524;PIRP=525;PIRM=525;PIRL=179;PIRH=1074;
SQNR=59790;DATE=24-08-14;TIME=16:36:30;STAT=201212;TMPA=30;TMPP=306;TMPB=27;TMPC=29;RHUA=51;DWPA=19;PTYP=1;PNAM=MS-80SH;PIRA=524;PIRP=524;PIRM=525;PIRL=179;PIRH=1074;
SQNR=59805;DATE=24-08-14;TIME=16:36:45;STAT=201212;TMPA=30;TMPP=307;TMPB=27;TMPC=29;RHUA=49;DWPA=18;PTYP=1;PNAM=MS-80SH;PIRA=523;PIRP=524;PIRM=524;PIRL=179;PIRH=1074;
SQNR=59820;DATE=24-08-14;TIME=16:37:00;STAT=201212;TMPA=30;TMPP=307;TMPB=27;TMPC=29;RHUA=49;DWPA=19;PTYP=1;PNAM=MS-80SH;PIRA=523;PIRP=523;PIRM=524;PIRL=179;PIRH=1074;
SQNR=59835;DATE=24-08-14;TIME=16:37:15;STAT=201212;TMPA=30;TMPP=308;TMPB=27;TMPC=29;RHUA=48;DWPA=18;PTYP=1;PNAM=MS-80SH;PIRA=523;PIRP=523;PIRM=523;PIRL=179;PIRH=1074;
SQNR=59850;DATE=24-08-14;TIME=16:37:30;STAT=201212;TMPA=30;TMPP=308;TMPB=27;TMPC=29;RHUA=48;DWPA=18;PTYP=1;PNAM=MS-80SH;PIRA=523;PIRP=523;PIRM=523;PIRL=179;PIRH=1074;
SQNR=59865;DATE=24-08-14;TIME=16:37:45;STAT=201212;TMPA=30;TMPP=308;TMPB=27;TMPC=29;RHUA=50;DWPA=19;PTYP=1;PNAM=MS-80SH;PIRA=522;PIRP=522;PIRM=523;PIRL=179;PIRH=1074;
SQNR=59880;DATE=24-08-14;TIME=16:38:00;STAT=201212;TMPA=30;TMPP=308;TMPB=27;TMPC=29;RHUA=48;DWPA=18;PTYP=1;PNAM=MS-80SH;PIRA=522;PIRP=522;PIRM=522;PIRL=179;PIRH=1074;
SQNR=59895;DATE=24-08-14;TIME=16:38:15;STAT=201212;TMPA=30;TMPP=308;TMPB=27;TMPC=29;RHUA=49;DWPA=19;PTYP=1;PNAM=MS-80SH;PIRA=521;PIRP=521;PIRM=522;PIRL=179;PIRH=1074;
SQNR=59910;DATE=24-08-14;TIME=16:38:30;STAT=201212;TMPA=30;TMPP=308;TMPB=27;TMPC=29;RHUA=45;DWPA=17;PTYP=1;PNAM=MS-80SH;PIRA=520;PIRP=521;PIRM=521;PIRL=179;PIRH=1074;
SQNR=59925;DATE=24-08-14;TIME=16:38:45;STAT=201212;TMPA=30;TMPP=308;TMPB=27;TMPC=29;RHUA=46;DWPA=17;PTYP=1;PNAM=MS-80SH;PIRA=519;PIRP=520;PIRM=521;PIRL=179;PIRH=1074;
SQNR=59940;DATE=24-08-14;TIME=16:39:00;STAT=201212;TMPA=30;TMPP=308;TMPB=27;TMPC=29;RHUA=46;DWPA=17;PTYP=1;PNAM=MS-80SH;PIRA=517;PIRP=519;PIRM=519;PIRL=179;PIRH=1074;
SQNR=59955;DATE=24-08-14;TIME=16:39:15;STAT=201212;TMPA=30;TMPP=307;TMPB=27;TMPC=29;RHUA=46;DWPA=17;PTYP=1;PNAM=MS-80SH;PIRA=517;PIRP=518;PIRM=519;PIRL=179;PIRH=1074;
SQNR=59970;DATE=24-08-14;TIME=16:39:30;STAT=201212;TMPA=30;TMPP=307;TMPB=27;TMPC=29;RHUA=46;DWPA=18;PTYP=1;PNAM=MS-80SH;PIRA=517;PIRP=517;PIRM=518;PIRL=179;PIRH=1074;
SQNR=59985;DATE=24-08-14;TIME=16:39:45;STAT=201212;TMPA=30;TMPP=307;TMPB=26;TMPC=29;RHUA=48;DWPA=18;PTYP=1;PNAM=MS-80SH;PIRA=516;PIRP=517;PIRM=517;PIRL=179;PIRH=1074;
SQNR=60000;DATE=24-08-14;TIME=16:40:00;STAT=201212;TMPA=30;TMPP=307;TMPB=27;TMPC=29;RHUA=46;DWPA=18;PTYP=1;PNAM=MS-80SH;PIRA=516;PIRP=517;PIRM=517;PIRL=179;PIRH=1074;
C-----;?
V-----;SWVNR=2102190;SQNDL=60002;DATE=24-08-14;TIME=16:40:07;THTYP=85;TTEMP=15;TDEWP=5;IUFAN=800;ILFAN=5;IUHEA=3000;PYDEF=21;PYAVT=30;PYAVW=1;PYOST=0;MSDLY=15;FNDLY=30;OSTRG=3;DBGFL=0;ASIRE=0;DBGRE=0;MPPFL=-1;
SQNR=60015;DATE=24-08-14;TIME=16:40:15;STAT=201212;TMPA=30;TMPP=306;TMPB=27;TMPC=29;RHUA=48;DWPA=18;PTYP=1;PNAM=MS-80SH;PIRA=516;PIRP=516;PIRM=517;PIRL=179;PIRH=1074;
SQNR=60030;DATE=24-08-14;TIME=16:40:30;STAT=201212;TMPA=30;TMPP=307;TMPB=27;TMPC=29;RHUA=49;DWPA=18;PTYP=1;PNAM=MS-80SH;PIRA=514;PIRP=516;PIRM=516;PIRL=179;PIRH=1074;
SQNR=60045;DATE=24-08-14;TIME=16:40:45;STAT=201212;TMPA=30;TMPP=307;TMPB=27;TMPC=29;RHUA=47;DWPA=18;PTYP=1;PNAM=MS-80SH;PIRA=515;PIRP=515;PIRM=516;PIRL=179;PIRH=1074;
SQNR=60060;DATE=24-08-14;TIME=16:41:00;STAT=201212;TMPA=30;TMPP=309;TMPB=28;TMPC=29;RHUA=47;DWPA=18;PTYP=1;PNAM=MS-80SH;PIRA=513;PIRP=514;PIRM=515;PIRL=179;PIRH=1074;
SQNR=60075;DATE=24-08-14;TIME=16:41:15;STAT=201212;TMPA=31;TMPP=310;TMPB=28;TMPC=29;RHUA=47;DWPA=18;PTYP=1;PNAM=MS-80SH;PIRA=512;PIRP=513;PIRM=514;PIRL=179;PIRH=1074;
SQNR=60090;DATE=24-08-14;TIME=16:41:30;STAT=201212;TMPA=31;TMPP=312;TMPB=28;TMPC=29;RHUA=46;DWPA=18;PTYP=1;PNAM=MS-80SH;PIRA=509;PIRP=512;PIRM=513;PIRL=179;PIRH=1074;
SQNR=60105;DATE=24-08-14;TIME=16:41:45;STAT=201212;TMPA=31;TMPP=314;TMPB=28;TMPC=29;RHUA=45;DWPA=18;PTYP=1;PNAM=MS-80SH;PIRA=509;PIRP=511;PIRM=512;PIRL=179;PIRH=1074;
SQNR=60120;DATE=24-08-14;TIME=16:42:00;STAT=201212;TMPA=31;TMPP=316;TMPB=28;TMPC=29;RHUA=46;DWPA=18;PTYP=1;PNAM=MS-80SH;PIRA=509;PIRP=510;PIRM=511;PIRL=179;PIRH=1074;
SQNR=60135;DATE=24-08-14;TIME=16:42:15;STAT=201212;TMPA=31;TMPP=318;TMPB=28;TMPC=29;RHUA=45;DWPA=18;PTYP=1;PNAM=MS-80SH;PIRA=508;PIRP=509;PIRM=510;PIRL=179;PIRH=1074;
SQNR=60150;DATE=24-08-14;TIME=16:42:30;STAT=201212;TMPA=31;TMPP=319;TMPB=28;TMPC=29;RHUA=45;DWPA=18;PTYP=1;PNAM=MS-80SH;PIRA=508;PIRP=508;PIRM=509;PIRL=179;PIRH=1074;
SQNR=60165;DATE=24-08-14;TIME=16:42:45;STAT=201212;TMPA=31;TMPP=319;TMPB=27;TMPC=29;RHUA=41;DWPA=17;PTYP=1;PNAM=MS-80SH;PIRA=509;PIRP=509;PIRM=509;PIRL=179;PIRH=1074;
SQNR=60180;DATE=24-08-14;TIME=16:43:00;STAT=201212;TMPA=31;TMPP=317;TMPB=27;TMPC=29;RHUA=41;DWPA=17;PTYP=1;PNAM=MS-80SH;PIRA=508;PIRP=508;PIRM=509;PIRL=179;PIRH=1074;
SQNR=60195;DATE=24-08-14;TIME=16:43:15;STAT=201212;TMPA=31;TMPP=316;TMPB=27;TMPC=29;RHUA=41;DWPA=17;PTYP=1;PNAM=MS-80SH;PIRA=507;PIRP=508;PIRM=508;PIRL=179;PIRH=1074;
SQNR=60210;DATE=24-08-14;TIME=16:43:30;STAT=201212;TMPA=31;TMPP=315;TMPB=27;TMPC=29;RHUA=42;DWPA=17;PTYP=1;PNAM=MS-80SH;PIRA=506;PIRP=507;PIRM=507;PIRL=179;PIRH=1074;
SQNR=60225;DATE=24-08-14;TIME=16:43:45;STAT=201212;TMPA=31;TMPP=314;TMPB=27;TMPC=29;RHUA=43;DWPA=17;PTYP=1;PNAM=MS-80SH;PIRA=506;PIRP=506;PIRM=507;PIRL=179;PIRH=1074;
SQNR=60240;DATE=24-08-14;TIME=16:44:00;STAT=201212;TMPA=31;TMPP=313;TMPB=27;TMPC=29;RHUA=43;DWPA=17;PTYP=1;PNAM=MS-80SH;PIRA=506;PIRP=506;PIRM=506;PIRL=179;PIRH=1074;
SQNR=60255;DATE=24-08-14;TIME=16:44:15;STAT=201212;TMPA=31;TMPP=312;TMPB=27;TMPC=29;RHUA=42;DWPA=17;PTYP=1;PNAM=MS-80SH;PIRA=505;PIRP=506;PIRM=506;PIRL=179;PIRH=1074;
SQNR=60270;DATE=24-08-14;TIME=16:44:30;STAT=201212;TMPA=31;TMPP=311;TMPB=27;TMPC=29;RHUA=42;DWPA=16;PTYP=1;PNAM=MS-80SH;PIRA=505;PIRP=505;PIRM=506;PIRL=179;PIRH=1074;
SQNR=60285;DATE=24-08-14;TIME=16:44:45;STAT=201212;TMPA=31;TMPP=310;TMPB=27;TMPC=29;RHUA=44;DWPA=17;PTYP=1;PNAM=MS-80SH;PIRA=504;PIRP=505;PIRM=505;PIRL=179;PIRH=1074;
SQNR=60300;DATE=24-08-14;TIME=16:45:00;STAT=201212;TMPA=30;TMPP=309;TMPB=27;TMPC=29;RHUA=45;DWPA=17;PTYP=1;PNAM=MS-80SH;PIRA=503;PIRP=504;PIRM=505;PIRL=179;PIRH=1074;
C-----;?
V-----;SWVNR=2102190;SQNDL=60301;DATE=24-08-14;TIME=16:45:06;THTYP=85;TTEMP=15;TDEWP=5;IUFAN=800;ILFAN=5;IUHEA=3000;PYDEF=21;PYAVT=30;PYAVW=1;PYOST=0;MSDLY=15;FNDLY=30;OSTRG=3;DBGFL=0;ASIRE=0;DBGRE=0;MPPFL=-1;
SQNR=60315;DATE=24-08-14;TIME=16:45:15;STAT=201212;TMPA=30;TMPP=309;TMPB=27;TMPC=29;RHUA=45;DWPA=17;PTYP=1;PNAM=MS-80SH;PIRA=503;PIRP=503;PIRM=504;PIRL=179;PIRH=1074;
SQNR=60330;DATE=24-08-14;TIME=16:45:30;STAT=201212;TMPA=30;TMPP=308;TMPB=27;TMPC=29;RHUA=46;DWPA=17;PTYP=1;PNAM=MS-80SH;PIRA=502;PIRP=503;PIRM=503;PIRL=179;PIRH=1074;
SQNR=60345;DATE=24-08-14;TIME=16:45:45;STAT=201212;TMPA=30;TMPP=308;TMPB=27;TMPC=29;RHUA=47;DWPA=18;PTYP=1;PNAM=MS-80SH;PIRA=501;PIRP=502;PIRM=502;PIRL=179;PIRH=1074;
SQNR=60360;DATE=24-08-14;TIME=16:46:00;STAT=201212;TMPA=30;TMPP=307;TMPB=27;TMPC=29;RHUA=49;DWPA=18;PTYP=1;PNAM=MS-80SH;PIRA=500;PIRP=501;PIRM=501;PIRL=179;PIRH=1074;
SQNR=60375;DATE=24-08-14;TIME=16:46:15;STAT=201212;TMPA=30;TMPP=307;TMPB=27;TMPC=29;RHUA=46;DWPA=18;PTYP=1;PNAM=MS-80SH;PIRA=498;PIRP=499;PIRM=500;PIRL=179;PIRH=1074;
SQNR=60390;DATE=24-08-14;TIME=16:46:30;STAT=201212;TMPA=30;TMPP=307;TMPB=27;TMPC=29;RHUA=47;DWPA=18;PTYP=1;PNAM=MS-80SH;PIRA=498;PIRP=498;PIRM=499;PIRL=179;PIRH=1074;
SQNR=60405;DATE=24-08-14;TIME=16:46:45;STAT=201212;TMPA=30;TMPP=307;TMPB=27;TMPC=29;RHUA=49;DWPA=18;PTYP=1;PNAM=MS-80SH;PIRA=497;PIRP=498;PIRM=499;PIRL=179;PIRH=1074;
SQNR=60420;DATE=24-08-14;TIME=16:47:00;STAT=201212;TMPA=30;TMPP=307;TMPB=27;TMPC=29;RHUA=50;DWPA=19;PTYP=1;PNAM=MS-80SH;PIRA=495;PIRP=497;PIRM=497;PIRL=179;PIRH=1074;
SQNR=60435;DATE=24-08-14;TIME=16:47:15;STAT=201212;TMPA=30;TMPP=308;TMPB=27;TMPC=29;RHUA=49;DWPA=18;PTYP=1;PNAM=MS-80SH;PIRA=495;PIRP=496;PIRM=497;PIRL=179;PIRH=1074;
SQNR=60450;DATE=24-08-14;TIME=16:47:30;STAT=201212;TMPA=30;TMPP=308;TMPB=27;TMPC=29;RHUA=44;DWPA=17;PTYP=1;PNAM=MS-80SH;PIRA=495;PIRP=495;PIRM=496;PIRL=179;PIRH=1074;
SQNR=60465;DATE=24-08-14;TIME=16:47:45;STAT=201212;TMPA=30;TMPP=309;TMPB=27;TMPC=29;RHUA=44;DWPA=17;PTYP=1;PNAM=MS-80SH;PIRA=494;PIRP=495;PIRM=495;PIRL=179;PIRH=1074;
SQNR=60480;DATE=24-08-14;TIME=16:48:00;STAT=201212;TMPA=30;TMPP=309;TMPB=27;TMPC=29;RHUA=46;DWPA=18;PTYP=1;PNAM=MS-80SH;PIRA=495;PIRP=495;PIRM=495;PIRL=179;PIRH=1074;
SQNR=60495;DATE=24-08-14;TIME=16:48:15;STAT=201212;TMPA=30;TMPP=309;TMPB=27;TMPC=29;RHUA=44;DWPA=17;PTYP=1;PNAM=MS-80SH;PIRA=494;PIRP=494;PIRM=495;PIRL=179;PIRH=1074;
SQNR=60510;DATE=24-08-14;TIME=16:48:30;STAT=201212;TMPA=31;TMPP=310;TMPB=27;TMPC=29;RHUA=44;DWPA=17;PTYP=1;PNAM=MS-80SH;PIRA=493;PIRP=494;PIRM=494;PIRL=179;PIRH=1074;
SQNR=60525;DATE=24-08-14;TIME=16:48:45;STAT=201212;TMPA=31;TMPP=310;TMPB=27;TMPC=29;RHUA=46;DWPA=18;PTYP=1;PNAM=MS-80SH;PIRA=493;PIRP=493;PIRM=494;PIRL=179;PIRH=1074;
SQNR=60540;DATE=24-08-14;TIME=16:49:00;STAT=201212;TMPA=31;TMPP=310;TMPB=27;TMPC=29;RHUA=44;DWPA=17;PTYP=1;PNAM=MS-80SH;PIRA=493;PIRP=493;PIRM=493;PIRL=179;PIRH=1074;
SQNR=60555;DATE=24-08-14;TIME=16:49:15;STAT=201212;TMPA=31;TMPP=311;TMPB=27;TMPC=29;RHUA=47;DWPA=18;PTYP=1;PNAM=MS-80SH;PIRA=492;PIRP=493;PIRM=493;PIRL=179;PIRH=1074;
SQNR=60570;DATE=24-08-14;TIME=16:49:30;STAT=201212;TMPA=31;TMPP=311;TMPB=27;TMPC=29;RHUA=46;DWPA=18;PTYP=1;PNAM=MS-80SH;PIRA=491;PIRP=492;PIRM=492;PIRL=179;PIRH=1074;
SQNR=60585;DATE=24-08-14;TIME=16:49:45;STAT=201212;TMPA=31;TMPP=312;TMPB=27;TMPC=29;RHUA=49;DWPA=19;PTYP=1;PNAM=MS-80SH;PIRA=491;PIRP=491;PIRM=492;PIRL=179;PIRH=1074;
SQNR=60600;DATE=24-08-14;TIME=16:50:00;STAT=201212;TMPA=31;TMPP=313;TMPB=27;TMPC=29;RHUA=44;DWPA=17;PTYP=1;PNAM=MS-80SH;PIRA=491;PIRP=491;PIRM=491;PIRL=179;PIRH=1074;
C-----;?
V-----;SWVNR=2102190;SQNDL=60602;DATE=24-08-14;TIME=16:50:07;THTYP=85;TTEMP=15;TDEWP=5;IUFAN=800;ILFAN=5;IUHEA=3000;PYDEF=21;PYAVT=30;PYAVW=1;PYOST=0;MSDLY=15;FNDLY=30;OSTRG=3;DBGFL=0;ASIRE=0;DBGRE=0;MPPFL=-1;
SQNR=60615;DATE=24-08-14;TIME=16:50:15;STAT=201212;TMPA=31;TMPP=313;TMPB=27;TMPC=29;RHUA=45;DWPA=18;PTYP=1;PNAM=MS-80SH;PIRA=490;PIRP=491;PIRM=491;PIRL=179;PIRH=1074;
SQNR=60630;DATE=24-08-14;TIME=16:50:30;STAT=201212;TMPA=31;TMPP=314;TMPB=27;TMPC=29;RHUA=45;DWPA=18;PTYP=1;PNAM=MS-80SH;PIRA=491;PIRP=490;PIRM=491;PIRL=179;PIRH=1074;
SQNR=60645;DATE=24-08-14;TIME=16:50:45;STAT=201212;TMPA=31;TMPP=313;TMPB=27;TMPC=29;RHUA=46;DWPA=18;PTYP=1;PNAM=MS-80SH;PIRA=491;PIRP=490;PIRM=491;PIRL=179;PIRH=1074;
SQNR=60660;DATE=24-08-14;TIME=16:51:00;STAT=201212;TMPA=31;TMPP=313;TMPB=27;TMPC=29;RHUA=45;DWPA=18;PTYP=1;PNAM=MS-80SH;PIRA=491;PIRP=491;PIRM=491;PIRL=179;PIRH=1074;
SQNR=60675;DATE=24-08-14;TIME=16:51:15;STAT=201212;TMPA=31;TMPP=312;TMPB=27;TMPC=29;RHUA=46;DWPA=18;PTYP=1;PNAM=MS-80SH;PIRA=491;PIRP=491;PIRM=491;PIRL=179;PIRH=1074;
SQNR=60690;DATE=24-08-14;TIME=16:51:30;STAT=201212;TMPA=31;TMPP=311;TMPB=27;TMPC=29;RHUA=45;DWPA=17;PTYP=1;PNAM=MS-80SH;PIRA=491;PIRP=491;PIRM=491;PIRL=179;PIRH=1074;
SQNR=60705;DATE=24-08-14;TIME=16:51:45;STAT=201212;TMPA=31;TMPP=310;TMPB=27;TMPC=29;RHUA=43;DWPA=17;PTYP=1;PNAM=MS-80SH;PIRA=489;PIRP=491;PIRM=491;PIRL=179;PIRH=1074;
SQNR=60720;DATE=24-08-14;TIME=16:52:00;STAT=201212;TMPA=30;TMPP=309;TMPB=27;TMPC=29;RHUA=44;DWPA=17;PTYP=1;PNAM=MS-80SH;PIRA=489;PIRP=490;PIRM=490;PIRL=179;PIRH=1074;
SQNR=60735;DATE=24-08-14;TIME=16:52:15;STAT=201212;TMPA=30;TMPP=309;TMPB=27;TMPC=29;RHUA=43;DWPA=17;PTYP=1;PNAM=MS-80SH;PIRA=488;PIRP=489;PIRM=489;PIRL=179;PIRH=1074;
SQNR=60750;DATE=24-08-14;TIME=16:52:30;STAT=201212;TMPA=30;TMPP=308;TMPB=27;TMPC=29;RHUA=45;DWPA=17;PTYP=1;PNAM=MS-80SH;PIRA=488;PIRP=488;PIRM=489;PIRL=179;PIRH=1074;
SQNR=60765;DATE=24-08-14;TIME=16:52:45;STAT=201212;TMPA=30;TMPP=308;TMPB=27;TMPC=29;RHUA=47;DWPA=18;PTYP=1;PNAM=MS-80SH;PIRA=487;PIRP=488;PIRM=488;PIRL=179;PIRH=1074;
SQNR=60780;DATE=24-08-14;TIME=16:53:00;STAT=201212;TMPA=30;TMPP=307;TMPB=27;TMPC=29;RHUA=43;DWPA=17;PTYP=1;PNAM=MS-80SH;PIRA=472;PIRP=487;PIRM=487;PIRL=179;PIRH=1074;
SQNR=60795;DATE=24-08-14;TIME=16:53:15;STAT=201212;TMPA=30;TMPP=307;TMPB=27;TMPC=29;RHUA=44;DWPA=17;PTYP=1;PNAM=MS-80SH;PIRA=487;PIRP=485;PIRM=486;PIRL=179;PIRH=1074;
SQNR=60810;DATE=24-08-14;TIME=16:53:30;STAT=201212;TMPA=30;TMPP=306;TMPB=27;TMPC=29;RHUA=44;DWPA=17;PTYP=1;PNAM=MS-80SH;PIRA=486;PIRP=486;PIRM=486;PIRL=179;PIRH=1074;
SQNR=60825;DATE=24-08-14;TIME=16:53:45;STAT=201212;TMPA=30;TMPP=306;TMPB=27;TMPC=29;RHUA=43;DWPA=16;PTYP=1;PNAM=MS-80SH;PIRA=485;PIRP=486;PIRM=486;PIRL=179;PIRH=1074;
SQNR=60840;DATE=24-08-14;TIME=16:54:00;STAT=201212;TMPA=30;TMPP=306;TMPB=27;TMPC=29;RHUA=43;DWPA=17;PTYP=1;PNAM=MS-80SH;PIRA=485;PIRP=485;PIRM=486;PIRL=179;PIRH=1074;
SQNR=60855;DATE=24-08-14;TIME=16:54:15;STAT=201212;TMPA=30;TMPP=306;TMPB=27;TMPC=29;RHUA=45;DWPA=17;PTYP=1;PNAM=MS-80SH;PIRA=484;PIRP=485;PIRM=485;PIRL=179;PIRH=1074;
SQNR=60870;DATE=24-08-14;TIME=16:54:30;STAT=201212;TMPA=30;TMPP=307;TMPB=27;TMPC=29;RHUA=48;DWPA=18;PTYP=1;PNAM=MS-80SH;PIRA=484;PIRP=484;PIRM=485;PIRL=179;PIRH=1074;
SQNR=60885;DATE=24-08-14;TIME=16:54:45;STAT=201212;TMPA=30;TMPP=306;TMPB=27;TMPC=29;RHUA=45;DWPA=17;PTYP=1;PNAM=MS-80SH;PIRA=483;PIRP=484;PIRM=484;PIRL=179;PIRH=1074;
SQNR=60900;DATE=24-08-14;TIME=16:55:00;STAT=201212;TMPA=30;TMPP=306;TMPB=27;TMPC=29;RHUA=47;DWPA=18;PTYP=1;PNAM=MS-80SH;PIRA=482;PIRP=483;PIRM=484;PIRL=179;PIRH=1074;
C-----;?
V-----;SWVNR=2102190;SQNDL=60902;DATE=24-08-14;TIME=16:55:07;THTYP=85;TTEMP=15;TDEWP=5;IUFAN=800;ILFAN=5;IUHEA=3000;PYDEF=21;PYAVT=30;PYAVW=1;PYOST=0;MSDLY=15;FNDLY=30;OSTRG=3;DBGFL=0;ASIRE=0;DBGRE=0;MPPFL=-1;
SQNR=60915;DATE=24-08-14;TIME=16:55:15;STAT=201212;TMPA=30;TMPP=306;TMPB=27;TMPC=29;RHUA=43;DWPA=16;PTYP=1;PNAM=MS-80SH;PIRA=482;PIRP=482;PIRM=483;PIRL=179;PIRH=1074;
SQNR=60930;DATE=24-08-14;TIME=16:55:30;STAT=201212;TMPA=30;TMPP=305;TMPB=27;TMPC=29;RHUA=42;DWPA=16;PTYP=1;PNAM=MS-80SH;PIRA=481;PIRP=482;PIRM=482;PIRL=179;PIRH=1074;
SQNR=60945;DATE=24-08-14;TIME=16:55:45;STAT=201212;TMPA=30;TMPP=305;TMPB=27;TMPC=29;RHUA=43;DWPA=16;PTYP=1;PNAM=MS-80SH;PIRA=479;PIRP=481;PIRM=482;PIRL=179;PIRH=1074;
SQNR=60960;DATE=24-08-14;TIME=16:56:00;STAT=201212;TMPA=30;TMPP=305;TMPB=27;TMPC=29;RHUA=42;DWPA=16;PTYP=1;PNAM=MS-80SH;PIRA=479;PIRP=480;PIRM=481;PIRL=179;PIRH=1074;
SQNR=60975;DATE=24-08-14;TIME=16:56:15;STAT=201212;TMPA=30;TMPP=305;TMPB=27;TMPC=29;RHUA=43;DWPA=16;PTYP=1;PNAM=MS-80SH;PIRA=478;PIRP=479;PIRM=480;PIRL=179;PIRH=1074;
SQNR=60990;DATE=24-08-14;TIME=16:56:30;STAT=201212;TMPA=30;TMPP=305;TMPB=27;TMPC=29;RHUA=43;DWPA=16;PTYP=1;PNAM=MS-80SH;PIRA=477;PIRP=478;PIRM=479;PIRL=179;PIRH=1074;
SQNR=61005;DATE=24-08-14;TIME=16:56:45;STAT=201212;TMPA=30;TMPP=305;TMPB=27;TMPC=29;RHUA=44;DWPA=17;PTYP=1;PNAM=MS-80SH;PIRA=476;PIRP=477;PIRM=478;PIRL=179;PIRH=1074;
SQNR=61020;DATE=24-08-14;TIME=16:57:00;STAT=201212;TMPA=30;TMPP=305;TMPB=27;TMPC=29;RHUA=46;DWPA=17;PTYP=1;PNAM=MS-80SH;PIRA=475;PIRP=476;PIRM=477;PIRL=179;PIRH=1074;
SQNR=61035;DATE=24-08-14;TIME=16:57:15;STAT=201212;TMPA=30;TMPP=305;TMPB=27;TMPC=29;RHUA=45;DWPA=17;PTYP=1;PNAM=MS-80SH;PIRA=475;PIRP=475;PIRM=476;PIRL=179;PIRH=1074;
SQNR=61050;DATE=24-08-14;TIME=16:57:30;STAT=201212;TMPA=30;TMPP=305;TMPB=27;TMPC=29;RHUA=45;DWPA=17;PTYP=1;PNAM=MS-80SH;PIRA=474;PIRP=475;PIRM=475;PIRL=179;PIRH=1074;
SQNR=61065;DATE=24-08-14;TIME=16:57:45;STAT=201212;TMPA=30;TMPP=305;TMPB=27;TMPC=29;RHUA=44;DWPA=16;PTYP=1;PNAM=MS-80SH;PIRA=473;PIRP=474;PIRM=475;PIRL=179;PIRH=1074;
SQNR=61080;DATE=24-08-14;TIME=16:58:00;STAT=201212;TMPA=30;TMPP=305;TMPB=27;TMPC=29;RHUA=44;DWPA=16;PTYP=1;PNAM=MS-80SH;PIRA=471;PIRP=473;PIRM=473;PIRL=179;PIRH=1074;
SQNR=61095;DATE=24-08-14;TIME=16:58:15;STAT=201212;TMPA=30;TMPP=305;TMPB=27;TMPC=29;RHUA=44;DWPA=16;PTYP=1;PNAM=MS-80SH;PIRA=470;PIRP=471;PIRM=472;PIRL=179;PIRH=1074;
SQNR=61110;DATE=24-08-14;TIME=16:58:30;STAT=201212;TMPA=30;TMPP=305;TMPB=27;TMPC=29;RHUA=44;DWPA=17;PTYP=1;PNAM=MS-80SH;PIRA=469;PIRP=470;PIRM=471;PIRL=179;PIRH=1074;
SQNR=61125;DATE=24-08-14;TIME=16:58:45;STAT=201212;TMPA=30;TMPP=305;TMPB=27;TMPC=29;RHUA=44;DWPA=17;PTYP=1;PNAM=MS-80SH;PIRA=467;PIRP=469;PIRM=470;PIRL=179;PIRH=1074;
SQNR=61140;DATE=24-08-14;TIME=16:59:00;STAT=201212;TMPA=30;TMPP=305;TMPB=27;TMPC=29;RHUA=45;DWPA=17;PTYP=1;PNAM=MS-80SH;PIRA=466;PIRP=467;PIRM=469;PIRL=179;PIRH=1074;
SQNR=61155;DATE=24-08-14;TIME=16:59:15;STAT=201212;TMPA=30;TMPP=305;TMPB=27;TMPC=29;RHUA=45;DWPA=17;PTYP=1;PNAM=MS-80SH;PIRA=466;PIRP=466;PIRM=468;PIRL=179;PIRH=1074;
SQNR=61170;DATE=24-08-14;TIME=16:59:30;STAT=201212;TMPA=30;TMPP=305;TMPB=27;TMPC=29;RHUA=44;DWPA=17;PTYP=1;PNAM=MS-80SH;PIRA=465;PIRP=466;PIRM=467;PIRL=179;PIRH=1074;
SQNR=61185;DATE=24-08-14;TIME=16:59:45;STAT=201212;TMPA=30;TMPP=305;TMPB=27;TMPC=29;RHUA=45;DWPA=17;PTYP=1;PNAM=MS-80SH;PIRA=464;PIRP=465;PIRM=466;PIRL=179;PIRH=1074;
SQNR=61200;DATE=24-08-14;TIME=17:00:00;STAT=201212;TMPA=30;TMPP=305;TMPB=27;TMPC=29;RHUA=45;DWPA=17;PTYP=1;PNAM=MS-80SH;PIRA=462;PIRP=464;PIRM=465;PIRL=179;PIRH=1074;
C-----;?
V-----;SWVNR=2102190;SQNDL=61201;DATE=24-08-14;TIME=17:00:06;THTYP=85;TTEMP=15;TDEWP=5;IUFAN=800;ILFAN=5;IUHEA=3000;PYDEF=21;PYAVT=30;PYAVW=1;PYOST=0;MSDLY=15;FNDLY=30;OSTRG=3;DBGFL=0;ASIRE=0;DBGRE=0;MPPFL=-1;
SQNR=61215;DATE=24-08-14;TIME=17:00:15;STAT=201212;TMPA=30;TMPP=305;TMPB=27;TMPC=29;RHUA=44;DWPA=17;PTYP=1;PNAM=MS-80SH;PIRA=461;PIRP=462;PIRM=463;PIRL=179;PIRH=1074;
SQNR=61230;DATE=24-08-14;TIME=17:00:30;STAT=201212;TMPA=30;TMPP=305;TMPB=27;TMPC=29;RHUA=46;DWPA=17;PTYP=1;PNAM=MS-80SH;PIRA=460;PIRP=461;PIRM=462;PIRL=179;PIRH=1074;
SQNR=61245;DATE=24-08-14;TIME=17:00:45;STAT=201212;TMPA=30;TMPP=305;TMPB=27;TMPC=29;RHUA=49;DWPA=18;PTYP=1;PNAM=MS-80SH;PIRA=460;PIRP=460;PIRM=461;PIRL=179;PIRH=1074;
SQNR=61260;DATE=24-08-14;TIME=17:01:00;STAT=201212;TMPA=30;TMPP=305;TMPB=27;TMPC=29;RHUA=51;DWPA=19;PTYP=1;PNAM=MS-80SH;PIRA=459;PIRP=460;PIRM=461;PIRL=179;PIRH=1074;
C-----;P1001
P-----;DATE=24-08-14;TIME=17:01:01;PSNR=23059772;PTMP=350;PRHU=7;PSTX=-25;PSTY=12;
SQNR=61275;DATE=24-08-14;TIME=17:01:15;STAT=201212;TMPA=30;TMPP=305;TMPB=27;TMPC=29;RHUA=49;DWPA=18;PTYP=1;PNAM=MS-80SH;PIRA=458;PIRP=459;PIRM=460;PIRL=179;PIRH=1074;
SQNR=61290;DATE=24-08-14;TIME=17:01:30;STAT=201212;TMPA=30;TMPP=305;TMPB=27;TMPC=29;RHUA=50;DWPA=18;PTYP=1;PNAM=MS-80SH;PIRA=456;PIRP=458;PIRM=459;PIRL=179;PIRH=1074;
SQNR=61305;DATE=24-08-14;TIME=17:01:45;STAT=201212;TMPA=30;TMPP=305;TMPB=27;TMPC=29;RHUA=51;DWPA=19;PTYP=1;PNAM=MS-80SH;PIRA=456;PIRP=457;PIRM=458;PIRL=179;PIRH=1074;
SQNR=61320;DATE=24-08-14;TIME=17:02:00;STAT=201212;TMPA=30;TMPP=306;TMPB=27;TMPC=29;RHUA=51;DWPA=19;PTYP=1;PNAM=MS-80SH;PIRA=456;PIRP=456;PIRM=457;PIRL=179;PIRH=1074;
SQNR=61335;DATE=24-08-14;TIME=17:02:15;STAT=201212;TMPA=30;TMPP=307;TMPB=27;TMPC=29;RHUA=48;DWPA=18;PTYP=1;PNAM=MS-80SH;PIRA=454;PIRP=456;PIRM=456;PIRL=179;PIRH=1074;
SQNR=61350;DATE=24-08-14;TIME=17:02:30;STAT=201212;TMPA=30;TMPP=307;TMPB=27;TMPC=29;RHUA=49;DWPA=18;PTYP=1;PNAM=MS-80SH;PIRA=455;PIRP=455;PIRM=456;PIRL=179;PIRH=1074;
SQNR=61365;DATE=24-08-14;TIME=17:02:45;STAT=201212;TMPA=30;TMPP=308;TMPB=27;TMPC=29;RHUA=49;DWPA=18;PTYP=1;PNAM=MS-80SH;PIRA=455;PIRP=455;PIRM=455;PIRL=179;PIRH=1074;
SQNR=61380;DATE=24-08-14;TIME=17:03:00;STAT=201212;TMPA=30;TMPP=308;TMPB=27;TMPC=29;RHUA=48;DWPA=18;PTYP=1;PNAM=MS-80SH;PIRA=455;PIRP=455;PIRM=455;PIRL=179;PIRH=1074;
SQNR=61395;DATE=24-08-14;TIME=17:03:15;STAT=201212;TMPA=30;TMPP=309;TMPB=27;TMPC=29;RHUA=50;DWPA=19;PTYP=1;PNAM=MS-80SH;PIRA=455;PIRP=455;PIRM=455;PIRL=179;PIRH=1074;
SQNR=61410;DATE=24-08-14;TIME=17:03:30;STAT=201212;TMPA=30;TMPP=309;TMPB=27;TMPC=29;RHUA=43;DWPA=17;PTYP=1;PNAM=MS-80SH;PIRA=455;PIRP=455;PIRM=455;PIRL=179;PIRH=1074;
SQNR=61425;DATE=24-08-14;TIME=17:03:45;STAT=201212;TMPA=30;TMPP=309;TMPB=27;TMPC=29;RHUA=43;DWPA=17;PTYP=1;PNAM=MS-80SH;PIRA=455;PIRP=455;PIRM=455;PIRL=179;PIRH=1074;
SQNR=61440;DATE=24-08-14;TIME=17:04:00;STAT=201212;TMPA=30;TMPP=309;TMPB=27;TMPC=29;RHUA=43;DWPA=16;PTYP=1;PNAM=MS-80SH;PIRA=454;PIRP=455;PIRM=455;PIRL=179;PIRH=1074;
SQNR=61455;DATE=24-08-14;TIME=17:04:15;STAT=201212;TMPA=30;TMPP=309;TMPB=27;TMPC=29;RHUA=44;DWPA=17;PTYP=1;PNAM=MS-80SH;PIRA=454;PIRP=454;PIRM=455;PIRL=179;PIRH=1074;
SQNR=61470;DATE=24-08-14;TIME=17:04:30;STAT=201212;TMPA=30;TMPP=308;TMPB=27;TMPC=29;RHUA=44;DWPA=17;PTYP=1;PNAM=MS-80SH;PIRA=454;PIRP=454;PIRM=454;PIRL=179;PIRH=1074;
SQNR=61485;DATE=24-08-14;TIME=17:04:45;STAT=201212;TMPA=30;TMPP=308;TMPB=27;TMPC=29;RHUA=45;DWPA=17;PTYP=1;PNAM=MS-80SH;PIRA=453;PIRP=454;PIRM=454;PIRL=179;PIRH=1074;
C-----;?
SQNR=61500;DATE=24-08-14;TIME=17:05:00;STAT=201212;TMPA=30;TMPP=308;TMPB=27;TMPC=29;RHUA=46;DWPA=18;PTYP=1;PNAM=MS-80SH;PIRA=453;PIRP=453;PIRM=454;PIRL=179;PIRH=1074;
V-----;SWVNR=2102190;SQNDL=61501;DATE=24-08-14;TIME=17:05:06;THTYP=85;TTEMP=15;TDEWP=5;IUFAN=800;ILFAN=5;IUHEA=3000;PYDEF=21;PYAVT=30;PYAVW=1;PYOST=0;MSDLY=15;FNDLY=30;OSTRG=3;DBGFL=0;ASIRE=0;DBGRE=0;MPPFL=-1;
SQNR=61515;DATE=24-08-14;TIME=17:05:15;STAT=201212;TMPA=30;TMPP=309;TMPB=27;TMPC=29;RHUA=46;DWPA=18;PTYP=1;PNAM=MS-80SH;PIRA=453;PIRP=453;PIRM=453;PIRL=179;PIRH=1074;
SQNR=61530;DATE=24-08-14;TIME=17:05:30;STAT=201212;TMPA=30;TMPP=309;TMPB=27;TMPC=29;RHUA=44;DWPA=17;PTYP=1;PNAM=MS-80SH;PIRA=452;PIRP=453;PIRM=453;PIRL=179;PIRH=1074;
SQNR=61545;DATE=24-08-14;TIME=17:05:45;STAT=201212;TMPA=30;TMPP=309;TMPB=27;TMPC=29;RHUA=45;DWPA=17;PTYP=1;PNAM=MS-80SH;PIRA=452;PIRP=452;PIRM=453;PIRL=179;PIRH=1074;
SQNR=61560;DATE=24-08-14;TIME=17:06:00;STAT=201212;TMPA=30;TMPP=309;TMPB=27;TMPC=29;RHUA=43;DWPA=17;PTYP=1;PNAM=MS-80SH;PIRA=451;PIRP=452;PIRM=452;PIRL=179;PIRH=1074;
SQNR=61575;DATE=24-08-14;TIME=17:06:15;STAT=201212;TMPA=30;TMPP=309;TMPB=27;TMPC=29;RHUA=43;DWPA=16;PTYP=1;PNAM=MS-80SH;PIRA=450;PIRP=451;PIRM=451;PIRL=179;PIRH=1074;
SQNR=61590;DATE=24-08-14;TIME=17:06:30;STAT=201212;TMPA=30;TMPP=308;TMPB=27;TMPC=29;RHUA=44;DWPA=17;PTYP=1;PNAM=MS-80SH;PIRA=448;PIRP=450;PIRM=450;PIRL=179;PIRH=1074;
SQNR=61605;DATE=24-08-14;TIME=17:06:45;STAT=201212;TMPA=30;TMPP=309;TMPB=27;TMPC=29;RHUA=44;DWPA=17;PTYP=1;PNAM=MS-80SH;PIRA=447;PIRP=448;PIRM=449;PIRL=179;PIRH=1074;
SQNR=61620;DATE=24-08-14;TIME=17:07:00;STAT=201212;TMPA=30;TMPP=309;TMPB=27;TMPC=29;RHUA=44;DWPA=17;PTYP=1;PNAM=MS-80SH;PIRA=446;PIRP=447;PIRM=448;PIRL=179;PIRH=1074;
SQNR=61635;DATE=24-08-14;TIME=17:07:15;STAT=201212;TMPA=30;TMPP=309;TMPB=27;TMPC=29;RHUA=44;DWPA=17;PTYP=1;PNAM=MS-80SH;PIRA=445;PIRP=446;PIRM=447;PIRL=179;PIRH=1074;
SQNR=61650;DATE=24-08-14;TIME=17:07:30;STAT=201212;TMPA=30;TMPP=309;TMPB=27;TMPC=29;RHUA=43;DWPA=17;PTYP=1;PNAM=MS-80SH;PIRA=444;PIRP=445;PIRM=446;PIRL=179;PIRH=1074;
SQNR=61665;DATE=24-08-14;TIME=17:07:45;STAT=201212;TMPA=30;TMPP=309;TMPB=27;TMPC=29;RHUA=45;DWPA=17;PTYP=1;PNAM=MS-80SH;PIRA=443;PIRP=444;PIRM=445;PIRL=179;PIRH=1074;
SQNR=61680;DATE=24-08-14;TIME=17:08:00;STAT=201212;TMPA=30;TMPP=309;TMPB=27;TMPC=29;RHUA=44;DWPA=17;PTYP=1;PNAM=MS-80SH;PIRA=443;PIRP=443;PIRM=444;PIRL=179;PIRH=1074;
SQNR=61695;DATE=24-08-14;TIME=17:08:15;STAT=201212;TMPA=30;TMPP=309;TMPB=27;TMPC=29;RHUA=44;DWPA=17;PTYP=1;PNAM=MS-80SH;PIRA=442;PIRP=442;PIRM=443;PIRL=179;PIRH=1074;
SQNR=61710;DATE=24-08-14;TIME=17:08:30;STAT=201212;TMPA=31;TMPP=310;TMPB=27;TMPC=29;RHUA=43;DWPA=17;PTYP=1;PNAM=MS-80SH;PIRA=441;PIRP=442;PIRM=442;PIRL=179;PIRH=1074;
SQNR=61725;DATE=24-08-14;TIME=17:08:45;STAT=201212;TMPA=31;TMPP=310;TMPB=27;TMPC=29;RHUA=44;DWPA=17;PTYP=1;PNAM=MS-80SH;PIRA=440;PIRP=441;PIRM=441;PIRL=179;PIRH=1074;
SQNR=61740;DATE=24-08-14;TIME=17:09:00;STAT=201212;TMPA=31;TMPP=310;TMPB=27;TMPC=29;RHUA=43;DWPA=17;PTYP=1;PNAM=MS-80SH;PIRA=439;PIRP=440;PIRM=441;PIRL=179;PIRH=1074;
SQNR=61755;DATE=24-08-14;TIME=17:09:15;STAT=201212;TMPA=31;TMPP=310;TMPB=27;TMPC=29;RHUA=44;DWPA=17;PTYP=1;PNAM=MS-80SH;PIRA=438;PIRP=439;PIRM=440;PIRL=179;PIRH=1074;
SQNR=61770;DATE=24-08-14;TIME=17:09:30;STAT=201212;TMPA=31;TMPP=311;TMPB=27;TMPC=29;RHUA=42;DWPA=16;PTYP=1;PNAM=MS-80SH;PIRA=437;PIRP=438;PIRM=439;PIRL=179;PIRH=1074;
SQNR=61785;DATE=24-08-14;TIME=17:09:45;STAT=201212;TMPA=31;TMPP=311;TMPB=27;TMPC=29;RHUA=41;DWPA=16;PTYP=1;PNAM=MS-80SH;PIRA=436;PIRP=437;PIRM=438;PIRL=179;PIRH=1074;
SQNR=61800;DATE=24-08-14;TIME=17:10:00;STAT=201212;TMPA=31;TMPP=312;TMPB=27;TMPC=29;RHUA=43;DWPA=17;PTYP=1;PNAM=MS-80SH;PIRA=434;PIRP=436;PIRM=437;PIRL=179;PIRH=1074;
C-----;?
V-----;SWVNR=2102190;SQNDL=61801;DATE=24-08-14;TIME=17:10:06;THTYP=85;TTEMP=15;TDEWP=5;IUFAN=800;ILFAN=5;IUHEA=3000;PYDEF=21;PYAVT=30;PYAVW=1;PYOST=0;MSDLY=15;FNDLY=30;OSTRG=3;DBGFL=0;ASIRE=0;DBGRE=0;MPPFL=-1;
SQNR=61815;DATE=24-08-14;TIME=17:10:15;STAT=201212;TMPA=31;TMPP=312;TMPB=27;TMPC=29;RHUA=44;DWPA=17;PTYP=1;PNAM=MS-80SH;PIRA=434;PIRP=435;PIRM=436;PIRL=179;PIRH=1074;
SQNR=61830;DATE=24-08-14;TIME=17:10:30;STAT=201212;TMPA=31;TMPP=313;TMPB=27;TMPC=29;RHUA=44;DWPA=17;PTYP=1;PNAM=MS-80SH;PIRA=433;PIRP=434;PIRM=435;PIRL=179;PIRH=1074;
SQNR=61845;DATE=24-08-14;TIME=17:10:45;STAT=201212;TMPA=31;TMPP=314;TMPB=27;TMPC=29;RHUA=44;DWPA=17;PTYP=1;PNAM=MS-80SH;PIRA=432;PIRP=433;PIRM=434;PIRL=179;PIRH=1074;
SQNR=61860;DATE=24-08-14;TIME=17:11:00;STAT=201212;TMPA=31;TMPP=315;TMPB=27;TMPC=29;RHUA=42;DWPA=17;PTYP=1;PNAM=MS-80SH;PIRA=431;PIRP=432;PIRM=433;PIRL=179;PIRH=1074;
SQNR=61875;DATE=24-08-14;TIME=17:11:15;STAT=201212;TMPA=31;TMPP=316;TMPB=27;TMPC=29;RHUA=43;DWPA=17;PTYP=1;PNAM=MS-80SH;PIRA=431;PIRP=431;PIRM=432;PIRL=179;PIRH=1074;
SQNR=61890;DATE=24-08-14;TIME=17:11:30;STAT=201212;TMPA=31;TMPP=317;TMPB=27;TMPC=29;RHUA=45;DWPA=18;PTYP=1;PNAM=MS-80SH;PIRA=431;PIRP=431;PIRM=432;PIRL=179;PIRH=1074;
SQNR=61905;DATE=24-08-14;TIME=17:11:45;STAT=201212;TMPA=31;TMPP=317;TMPB=27;TMPC=29;RHUA=45;DWPA=18;PTYP=1;PNAM=MS-80SH;PIRA=431;PIRP=431;PIRM=431;PIRL=179;PIRH=1074;
SQNR=61920;DATE=24-08-14;TIME=17:12:00;STAT=201212;TMPA=31;TMPP=317;TMPB=27;TMPC=29;RHUA=42;DWPA=17;PTYP=1;PNAM=MS-80SH;PIRA=431;PIRP=431;PIRM=431;PIRL=179;PIRH=1074;
SQNR=61935;DATE=24-08-14;TIME=17:12:15;STAT=201212;TMPA=31;TMPP=316;TMPB=27;TMPC=29;RHUA=43;DWPA=17;PTYP=1;PNAM=MS-80SH;PIRA=431;PIRP=431;PIRM=431;PIRL=179;PIRH=1074;
SQNR=61950;DATE=24-08-14;TIME=17:12:30;STAT=201212;TMPA=31;TMPP=316;TMPB=27;TMPC=29;RHUA=42;DWPA=17;PTYP=1;PNAM=MS-80SH;PIRA=431;PIRP=431;PIRM=431;PIRL=179;PIRH=1074;
SQNR=61965;DATE=24-08-14;TIME=17:12:45;STAT=201212;TMPA=31;TMPP=315;TMPB=27;TMPC=29;RHUA=43;DWPA=17;PTYP=1;PNAM=MS-80SH;PIRA=430;PIRP=431;PIRM=431;PIRL=179;PIRH=1074;
SQNR=61980;DATE=24-08-14;TIME=17:13:00;STAT=201212;TMPA=31;TMPP=314;TMPB=27;TMPC=29;RHUA=42;DWPA=17;PTYP=1;PNAM=MS-80SH;PIRA=430;PIRP=430;PIRM=430;PIRL=179;PIRH=1074;
SQNR=61995;DATE=24-08-14;TIME=17:13:15;STAT=201212;TMPA=31;TMPP=314;TMPB=27;TMPC=29;RHUA=42;DWPA=17;PTYP=1;PNAM=MS-80SH;PIRA=429;PIRP=429;PIRM=430;PIRL=179;PIRH=1074;
SQNR=62010;DATE=24-08-14;TIME=17:13:30;STAT=201212;TMPA=31;TMPP=314;TMPB=27;TMPC=29;RHUA=43;DWPA=17;PTYP=1;PNAM=MS-80SH;PIRA=430;PIRP=429;PIRM=430;PIRL=179;PIRH=1074;
SQNR=62025;DATE=24-08-14;TIME=17:13:45;STAT=201212;TMPA=31;TMPP=313;TMPB=27;TMPC=29;RHUA=41;DWPA=16;PTYP=1;PNAM=MS-80SH;PIRA=429;PIRP=429;PIRM=430;PIRL=179;PIRH=1074;
SQNR=62040;DATE=24-08-14;TIME=17:14:00;STAT=201212;TMPA=31;TMPP=313;TMPB=27;TMPC=29;RHUA=42;DWPA=16;PTYP=1;PNAM=MS-80SH;PIRA=428;PIRP=429;PIRM=429;PIRL=179;PIRH=1074;
SQNR=62055;DATE=24-08-14;TIME=17:14:15;STAT=201212;TMPA=31;TMPP=312;TMPB=27;TMPC=29;RHUA=44;DWPA=17;PTYP=1;PNAM=MS-80SH;PIRA=428;PIRP=428;PIRM=429;PIRL=179;PIRH=1074;
SQNR=62070;DATE=24-08-14;TIME=17:14:30;STAT=201212;TMPA=31;TMPP=312;TMPB=27;TMPC=29;RHUA=43;DWPA=17;PTYP=1;PNAM=MS-80SH;PIRA=428;PIRP=428;PIRM=428;PIRL=179;PIRH=1074;
SQNR=62085;DATE=24-08-14;TIME=17:14:45;STAT=201212;TMPA=31;TMPP=311;TMPB=27;TMPC=29;RHUA=44;DWPA=17;PTYP=1;PNAM=MS-80SH;PIRA=427;PIRP=428;PIRM=428;PIRL=179;PIRH=1074;
SQNR=62101;DATE=24-08-14;TIME=17:15:00;STAT=201212;TMPA=31;TMPP=311;TMPB=27;TMPC=29;RHUA=42;DWPA=16;PTYP=1;PNAM=MS-80SH;PIRA=428;PIRP=428;PIRM=428;PIRL=179;PIRH=1074;
C-----;?
V-----;SWVNR=2102190;SQNDL=62103;DATE=24-08-14;TIME=17:15:07;THTYP=85;TTEMP=15;TDEWP=5;IUFAN=800;ILFAN=5;IUHEA=3000;PYDEF=21;PYAVT=30;PYAVW=1;PYOST=0;MSDLY=15;FNDLY=30;OSTRG=3;DBGFL=0;ASIRE=0;DBGRE=0;MPPFL=-1;
SQNR=62116;DATE=24-08-14;TIME=17:15:15;STAT=201212;TMPA=31;TMPP=310;TMPB=27;TMPC=29;RHUA=42;DWPA=16;PTYP=1;PNAM=MS-80SH;PIRA=426;PIRP=427;PIRM=427;PIRL=179;PIRH=1074;
SQNR=62131;DATE=24-08-14;TIME=17:15:30;STAT=201212;TMPA=31;TMPP=310;TMPB=27;TMPC=29;RHUA=43;DWPA=17;PTYP=1;PNAM=MS-80SH;PIRA=426;PIRP=426;PIRM=427;PIRL=179;PIRH=1074;
SQNR=62146;DATE=24-08-14;TIME=17:15:45;STAT=201212;TMPA=30;TMPP=309;TMPB=27;TMPC=29;RHUA=43;DWPA=17;PTYP=1;PNAM=MS-80SH;PIRA=425;PIRP=426;PIRM=426;PIRL=179;PIRH=1074;
SQNR=62161;DATE=24-08-14;TIME=17:16:00;STAT=201212;TMPA=30;TMPP=309;TMPB=27;TMPC=29;RHUA=45;DWPA=17;PTYP=1;PNAM=MS-80SH;PIRA=425;PIRP=425;PIRM=426;PIRL=179;PIRH=1074;
SQNR=62176;DATE=24-08-14;TIME=17:16:15;STAT=201212;TMPA=30;TMPP=309;TMPB=27;TMPC=29;RHUA=44;DWPA=17;PTYP=1;PNAM=MS-80SH;PIRA=424;PIRP=424;PIRM=425;PIRL=179;PIRH=1074;
SQNR=62191;DATE=24-08-14;TIME=17:16:30;STAT=201212;TMPA=30;TMPP=309;TMPB=27;TMPC=29;RHUA=46;DWPA=18;PTYP=1;PNAM=MS-80SH;PIRA=423;PIRP=424;PIRM=424;PIRL=179;PIRH=1074;
SQNR=62206;DATE=24-08-14;TIME=17:16:45;STAT=201212;TMPA=30;TMPP=308;TMPB=27;TMPC=29;RHUA=45;DWPA=17;PTYP=1;PNAM=MS-80SH;PIRA=423;PIRP=423;PIRM=424;PIRL=179;PIRH=1074;
SQNR=62221;DATE=24-08-14;TIME=17:17:00;STAT=201212;TMPA=30;TMPP=308;TMPB=27;TMPC=29;RHUA=42;DWPA=16;PTYP=1;PNAM=MS-80SH;PIRA=423;PIRP=423;PIRM=423;PIRL=179;PIRH=1074;
SQNR=62236;DATE=24-08-14;TIME=17:17:15;STAT=201212;TMPA=30;TMPP=308;TMPB=27;TMPC=29;RHUA=43;DWPA=17;PTYP=1;PNAM=MS-80SH;PIRA=422;PIRP=423;PIRM=423;PIRL=179;PIRH=1074;
SQNR=62251;DATE=24-08-14;TIME=17:17:30;STAT=201212;TMPA=30;TMPP=307;TMPB=27;TMPC=29;RHUA=45;DWPA=17;PTYP=1;PNAM=MS-80SH;PIRA=422;PIRP=422;PIRM=423;PIRL=179;PIRH=1074;
SQNR=62266;DATE=24-08-14;TIME=17:17:45;STAT=201212;TMPA=30;TMPP=307;TMPB=27;TMPC=29;RHUA=45;DWPA=17;PTYP=1;PNAM=MS-80SH;PIRA=420;PIRP=422;PIRM=422;PIRL=179;PIRH=1074;
SQNR=62281;DATE=24-08-14;TIME=17:18:00;STAT=201212;TMPA=30;TMPP=307;TMPB=27;TMPC=29;RHUA=46;DWPA=17;PTYP=1;PNAM=MS-80SH;PIRA=420;PIRP=421;PIRM=421;PIRL=179;PIRH=1074;
SQNR=62296;DATE=24-08-14;TIME=17:18:15;STAT=201212;TMPA=30;TMPP=307;TMPB=27;TMPC=29;RHUA=44;DWPA=17;PTYP=1;PNAM=MS-80SH;PIRA=419;PIRP=420;PIRM=420;PIRL=179;PIRH=1074;
SQNR=62311;DATE=24-08-14;TIME=17:18:30;STAT=201212;TMPA=30;TMPP=307;TMPB=27;TMPC=29;RHUA=45;DWPA=17;PTYP=1;PNAM=MS-80SH;PIRA=417;PIRP=419;PIRM=420;PIRL=179;PIRH=1074;
SQNR=62326;DATE=24-08-14;TIME=17:18:45;STAT=201212;TMPA=30;TMPP=306;TMPB=27;TMPC=29;RHUA=49;DWPA=18;PTYP=1;PNAM=MS-80SH;PIRA=416;PIRP=418;PIRM=418;PIRL=179;PIRH=1074;
SQNR=62341;DATE=24-08-14;TIME=17:19:00;STAT=201212;TMPA=30;TMPP=306;TMPB=27;TMPC=29;RHUA=43;DWPA=16;PTYP=1;PNAM=MS-80SH;PIRA=416;PIRP=416;PIRM=417;PIRL=179;PIRH=1074;
SQNR=62356;DATE=24-08-14;TIME=17:19:15;STAT=201212;TMPA=30;TMPP=306;TMPB=27;TMPC=29;RHUA=44;DWPA=17;PTYP=1;PNAM=MS-80SH;PIRA=415;PIRP=415;PIRM=416;PIRL=179;PIRH=1074;
SQNR=62371;DATE=24-08-14;TIME=17:19:30;STAT=201212;TMPA=30;TMPP=306;TMPB=27;TMPC=29;RHUA=46;DWPA=17;PTYP=1;PNAM=MS-80SH;PIRA=414;PIRP=415;PIRM=416;PIRL=179;PIRH=1074;
SQNR=62386;DATE=24-08-14;TIME=17:19:45;STAT=201212;TMPA=30;TMPP=306;TMPB=27;TMPC=29;RHUA=45;DWPA=17;PTYP=1;PNAM=MS-80SH;PIRA=414;PIRP=414;PIRM=415;PIRL=179;PIRH=1074;
SQNR=62401;DATE=24-08-14;TIME=17:20:00;STAT=201212;TMPA=30;TMPP=306;TMPB=27;TMPC=29;RHUA=45;DWPA=17;PTYP=1;PNAM=MS-80SH;PIRA=414;PIRP=414;PIRM=414;PIRL=179;PIRH=1074;
C-----;?
V-----;SWVNR=2102190;SQNDL=62403;DATE=24-08-14;TIME=17:20:07;THTYP=85;TTEMP=15;TDEWP=5;IUFAN=800;ILFAN=5;IUHEA=3000;PYDEF=21;PYAVT=30;PYAVW=1;PYOST=0;MSDLY=15;FNDLY=30;OSTRG=3;DBGFL=0;ASIRE=0;DBGRE=0;MPPFL=-1;
SQNR=62416;DATE=24-08-14;TIME=17:20:15;STAT=201212;TMPA=30;TMPP=306;TMPB=27;TMPC=29;RHUA=43;DWPA=16;PTYP=1;PNAM=MS-80SH;PIRA=413;PIRP=414;PIRM=414;PIRL=179;PIRH=1074;
SQNR=62431;DATE=24-08-14;TIME=17:20:30;STAT=201212;TMPA=30;TMPP=306;TMPB=27;TMPC=29;RHUA=42;DWPA=16;PTYP=1;PNAM=MS-80SH;PIRA=412;PIRP=413;PIRM=413;PIRL=179;PIRH=1074;
SQNR=62446;DATE=24-08-14;TIME=17:20:45;STAT=201212;TMPA=30;TMPP=306;TMPB=27;TMPC=29;RHUA=41;DWPA=16;PTYP=1;PNAM=MS-80SH;PIRA=412;PIRP=412;PIRM=413;PIRL=179;PIRH=1074;
SQNR=62461;DATE=24-08-14;TIME=17:21:00;STAT=201212;TMPA=30;TMPP=306;TMPB=27;TMPC=29;RHUA=43;DWPA=16;PTYP=1;PNAM=MS-80SH;PIRA=411;PIRP=412;PIRM=412;PIRL=179;PIRH=1074;
SQNR=62476;DATE=24-08-14;TIME=17:21:15;STAT=201212;TMPA=30;TMPP=306;TMPB=27;TMPC=29;RHUA=43;DWPA=16;PTYP=1;PNAM=MS-80SH;PIRA=410;PIRP=411;PIRM=412;PIRL=179;PIRH=1074;
SQNR=62491;DATE=24-08-14;TIME=17:21:30;STAT=201212;TMPA=30;TMPP=306;TMPB=27;TMPC=29;RHUA=43;DWPA=16;PTYP=1;PNAM=MS-80SH;PIRA=410;PIRP=410;PIRM=411;PIRL=179;PIRH=1074;
SQNR=62506;DATE=24-08-14;TIME=17:21:45;STAT=201212;TMPA=30;TMPP=306;TMPB=27;TMPC=29;RHUA=43;DWPA=16;PTYP=1;PNAM=MS-80SH;PIRA=409;PIRP=410;PIRM=410;PIRL=179;PIRH=1074;
SQNR=62521;DATE=24-08-14;TIME=17:22:00;STAT=201212;TMPA=30;TMPP=306;TMPB=27;TMPC=29;RHUA=44;DWPA=17;PTYP=1;PNAM=MS-80SH;PIRA=408;PIRP=409;PIRM=410;PIRL=179;PIRH=1074;
SQNR=62536;DATE=24-08-14;TIME=17:22:15;STAT=201212;TMPA=30;TMPP=306;TMPB=27;TMPC=29;RHUA=44;DWPA=17;PTYP=1;PNAM=MS-80SH;PIRA=409;PIRP=409;PIRM=409;PIRL=179;PIRH=1074;
SQNR=62551;DATE=24-08-14;TIME=17:22:30;STAT=201212;TMPA=30;TMPP=307;TMPB=27;TMPC=29;RHUA=44;DWPA=17;PTYP=1;PNAM=MS-80SH;PIRA=407;PIRP=408;PIRM=409;PIRL=179;PIRH=1074;
SQNR=62566;DATE=24-08-14;TIME=17:22:45;STAT=201212;TMPA=30;TMPP=307;TMPB=27;TMPC=29;RHUA=50;DWPA=19;PTYP=1;PNAM=MS-80SH;PIRA=406;PIRP=407;PIRM=408;PIRL=179;PIRH=1074;
SQNR=62581;DATE=24-08-14;TIME=17:23:00;STAT=201212;TMPA=30;TMPP=306;TMPB=27;TMPC=29;RHUA=45;DWPA=17;PTYP=1;PNAM=MS-80SH;PIRA=405;PIRP=406;PIRM=407;PIRL=179;PIRH=1074;
SQNR=62596;DATE=24-08-14;TIME=17:23:15;STAT=201212;TMPA=30;TMPP=306;TMPB=27;TMPC=29;RHUA=45;DWPA=17;PTYP=1;PNAM=MS-80SH;PIRA=405;PIRP=405;PIRM=406;PIRL=179;PIRH=1074;
SQNR=62611;DATE=24-08-14;TIME=17:23:30;STAT=201212;TMPA=30;TMPP=306;TMPB=27;TMPC=29;RHUA=42;DWPA=16;PTYP=1;PNAM=MS-80SH;PIRA=405;PIRP=405;PIRM=405;PIRL=179;PIRH=1074;
SQNR=62626;DATE=24-08-14;TIME=17:23:45;STAT=201212;TMPA=30;TMPP=306;TMPB=27;TMPC=29;RHUA=43;DWPA=16;PTYP=1;PNAM=MS-80SH;PIRA=404;PIRP=404;PIRM=405;PIRL=179;PIRH=1074;
SQNR=62641;DATE=24-08-14;TIME=17:24:00;STAT=201212;TMPA=30;TMPP=306;TMPB=27;TMPC=29;RHUA=42;DWPA=16;PTYP=1;PNAM=MS-80SH;PIRA=403;PIRP=404;PIRM=404;PIRL=179;PIRH=1074;
SQNR=62656;DATE=24-08-14;TIME=17:24:15;STAT=201212;TMPA=30;TMPP=306;TMPB=27;TMPC=29;RHUA=45;DWPA=17;PTYP=1;PNAM=MS-80SH;PIRA=403;PIRP=403;PIRM=404;PIRL=179;PIRH=1074;
SQNR=62671;DATE=24-08-14;TIME=17:24:30;STAT=201212;TMPA=30;TMPP=306;TMPB=27;TMPC=29;RHUA=46;DWPA=17;PTYP=1;PNAM=MS-80SH;PIRA=403;PIRP=403;PIRM=403;PIRL=179;PIRH=1074;
SQNR=62686;DATE=24-08-14;TIME=17:24:45;STAT=201212;TMPA=30;TMPP=306;TMPB=27;TMPC=29;RHUA=45;DWPA=17;PTYP=1;PNAM=MS-80SH;PIRA=403;PIRP=403;PIRM=403;PIRL=179;PIRH=1074;
SQNR=62701;DATE=24-08-14;TIME=17:25:00;STAT=201212;TMPA=30;TMPP=306;TMPB=27;TMPC=29;RHUA=45;DWPA=17;PTYP=1;PNAM=MS-80SH;PIRA=402;PIRP=403;PIRM=403;PIRL=179;PIRH=1074;
C-----;?
V-----;SWVNR=2102190;SQNDL=62703;DATE=24-08-14;TIME=17:25:07;THTYP=85;TTEMP=15;TDEWP=5;IUFAN=800;ILFAN=5;IUHEA=3000;PYDEF=21;PYAVT=30;PYAVW=1;PYOST=0;MSDLY=15;FNDLY=30;OSTRG=3;DBGFL=0;ASIRE=0;DBGRE=0;MPPFL=-1;
SQNR=62716;DATE=24-08-14;TIME=17:25:15;STAT=201212;TMPA=30;TMPP=305;TMPB=27;TMPC=29;RHUA=43;DWPA=16;PTYP=1;PNAM=MS-80SH;PIRA=401;PIRP=402;PIRM=402;PIRL=179;PIRH=1074;
SQNR=62731;DATE=24-08-14;TIME=17:25:30;STAT=201212;TMPA=30;TMPP=305;TMPB=27;TMPC=29;RHUA=42;DWPA=16;PTYP=1;PNAM=MS-80SH;PIRA=401;PIRP=401;PIRM=402;PIRL=179;PIRH=1074;
SQNR=62746;DATE=24-08-14;TIME=17:25:45;STAT=201212;TMPA=30;TMPP=305;TMPB=27;TMPC=29;RHUA=43;DWPA=16;PTYP=1;PNAM=MS-80SH;PIRA=399;PIRP=401;PIRM=401;PIRL=179;PIRH=1074;
SQNR=62761;DATE=24-08-14;TIME=17:26:00;STAT=201212;TMPA=30;TMPP=305;TMPB=27;TMPC=29;RHUA=45;DWPA=17;PTYP=1;PNAM=MS-80SH;PIRA=399;PIRP=400;PIRM=400;PIRL=179;PIRH=1074;
SQNR=62776;DATE=24-08-14;TIME=17:26:15;STAT=201212;TMPA=30;TMPP=305;TMPB=27;TMPC=29;RHUA=42;DWPA=16;PTYP=1;PNAM=MS-80SH;PIRA=398;PIRP=399;PIRM=400;PIRL=179;PIRH=1074;
SQNR=62791;DATE=24-08-14;TIME=17:26:30;STAT=201212;TMPA=30;TMPP=305;TMPB=27;TMPC=29;RHUA=42;DWPA=16;PTYP=1;PNAM=MS-80SH;PIRA=398;PIRP=398;PIRM=399;PIRL=179;PIRH=1074;
SQNR=62806;DATE=24-08-14;TIME=17:26:45;STAT=201212;TMPA=30;TMPP=305;TMPB=27;TMPC=29;RHUA=43;DWPA=16;PTYP=1;PNAM=MS-80SH;PIRA=397;PIRP=398;PIRM=398;PIRL=179;PIRH=1074;
SQNR=62821;DATE=24-08-14;TIME=17:27:00;STAT=201212;TMPA=30;TMPP=305;TMPB=27;TMPC=29;RHUA=43;DWPA=16;PTYP=1;PNAM=MS-80SH;PIRA=397;PIRP=398;PIRM=398;PIRL=179;PIRH=1074;
SQNR=62836;DATE=24-08-14;TIME=17:27:15;STAT=201212;TMPA=30;TMPP=305;TMPB=27;TMPC=29;RHUA=45;DWPA=17;PTYP=1;PNAM=MS-80SH;PIRA=396;PIRP=397;PIRM=398;PIRL=179;PIRH=1074;
SQNR=62851;DATE=24-08-14;TIME=17:27:30;STAT=201212;TMPA=30;TMPP=305;TMPB=27;TMPC=29;RHUA=46;DWPA=17;PTYP=1;PNAM=MS-80SH;PIRA=397;PIRP=397;PIRM=397;PIRL=179;PIRH=1074;
SQNR=62866;DATE=24-08-14;TIME=17:27:45;STAT=201212;TMPA=30;TMPP=305;TMPB=27;TMPC=29;RHUA=45;DWPA=17;PTYP=1;PNAM=MS-80SH;PIRA=395;PIRP=396;PIRM=397;PIRL=179;PIRH=1074;
SQNR=62881;DATE=24-08-14;TIME=17:28:00;STAT=201212;TMPA=30;TMPP=305;TMPB=27;TMPC=29;RHUA=46;DWPA=17;PTYP=1;PNAM=MS-80SH;PIRA=394;PIRP=395;PIRM=396;PIRL=179;PIRH=1074;
SQNR=62896;DATE=24-08-14;TIME=17:28:15;STAT=201212;TMPA=30;TMPP=305;TMPB=27;TMPC=29;RHUA=45;DWPA=17;PTYP=1;PNAM=MS-80SH;PIRA=394;PIRP=394;PIRM=395;PIRL=179;PIRH=1074;
SQNR=62910;DATE=24-08-14;TIME=17:28:30;STAT=201212;TMPA=30;TMPP=305;TMPB=27;TMPC=29;RHUA=42;DWPA=16;PTYP=1;PNAM=MS-80SH;PIRA=393;PIRP=394;PIRM=394;PIRL=179;PIRH=1074;
SQNR=62925;DATE=24-08-14;TIME=17:28:45;STAT=201212;TMPA=30;TMPP=305;TMPB=27;TMPC=29;RHUA=44;DWPA=17;PTYP=1;PNAM=MS-80SH;PIRA=392;PIRP=393;PIRM=394;PIRL=179;PIRH=1074;
SQNR=62940;DATE=24-08-14;TIME=17:29:00;STAT=201212;TMPA=30;TMPP=305;TMPB=27;TMPC=29;RHUA=43;DWPA=16;PTYP=1;PNAM=MS-80SH;PIRA=392;PIRP=392;PIRM=393;PIRL=179;PIRH=1074;
SQNR=62955;DATE=24-08-14;TIME=17:29:15;STAT=201212;TMPA=30;TMPP=305;TMPB=27;TMPC=29;RHUA=44;DWPA=17;PTYP=1;PNAM=MS-80SH;PIRA=390;PIRP=392;PIRM=392;PIRL=179;PIRH=1074;
SQNR=62970;DATE=24-08-14;TIME=17:29:30;STAT=201212;TMPA=30;TMPP=305;TMPB=27;TMPC=29;RHUA=42;DWPA=16;PTYP=1;PNAM=MS-80SH;PIRA=390;PIRP=390;PIRM=391;PIRL=179;PIRH=1074;
SQNR=62985;DATE=24-08-14;TIME=17:29:45;STAT=201212;TMPA=30;TMPP=304;TMPB=27;TMPC=29;RHUA=45;DWPA=17;PTYP=1;PNAM=MS-80SH;PIRA=389;PIRP=389;PIRM=390;PIRL=179;PIRH=1074;
SQNR=63000;DATE=24-08-14;TIME=17:30:00;STAT=201212;TMPA=30;TMPP=304;TMPB=27;TMPC=29;RHUA=43;DWPA=16;PTYP=1;PNAM=MS-80SH;PIRA=388;PIRP=389;PIRM=390;PIRL=179;PIRH=1074;
C-----;?
V-----;SWVNR=2102190;SQNDL=63002;DATE=24-08-14;TIME=17:30:07;THTYP=85;TTEMP=15;TDEWP=5;IUFAN=800;ILFAN=5;IUHEA=3000;PYDEF=21;PYAVT=30;PYAVW=1;PYOST=0;MSDLY=15;FNDLY=30;OSTRG=3;DBGFL=0;ASIRE=0;DBGRE=0;MPPFL=-1;
SQNR=63015;DATE=24-08-14;TIME=17:30:15;STAT=201212;TMPA=30;TMPP=304;TMPB=27;TMPC=29;RHUA=43;DWPA=16;PTYP=1;PNAM=MS-80SH;PIRA=388;PIRP=388;PIRM=389;PIRL=179;PIRH=1074;
SQNR=63030;DATE=24-08-14;TIME=17:30:30;STAT=201212;TMPA=30;TMPP=304;TMPB=27;TMPC=29;RHUA=42;DWPA=16;PTYP=1;PNAM=MS-80SH;PIRA=387;PIRP=388;PIRM=388;PIRL=179;PIRH=1074;
SQNR=63045;DATE=24-08-14;TIME=17:30:45;STAT=201212;TMPA=30;TMPP=304;TMPB=27;TMPC=29;RHUA=42;DWPA=16;PTYP=1;PNAM=MS-80SH;PIRA=386;PIRP=387;PIRM=388;PIRL=179;PIRH=1074;
SQNR=63060;DATE=24-08-14;TIME=17:31:00;STAT=201212;TMPA=30;TMPP=304;TMPB=27;TMPC=29;RHUA=41;DWPA=16;PTYP=1;PNAM=MS-80SH;PIRA=386;PIRP=386;PIRM=387;PIRL=179;PIRH=1074;
SQNR=63075;DATE=24-08-14;TIME=17:31:15;STAT=201212;TMPA=30;TMPP=304;TMPB=27;TMPC=29;RHUA=43;DWPA=16;PTYP=1;PNAM=MS-80SH;PIRA=384;PIRP=385;PIRM=386;PIRL=179;PIRH=1074;
SQNR=63090;DATE=24-08-14;TIME=17:31:30;STAT=201212;TMPA=30;TMPP=304;TMPB=27;TMPC=29;RHUA=44;DWPA=16;PTYP=1;PNAM=MS-80SH;PIRA=383;PIRP=384;PIRM=385;PIRL=179;PIRH=1074;
SQNR=63105;DATE=24-08-14;TIME=17:31:45;STAT=201212;TMPA=30;TMPP=304;TMPB=27;TMPC=29;RHUA=44;DWPA=16;PTYP=1;PNAM=MS-80SH;PIRA=383;PIRP=383;PIRM=384;PIRL=179;PIRH=1074;
SQNR=63120;DATE=24-08-14;TIME=17:32:00;STAT=201212;TMPA=30;TMPP=305;TMPB=27;TMPC=29;RHUA=42;DWPA=16;PTYP=1;PNAM=MS-80SH;PIRA=382;PIRP=382;PIRM=383;PIRL=179;PIRH=1074;
SQNR=63135;DATE=24-08-14;TIME=17:32:15;STAT=201212;TMPA=30;TMPP=305;TMPB=27;TMPC=29;RHUA=43;DWPA=16;PTYP=1;PNAM=MS-80SH;PIRA=380;PIRP=382;PIRM=382;PIRL=179;PIRH=1074;
SQNR=63150;DATE=24-08-14;TIME=17:32:30;STAT=201212;TMPA=30;TMPP=304;TMPB=27;TMPC=29;RHUA=46;DWPA=17;PTYP=1;PNAM=MS-80SH;PIRA=380;PIRP=380;PIRM=381;PIRL=179;PIRH=1074;
SQNR=63165;DATE=24-08-14;TIME=17:32:45;STAT=201212;TMPA=30;TMPP=305;TMPB=27;TMPC=29;RHUA=46;DWPA=17;PTYP=1;PNAM=MS-80SH;PIRA=378;PIRP=379;PIRM=380;PIRL=179;PIRH=1074;
SQNR=63180;DATE=24-08-14;TIME=17:33:00;STAT=201212;TMPA=30;TMPP=305;TMPB=27;TMPC=29;RHUA=46;DWPA=17;PTYP=1;PNAM=MS-80SH;PIRA=377;PIRP=378;PIRM=379;PIRL=179;PIRH=1074;
SQNR=63195;DATE=24-08-14;TIME=17:33:15;STAT=201212;TMPA=30;TMPP=305;TMPB=27;TMPC=29;RHUA=44;DWPA=17;PTYP=1;PNAM=MS-80SH;PIRA=376;PIRP=377;PIRM=378;PIRL=179;PIRH=1074;
SQNR=63210;DATE=24-08-14;TIME=17:33:30;STAT=201212;TMPA=30;TMPP=306;TMPB=27;TMPC=29;RHUA=43;DWPA=16;PTYP=1;PNAM=MS-80SH;PIRA=376;PIRP=376;PIRM=377;PIRL=179;PIRH=1074;
SQNR=63225;DATE=24-08-14;TIME=17:33:45;STAT=201212;TMPA=30;TMPP=306;TMPB=27;TMPC=29;RHUA=43;DWPA=16;PTYP=1;PNAM=MS-80SH;PIRA=375;PIRP=375;PIRM=376;PIRL=179;PIRH=1074;
SQNR=63240;DATE=24-08-14;TIME=17:34:00;STAT=201212;TMPA=30;TMPP=306;TMPB=27;TMPC=29;RHUA=43;DWPA=16;PTYP=1;PNAM=MS-80SH;PIRA=374;PIRP=375;PIRM=376;PIRL=179;PIRH=1074;
SQNR=63255;DATE=24-08-14;TIME=17:34:15;STAT=201212;TMPA=30;TMPP=306;TMPB=27;TMPC=29;RHUA=43;DWPA=16;PTYP=1;PNAM=MS-80SH;PIRA=374;PIRP=374;PIRM=375;PIRL=179;PIRH=1074;
SQNR=63270;DATE=24-08-14;TIME=17:34:30;STAT=201212;TMPA=30;TMPP=307;TMPB=27;TMPC=29;RHUA=44;DWPA=17;PTYP=1;PNAM=MS-80SH;PIRA=373;PIRP=372;PIRM=372;PIRL=179;PIRH=1074;
SQNR=63285;DATE=24-08-14;TIME=17:34:45;STAT=201212;TMPA=30;TMPP=307;TMPB=27;TMPC=29;RHUA=42;DWPA=16;PTYP=1;PNAM=MS-80SH;PIRA=372;PIRP=371;PIRM=372;PIRL=179;PIRH=1074;
SQNR=63300;DATE=24-08-14;TIME=17:35:00;STAT=201212;TMPA=30;TMPP=307;TMPB=27;TMPC=29;RHUA=43;DWPA=16;PTYP=1;PNAM=MS-80SH;PIRA=371;PIRP=372;PIRM=372;PIRL=179;PIRH=1074;
C-----;?
V-----;SWVNR=2102190;SQNDL=63301;DATE=24-08-14;TIME=17:35:06;THTYP=85;TTEMP=15;TDEWP=5;IUFAN=800;ILFAN=5;IUHEA=3000;PYDEF=21;PYAVT=30;PYAVW=1;PYOST=0;MSDLY=15;FNDLY=30;OSTRG=3;DBGFL=0;ASIRE=0;DBGRE=0;MPPFL=-1;
SQNR=63315;DATE=24-08-14;TIME=17:35:15;STAT=201212;TMPA=30;TMPP=307;TMPB=27;TMPC=29;RHUA=44;DWPA=17;PTYP=1;PNAM=MS-80SH;PIRA=369;PIRP=367;PIRM=368;PIRL=179;PIRH=1074;
SQNR=63330;DATE=24-08-14;TIME=17:35:30;STAT=201212;TMPA=30;TMPP=307;TMPB=27;TMPC=29;RHUA=43;DWPA=17;PTYP=1;PNAM=MS-80SH;PIRA=372;PIRP=367;PIRM=370;PIRL=179;PIRH=1074;
SQNR=63345;DATE=24-08-14;TIME=17:35:45;STAT=201212;TMPA=30;TMPP=307;TMPB=27;TMPC=29;RHUA=42;DWPA=16;PTYP=1;PNAM=MS-80SH;PIRA=371;PIRP=372;PIRM=370;PIRL=179;PIRH=1074;
SQNR=63360;DATE=24-08-14;TIME=17:36:00;STAT=201212;TMPA=30;TMPP=307;TMPB=27;TMPC=29;RHUA=43;DWPA=16;PTYP=1;PNAM=MS-80SH;PIRA=371;PIRP=371;PIRM=371;PIRL=179;PIRH=1074;
SQNR=63375;DATE=24-08-14;TIME=17:36:15;STAT=201212;TMPA=30;TMPP=306;TMPB=27;TMPC=29;RHUA=44;DWPA=17;PTYP=1;PNAM=MS-80SH;PIRA=371;PIRP=371;PIRM=371;PIRL=179;PIRH=1074;
SQNR=63390;DATE=24-08-14;TIME=17:36:30;STAT=201212;TMPA=30;TMPP=307;TMPB=27;TMPC=29;RHUA=44;DWPA=17;PTYP=1;PNAM=MS-80SH;PIRA=370;PIRP=371;PIRM=371;PIRL=179;PIRH=1074;
SQNR=63405;DATE=24-08-14;TIME=17:36:45;STAT=201212;TMPA=30;TMPP=306;TMPB=27;TMPC=29;RHUA=44;DWPA=17;PTYP=1;PNAM=MS-80SH;PIRA=369;PIRP=370;PIRM=370;PIRL=179;PIRH=1074;
SQNR=63420;DATE=24-08-14;TIME=17:37:00;STAT=201212;TMPA=30;TMPP=306;TMPB=27;TMPC=29;RHUA=45;DWPA=17;PTYP=1;PNAM=MS-80SH;PIRA=369;PIRP=369;PIRM=370;PIRL=179;PIRH=1074;
SQNR=63435;DATE=24-08-14;TIME=17:37:15;STAT=201212;TMPA=30;TMPP=307;TMPB=27;TMPC=29;RHUA=44;DWPA=17;PTYP=1;PNAM=MS-80SH;PIRA=368;PIRP=369;PIRM=369;PIRL=179;PIRH=1074;
SQNR=63450;DATE=24-08-14;TIME=17:37:30;STAT=201212;TMPA=30;TMPP=307;TMPB=27;TMPC=29;RHUA=46;DWPA=17;PTYP=1;PNAM=MS-80SH;PIRA=368;PIRP=368;PIRM=369;PIRL=179;PIRH=1074;
SQNR=63465;DATE=24-08-14;TIME=17:37:45;STAT=201212;TMPA=30;TMPP=307;TMPB=27;TMPC=29;RHUA=42;DWPA=16;PTYP=1;PNAM=MS-80SH;PIRA=367;PIRP=368;PIRM=368;PIRL=179;PIRH=1074;
SQNR=63480;DATE=24-08-14;TIME=17:38:00;STAT=201212;TMPA=30;TMPP=307;TMPB=27;TMPC=29;RHUA=44;DWPA=17;PTYP=1;PNAM=MS-80SH;PIRA=366;PIRP=367;PIRM=367;PIRL=179;PIRH=1074;
SQNR=63495;DATE=24-08-14;TIME=17:38:15;STAT=201212;TMPA=30;TMPP=308;TMPB=27;TMPC=29;RHUA=46;DWPA=17;PTYP=1;PNAM=MS-80SH;PIRA=365;PIRP=366;PIRM=367;PIRL=179;PIRH=1074;
SQNR=63510;DATE=24-08-14;TIME=17:38:30;STAT=201212;TMPA=30;TMPP=308;TMPB=27;TMPC=29;RHUA=46;DWPA=18;PTYP=1;PNAM=MS-80SH;PIRA=365;PIRP=365;PIRM=366;PIRL=179;PIRH=1074;
SQNR=63525;DATE=24-08-14;TIME=17:38:45;STAT=201212;TMPA=30;TMPP=308;TMPB=27;TMPC=29;RHUA=45;DWPA=17;PTYP=1;PNAM=MS-80SH;PIRA=364;PIRP=365;PIRM=365;PIRL=179;PIRH=1074;
SQNR=63540;DATE=24-08-14;TIME=17:39:00;STAT=201212;TMPA=30;TMPP=309;TMPB=27;TMPC=29;RHUA=45;DWPA=17;PTYP=1;PNAM=MS-80SH;PIRA=363;PIRP=364;PIRM=365;PIRL=179;PIRH=1074;
SQNR=63555;DATE=24-08-14;TIME=17:39:15;STAT=201212;TMPA=30;TMPP=309;TMPB=27;TMPC=29;RHUA=46;DWPA=18;PTYP=1;PNAM=MS-80SH;PIRA=363;PIRP=363;PIRM=364;PIRL=179;PIRH=1074;
SQNR=63570;DATE=24-08-14;TIME=17:39:30;STAT=201212;TMPA=31;TMPP=310;TMPB=27;TMPC=29;RHUA=48;DWPA=18;PTYP=1;PNAM=MS-80SH;PIRA=362;PIRP=363;PIRM=363;PIRL=179;PIRH=1074;
SQNR=63585;DATE=24-08-14;TIME=17:39:45;STAT=201212;TMPA=30;TMPP=309;TMPB=27;TMPC=29;RHUA=45;DWPA=17;PTYP=1;PNAM=MS-80SH;PIRA=362;PIRP=362;PIRM=363;PIRL=179;PIRH=1074;
SQNR=63600;DATE=24-08-14;TIME=17:40:00;STAT=201212;TMPA=30;TMPP=309;TMPB=27;TMPC=29;RHUA=46;DWPA=18;PTYP=1;PNAM=MS-80SH;PIRA=361;PIRP=362;PIRM=362;PIRL=179;PIRH=1074;
C-----;?
V-----;SWVNR=2102190;SQNDL=63602;DATE=24-08-14;TIME=17:40:07;THTYP=85;TTEMP=15;TDEWP=5;IUFAN=800;ILFAN=5;IUHEA=3000;PYDEF=21;PYAVT=30;PYAVW=1;PYOST=0;MSDLY=15;FNDLY=30;OSTRG=3;DBGFL=0;ASIRE=0;DBGRE=0;MPPFL=-1;
SQNR=63615;DATE=24-08-14;TIME=17:40:15;STAT=201212;TMPA=30;TMPP=309;TMPB=27;TMPC=29;RHUA=49;DWPA=19;PTYP=1;PNAM=MS-80SH;PIRA=362;PIRP=362;PIRM=362;PIRL=179;PIRH=1074;
SQNR=63630;DATE=24-08-14;TIME=17:40:30;STAT=201212;TMPA=30;TMPP=309;TMPB=27;TMPC=29;RHUA=45;DWPA=17;PTYP=1;PNAM=MS-80SH;PIRA=363;PIRP=362;PIRM=362;PIRL=179;PIRH=1074;
SQNR=63645;DATE=24-08-14;TIME=17:40:45;STAT=201212;TMPA=30;TMPP=309;TMPB=27;TMPC=29;RHUA=45;DWPA=17;PTYP=1;PNAM=MS-80SH;PIRA=362;PIRP=362;PIRM=362;PIRL=179;PIRH=1074;
SQNR=63660;DATE=24-08-14;TIME=17:41:00;STAT=201212;TMPA=30;TMPP=309;TMPB=27;TMPC=29;RHUA=44;DWPA=17;PTYP=1;PNAM=MS-80SH;PIRA=362;PIRP=362;PIRM=362;PIRL=179;PIRH=1074;
SQNR=63675;DATE=24-08-14;TIME=17:41:15;STAT=201212;TMPA=30;TMPP=308;TMPB=27;TMPC=29;RHUA=46;DWPA=18;PTYP=1;PNAM=MS-80SH;PIRA=361;PIRP=362;PIRM=362;PIRL=179;PIRH=1074;
SQNR=63690;DATE=24-08-14;TIME=17:41:30;STAT=201212;TMPA=30;TMPP=308;TMPB=27;TMPC=29;RHUA=44;DWPA=17;PTYP=1;PNAM=MS-80SH;PIRA=361;PIRP=361;PIRM=361;PIRL=179;PIRH=1074;
SQNR=63705;DATE=24-08-14;TIME=17:41:45;STAT=201212;TMPA=30;TMPP=308;TMPB=27;TMPC=29;RHUA=45;DWPA=17;PTYP=1;PNAM=MS-80SH;PIRA=360;PIRP=360;PIRM=361;PIRL=179;PIRH=1074;
SQNR=63720;DATE=24-08-14;TIME=17:42:00;STAT=201212;TMPA=30;TMPP=307;TMPB=27;TMPC=29;RHUA=43;DWPA=16;PTYP=1;PNAM=MS-80SH;PIRA=360;PIRP=360;PIRM=360;PIRL=179;PIRH=1074;
SQNR=63735;DATE=24-08-14;TIME=17:42:15;STAT=201212;TMPA=30;TMPP=307;TMPB=27;TMPC=29;RHUA=44;DWPA=17;PTYP=1;PNAM=MS-80SH;PIRA=358;PIRP=359;PIRM=360;PIRL=179;PIRH=1074;
SQNR=63750;DATE=24-08-14;TIME=17:42:30;STAT=201212;TMPA=30;TMPP=307;TMPB=27;TMPC=29;RHUA=46;DWPA=17;PTYP=1;PNAM=MS-80SH;PIRA=358;PIRP=359;PIRM=359;PIRL=179;PIRH=1074;
SQNR=63765;DATE=24-08-14;TIME=17:42:45;STAT=201212;TMPA=30;TMPP=307;TMPB=27;TMPC=29;RHUA=45;DWPA=17;PTYP=1;PNAM=MS-80SH;PIRA=358;PIRP=358;PIRM=359;PIRL=179;PIRH=1074;
SQNR=63780;DATE=24-08-14;TIME=17:43:00;STAT=201212;TMPA=30;TMPP=306;TMPB=27;TMPC=29;RHUA=46;DWPA=17;PTYP=1;PNAM=MS-80SH;PIRA=357;PIRP=357;PIRM=358;PIRL=179;PIRH=1074;
SQNR=63795;DATE=24-08-14;TIME=17:43:15;STAT=201212;TMPA=30;TMPP=306;TMPB=27;TMPC=29;RHUA=45;DWPA=17;PTYP=1;PNAM=MS-80SH;PIRA=356;PIRP=357;PIRM=357;PIRL=179;PIRH=1074;
SQNR=63810;DATE=24-08-14;TIME=17:43:30;STAT=201212;TMPA=30;TMPP=306;TMPB=27;TMPC=29;RHUA=46;DWPA=17;PTYP=1;PNAM=MS-80SH;PIRA=356;PIRP=356;PIRM=357;PIRL=179;PIRH=1074;
SQNR=63825;DATE=24-08-14;TIME=17:43:45;STAT=201212;TMPA=30;TMPP=306;TMPB=27;TMPC=29;RHUA=45;DWPA=17;PTYP=1;PNAM=MS-80SH;PIRA=355;PIRP=356;PIRM=356;PIRL=179;PIRH=1074;
SQNR=63840;DATE=24-08-14;TIME=17:44:00;STAT=201212;TMPA=30;TMPP=306;TMPB=27;TMPC=29;RHUA=46;DWPA=17;PTYP=1;PNAM=MS-80SH;PIRA=355;PIRP=355;PIRM=356;PIRL=179;PIRH=1074;
SQNR=63855;DATE=24-08-14;TIME=17:44:15;STAT=201212;TMPA=30;TMPP=306;TMPB=27;TMPC=29;RHUA=46;DWPA=17;PTYP=1;PNAM=MS-80SH;PIRA=354;PIRP=354;PIRM=355;PIRL=179;PIRH=1074;
SQNR=63870;DATE=24-08-14;TIME=17:44:30;STAT=201212;TMPA=30;TMPP=306;TMPB=27;TMPC=29;RHUA=47;DWPA=18;PTYP=1;PNAM=MS-80SH;PIRA=353;PIRP=354;PIRM=354;PIRL=179;PIRH=1074;
SQNR=63885;DATE=24-08-14;TIME=17:44:45;STAT=201212;TMPA=30;TMPP=306;TMPB=27;TMPC=29;RHUA=48;DWPA=18;PTYP=1;PNAM=MS-80SH;PIRA=352;PIRP=353;PIRM=353;PIRL=179;PIRH=1074;
SQNR=63900;DATE=24-08-14;TIME=17:45:00;STAT=201212;TMPA=30;TMPP=306;TMPB=27;TMPC=29;RHUA=47;DWPA=18;PTYP=1;PNAM=MS-80SH;PIRA=352;PIRP=352;PIRM=353;PIRL=179;PIRH=1074;
C-----;?
V-----;SWVNR=2102190;SQNDL=63902;DATE=24-08-14;TIME=17:45:07;THTYP=85;TTEMP=15;TDEWP=5;IUFAN=800;ILFAN=5;IUHEA=3000;PYDEF=21;PYAVT=30;PYAVW=1;PYOST=0;MSDLY=15;FNDLY=30;OSTRG=3;DBGFL=0;ASIRE=0;DBGRE=0;MPPFL=-1;
SQNR=63915;DATE=24-08-14;TIME=17:45:15;STAT=201212;TMPA=30;TMPP=306;TMPB=27;TMPC=29;RHUA=47;DWPA=18;PTYP=1;PNAM=MS-80SH;PIRA=352;PIRP=352;PIRM=352;PIRL=179;PIRH=1074;
SQNR=63930;DATE=24-08-14;TIME=17:45:30;STAT=201212;TMPA=30;TMPP=306;TMPB=27;TMPC=29;RHUA=46;DWPA=17;PTYP=1;PNAM=MS-80SH;PIRA=352;PIRP=352;PIRM=352;PIRL=179;PIRH=1074;
SQNR=63945;DATE=24-08-14;TIME=17:45:45;STAT=201212;TMPA=30;TMPP=306;TMPB=27;TMPC=29;RHUA=44;DWPA=17;PTYP=1;PNAM=MS-80SH;PIRA=351;PIRP=351;PIRM=352;PIRL=179;PIRH=1074;
SQNR=63960;DATE=24-08-14;TIME=17:46:00;STAT=201212;TMPA=30;TMPP=306;TMPB=27;TMPC=29;RHUA=44;DWPA=17;PTYP=1;PNAM=MS-80SH;PIRA=351;PIRP=351;PIRM=351;PIRL=179;PIRH=1074;
SQNR=63975;DATE=24-08-14;TIME=17:46:15;STAT=201212;TMPA=30;TMPP=307;TMPB=27;TMPC=29;RHUA=45;DWPA=17;PTYP=1;PNAM=MS-80SH;PIRA=351;PIRP=351;PIRM=351;PIRL=179;PIRH=1074;
SQNR=63990;DATE=24-08-14;TIME=17:46:30;STAT=201212;TMPA=30;TMPP=306;TMPB=27;TMPC=29;RHUA=45;DWPA=17;PTYP=1;PNAM=MS-80SH;PIRA=350;PIRP=351;PIRM=351;PIRL=179;PIRH=1074;
SQNR=64005;DATE=24-08-14;TIME=17:46:45;STAT=201212;TMPA=30;TMPP=307;TMPB=27;TMPC=29;RHUA=45;DWPA=17;PTYP=1;PNAM=MS-80SH;PIRA=349;PIRP=350;PIRM=351;PIRL=179;PIRH=1074;
SQNR=64020;DATE=24-08-14;TIME=17:47:00;STAT=201212;TMPA=30;TMPP=306;TMPB=27;TMPC=29;RHUA=45;DWPA=17;PTYP=1;PNAM=MS-80SH;PIRA=349;PIRP=350;PIRM=350;PIRL=179;PIRH=1074;
SQNR=64035;DATE=24-08-14;TIME=17:47:15;STAT=201212;TMPA=30;TMPP=306;TMPB=27;TMPC=29;RHUA=44;DWPA=17;PTYP=1;PNAM=MS-80SH;PIRA=348;PIRP=349;PIRM=349;PIRL=179;PIRH=1074;
SQNR=64050;DATE=24-08-14;TIME=17:47:30;STAT=201212;TMPA=30;TMPP=306;TMPB=27;TMPC=29;RHUA=46;DWPA=17;PTYP=1;PNAM=MS-80SH;PIRA=348;PIRP=348;PIRM=349;PIRL=179;PIRH=1074;
SQNR=64065;DATE=24-08-14;TIME=17:47:45;STAT=201212;TMPA=30;TMPP=306;TMPB=27;TMPC=29;RHUA=44;DWPA=17;PTYP=1;PNAM=MS-80SH;PIRA=348;PIRP=348;PIRM=348;PIRL=179;PIRH=1074;
SQNR=64080;DATE=24-08-14;TIME=17:48:00;STAT=201212;TMPA=30;TMPP=306;TMPB=27;TMPC=29;RHUA=44;DWPA=16;PTYP=1;PNAM=MS-80SH;PIRA=347;PIRP=347;PIRM=348;PIRL=179;PIRH=1074;
SQNR=64095;DATE=24-08-14;TIME=17:48:15;STAT=201212;TMPA=30;TMPP=306;TMPB=27;TMPC=29;RHUA=43;DWPA=16;PTYP=1;PNAM=MS-80SH;PIRA=347;PIRP=347;PIRM=348;PIRL=179;PIRH=1074;
SQNR=64110;DATE=24-08-14;TIME=17:48:30;STAT=201212;TMPA=30;TMPP=306;TMPB=27;TMPC=29;RHUA=44;DWPA=17;PTYP=1;PNAM=MS-80SH;PIRA=346;PIRP=347;PIRM=347;PIRL=179;PIRH=1074;
SQNR=64125;DATE=24-08-14;TIME=17:48:45;STAT=201212;TMPA=30;TMPP=306;TMPB=27;TMPC=29;RHUA=45;DWPA=17;PTYP=1;PNAM=MS-80SH;PIRA=345;PIRP=346;PIRM=346;PIRL=179;PIRH=1074;
SQNR=64140;DATE=24-08-14;TIME=17:49:00;STAT=201212;TMPA=30;TMPP=306;TMPB=27;TMPC=29;RHUA=45;DWPA=17;PTYP=1;PNAM=MS-80SH;PIRA=345;PIRP=345;PIRM=346;PIRL=179;PIRH=1074;
SQNR=64155;DATE=24-08-14;TIME=17:49:15;STAT=201212;TMPA=30;TMPP=305;TMPB=27;TMPC=29;RHUA=45;DWPA=17;PTYP=1;PNAM=MS-80SH;PIRA=344;PIRP=344;PIRM=345;PIRL=179;PIRH=1074;
SQNR=64170;DATE=24-08-14;TIME=17:49:30;STAT=201212;TMPA=30;TMPP=305;TMPB=27;TMPC=29;RHUA=45;DWPA=17;PTYP=1;PNAM=MS-80SH;PIRA=344;PIRP=344;PIRM=345;PIRL=179;PIRH=1074;
SQNR=64185;DATE=24-08-14;TIME=17:49:45;STAT=201212;TMPA=30;TMPP=306;TMPB=27;TMPC=29;RHUA=45;DWPA=17;PTYP=1;PNAM=MS-80SH;PIRA=343;PIRP=343;PIRM=344;PIRL=179;PIRH=1074;
SQNR=64200;DATE=24-08-14;TIME=17:50:00;STAT=201212;TMPA=30;TMPP=306;TMPB=26;TMPC=29;RHUA=46;DWPA=17;PTYP=1;PNAM=MS-80SH;PIRA=343;PIRP=343;PIRM=343;PIRL=179;PIRH=1074;
C-----;?
V-----;SWVNR=2102190;SQNDL=64201;DATE=24-08-14;TIME=17:50:06;THTYP=85;TTEMP=15;TDEWP=5;IUFAN=800;ILFAN=5;IUHEA=3000;PYDEF=21;PYAVT=30;PYAVW=1;PYOST=0;MSDLY=15;FNDLY=30;OSTRG=3;DBGFL=0;ASIRE=0;DBGRE=0;MPPFL=-1;
SQNR=64215;DATE=24-08-14;TIME=17:50:15;STAT=201212;TMPA=30;TMPP=306;TMPB=27;TMPC=29;RHUA=43;DWPA=16;PTYP=1;PNAM=MS-80SH;PIRA=342;PIRP=342;PIRM=343;PIRL=179;PIRH=1074;
SQNR=64230;DATE=24-08-14;TIME=17:50:30;STAT=201212;TMPA=30;TMPP=306;TMPB=27;TMPC=29;RHUA=47;DWPA=18;PTYP=1;PNAM=MS-80SH;PIRA=341;PIRP=342;PIRM=342;PIRL=179;PIRH=1074;
SQNR=64245;DATE=24-08-14;TIME=17:50:45;STAT=201212;TMPA=30;TMPP=306;TMPB=27;TMPC=29;RHUA=47;DWPA=18;PTYP=1;PNAM=MS-80SH;PIRA=341;PIRP=341;PIRM=342;PIRL=179;PIRH=1074;
SQNR=64260;DATE=24-08-14;TIME=17:51:00;STAT=201212;TMPA=30;TMPP=306;TMPB=26;TMPC=29;RHUA=47;DWPA=18;PTYP=1;PNAM=MS-80SH;PIRA=340;PIRP=341;PIRM=341;PIRL=179;PIRH=1074;
SQNR=64275;DATE=24-08-14;TIME=17:51:15;STAT=201212;TMPA=30;TMPP=306;TMPB=26;TMPC=29;RHUA=46;DWPA=18;PTYP=1;PNAM=MS-80SH;PIRA=340;PIRP=340;PIRM=341;PIRL=179;PIRH=1074;
SQNR=64290;DATE=24-08-14;TIME=17:51:30;STAT=201212;TMPA=30;TMPP=307;TMPB=26;TMPC=29;RHUA=48;DWPA=18;PTYP=1;PNAM=MS-80SH;PIRA=339;PIRP=340;PIRM=340;PIRL=179;PIRH=1074;
SQNR=64305;DATE=24-08-14;TIME=17:51:45;STAT=201212;TMPA=30;TMPP=306;TMPB=26;TMPC=29;RHUA=48;DWPA=18;PTYP=1;PNAM=MS-80SH;PIRA=338;PIRP=339;PIRM=339;PIRL=179;PIRH=1074;
SQNR=64320;DATE=24-08-14;TIME=17:52:00;STAT=201212;TMPA=30;TMPP=306;TMPB=26;TMPC=28;RHUA=47;DWPA=18;PTYP=1;PNAM=MS-80SH;PIRA=338;PIRP=338;PIRM=339;PIRL=179;PIRH=1074;
SQNR=64335;DATE=24-08-14;TIME=17:52:15;STAT=201212;TMPA=30;TMPP=306;TMPB=26;TMPC=28;RHUA=47;DWPA=18;PTYP=1;PNAM=MS-80SH;PIRA=338;PIRP=338;PIRM=338;PIRL=179;PIRH=1074;
SQNR=64350;DATE=24-08-14;TIME=17:52:30;STAT=201212;TMPA=30;TMPP=305;TMPB=26;TMPC=28;RHUA=44;DWPA=17;PTYP=1;PNAM=MS-80SH;PIRA=337;PIRP=338;PIRM=338;PIRL=179;PIRH=1074;
SQNR=64365;DATE=24-08-14;TIME=17:52:45;STAT=201212;TMPA=30;TMPP=305;TMPB=26;TMPC=28;RHUA=45;DWPA=17;PTYP=1;PNAM=MS-80SH;PIRA=337;PIRP=337;PIRM=338;PIRL=179;PIRH=1074;
SQNR=64380;DATE=24-08-14;TIME=17:53:00;STAT=201212;TMPA=30;TMPP=305;TMPB=26;TMPC=28;RHUA=44;DWPA=16;PTYP=1;PNAM=MS-80SH;PIRA=337;PIRP=337;PIRM=337;PIRL=179;PIRH=1074;
SQNR=64395;DATE=24-08-14;TIME=17:53:15;STAT=201212;TMPA=30;TMPP=305;TMPB=26;TMPC=28;RHUA=44;DWPA=17;PTYP=1;PNAM=MS-80SH;PIRA=336;PIRP=336;PIRM=337;PIRL=179;PIRH=1074;
SQNR=64410;DATE=24-08-14;TIME=17:53:30;STAT=201212;TMPA=30;TMPP=305;TMPB=26;TMPC=28;RHUA=44;DWPA=17;PTYP=1;PNAM=MS-80SH;PIRA=335;PIRP=336;PIRM=336;PIRL=179;PIRH=1074;
SQNR=64425;DATE=24-08-14;TIME=17:53:45;STAT=201212;TMPA=30;TMPP=305;TMPB=26;TMPC=28;RHUA=43;DWPA=16;PTYP=1;PNAM=MS-80SH;PIRA=334;PIRP=335;PIRM=335;PIRL=179;PIRH=1074;
SQNR=64440;DATE=24-08-14;TIME=17:54:00;STAT=201212;TMPA=30;TMPP=306;TMPB=26;TMPC=28;RHUA=44;DWPA=17;PTYP=1;PNAM=MS-80SH;PIRA=334;PIRP=334;PIRM=335;PIRL=179;PIRH=1074;
SQNR=64455;DATE=24-08-14;TIME=17:54:15;STAT=201212;TMPA=30;TMPP=306;TMPB=26;TMPC=28;RHUA=45;DWPA=17;PTYP=1;PNAM=MS-80SH;PIRA=333;PIRP=334;PIRM=334;PIRL=179;PIRH=1074;
SQNR=64470;DATE=24-08-14;TIME=17:54:30;STAT=201212;TMPA=30;TMPP=306;TMPB=26;TMPC=28;RHUA=40;DWPA=15;PTYP=1;PNAM=MS-80SH;PIRA=332;PIRP=333;PIRM=334;PIRL=179;PIRH=1074;
SQNR=64485;DATE=24-08-14;TIME=17:54:45;STAT=201212;TMPA=30;TMPP=306;TMPB=26;TMPC=28;RHUA=43;DWPA=16;PTYP=1;PNAM=MS-80SH;PIRA=332;PIRP=333;PIRM=333;PIRL=179;PIRH=1074;
SQNR=64500;DATE=24-08-14;TIME=17:55:00;STAT=201212;TMPA=30;TMPP=307;TMPB=26;TMPC=28;RHUA=42;DWPA=16;PTYP=1;PNAM=MS-80SH;PIRA=332;PIRP=332;PIRM=333;PIRL=179;PIRH=1074;
C-----;?
V-----;SWVNR=2102190;SQNDL=64502;DATE=24-08-14;TIME=17:55:07;THTYP=85;TTEMP=15;TDEWP=5;IUFAN=800;ILFAN=5;IUHEA=3000;PYDEF=21;PYAVT=30;PYAVW=1;PYOST=0;MSDLY=15;FNDLY=30;OSTRG=3;DBGFL=0;ASIRE=0;DBGRE=0;MPPFL=-1;
SQNR=64515;DATE=24-08-14;TIME=17:55:15;STAT=201212;TMPA=30;TMPP=306;TMPB=26;TMPC=28;RHUA=43;DWPA=16;PTYP=1;PNAM=MS-80SH;PIRA=331;PIRP=332;PIRM=332;PIRL=179;PIRH=1074;
SQNR=64530;DATE=24-08-14;TIME=17:55:30;STAT=201212;TMPA=30;TMPP=306;TMPB=26;TMPC=28;RHUA=43;DWPA=16;PTYP=1;PNAM=MS-80SH;PIRA=331;PIRP=331;PIRM=332;PIRL=179;PIRH=1074;
SQNR=64545;DATE=24-08-14;TIME=17:55:45;STAT=201212;TMPA=30;TMPP=306;TMPB=26;TMPC=28;RHUA=43;DWPA=16;PTYP=1;PNAM=MS-80SH;PIRA=330;PIRP=330;PIRM=331;PIRL=179;PIRH=1074;
SQNR=64560;DATE=24-08-14;TIME=17:56:00;STAT=201212;TMPA=30;TMPP=306;TMPB=26;TMPC=28;RHUA=42;DWPA=16;PTYP=1;PNAM=MS-80SH;PIRA=329;PIRP=330;PIRM=330;PIRL=179;PIRH=1074;
SQNR=64575;DATE=24-08-14;TIME=17:56:15;STAT=201212;TMPA=30;TMPP=306;TMPB=26;TMPC=28;RHUA=43;DWPA=16;PTYP=1;PNAM=MS-80SH;PIRA=328;PIRP=329;PIRM=330;PIRL=179;PIRH=1074;
SQNR=64590;DATE=24-08-14;TIME=17:56:30;STAT=201212;TMPA=30;TMPP=306;TMPB=26;TMPC=28;RHUA=43;DWPA=16;PTYP=1;PNAM=MS-80SH;PIRA=328;PIRP=328;PIRM=329;PIRL=179;PIRH=1074;
SQNR=64605;DATE=24-08-14;TIME=17:56:45;STAT=201212;TMPA=30;TMPP=305;TMPB=26;TMPC=28;RHUA=44;DWPA=17;PTYP=1;PNAM=MS-80SH;PIRA=327;PIRP=327;PIRM=328;PIRL=179;PIRH=1074;
SQNR=64620;DATE=24-08-14;TIME=17:57:00;STAT=201212;TMPA=30;TMPP=305;TMPB=26;TMPC=28;RHUA=45;DWPA=17;PTYP=1;PNAM=MS-80SH;PIRA=326;PIRP=327;PIRM=327;PIRL=179;PIRH=1074;
SQNR=64635;DATE=24-08-14;TIME=17:57:15;STAT=201212;TMPA=30;TMPP=305;TMPB=26;TMPC=28;RHUA=42;DWPA=16;PTYP=1;PNAM=MS-80SH;PIRA=325;PIRP=326;PIRM=327;PIRL=179;PIRH=1074;
SQNR=64650;DATE=24-08-14;TIME=17:57:30;STAT=201212;TMPA=30;TMPP=305;TMPB=26;TMPC=28;RHUA=41;DWPA=15;PTYP=1;PNAM=MS-80SH;PIRA=324;PIRP=325;PIRM=326;PIRL=179;PIRH=1074;
SQNR=64665;DATE=24-08-14;TIME=17:57:45;STAT=201212;TMPA=30;TMPP=305;TMPB=26;TMPC=28;RHUA=42;DWPA=16;PTYP=1;PNAM=MS-80SH;PIRA=324;PIRP=324;PIRM=325;PIRL=179;PIRH=1074;
SQNR=64680;DATE=24-08-14;TIME=17:58:00;STAT=201212;TMPA=30;TMPP=305;TMPB=26;TMPC=28;RHUA=43;DWPA=16;PTYP=1;PNAM=MS-80SH;PIRA=323;PIRP=324;PIRM=324;PIRL=179;PIRH=1074;
SQNR=64695;DATE=24-08-14;TIME=17:58:15;STAT=201212;TMPA=30;TMPP=305;TMPB=26;TMPC=28;RHUA=44;DWPA=17;PTYP=1;PNAM=MS-80SH;PIRA=323;PIRP=323;PIRM=324;PIRL=179;PIRH=1074;
SQNR=64710;DATE=24-08-14;TIME=17:58:30;STAT=201212;TMPA=30;TMPP=305;TMPB=26;TMPC=28;RHUA=45;DWPA=17;PTYP=1;PNAM=MS-80SH;PIRA=322;PIRP=323;PIRM=323;PIRL=179;PIRH=1074;
SQNR=64725;DATE=24-08-14;TIME=17:58:45;STAT=201212;TMPA=30;TMPP=305;TMPB=26;TMPC=28;RHUA=44;DWPA=17;PTYP=1;PNAM=MS-80SH;PIRA=322;PIRP=322;PIRM=323;PIRL=179;PIRH=1074;
SQNR=64740;DATE=24-08-14;TIME=17:59:00;STAT=201212;TMPA=30;TMPP=305;TMPB=26;TMPC=28;RHUA=42;DWPA=16;PTYP=1;PNAM=MS-80SH;PIRA=322;PIRP=322;PIRM=323;PIRL=179;PIRH=1074;
SQNR=64755;DATE=24-08-14;TIME=17:59:15;STAT=201212;TMPA=30;TMPP=305;TMPB=26;TMPC=28;RHUA=42;DWPA=16;PTYP=1;PNAM=MS-80SH;PIRA=322;PIRP=322;PIRM=322;PIRL=179;PIRH=1074;
SQNR=64770;DATE=24-08-14;TIME=17:59:30;STAT=201212;TMPA=30;TMPP=305;TMPB=26;TMPC=28;RHUA=42;DWPA=16;PTYP=1;PNAM=MS-80SH;PIRA=321;PIRP=322;PIRM=322;PIRL=179;PIRH=1074;
SQNR=64785;DATE=24-08-14;TIME=17:59:45;STAT=201212;TMPA=30;TMPP=306;TMPB=26;TMPC=28;RHUA=42;DWPA=16;PTYP=1;PNAM=MS-80SH;PIRA=321;PIRP=321;PIRM=322;PIRL=179;PIRH=1074;
SQNR=64800;DATE=24-08-14;TIME=18:00:00;STAT=201212;TMPA=30;TMPP=306;TMPB=26;TMPC=28;RHUA=42;DWPA=16;PTYP=1;PNAM=MS-80SH;PIRA=321;PIRP=321;PIRM=321;PIRL=179;PIRH=1074;
C-----;?
V-----;SWVNR=2102190;SQNDL=64802;DATE=24-08-14;TIME=18:00:07;THTYP=85;TTEMP=15;TDEWP=5;IUFAN=800;ILFAN=5;IUHEA=3000;PYDEF=21;PYAVT=30;PYAVW=1;PYOST=0;MSDLY=15;FNDLY=30;OSTRG=3;DBGFL=0;ASIRE=0;DBGRE=0;MPPFL=-1;
SQNR=64815;DATE=24-08-14;TIME=18:00:15;STAT=201212;TMPA=30;TMPP=305;TMPB=26;TMPC=28;RHUA=43;DWPA=16;PTYP=1;PNAM=MS-80SH;PIRA=323;PIRP=322;PIRM=322;PIRL=179;PIRH=1074;
SQNR=64830;DATE=24-08-14;TIME=18:00:30;STAT=201212;TMPA=30;TMPP=305;TMPB=26;TMPC=28;RHUA=42;DWPA=16;PTYP=1;PNAM=MS-80SH;PIRA=321;PIRP=322;PIRM=322;PIRL=179;PIRH=1074;
SQNR=64845;DATE=24-08-14;TIME=18:00:45;STAT=201212;TMPA=30;TMPP=305;TMPB=26;TMPC=28;RHUA=42;DWPA=16;PTYP=1;PNAM=MS-80SH;PIRA=287;PIRP=315;PIRM=316;PIRL=179;PIRH=1074;
SQNR=64860;DATE=24-08-14;TIME=18:01:00;STAT=201212;TMPA=30;TMPP=305;TMPB=26;TMPC=28;RHUA=41;DWPA=16;PTYP=1;PNAM=MS-80SH;PIRA=294;PIRP=297;PIRM=304;PIRL=179;PIRH=1074;
C-----;P1001
P-----;DATE=24-08-14;TIME=18:01:02;PSNR=23059772;PTMP=339;PRHU=7;PSTX=-24;PSTY=12;
SQNR=64875;DATE=24-08-14;TIME=18:01:15;STAT=201212;TMPA=30;TMPP=305;TMPB=26;TMPC=28;RHUA=41;DWPA=15;PTYP=1;PNAM=MS-80SH;PIRA=238;PIRP=283;PIRM=294;PIRL=179;PIRH=1074;
SQNR=64890;DATE=24-08-14;TIME=18:01:30;STAT=201212;TMPA=30;TMPP=304;TMPB=26;TMPC=28;RHUA=41;DWPA=15;PTYP=1;PNAM=MS-80SH;PIRA=134;PIRP=229;PIRM=246;PIRL=134;PIRH=1074;
SQNR=64905;DATE=24-08-14;TIME=18:01:45;STAT=201212;TMPA=30;TMPP=303;TMPB=26;TMPC=28;RHUA=42;DWPA=16;PTYP=1;PNAM=MS-80SH;PIRA=118;PIRP=149;PIRM=195;PIRL=117;PIRH=1074;
SQNR=64920;DATE=24-08-14;TIME=18:02:00;STAT=201212;TMPA=30;TMPP=303;TMPB=26;TMPC=28;RHUA=42;DWPA=16;PTYP=1;PNAM=MS-80SH;PIRA=118;PIRP=119;PIRM=165;PIRL=117;PIRH=1074;
SQNR=64935;DATE=24-08-14;TIME=18:02:15;STAT=201212;TMPA=30;TMPP=303;TMPB=26;TMPC=28;RHUA=42;DWPA=16;PTYP=1;PNAM=MS-80SH;PIRA=128;PIRP=120;PIRM=148;PIRL=117;PIRH=1074;
SQNR=64950;DATE=24-08-14;TIME=18:02:30;STAT=201212;TMPA=30;TMPP=303;TMPB=26;TMPC=28;RHUA=40;DWPA=15;PTYP=1;PNAM=MS-80SH;PIRA=132;PIRP=126;PIRM=141;PIRL=117;PIRH=1074;
SQNR=64965;DATE=24-08-14;TIME=18:02:45;STAT=201212;TMPA=30;TMPP=302;TMPB=26;TMPC=28;RHUA=41;DWPA=15;PTYP=1;PNAM=MS-80SH;PIRA=150;PIRP=134;PIRM=140;PIRL=117;PIRH=1074;
SQNR=64980;DATE=24-08-14;TIME=18:03:00;STAT=201212;TMPA=30;TMPP=302;TMPB=26;TMPC=28;RHUA=43;DWPA=16;PTYP=1;PNAM=MS-80SH;PIRA=186;PIRP=156;PIRM=154;PIRL=117;PIRH=1074;
SQNR=64995;DATE=24-08-14;TIME=18:03:15;STAT=201212;TMPA=30;TMPP=302;TMPB=26;TMPC=28;RHUA=42;DWPA=15;PTYP=1;PNAM=MS-80SH;PIRA=219;PIRP=188;PIRM=173;PIRL=117;PIRH=1074;
SQNR=65010;DATE=24-08-14;TIME=18:03:30;STAT=201212;TMPA=30;TMPP=302;TMPB=26;TMPC=28;RHUA=42;DWPA=16;PTYP=1;PNAM=MS-80SH;PIRA=239;PIRP=213;PIRM=195;PIRL=117;PIRH=1074;
SQNR=65025;DATE=24-08-14;TIME=18:03:45;STAT=201212;TMPA=30;TMPP=302;TMPB=26;TMPC=28;RHUA=41;DWPA=15;PTYP=1;PNAM=MS-80SH;PIRA=268;PIRP=241;PIRM=220;PIRL=117;PIRH=1074;
SQNR=65040;DATE=24-08-14;TIME=18:04:00;STAT=201212;TMPA=30;TMPP=302;TMPB=26;TMPC=28;RHUA=42;DWPA=15;PTYP=1;PNAM=MS-80SH;PIRA=281;PIRP=265;PIRM=242;PIRL=117;PIRH=1074;
SQNR=65055;DATE=24-08-14;TIME=18:04:15;STAT=201212;TMPA=30;TMPP=302;TMPB=26;TMPC=28;RHUA=43;DWPA=16;PTYP=1;PNAM=MS-80SH;PIRA=299;PIRP=283;PIRM=262;PIRL=117;PIRH=1074;
SQNR=65070;DATE=24-08-14;TIME=18:04:30;STAT=201212;TMPA=30;TMPP=302;TMPB=26;TMPC=28;RHUA=41;DWPA=15;PTYP=1;PNAM=MS-80SH;PIRA=276;PIRP=291;PIRM=272;PIRL=117;PIRH=1074;
SQNR=65085;DATE=24-08-14;TIME=18:04:45;STAT=201212;TMPA=30;TMPP=302;TMPB=26;TMPC=28;RHUA=43;DWPA=16;PTYP=1;PNAM=MS-80SH;PIRA=292;PIRP=282;PIRM=274;PIRL=117;PIRH=1074;
SQNR=65100;DATE=24-08-14;TIME=18:05:00;STAT=201212;TMPA=30;TMPP=302;TMPB=26;TMPC=28;RHUA=43;DWPA=16;PTYP=1;PNAM=MS-80SH;PIRA=295;PIRP=287;PIRM=284;PIRL=117;PIRH=1074;
C-----;?
V-----;SWVNR=2102190;SQNDL=65102;DATE=24-08-14;TIME=18:05:07;THTYP=85;TTEMP=15;TDEWP=5;IUFAN=800;ILFAN=5;IUHEA=3000;PYDEF=21;PYAVT=30;PYAVW=1;PYOST=0;MSDLY=15;FNDLY=30;OSTRG=3;DBGFL=0;ASIRE=0;DBGRE=0;MPPFL=-1;
SQNR=65115;DATE=24-08-14;TIME=18:05:15;STAT=201212;TMPA=30;TMPP=302;TMPB=26;TMPC=28;RHUA=42;DWPA=16;PTYP=1;PNAM=MS-80SH;PIRA=250;PIRP=285;PIRM=278;PIRL=117;PIRH=1074;
SQNR=65130;DATE=24-08-14;TIME=18:05:30;STAT=201212;TMPA=30;TMPP=302;TMPB=26;TMPC=28;RHUA=42;DWPA=16;PTYP=1;PNAM=MS-80SH;PIRA=276;PIRP=265;PIRM=271;PIRL=117;PIRH=1074;
SQNR=65145;DATE=24-08-14;TIME=18:05:45;STAT=201212;TMPA=30;TMPP=302;TMPB=26;TMPC=28;RHUA=42;DWPA=16;PTYP=1;PNAM=MS-80SH;PIRA=305;PIRP=276;PIRM=281;PIRL=117;PIRH=1074;
SQNR=65160;DATE=24-08-14;TIME=18:06:00;STAT=201212;TMPA=30;TMPP=302;TMPB=26;TMPC=28;RHUA=43;DWPA=16;PTYP=1;PNAM=MS-80SH;PIRA=312;PIRP=302;PIRM=292;PIRL=117;PIRH=1074;
SQNR=65175;DATE=24-08-14;TIME=18:06:15;STAT=201212;TMPA=30;TMPP=302;TMPB=26;TMPC=28;RHUA=42;DWPA=16;PTYP=1;PNAM=MS-80SH;PIRA=293;PIRP=307;PIRM=297;PIRL=117;PIRH=1074;
SQNR=65190;DATE=24-08-14;TIME=18:06:30;STAT=201212;TMPA=30;TMPP=302;TMPB=26;TMPC=28;RHUA=41;DWPA=15;PTYP=1;PNAM=MS-80SH;PIRA=252;PIRP=289;PIRM=286;PIRL=117;PIRH=1074;
SQNR=65205;DATE=24-08-14;TIME=18:06:45;STAT=201212;TMPA=30;TMPP=303;TMPB=26;TMPC=28;RHUA=42;DWPA=16;PTYP=1;PNAM=MS-80SH;PIRA=286;PIRP=267;PIRM=277;PIRL=117;PIRH=1074;
SQNR=65220;DATE=24-08-14;TIME=18:07:00;STAT=201212;TMPA=30;TMPP=303;TMPB=26;TMPC=28;RHUA=43;DWPA=16;PTYP=1;PNAM=MS-80SH;PIRA=301;PIRP=281;PIRM=286;PIRL=117;PIRH=1074;
SQNR=65235;DATE=24-08-14;TIME=18:07:15;STAT=201212;TMPA=30;TMPP=304;TMPB=26;TMPC=28;RHUA=42;DWPA=16;PTYP=1;PNAM=MS-80SH;PIRA=253;PIRP=294;PIRM=287;PIRL=117;PIRH=1074;
SQNR=65250;DATE=24-08-14;TIME=18:07:30;STAT=201212;TMPA=30;TMPP=303;TMPB=26;TMPC=28;RHUA=43;DWPA=16;PTYP=1;PNAM=MS-80SH;PIRA=204;PIRP=252;PIRM=258;PIRL=117;PIRH=1074;
SQNR=65265;DATE=24-08-14;TIME=18:07:45;STAT=201212;TMPA=30;TMPP=303;TMPB=26;TMPC=28;RHUA=43;DWPA=16;PTYP=1;PNAM=MS-80SH;PIRA=206;PIRP=212;PIRM=238;PIRL=117;PIRH=1074;
SQNR=65280;DATE=24-08-14;TIME=18:08:00;STAT=201212;TMPA=30;TMPP=303;TMPB=26;TMPC=28;RHUA=44;DWPA=16;PTYP=1;PNAM=MS-80SH;PIRA=206;PIRP=206;PIRM=224;PIRL=117;PIRH=1074;
SQNR=65295;DATE=24-08-14;TIME=18:08:15;STAT=201212;TMPA=30;TMPP=302;TMPB=26;TMPC=28;RHUA=43;DWPA=16;PTYP=1;PNAM=MS-80SH;PIRA=225;PIRP=212;PIRM=223;PIRL=117;PIRH=1074;
SQNR=65310;DATE=24-08-14;TIME=18:08:30;STAT=201212;TMPA=30;TMPP=302;TMPB=26;TMPC=28;RHUA=43;DWPA=16;PTYP=1;PNAM=MS-80SH;PIRA=217;PIRP=218;PIRM=220;PIRL=117;PIRH=1074;
SQNR=65325;DATE=24-08-14;TIME=18:08:45;STAT=201212;TMPA=30;TMPP=302;TMPB=26;TMPC=28;RHUA=43;DWPA=16;PTYP=1;PNAM=MS-80SH;PIRA=247;PIRP=226;PIRM=227;PIRL=117;PIRH=1074;
SQNR=65340;DATE=24-08-14;TIME=18:09:00;STAT=201212;TMPA=30;TMPP=302;TMPB=26;TMPC=28;RHUA=43;DWPA=16;PTYP=1;PNAM=MS-80SH;PIRA=268;PIRP=246;PIRM=239;PIRL=117;PIRH=1074;
SQNR=65355;DATE=24-08-14;TIME=18:09:15;STAT=201212;TMPA=30;TMPP=302;TMPB=26;TMPC=28;RHUA=41;DWPA=15;PTYP=1;PNAM=MS-80SH;PIRA=265;PIRP=263;PIRM=251;PIRL=117;PIRH=1074;
SQNR=65370;DATE=24-08-14;TIME=18:09:30;STAT=201212;TMPA=30;TMPP=302;TMPB=26;TMPC=28;RHUA=43;DWPA=16;PTYP=1;PNAM=MS-80SH;PIRA=262;PIRP=266;PIRM=256;PIRL=117;PIRH=1074;
SQNR=65385;DATE=24-08-14;TIME=18:09:45;STAT=201212;TMPA=30;TMPP=303;TMPB=26;TMPC=28;RHUA=44;DWPA=16;PTYP=1;PNAM=MS-80SH;PIRA=254;PIRP=264;PIRM=259;PIRL=117;PIRH=1074;
SQNR=65400;DATE=24-08-14;TIME=18:10:00;STAT=201212;TMPA=30;TMPP=303;TMPB=26;TMPC=28;RHUA=44;DWPA=17;PTYP=1;PNAM=MS-80SH;PIRA=168;PIRP=238;PIRM=239;PIRL=117;PIRH=1074;
C-----;?
V-----;SWVNR=2102190;SQNDL=65402;DATE=24-08-14;TIME=18:10:07;THTYP=85;TTEMP=15;TDEWP=5;IUFAN=800;ILFAN=5;IUHEA=3000;PYDEF=21;PYAVT=30;PYAVW=1;PYOST=0;MSDLY=15;FNDLY=30;OSTRG=3;DBGFL=0;ASIRE=0;DBGRE=0;MPPFL=-1;
SQNR=65415;DATE=24-08-14;TIME=18:10:15;STAT=201212;TMPA=30;TMPP=303;TMPB=26;TMPC=28;RHUA=42;DWPA=16;PTYP=1;PNAM=MS-80SH;PIRA=114;PIRP=173;PIRM=196;PIRL=114;PIRH=1074;
SQNR=65430;DATE=24-08-14;TIME=18:10:30;STAT=201212;TMPA=30;TMPP=303;TMPB=26;TMPC=28;RHUA=44;DWPA=16;PTYP=1;PNAM=MS-80SH;PIRA=111;PIRP=120;PIRM=161;PIRL=105;PIRH=1074;
SQNR=65445;DATE=24-08-14;TIME=18:10:45;STAT=201212;TMPA=30;TMPP=303;TMPB=26;TMPC=28;RHUA=44;DWPA=17;PTYP=1;PNAM=MS-80SH;PIRA=154;PIRP=121;PIRM=151;PIRL=105;PIRH=1074;
SQNR=65460;DATE=24-08-14;TIME=18:11:00;STAT=201212;TMPA=30;TMPP=303;TMPB=26;TMPC=28;RHUA=42;DWPA=16;PTYP=1;PNAM=MS-80SH;PIRA=144;PIRP=143;PIRM=151;PIRL=105;PIRH=1074;
SQNR=65475;DATE=24-08-14;TIME=18:11:15;STAT=201212;TMPA=30;TMPP=302;TMPB=26;TMPC=28;RHUA=42;DWPA=16;PTYP=1;PNAM=MS-80SH;PIRA=232;PIRP=168;PIRM=166;PIRL=105;PIRH=1074;
SQNR=65490;DATE=24-08-14;TIME=18:11:30;STAT=201212;TMPA=30;TMPP=303;TMPB=26;TMPC=28;RHUA=43;DWPA=16;PTYP=1;PNAM=MS-80SH;PIRA=234;PIRP=211;PIRM=195;PIRL=105;PIRH=1074;
SQNR=65505;DATE=24-08-14;TIME=18:11:45;STAT=201212;TMPA=30;TMPP=303;TMPB=26;TMPC=28;RHUA=43;DWPA=16;PTYP=1;PNAM=MS-80SH;PIRA=222;PIRP=235;PIRM=209;PIRL=105;PIRH=1074;
SQNR=65520;DATE=24-08-14;TIME=18:12:00;STAT=201212;TMPA=30;TMPP=302;TMPB=26;TMPC=28;RHUA=42;DWPA=15;PTYP=1;PNAM=MS-80SH;PIRA=194;PIRP=219;PIRM=208;PIRL=105;PIRH=1074;
SQNR=65535;DATE=24-08-14;TIME=18:12:15;STAT=201212;TMPA=30;TMPP=302;TMPB=26;TMPC=28;RHUA=42;DWPA=16;PTYP=1;PNAM=MS-80SH;PIRA=173;PIRP=194;PIRM=197;PIRL=105;PIRH=1074;
SQNR=65550;DATE=24-08-14;TIME=18:12:30;STAT=201212;TMPA=30;TMPP=302;TMPB=26;TMPC=28;RHUA=44;DWPA=16;PTYP=1;PNAM=MS-80SH;PIRA=140;PIRP=167;PIRM=179;PIRL=105;PIRH=1074;
SQNR=65565;DATE=24-08-14;TIME=18:12:45;STAT=201212;TMPA=30;TMPP=301;TMPB=26;TMPC=28;RHUA=43;DWPA=16;PTYP=1;PNAM=MS-80SH;PIRA=119;PIRP=141;PIRM=159;PIRL=105;PIRH=1074;
SQNR=65580;DATE=24-08-14;TIME=18:13:00;STAT=201212;TMPA=30;TMPP=301;TMPB=26;TMPC=28;RHUA=43;DWPA=16;PTYP=1;PNAM=MS-80SH;PIRA=106;PIRP=120;PIRM=140;PIRL=105;PIRH=1074;
SQNR=65595;DATE=24-08-14;TIME=18:13:15;STAT=201212;TMPA=30;TMPP=300;TMPB=26;TMPC=28;RHUA=41;DWPA=15;PTYP=1;PNAM=MS-80SH;PIRA=96;PIRP=106;PIRM=124;PIRL=96;PIRH=1074;
SQNR=65610;DATE=24-08-14;TIME=18:13:30;STAT=201212;TMPA=30;TMPP=300;TMPB=26;TMPC=28;RHUA=43;DWPA=16;PTYP=1;PNAM=MS-80SH;PIRA=95;PIRP=98;PIRM=113;PIRL=95;PIRH=1074;
SQNR=65625;DATE=24-08-14;TIME=18:13:45;STAT=201212;TMPA=30;TMPP=300;TMPB=26;TMPC=28;RHUA=45;DWPA=16;PTYP=1;PNAM=MS-80SH;PIRA=85;PIRP=93;PIRM=103;PIRL=85;PIRH=1074;
SQNR=65640;DATE=24-08-14;TIME=18:14:00;STAT=201212;TMPA=29;TMPP=299;TMPB=26;TMPC=28;RHUA=43;DWPA=16;PTYP=1;PNAM=MS-80SH;PIRA=78;PIRP=85;PIRM=94;PIRL=78;PIRH=1074;
SQNR=65655;DATE=24-08-14;TIME=18:14:15;STAT=201212;TMPA=29;TMPP=299;TMPB=26;TMPC=28;RHUA=43;DWPA=16;PTYP=1;PNAM=MS-80SH;PIRA=75;PIRP=78;PIRM=87;PIRL=75;PIRH=1074;
SQNR=65670;DATE=24-08-14;TIME=18:14:30;STAT=201212;TMPA=29;TMPP=299;TMPB=26;TMPC=28;RHUA=42;DWPA=15;PTYP=1;PNAM=MS-80SH;PIRA=73;PIRP=75;PIRM=82;PIRL=73;PIRH=1074;
SQNR=65685;DATE=24-08-14;TIME=18:14:45;STAT=201212;TMPA=29;TMPP=298;TMPB=26;TMPC=28;RHUA=43;DWPA=16;PTYP=1;PNAM=MS-80SH;PIRA=72;PIRP=73;PIRM=78;PIRL=72;PIRH=1074;
SQNR=65700;DATE=24-08-14;TIME=18:15:00;STAT=201212;TMPA=29;TMPP=298;TMPB=26;TMPC=28;RHUA=43;DWPA=16;PTYP=1;PNAM=MS-80SH;PIRA=72;PIRP=72;PIRM=75;PIRL=72;PIRH=1074;
C-----;?
V-----;SWVNR=2102190;SQNDL=65702;DATE=24-08-14;TIME=18:15:07;THTYP=85;TTEMP=15;TDEWP=5;IUFAN=800;ILFAN=5;IUHEA=3000;PYDEF=21;PYAVT=30;PYAVW=1;PYOST=0;MSDLY=15;FNDLY=30;OSTRG=3;DBGFL=0;ASIRE=0;DBGRE=0;MPPFL=-1;
SQNR=65715;DATE=24-08-14;TIME=18:15:15;STAT=201212;TMPA=29;TMPP=298;TMPB=26;TMPC=28;RHUA=43;DWPA=16;PTYP=1;PNAM=MS-80SH;PIRA=72;PIRP=72;PIRM=74;PIRL=72;PIRH=1074;
SQNR=65730;DATE=24-08-14;TIME=18:15:30;STAT=201212;TMPA=29;TMPP=297;TMPB=26;TMPC=28;RHUA=43;DWPA=15;PTYP=1;PNAM=MS-80SH;PIRA=72;PIRP=72;PIRM=73;PIRL=72;PIRH=1074;
SQNR=65745;DATE=24-08-14;TIME=18:15:45;STAT=201212;TMPA=29;TMPP=297;TMPB=26;TMPC=28;RHUA=43;DWPA=15;PTYP=1;PNAM=MS-80SH;PIRA=71;PIRP=72;PIRM=73;PIRL=71;PIRH=1074;
SQNR=65760;DATE=24-08-14;TIME=18:16:00;STAT=201212;TMPA=29;TMPP=297;TMPB=26;TMPC=28;RHUA=42;DWPA=15;PTYP=1;PNAM=MS-80SH;PIRA=71;PIRP=71;PIRM=72;PIRL=71;PIRH=1074;
SQNR=65775;DATE=24-08-14;TIME=18:16:15;STAT=201212;TMPA=29;TMPP=296;TMPB=26;TMPC=28;RHUA=42;DWPA=15;PTYP=1;PNAM=MS-80SH;PIRA=70;PIRP=71;PIRM=71;PIRL=70;PIRH=1074;
SQNR=65790;DATE=24-08-14;TIME=18:16:30;STAT=201212;TMPA=29;TMPP=296;TMPB=26;TMPC=28;RHUA=42;DWPA=15;PTYP=1;PNAM=MS-80SH;PIRA=70;PIRP=70;PIRM=71;PIRL=70;PIRH=1074;
SQNR=65805;DATE=24-08-14;TIME=18:16:45;STAT=201212;TMPA=29;TMPP=296;TMPB=26;TMPC=28;RHUA=43;DWPA=16;PTYP=1;PNAM=MS-80SH;PIRA=69;PIRP=70;PIRM=70;PIRL=69;PIRH=1074;
SQNR=65820;DATE=24-08-14;TIME=18:17:00;STAT=201212;TMPA=29;TMPP=296;TMPB=26;TMPC=28;RHUA=44;DWPA=16;PTYP=1;PNAM=MS-80SH;PIRA=69;PIRP=69;PIRM=70;PIRL=69;PIRH=1074;
SQNR=65835;DATE=24-08-14;TIME=18:17:15;STAT=201212;TMPA=29;TMPP=296;TMPB=26;TMPC=28;RHUA=43;DWPA=15;PTYP=1;PNAM=MS-80SH;PIRA=69;PIRP=69;PIRM=70;PIRL=69;PIRH=1074;
SQNR=65850;DATE=24-08-14;TIME=18:17:30;STAT=201212;TMPA=29;TMPP=295;TMPB=26;TMPC=28;RHUA=43;DWPA=15;PTYP=1;PNAM=MS-80SH;PIRA=69;PIRP=69;PIRM=69;PIRL=69;PIRH=1074;
SQNR=65865;DATE=24-08-14;TIME=18:17:45;STAT=201212;TMPA=29;TMPP=295;TMPB=26;TMPC=28;RHUA=43;DWPA=15;PTYP=1;PNAM=MS-80SH;PIRA=69;PIRP=69;PIRM=69;PIRL=69;PIRH=1074;
SQNR=65880;DATE=24-08-14;TIME=18:18:00;STAT=201212;TMPA=29;TMPP=295;TMPB=26;TMPC=28;RHUA=44;DWPA=15;PTYP=1;PNAM=MS-80SH;PIRA=69;PIRP=69;PIRM=69;PIRL=69;PIRH=1074;
SQNR=65895;DATE=24-08-14;TIME=18:18:15;STAT=201212;TMPA=29;TMPP=294;TMPB=26;TMPC=28;RHUA=43;DWPA=15;PTYP=1;PNAM=MS-80SH;PIRA=69;PIRP=69;PIRM=69;PIRL=68;PIRH=1074;
SQNR=65910;DATE=24-08-14;TIME=18:18:30;STAT=201212;TMPA=29;TMPP=294;TMPB=26;TMPC=28;RHUA=44;DWPA=16;PTYP=1;PNAM=MS-80SH;PIRA=69;PIRP=69;PIRM=69;PIRL=68;PIRH=1074;
SQNR=65925;DATE=24-08-14;TIME=18:18:45;STAT=201212;TMPA=29;TMPP=294;TMPB=26;TMPC=28;RHUA=45;DWPA=16;PTYP=1;PNAM=MS-80SH;PIRA=68;PIRP=68;PIRM=69;PIRL=68;PIRH=1074;
SQNR=65940;DATE=24-08-14;TIME=18:19:00;STAT=201212;TMPA=29;TMPP=294;TMPB=26;TMPC=28;RHUA=44;DWPA=16;PTYP=1;PNAM=MS-80SH;PIRA=69;PIRP=68;PIRM=68;PIRL=68;PIRH=1074;
SQNR=65955;DATE=24-08-14;TIME=18:19:15;STAT=201212;TMPA=29;TMPP=294;TMPB=26;TMPC=27;RHUA=44;DWPA=16;PTYP=1;PNAM=MS-80SH;PIRA=69;PIRP=69;PIRM=69;PIRL=68;PIRH=1074;
SQNR=65970;DATE=24-08-14;TIME=18:19:30;STAT=201212;TMPA=29;TMPP=294;TMPB=26;TMPC=27;RHUA=44;DWPA=16;PTYP=1;PNAM=MS-80SH;PIRA=70;PIRP=69;PIRM=69;PIRL=68;PIRH=1074;
SQNR=65985;DATE=24-08-14;TIME=18:19:45;STAT=201212;TMPA=29;TMPP=293;TMPB=26;TMPC=27;RHUA=45;DWPA=16;PTYP=1;PNAM=MS-80SH;PIRA=70;PIRP=70;PIRM=69;PIRL=68;PIRH=1074;
SQNR=66000;DATE=24-08-14;TIME=18:20:00;STAT=201212;TMPA=29;TMPP=293;TMPB=26;TMPC=27;RHUA=45;DWPA=16;PTYP=1;PNAM=MS-80SH;PIRA=70;PIRP=70;PIRM=70;PIRL=68;PIRH=1074;
C-----;?
V-----;SWVNR=2102190;SQNDL=66002;DATE=24-08-14;TIME=18:20:07;THTYP=85;TTEMP=15;TDEWP=5;IUFAN=800;ILFAN=5;IUHEA=3000;PYDEF=21;PYAVT=30;PYAVW=1;PYOST=0;MSDLY=15;FNDLY=30;OSTRG=3;DBGFL=0;ASIRE=0;DBGRE=0;MPPFL=-1;
SQNR=66015;DATE=24-08-14;TIME=18:20:15;STAT=201212;TMPA=29;TMPP=293;TMPB=26;TMPC=27;RHUA=45;DWPA=16;PTYP=1;PNAM=MS-80SH;PIRA=71;PIRP=70;PIRM=70;PIRL=68;PIRH=1074;
SQNR=66030;DATE=24-08-14;TIME=18:20:30;STAT=201212;TMPA=29;TMPP=293;TMPB=26;TMPC=27;RHUA=46;DWPA=16;PTYP=1;PNAM=MS-80SH;PIRA=71;PIRP=71;PIRM=70;PIRL=68;PIRH=1074;
SQNR=66045;DATE=24-08-14;TIME=18:20:45;STAT=201212;TMPA=29;TMPP=293;TMPB=26;TMPC=27;RHUA=45;DWPA=16;PTYP=1;PNAM=MS-80SH;PIRA=72;PIRP=71;PIRM=71;PIRL=68;PIRH=1074;
SQNR=66060;DATE=24-08-14;TIME=18:21:00;STAT=201212;TMPA=29;TMPP=292;TMPB=26;TMPC=27;RHUA=44;DWPA=15;PTYP=1;PNAM=MS-80SH;PIRA=72;PIRP=72;PIRM=71;PIRL=68;PIRH=1074;
SQNR=66075;DATE=24-08-14;TIME=18:21:15;STAT=201212;TMPA=29;TMPP=292;TMPB=26;TMPC=27;RHUA=45;DWPA=16;PTYP=1;PNAM=MS-80SH;PIRA=72;PIRP=72;PIRM=72;PIRL=68;PIRH=1074;
SQNR=66090;DATE=24-08-14;TIME=18:21:30;STAT=201212;TMPA=29;TMPP=292;TMPB=26;TMPC=27;RHUA=45;DWPA=16;PTYP=1;PNAM=MS-80SH;PIRA=73;PIRP=72;PIRM=72;PIRL=68;PIRH=1074;
SQNR=66105;DATE=24-08-14;TIME=18:21:45;STAT=201212;TMPA=29;TMPP=292;TMPB=26;TMPC=27;RHUA=45;DWPA=16;PTYP=1;PNAM=MS-80SH;PIRA=73;PIRP=73;PIRM=72;PIRL=68;PIRH=1074;
SQNR=66120;DATE=24-08-14;TIME=18:22:00;STAT=201212;TMPA=29;TMPP=292;TMPB=26;TMPC=27;RHUA=45;DWPA=16;PTYP=1;PNAM=MS-80SH;PIRA=73;PIRP=73;PIRM=73;PIRL=68;PIRH=1074;
SQNR=66135;DATE=24-08-14;TIME=18:22:15;STAT=201212;TMPA=29;TMPP=291;TMPB=26;TMPC=27;RHUA=44;DWPA=15;PTYP=1;PNAM=MS-80SH;PIRA=73;PIRP=73;PIRM=73;PIRL=68;PIRH=1074;
SQNR=66150;DATE=24-08-14;TIME=18:22:30;STAT=201212;TMPA=29;TMPP=291;TMPB=26;TMPC=27;RHUA=45;DWPA=16;PTYP=1;PNAM=MS-80SH;PIRA=73;PIRP=73;PIRM=73;PIRL=68;PIRH=1074;
SQNR=66165;DATE=24-08-14;TIME=18:22:45;STAT=201212;TMPA=29;TMPP=291;TMPB=26;TMPC=27;RHUA=44;DWPA=15;PTYP=1;PNAM=MS-80SH;PIRA=73;PIRP=73;PIRM=73;PIRL=68;PIRH=1074;
SQNR=66180;DATE=24-08-14;TIME=18:23:00;STAT=201212;TMPA=29;TMPP=291;TMPB=26;TMPC=27;RHUA=44;DWPA=15;PTYP=1;PNAM=MS-80SH;PIRA=73;PIRP=73;PIRM=73;PIRL=68;PIRH=1074;
SQNR=66195;DATE=24-08-14;TIME=18:23:15;STAT=201212;TMPA=29;TMPP=290;TMPB=26;TMPC=27;RHUA=44;DWPA=15;PTYP=1;PNAM=MS-80SH;PIRA=73;PIRP=73;PIRM=73;PIRL=68;PIRH=1074;
SQNR=66210;DATE=24-08-14;TIME=18:23:30;STAT=201212;TMPA=29;TMPP=291;TMPB=26;TMPC=27;RHUA=44;DWPA=15;PTYP=1;PNAM=MS-80SH;PIRA=73;PIRP=73;PIRM=73;PIRL=68;PIRH=1074;
SQNR=66225;DATE=24-08-14;TIME=18:23:45;STAT=201212;TMPA=29;TMPP=291;TMPB=26;TMPC=27;RHUA=45;DWPA=15;PTYP=1;PNAM=MS-80SH;PIRA=73;PIRP=73;PIRM=73;PIRL=68;PIRH=1074;
SQNR=66240;DATE=24-08-14;TIME=18:24:00;STAT=201212;TMPA=29;TMPP=291;TMPB=26;TMPC=27;RHUA=45;DWPA=16;PTYP=1;PNAM=MS-80SH;PIRA=73;PIRP=73;PIRM=73;PIRL=68;PIRH=1074;
SQNR=66255;DATE=24-08-14;TIME=18:24:15;STAT=201212;TMPA=29;TMPP=291;TMPB=26;TMPC=27;RHUA=43;DWPA=15;PTYP=1;PNAM=MS-80SH;PIRA=73;PIRP=73;PIRM=73;PIRL=68;PIRH=1074;
SQNR=66270;DATE=24-08-14;TIME=18:24:30;STAT=201212;TMPA=29;TMPP=291;TMPB=26;TMPC=27;RHUA=44;DWPA=15;PTYP=1;PNAM=MS-80SH;PIRA=73;PIRP=73;PIRM=73;PIRL=68;PIRH=1074;
SQNR=66285;DATE=24-08-14;TIME=18:24:45;STAT=201212;TMPA=29;TMPP=291;TMPB=26;TMPC=27;RHUA=44;DWPA=15;PTYP=1;PNAM=MS-80SH;PIRA=73;PIRP=73;PIRM=73;PIRL=68;PIRH=1074;
SQNR=66300;DATE=24-08-14;TIME=18:25:00;STAT=201212;TMPA=29;TMPP=291;TMPB=26;TMPC=27;RHUA=44;DWPA=15;PTYP=1;PNAM=MS-80SH;PIRA=73;PIRP=73;PIRM=73;PIRL=68;PIRH=1074;
C-----;?
V-----;SWVNR=2102190;SQNDL=66302;DATE=24-08-14;TIME=18:25:07;THTYP=85;TTEMP=15;TDEWP=5;IUFAN=800;ILFAN=5;IUHEA=3000;PYDEF=21;PYAVT=30;PYAVW=1;PYOST=0;MSDLY=15;FNDLY=30;OSTRG=3;DBGFL=0;ASIRE=0;DBGRE=0;MPPFL=-1;
SQNR=66315;DATE=24-08-14;TIME=18:25:15;STAT=201212;TMPA=29;TMPP=291;TMPB=26;TMPC=27;RHUA=44;DWPA=15;PTYP=1;PNAM=MS-80SH;PIRA=72;PIRP=73;PIRM=73;PIRL=68;PIRH=1074;
SQNR=66330;DATE=24-08-14;TIME=18:25:30;STAT=201212;TMPA=29;TMPP=291;TMPB=26;TMPC=27;RHUA=45;DWPA=15;PTYP=1;PNAM=MS-80SH;PIRA=72;PIRP=72;PIRM=73;PIRL=68;PIRH=1074;
SQNR=66345;DATE=24-08-14;TIME=18:25:45;STAT=201212;TMPA=29;TMPP=291;TMPB=26;TMPC=27;RHUA=44;DWPA=15;PTYP=1;PNAM=MS-80SH;PIRA=72;PIRP=72;PIRM=72;PIRL=68;PIRH=1074;
SQNR=66360;DATE=24-08-14;TIME=18:26:00;STAT=201212;TMPA=29;TMPP=291;TMPB=26;TMPC=27;RHUA=45;DWPA=15;PTYP=1;PNAM=MS-80SH;PIRA=71;PIRP=72;PIRM=72;PIRL=68;PIRH=1074;
SQNR=66375;DATE=24-08-14;TIME=18:26:15;STAT=201212;TMPA=29;TMPP=290;TMPB=26;TMPC=27;RHUA=45;DWPA=16;PTYP=1;PNAM=MS-80SH;PIRA=71;PIRP=71;PIRM=72;PIRL=68;PIRH=1074;
SQNR=66390;DATE=24-08-14;TIME=18:26:30;STAT=201212;TMPA=29;TMPP=291;TMPB=26;TMPC=27;RHUA=44;DWPA=15;PTYP=1;PNAM=MS-80SH;PIRA=71;PIRP=71;PIRM=72;PIRL=68;PIRH=1074;
SQNR=66405;DATE=24-08-14;TIME=18:26:45;STAT=201212;TMPA=29;TMPP=290;TMPB=26;TMPC=27;RHUA=44;DWPA=15;PTYP=1;PNAM=MS-80SH;PIRA=71;PIRP=71;PIRM=71;PIRL=68;PIRH=1074;
SQNR=66420;DATE=24-08-14;TIME=18:27:00;STAT=201212;TMPA=29;TMPP=290;TMPB=26;TMPC=27;RHUA=44;DWPA=15;PTYP=1;PNAM=MS-80SH;PIRA=71;PIRP=71;PIRM=71;PIRL=68;PIRH=1074;
SQNR=66435;DATE=24-08-14;TIME=18:27:15;STAT=201212;TMPA=29;TMPP=291;TMPB=26;TMPC=27;RHUA=45;DWPA=16;PTYP=1;PNAM=MS-80SH;PIRA=71;PIRP=71;PIRM=71;PIRL=68;PIRH=1074;
SQNR=66450;DATE=24-08-14;TIME=18:27:30;STAT=201212;TMPA=29;TMPP=290;TMPB=26;TMPC=27;RHUA=45;DWPA=16;PTYP=1;PNAM=MS-80SH;PIRA=71;PIRP=71;PIRM=71;PIRL=68;PIRH=1074;
SQNR=66465;DATE=24-08-14;TIME=18:27:45;STAT=201212;TMPA=29;TMPP=290;TMPB=26;TMPC=27;RHUA=45;DWPA=16;PTYP=1;PNAM=MS-80SH;PIRA=71;PIRP=71;PIRM=71;PIRL=68;PIRH=1074;
SQNR=66480;DATE=24-08-14;TIME=18:28:00;STAT=201212;TMPA=29;TMPP=290;TMPB=26;TMPC=27;RHUA=44;DWPA=15;PTYP=1;PNAM=MS-80SH;PIRA=71;PIRP=71;PIRM=71;PIRL=68;PIRH=1074;
SQNR=66495;DATE=24-08-14;TIME=18:28:15;STAT=201212;TMPA=29;TMPP=291;TMPB=26;TMPC=27;RHUA=44;DWPA=15;PTYP=1;PNAM=MS-80SH;PIRA=71;PIRP=71;PIRM=71;PIRL=68;PIRH=1074;
SQNR=66510;DATE=24-08-14;TIME=18:28:30;STAT=201212;TMPA=29;TMPP=291;TMPB=26;TMPC=27;RHUA=45;DWPA=16;PTYP=1;PNAM=MS-80SH;PIRA=71;PIRP=71;PIRM=71;PIRL=68;PIRH=1074;
SQNR=66525;DATE=24-08-14;TIME=18:28:45;STAT=201212;TMPA=29;TMPP=291;TMPB=26;TMPC=27;RHUA=44;DWPA=15;PTYP=1;PNAM=MS-80SH;PIRA=71;PIRP=71;PIRM=71;PIRL=68;PIRH=1074;
SQNR=66540;DATE=24-08-14;TIME=18:29:00;STAT=201212;TMPA=29;TMPP=291;TMPB=26;TMPC=27;RHUA=44;DWPA=15;PTYP=1;PNAM=MS-80SH;PIRA=71;PIRP=71;PIRM=71;PIRL=68;PIRH=1074;
SQNR=66555;DATE=24-08-14;TIME=18:29:15;STAT=201212;TMPA=29;TMPP=291;TMPB=26;TMPC=27;RHUA=45;DWPA=16;PTYP=1;PNAM=MS-80SH;PIRA=71;PIRP=71;PIRM=71;PIRL=68;PIRH=1074;
SQNR=66570;DATE=24-08-14;TIME=18:29:30;STAT=201212;TMPA=29;TMPP=291;TMPB=26;TMPC=27;RHUA=45;DWPA=16;PTYP=1;PNAM=MS-80SH;PIRA=71;PIRP=71;PIRM=71;PIRL=68;PIRH=1074;
SQNR=66585;DATE=24-08-14;TIME=18:29:45;STAT=201212;TMPA=29;TMPP=291;TMPB=26;TMPC=27;RHUA=45;DWPA=16;PTYP=1;PNAM=MS-80SH;PIRA=71;PIRP=71;PIRM=71;PIRL=68;PIRH=1074;
C-----;?
SQNR=66600;DATE=24-08-14;TIME=18:30:00;STAT=201212;TMPA=29;TMPP=291;TMPB=26;TMPC=27;RHUA=45;DWPA=16;PTYP=1;PNAM=MS-80SH;PIRA=70;PIRP=71;PIRM=71;PIRL=68;PIRH=1074;
SQNR=66615;DATE=24-08-14;TIME=18:30:15;STAT=201212;TMPA=29;TMPP=291;TMPB=26;TMPC=27;RHUA=45;DWPA=16;PTYP=1;PNAM=MS-80SH;PIRA=70;PIRP=70;PIRM=71;PIRL=68;PIRH=1074;
SQNR=66630;DATE=24-08-14;TIME=18:30:30;STAT=201212;TMPA=29;TMPP=291;TMPB=26;TMPC=27;RHUA=45;DWPA=15;PTYP=1;PNAM=MS-80SH;PIRA=70;PIRP=70;PIRM=70;PIRL=68;PIRH=1074;
SQNR=66645;DATE=24-08-14;TIME=18:30:45;STAT=201212;TMPA=29;TMPP=291;TMPB=26;TMPC=27;RHUA=45;DWPA=16;PTYP=1;PNAM=MS-80SH;PIRA=70;PIRP=70;PIRM=70;PIRL=68;PIRH=1074;
SQNR=66660;DATE=24-08-14;TIME=18:31:00;STAT=201212;TMPA=29;TMPP=291;TMPB=26;TMPC=27;RHUA=45;DWPA=16;PTYP=1;PNAM=MS-80SH;PIRA=69;PIRP=70;PIRM=70;PIRL=68;PIRH=1074;
SQNR=66675;DATE=24-08-14;TIME=18:31:15;STAT=201212;TMPA=29;TMPP=291;TMPB=26;TMPC=27;RHUA=44;DWPA=15;PTYP=1;PNAM=MS-80SH;PIRA=69;PIRP=69;PIRM=70;PIRL=68;PIRH=1074;
SQNR=66690;DATE=24-08-14;TIME=18:31:30;STAT=201212;TMPA=29;TMPP=291;TMPB=26;TMPC=27;RHUA=44;DWPA=15;PTYP=1;PNAM=MS-80SH;PIRA=69;PIRP=69;PIRM=69;PIRL=68;PIRH=1074;
SQNR=66705;DATE=24-08-14;TIME=18:31:45;STAT=201212;TMPA=29;TMPP=291;TMPB=26;TMPC=27;RHUA=44;DWPA=15;PTYP=1;PNAM=MS-80SH;PIRA=68;PIRP=69;PIRM=69;PIRL=68;PIRH=1074;
SQNR=66720;DATE=24-08-14;TIME=18:32:00;STAT=201212;TMPA=29;TMPP=291;TMPB=26;TMPC=27;RHUA=44;DWPA=15;PTYP=1;PNAM=MS-80SH;PIRA=68;PIRP=68;PIRM=69;PIRL=68;PIRH=1074;
SQNR=66735;DATE=24-08-14;TIME=18:32:15;STAT=201212;TMPA=29;TMPP=291;TMPB=26;TMPC=27;RHUA=44;DWPA=15;PTYP=1;PNAM=MS-80SH;PIRA=68;PIRP=68;PIRM=68;PIRL=68;PIRH=1074;
SQNR=66750;DATE=24-08-14;TIME=18:32:30;STAT=201212;TMPA=29;TMPP=291;TMPB=26;TMPC=27;RHUA=44;DWPA=15;PTYP=1;PNAM=MS-80SH;PIRA=68;PIRP=68;PIRM=68;PIRL=68;PIRH=1074;
SQNR=66765;DATE=24-08-14;TIME=18:32:45;STAT=201212;TMPA=29;TMPP=290;TMPB=26;TMPC=27;RHUA=44;DWPA=15;PTYP=1;PNAM=MS-80SH;PIRA=67;PIRP=68;PIRM=68;PIRL=67;PIRH=1074;
SQNR=66780;DATE=24-08-14;TIME=18:33:00;STAT=201212;TMPA=29;TMPP=290;TMPB=26;TMPC=27;RHUA=44;DWPA=15;PTYP=1;PNAM=MS-80SH;PIRA=67;PIRP=67;PIRM=68;PIRL=67;PIRH=1074;
SQNR=66795;DATE=24-08-14;TIME=18:33:15;STAT=201212;TMPA=29;TMPP=290;TMPB=26;TMPC=27;RHUA=44;DWPA=15;PTYP=1;PNAM=MS-80SH;PIRA=68;PIRP=68;PIRM=68;PIRL=67;PIRH=1074;
SQNR=66810;DATE=24-08-14;TIME=18:33:30;STAT=201212;TMPA=29;TMPP=290;TMPB=26;TMPC=27;RHUA=45;DWPA=15;PTYP=1;PNAM=MS-80SH;PIRA=68;PIRP=68;PIRM=68;PIRL=67;PIRH=1074;
SQNR=66825;DATE=24-08-14;TIME=18:33:45;STAT=201212;TMPA=29;TMPP=290;TMPB=26;TMPC=27;RHUA=46;DWPA=16;PTYP=1;PNAM=MS-80SH;PIRA=67;PIRP=68;PIRM=68;PIRL=67;PIRH=1074;
SQNR=66840;DATE=24-08-14;TIME=18:34:00;STAT=201212;TMPA=29;TMPP=290;TMPB=26;TMPC=27;RHUA=45;DWPA=16;PTYP=1;PNAM=MS-80SH;PIRA=67;PIRP=67;PIRM=67;PIRL=67;PIRH=1074;
SQNR=66855;DATE=24-08-14;TIME=18:34:15;STAT=201212;TMPA=29;TMPP=290;TMPB=26;TMPC=27;RHUA=45;DWPA=16;PTYP=1;PNAM=MS-80SH;PIRA=67;PIRP=67;PIRM=67;PIRL=67;PIRH=1074;
SQNR=66870;DATE=24-08-14;TIME=18:34:30;STAT=201212;TMPA=29;TMPP=291;TMPB=26;TMPC=27;RHUA=45;DWPA=16;PTYP=1;PNAM=MS-80SH;PIRA=66;PIRP=67;PIRM=67;PIRL=66;PIRH=1074;
SQNR=66885;DATE=24-08-14;TIME=18:34:45;STAT=201212;TMPA=29;TMPP=291;TMPB=26;TMPC=27;RHUA=46;DWPA=16;PTYP=1;PNAM=MS-80SH;PIRA=66;PIRP=66;PIRM=67;PIRL=66;PIRH=1074;
SQNR=66900;DATE=24-08-14;TIME=18:35:00;STAT=201212;TMPA=29;TMPP=291;TMPB=26;TMPC=27;RHUA=43;DWPA=15;PTYP=1;PNAM=MS-80SH;PIRA=65;PIRP=66;PIRM=66;PIRL=65;PIRH=1074;
C-----;?
V-----;SWVNR=2102190;SQNDL=66901;DATE=24-08-14;TIME=18:35:06;THTYP=85;TTEMP=15;TDEWP=5;IUFAN=800;ILFAN=5;IUHEA=3000;PYDEF=21;PYAVT=30;PYAVW=1;PYOST=0;MSDLY=15;FNDLY=30;OSTRG=3;DBGFL=0;ASIRE=0;DBGRE=0;MPPFL=-1;
SQNR=66915;DATE=24-08-14;TIME=18:35:15;STAT=201212;TMPA=29;TMPP=291;TMPB=26;TMPC=27;RHUA=45;DWPA=16;PTYP=1;PNAM=MS-80SH;PIRA=64;PIRP=65;PIRM=65;PIRL=64;PIRH=1074;
SQNR=66930;DATE=24-08-14;TIME=18:35:30;STAT=201212;TMPA=29;TMPP=291;TMPB=26;TMPC=27;RHUA=44;DWPA=15;PTYP=1;PNAM=MS-80SH;PIRA=64;PIRP=64;PIRM=65;PIRL=64;PIRH=1074;
SQNR=66945;DATE=24-08-14;TIME=18:35:45;STAT=201212;TMPA=29;TMPP=292;TMPB=26;TMPC=27;RHUA=45;DWPA=16;PTYP=1;PNAM=MS-80SH;PIRA=63;PIRP=64;PIRM=64;PIRL=63;PIRH=1074;
SQNR=66960;DATE=24-08-14;TIME=18:36:00;STAT=201212;TMPA=29;TMPP=292;TMPB=26;TMPC=27;RHUA=45;DWPA=16;PTYP=1;PNAM=MS-80SH;PIRA=63;PIRP=63;PIRM=64;PIRL=63;PIRH=1074;
SQNR=66975;DATE=24-08-14;TIME=18:36:15;STAT=201212;TMPA=29;TMPP=292;TMPB=26;TMPC=27;RHUA=43;DWPA=15;PTYP=1;PNAM=MS-80SH;PIRA=64;PIRP=63;PIRM=64;PIRL=63;PIRH=1074;
SQNR=66990;DATE=24-08-14;TIME=18:36:30;STAT=201212;TMPA=29;TMPP=292;TMPB=26;TMPC=27;RHUA=45;DWPA=16;PTYP=1;PNAM=MS-80SH;PIRA=62;PIRP=63;PIRM=63;PIRL=62;PIRH=1074;
SQNR=67005;DATE=24-08-14;TIME=18:36:45;STAT=201212;TMPA=29;TMPP=292;TMPB=26;TMPC=27;RHUA=44;DWPA=16;PTYP=1;PNAM=MS-80SH;PIRA=62;PIRP=62;PIRM=63;PIRL=62;PIRH=1074;
SQNR=67020;DATE=24-08-14;TIME=18:37:00;STAT=201212;TMPA=29;TMPP=292;TMPB=26;TMPC=27;RHUA=45;DWPA=16;PTYP=1;PNAM=MS-80SH;PIRA=61;PIRP=62;PIRM=62;PIRL=61;PIRH=1074;
SQNR=67035;DATE=24-08-14;TIME=18:37:15;STAT=201212;TMPA=29;TMPP=292;TMPB=26;TMPC=27;RHUA=45;DWPA=16;PTYP=1;PNAM=MS-80SH;PIRA=60;PIRP=61;PIRM=61;PIRL=60;PIRH=1074;
SQNR=67050;DATE=24-08-14;TIME=18:37:30;STAT=201212;TMPA=29;TMPP=292;TMPB=26;TMPC=27;RHUA=46;DWPA=16;PTYP=1;PNAM=MS-80SH;PIRA=59;PIRP=60;PIRM=61;PIRL=59;PIRH=1074;
SQNR=67065;DATE=24-08-14;TIME=18:37:45;STAT=201212;TMPA=29;TMPP=293;TMPB=26;TMPC=27;RHUA=44;DWPA=16;PTYP=1;PNAM=MS-80SH;PIRA=59;PIRP=59;PIRM=60;PIRL=59;PIRH=1074;
SQNR=67080;DATE=24-08-14;TIME=18:38:00;STAT=201212;TMPA=29;TMPP=293;TMPB=26;TMPC=27;RHUA=45;DWPA=16;PTYP=1;PNAM=MS-80SH;PIRA=57;PIRP=58;PIRM=59;PIRL=57;PIRH=1074;
SQNR=67095;DATE=24-08-14;TIME=18:38:15;STAT=201212;TMPA=29;TMPP=293;TMPB=26;TMPC=27;RHUA=46;DWPA=16;PTYP=1;PNAM=MS-80SH;PIRA=56;PIRP=57;PIRM=58;PIRL=56;PIRH=1074;
SQNR=67110;DATE=24-08-14;TIME=18:38:30;STAT=201212;TMPA=29;TMPP=293;TMPB=26;TMPC=27;RHUA=44;DWPA=16;PTYP=1;PNAM=MS-80SH;PIRA=55;PIRP=56;PIRM=57;PIRL=55;PIRH=1074;
SQNR=67125;DATE=24-08-14;TIME=18:38:45;STAT=201212;TMPA=29;TMPP=293;TMPB=26;TMPC=27;RHUA=45;DWPA=16;PTYP=1;PNAM=MS-80SH;PIRA=54;PIRP=55;PIRM=56;PIRL=54;PIRH=1074;
SQNR=67140;DATE=24-08-14;TIME=18:39:00;STAT=201212;TMPA=29;TMPP=293;TMPB=26;TMPC=27;RHUA=45;DWPA=16;PTYP=1;PNAM=MS-80SH;PIRA=52;PIRP=54;PIRM=55;PIRL=52;PIRH=1074;
SQNR=67155;DATE=24-08-14;TIME=18:39:15;STAT=201212;TMPA=29;TMPP=293;TMPB=26;TMPC=27;RHUA=45;DWPA=16;PTYP=1;PNAM=MS-80SH;PIRA=51;PIRP=52;PIRM=54;PIRL=51;PIRH=1074;
SQNR=67170;DATE=24-08-14;TIME=18:39:30;STAT=201212;TMPA=29;TMPP=294;TMPB=26;TMPC=27;RHUA=45;DWPA=16;PTYP=1;PNAM=MS-80SH;PIRA=50;PIRP=51;PIRM=52;PIRL=50;PIRH=1074;
SQNR=67185;DATE=24-08-14;TIME=18:39:45;STAT=201212;TMPA=29;TMPP=294;TMPB=26;TMPC=27;RHUA=44;DWPA=16;PTYP=1;PNAM=MS-80SH;PIRA=48;PIRP=50;PIRM=51;PIRL=48;PIRH=1074;
SQNR=67200;DATE=24-08-14;TIME=18:40:00;STAT=201212;TMPA=29;TMPP=294;TMPB=26;TMPC=27;RHUA=45;DWPA=16;PTYP=1;PNAM=MS-80SH;PIRA=47;PIRP=48;PIRM=50;PIRL=47;PIRH=1074;
C-----;?
V-----;SWVNR=2102190;SQNDL=67201;DATE=24-08-14;TIME=18:40:06;THTYP=85;TTEMP=15;TDEWP=5;IUFAN=800;ILFAN=5;IUHEA=3000;PYDEF=21;PYAVT=30;PYAVW=1;PYOST=0;MSDLY=15;FNDLY=30;OSTRG=3;DBGFL=0;ASIRE=0;DBGRE=0;MPPFL=-1;
SQNR=67215;DATE=24-08-14;TIME=18:40:15;STAT=201212;TMPA=29;TMPP=294;TMPB=26;TMPC=27;RHUA=46;DWPA=16;PTYP=1;PNAM=MS-80SH;PIRA=46;PIRP=47;PIRM=48;PIRL=46;PIRH=1074;
SQNR=67230;DATE=24-08-14;TIME=18:40:30;STAT=201212;TMPA=29;TMPP=294;TMPB=26;TMPC=27;RHUA=46;DWPA=16;PTYP=1;PNAM=MS-80SH;PIRA=45;PIRP=46;PIRM=47;PIRL=45;PIRH=1074;
SQNR=67245;DATE=24-08-14;TIME=18:40:45;STAT=201212;TMPA=29;TMPP=294;TMPB=26;TMPC=27;RHUA=46;DWPA=16;PTYP=1;PNAM=MS-80SH;PIRA=43;PIRP=45;PIRM=46;PIRL=43;PIRH=1074;
SQNR=67260;DATE=24-08-14;TIME=18:41:00;STAT=201212;TMPA=29;TMPP=294;TMPB=26;TMPC=27;RHUA=46;DWPA=16;PTYP=1;PNAM=MS-80SH;PIRA=42;PIRP=43;PIRM=45;PIRL=42;PIRH=1074;
SQNR=67275;DATE=24-08-14;TIME=18:41:15;STAT=201212;TMPA=29;TMPP=294;TMPB=26;TMPC=27;RHUA=46;DWPA=16;PTYP=1;PNAM=MS-80SH;PIRA=41;PIRP=42;PIRM=43;PIRL=41;PIRH=1074;
SQNR=67290;DATE=24-08-14;TIME=18:41:30;STAT=201212;TMPA=29;TMPP=294;TMPB=26;TMPC=27;RHUA=46;DWPA=16;PTYP=1;PNAM=MS-80SH;PIRA=40;PIRP=41;PIRM=42;PIRL=40;PIRH=1074;
SQNR=67305;DATE=24-08-14;TIME=18:41:45;STAT=201212;TMPA=29;TMPP=294;TMPB=26;TMPC=27;RHUA=45;DWPA=16;PTYP=1;PNAM=MS-80SH;PIRA=39;PIRP=40;PIRM=41;PIRL=39;PIRH=1074;
SQNR=67320;DATE=24-08-14;TIME=18:42:00;STAT=201212;TMPA=29;TMPP=294;TMPB=26;TMPC=27;RHUA=45;DWPA=16;PTYP=1;PNAM=MS-80SH;PIRA=38;PIRP=39;PIRM=40;PIRL=38;PIRH=1074;
SQNR=67335;DATE=24-08-14;TIME=18:42:15;STAT=201212;TMPA=29;TMPP=294;TMPB=26;TMPC=27;RHUA=45;DWPA=16;PTYP=1;PNAM=MS-80SH;PIRA=37;PIRP=38;PIRM=39;PIRL=37;PIRH=1074;
SQNR=67350;DATE=24-08-14;TIME=18:42:30;STAT=201212;TMPA=29;TMPP=294;TMPB=26;TMPC=27;RHUA=45;DWPA=16;PTYP=1;PNAM=MS-80SH;PIRA=35;PIRP=36;PIRM=38;PIRL=35;PIRH=1074;
SQNR=67365;DATE=24-08-14;TIME=18:42:45;STAT=201212;TMPA=29;TMPP=294;TMPB=26;TMPC=27;RHUA=45;DWPA=16;PTYP=1;PNAM=MS-80SH;PIRA=34;PIRP=35;PIRM=36;PIRL=34;PIRH=1074;
SQNR=67380;DATE=24-08-14;TIME=18:43:00;STAT=201212;TMPA=29;TMPP=294;TMPB=26;TMPC=27;RHUA=44;DWPA=16;PTYP=1;PNAM=MS-80SH;PIRA=33;PIRP=34;PIRM=35;PIRL=33;PIRH=1074;
SQNR=67395;DATE=24-08-14;TIME=18:43:15;STAT=201212;TMPA=29;TMPP=294;TMPB=26;TMPC=27;RHUA=44;DWPA=16;PTYP=1;PNAM=MS-80SH;PIRA=32;PIRP=33;PIRM=34;PIRL=32;PIRH=1074;
SQNR=67410;DATE=24-08-14;TIME=18:43:30;STAT=201212;TMPA=29;TMPP=293;TMPB=26;TMPC=27;RHUA=44;DWPA=16;PTYP=1;PNAM=MS-80SH;PIRA=32;PIRP=32;PIRM=33;PIRL=32;PIRH=1074;
SQNR=67425;DATE=24-08-14;TIME=18:43:45;STAT=201212;TMPA=29;TMPP=293;TMPB=26;TMPC=27;RHUA=44;DWPA=16;PTYP=1;PNAM=MS-80SH;PIRA=31;PIRP=31;PIRM=32;PIRL=31;PIRH=1074;
SQNR=67440;DATE=24-08-14;TIME=18:44:00;STAT=201212;TMPA=29;TMPP=293;TMPB=26;TMPC=27;RHUA=45;DWPA=16;PTYP=1;PNAM=MS-80SH;PIRA=30;PIRP=31;PIRM=32;PIRL=30;PIRH=1074;
SQNR=67455;DATE=24-08-14;TIME=18:44:15;STAT=201212;TMPA=29;TMPP=293;TMPB=26;TMPC=27;RHUA=45;DWPA=16;PTYP=1;PNAM=MS-80SH;PIRA=29;PIRP=30;PIRM=31;PIRL=29;PIRH=1074;
SQNR=67470;DATE=24-08-14;TIME=18:44:30;STAT=201212;TMPA=29;TMPP=293;TMPB=26;TMPC=27;RHUA=45;DWPA=16;PTYP=1;PNAM=MS-80SH;PIRA=29;PIRP=29;PIRM=30;PIRL=29;PIRH=1074;
SQNR=67485;DATE=24-08-14;TIME=18:44:45;STAT=201212;TMPA=29;TMPP=293;TMPB=26;TMPC=27;RHUA=45;DWPA=16;PTYP=1;PNAM=MS-80SH;PIRA=28;PIRP=29;PIRM=29;PIRL=28;PIRH=1074;
SQNR=67500;DATE=24-08-14;TIME=18:45:00;STAT=201212;TMPA=29;TMPP=293;TMPB=26;TMPC=27;RHUA=45;DWPA=16;PTYP=1;PNAM=MS-80SH;PIRA=28;PIRP=28;PIRM=29;PIRL=28;PIRH=1074;
C-----;?
V-----;SWVNR=2102190;SQNDL=67501;DATE=24-08-14;TIME=18:45:06;THTYP=85;TTEMP=15;TDEWP=5;IUFAN=800;ILFAN=5;IUHEA=3000;PYDEF=21;PYAVT=30;PYAVW=1;PYOST=0;MSDLY=15;FNDLY=30;OSTRG=3;DBGFL=0;ASIRE=0;DBGRE=0;MPPFL=-1;
SQNR=67515;DATE=24-08-14;TIME=18:45:15;STAT=201212;TMPA=29;TMPP=293;TMPB=26;TMPC=27;RHUA=46;DWPA=16;PTYP=1;PNAM=MS-80SH;PIRA=27;PIRP=28;PIRM=28;PIRL=27;PIRH=1074;
SQNR=67530;DATE=24-08-14;TIME=18:45:30;STAT=201212;TMPA=29;TMPP=293;TMPB=26;TMPC=27;RHUA=46;DWPA=16;PTYP=1;PNAM=MS-80SH;PIRA=27;PIRP=27;PIRM=28;PIRL=27;PIRH=1074;
SQNR=67545;DATE=24-08-14;TIME=18:45:45;STAT=201212;TMPA=29;TMPP=294;TMPB=26;TMPC=27;RHUA=46;DWPA=16;PTYP=1;PNAM=MS-80SH;PIRA=27;PIRP=27;PIRM=27;PIRL=27;PIRH=1074;
SQNR=67560;DATE=24-08-14;TIME=18:46:00;STAT=201212;TMPA=29;TMPP=293;TMPB=26;TMPC=27;RHUA=47;DWPA=16;PTYP=1;PNAM=MS-80SH;PIRA=26;PIRP=27;PIRM=27;PIRL=26;PIRH=1074;
SQNR=67575;DATE=24-08-14;TIME=18:46:15;STAT=201212;TMPA=29;TMPP=294;TMPB=26;TMPC=27;RHUA=46;DWPA=16;PTYP=1;PNAM=MS-80SH;PIRA=26;PIRP=26;PIRM=27;PIRL=26;PIRH=1074;
SQNR=67590;DATE=24-08-14;TIME=18:46:30;STAT=201212;TMPA=29;TMPP=294;TMPB=26;TMPC=27;RHUA=46;DWPA=16;PTYP=1;PNAM=MS-80SH;PIRA=26;PIRP=26;PIRM=26;PIRL=26;PIRH=1074;
SQNR=67605;DATE=24-08-14;TIME=18:46:45;STAT=201212;TMPA=29;TMPP=294;TMPB=26;TMPC=27;RHUA=47;DWPA=17;PTYP=1;PNAM=MS-80SH;PIRA=26;PIRP=26;PIRM=26;PIRL=26;PIRH=1074;
SQNR=67620;DATE=24-08-14;TIME=18:47:00;STAT=201212;TMPA=29;TMPP=294;TMPB=26;TMPC=27;RHUA=47;DWPA=17;PTYP=1;PNAM=MS-80SH;PIRA=25;PIRP=26;PIRM=26;PIRL=25;PIRH=1074;
SQNR=67635;DATE=24-08-14;TIME=18:47:15;STAT=201212;TMPA=29;TMPP=294;TMPB=26;TMPC=27;RHUA=48;DWPA=17;PTYP=1;PNAM=MS-80SH;PIRA=25;PIRP=25;PIRM=26;PIRL=25;PIRH=1074;
SQNR=67650;DATE=24-08-14;TIME=18:47:30;STAT=201212;TMPA=29;TMPP=294;TMPB=26;TMPC=27;RHUA=48;DWPA=17;PTYP=1;PNAM=MS-80SH;PIRA=25;PIRP=25;PIRM=26;PIRL=25;PIRH=1074;
SQNR=67665;DATE=24-08-14;TIME=18:47:45;STAT=201212;TMPA=29;TMPP=294;TMPB=26;TMPC=27;RHUA=48;DWPA=17;PTYP=1;PNAM=MS-80SH;PIRA=25;PIRP=25;PIRM=25;PIRL=25;PIRH=1074;
SQNR=67680;DATE=24-08-14;TIME=18:48:00;STAT=201212;TMPA=29;TMPP=294;TMPB=26;TMPC=27;RHUA=50;DWPA=17;PTYP=1;PNAM=MS-80SH;PIRA=25;PIRP=25;PIRM=25;PIRL=25;PIRH=1074;
SQNR=67695;DATE=24-08-14;TIME=18:48:15;STAT=201212;TMPA=29;TMPP=293;TMPB=26;TMPC=27;RHUA=51;DWPA=18;PTYP=1;PNAM=MS-80SH;PIRA=25;PIRP=25;PIRM=25;PIRL=25;PIRH=1074;
SQNR=67710;DATE=24-08-14;TIME=18:48:30;STAT=201212;TMPA=29;TMPP=293;TMPB=26;TMPC=27;RHUA=53;DWPA=18;PTYP=1;PNAM=MS-80SH;PIRA=25;PIRP=25;PIRM=25;PIRL=25;PIRH=1074;
SQNR=67725;DATE=24-08-14;TIME=18:48:45;STAT=201212;TMPA=29;TMPP=292;TMPB=26;TMPC=27;RHUA=53;DWPA=18;PTYP=1;PNAM=MS-80SH;PIRA=25;PIRP=25;PIRM=25;PIRL=25;PIRH=1074;
SQNR=67740;DATE=24-08-14;TIME=18:49:00;STAT=201212;TMPA=29;TMPP=291;TMPB=25;TMPC=27;RHUA=54;DWPA=19;PTYP=1;PNAM=MS-80SH;PIRA=25;PIRP=25;PIRM=25;PIRL=25;PIRH=1074;
SQNR=67755;DATE=24-08-14;TIME=18:49:15;STAT=201212;TMPA=29;TMPP=291;TMPB=25;TMPC=27;RHUA=55;DWPA=19;PTYP=1;PNAM=MS-80SH;PIRA=25;PIRP=25;PIRM=25;PIRL=25;PIRH=1074;
SQNR=67770;DATE=24-08-14;TIME=18:49:30;STAT=201212;TMPA=29;TMPP=290;TMPB=25;TMPC=27;RHUA=55;DWPA=19;PTYP=1;PNAM=MS-80SH;PIRA=25;PIRP=25;PIRM=25;PIRL=25;PIRH=1074;
SQNR=67785;DATE=24-08-14;TIME=18:49:45;STAT=201212;TMPA=28;TMPP=289;TMPB=25;TMPC=27;RHUA=53;DWPA=18;PTYP=1;PNAM=MS-80SH;PIRA=25;PIRP=25;PIRM=25;PIRL=25;PIRH=1074;
SQNR=67800;DATE=24-08-14;TIME=18:50:00;STAT=201212;TMPA=28;TMPP=289;TMPB=25;TMPC=27;RHUA=54;DWPA=18;PTYP=1;PNAM=MS-80SH;PIRA=26;PIRP=26;PIRM=25;PIRL=25;PIRH=1074;
C-----;?
V-----;SWVNR=2102190;SQNDL=67802;DATE=24-08-14;TIME=18:50:07;THTYP=85;TTEMP=15;TDEWP=5;IUFAN=800;ILFAN=5;IUHEA=3000;PYDEF=21;PYAVT=30;PYAVW=1;PYOST=0;MSDLY=15;FNDLY=30;OSTRG=3;DBGFL=0;ASIRE=0;DBGRE=0;MPPFL=-1;
SQNR=67815;DATE=24-08-14;TIME=18:50:15;STAT=201212;TMPA=28;TMPP=288;TMPB=25;TMPC=27;RHUA=53;DWPA=18;PTYP=1;PNAM=MS-80SH;PIRA=26;PIRP=26;PIRM=26;PIRL=25;PIRH=1074;
SQNR=67830;DATE=24-08-14;TIME=18:50:30;STAT=201212;TMPA=28;TMPP=287;TMPB=25;TMPC=27;RHUA=53;DWPA=18;PTYP=1;PNAM=MS-80SH;PIRA=26;PIRP=26;PIRM=26;PIRL=25;PIRH=1074;
SQNR=67845;DATE=24-08-14;TIME=18:50:45;STAT=201212;TMPA=28;TMPP=286;TMPB=25;TMPC=27;RHUA=54;DWPA=18;PTYP=1;PNAM=MS-80SH;PIRA=26;PIRP=26;PIRM=26;PIRL=25;PIRH=1074;
SQNR=67860;DATE=24-08-14;TIME=18:51:00;STAT=201212;TMPA=28;TMPP=285;TMPB=25;TMPC=27;RHUA=55;DWPA=18;PTYP=1;PNAM=MS-80SH;PIRA=26;PIRP=26;PIRM=26;PIRL=25;PIRH=1074;
SQNR=67875;DATE=24-08-14;TIME=18:51:15;STAT=201212;TMPA=28;TMPP=285;TMPB=25;TMPC=27;RHUA=54;DWPA=18;PTYP=1;PNAM=MS-80SH;PIRA=26;PIRP=26;PIRM=26;PIRL=25;PIRH=1074;
SQNR=67890;DATE=24-08-14;TIME=18:51:30;STAT=201212;TMPA=28;TMPP=284;TMPB=25;TMPC=27;RHUA=55;DWPA=18;PTYP=1;PNAM=MS-80SH;PIRA=26;PIRP=26;PIRM=26;PIRL=25;PIRH=1074;
SQNR=67905;DATE=24-08-14;TIME=18:51:45;STAT=201212;TMPA=28;TMPP=283;TMPB=25;TMPC=27;RHUA=56;DWPA=18;PTYP=1;PNAM=MS-80SH;PIRA=26;PIRP=26;PIRM=26;PIRL=25;PIRH=1074;
SQNR=67920;DATE=24-08-14;TIME=18:52:00;STAT=201212;TMPA=28;TMPP=282;TMPB=25;TMPC=27;RHUA=55;DWPA=18;PTYP=1;PNAM=MS-80SH;PIRA=26;PIRP=26;PIRM=26;PIRL=25;PIRH=1074;
SQNR=67935;DATE=24-08-14;TIME=18:52:15;STAT=201212;TMPA=28;TMPP=282;TMPB=25;TMPC=27;RHUA=55;DWPA=18;PTYP=1;PNAM=MS-80SH;PIRA=26;PIRP=26;PIRM=26;PIRL=25;PIRH=1074;
SQNR=67950;DATE=24-08-14;TIME=18:52:30;STAT=201212;TMPA=28;TMPP=281;TMPB=25;TMPC=27;RHUA=55;DWPA=18;PTYP=1;PNAM=MS-80SH;PIRA=26;PIRP=26;PIRM=26;PIRL=25;PIRH=1074;
SQNR=67965;DATE=24-08-14;TIME=18:52:45;STAT=201212;TMPA=28;TMPP=281;TMPB=25;TMPC=27;RHUA=55;DWPA=18;PTYP=1;PNAM=MS-80SH;PIRA=26;PIRP=26;PIRM=26;PIRL=25;PIRH=1074;
SQNR=67980;DATE=24-08-14;TIME=18:53:00;STAT=201212;TMPA=28;TMPP=281;TMPB=25;TMPC=26;RHUA=54;DWPA=18;PTYP=1;PNAM=MS-80SH;PIRA=26;PIRP=26;PIRM=26;PIRL=25;PIRH=1074;
SQNR=67995;DATE=24-08-14;TIME=18:53:15;STAT=201212;TMPA=28;TMPP=280;TMPB=25;TMPC=26;RHUA=55;DWPA=18;PTYP=1;PNAM=MS-80SH;PIRA=26;PIRP=26;PIRM=26;PIRL=25;PIRH=1074;
SQNR=68010;DATE=24-08-14;TIME=18:53:30;STAT=201212;TMPA=28;TMPP=280;TMPB=25;TMPC=26;RHUA=54;DWPA=17;PTYP=1;PNAM=MS-80SH;PIRA=26;PIRP=26;PIRM=26;PIRL=25;PIRH=1074;
SQNR=68025;DATE=24-08-14;TIME=18:53:45;STAT=201212;TMPA=28;TMPP=280;TMPB=25;TMPC=26;RHUA=55;DWPA=18;PTYP=1;PNAM=MS-80SH;PIRA=26;PIRP=26;PIRM=26;PIRL=25;PIRH=1074;
SQNR=68040;DATE=24-08-14;TIME=18:54:00;STAT=201212;TMPA=27;TMPP=279;TMPB=25;TMPC=26;RHUA=55;DWPA=18;PTYP=1;PNAM=MS-80SH;PIRA=26;PIRP=26;PIRM=26;PIRL=25;PIRH=1074;
SQNR=68055;DATE=24-08-14;TIME=18:54:15;STAT=201212;TMPA=27;TMPP=279;TMPB=25;TMPC=26;RHUA=55;DWPA=18;PTYP=1;PNAM=MS-80SH;PIRA=26;PIRP=26;PIRM=26;PIRL=25;PIRH=1074;
SQNR=68070;DATE=24-08-14;TIME=18:54:30;STAT=201212;TMPA=27;TMPP=279;TMPB=25;TMPC=26;RHUA=55;DWPA=18;PTYP=1;PNAM=MS-80SH;PIRA=26;PIRP=26;PIRM=26;PIRL=25;PIRH=1074;
SQNR=68085;DATE=24-08-14;TIME=18:54:45;STAT=201212;TMPA=27;TMPP=279;TMPB=25;TMPC=26;RHUA=55;DWPA=18;PTYP=1;PNAM=MS-80SH;PIRA=26;PIRP=26;PIRM=26;PIRL=25;PIRH=1074;
SQNR=68100;DATE=24-08-14;TIME=18:55:00;STAT=201212;TMPA=27;TMPP=279;TMPB=25;TMPC=26;RHUA=54;DWPA=18;PTYP=1;PNAM=MS-80SH;PIRA=26;PIRP=26;PIRM=26;PIRL=25;PIRH=1074;
C-----;?
V-----;SWVNR=2102190;SQNDL=68102;DATE=24-08-14;TIME=18:55:07;THTYP=85;TTEMP=15;TDEWP=5;IUFAN=800;ILFAN=5;IUHEA=3000;PYDEF=21;PYAVT=30;PYAVW=1;PYOST=0;MSDLY=15;FNDLY=30;OSTRG=3;DBGFL=0;ASIRE=0;DBGRE=0;MPPFL=-1;
SQNR=68115;DATE=24-08-14;TIME=18:55:15;STAT=201212;TMPA=27;TMPP=279;TMPB=25;TMPC=26;RHUA=55;DWPA=18;PTYP=1;PNAM=MS-80SH;PIRA=26;PIRP=26;PIRM=26;PIRL=25;PIRH=1074;
SQNR=68130;DATE=24-08-14;TIME=18:55:30;STAT=201212;TMPA=27;TMPP=279;TMPB=25;TMPC=26;RHUA=55;DWPA=18;PTYP=1;PNAM=MS-80SH;PIRA=26;PIRP=26;PIRM=26;PIRL=25;PIRH=1074;
SQNR=68145;DATE=24-08-14;TIME=18:55:45;STAT=201212;TMPA=28;TMPP=280;TMPB=25;TMPC=26;RHUA=56;DWPA=18;PTYP=1;PNAM=MS-80SH;PIRA=26;PIRP=26;PIRM=26;PIRL=25;PIRH=1074;
SQNR=68160;DATE=24-08-14;TIME=18:56:00;STAT=201212;TMPA=28;TMPP=280;TMPB=25;TMPC=26;RHUA=55;DWPA=18;PTYP=1;PNAM=MS-80SH;PIRA=25;PIRP=26;PIRM=26;PIRL=25;PIRH=1074;
SQNR=68175;DATE=24-08-14;TIME=18:56:15;STAT=201212;TMPA=28;TMPP=280;TMPB=25;TMPC=26;RHUA=55;DWPA=18;PTYP=1;PNAM=MS-80SH;PIRA=25;PIRP=25;PIRM=26;PIRL=25;PIRH=1074;
SQNR=68190;DATE=24-08-14;TIME=18:56:30;STAT=201212;TMPA=28;TMPP=280;TMPB=25;TMPC=26;RHUA=54;DWPA=18;PTYP=1;PNAM=MS-80SH;PIRA=25;PIRP=25;PIRM=25;PIRL=25;PIRH=1074;
SQNR=68205;DATE=24-08-14;TIME=18:56:45;STAT=201212;TMPA=28;TMPP=280;TMPB=25;TMPC=26;RHUA=57;DWPA=18;PTYP=1;PNAM=MS-80SH;PIRA=25;PIRP=25;PIRM=25;PIRL=25;PIRH=1074;
SQNR=68220;DATE=24-08-14;TIME=18:57:00;STAT=201212;TMPA=28;TMPP=280;TMPB=25;TMPC=26;RHUA=59;DWPA=19;PTYP=1;PNAM=MS-80SH;PIRA=25;PIRP=25;PIRM=25;PIRL=25;PIRH=1074;
SQNR=68235;DATE=24-08-14;TIME=18:57:15;STAT=201212;TMPA=28;TMPP=280;TMPB=25;TMPC=26;RHUA=58;DWPA=19;PTYP=1;PNAM=MS-80SH;PIRA=25;PIRP=25;PIRM=25;PIRL=25;PIRH=1074;
SQNR=68250;DATE=24-08-14;TIME=18:57:30;STAT=201212;TMPA=28;TMPP=280;TMPB=25;TMPC=26;RHUA=59;DWPA=19;PTYP=1;PNAM=MS-80SH;PIRA=24;PIRP=25;PIRM=25;PIRL=24;PIRH=1074;
SQNR=68265;DATE=24-08-14;TIME=18:57:45;STAT=201212;TMPA=28;TMPP=280;TMPB=25;TMPC=26;RHUA=60;DWPA=19;PTYP=1;PNAM=MS-80SH;PIRA=23;PIRP=24;PIRM=24;PIRL=23;PIRH=1074;
SQNR=68280;DATE=24-08-14;TIME=18:58:00;STAT=201212;TMPA=28;TMPP=280;TMPB=25;TMPC=26;RHUA=60;DWPA=19;PTYP=1;PNAM=MS-80SH;PIRA=23;PIRP=23;PIRM=24;PIRL=23;PIRH=1074;
SQNR=68295;DATE=24-08-14;TIME=18:58:15;STAT=201212;TMPA=27;TMPP=279;TMPB=24;TMPC=26;RHUA=59;DWPA=19;PTYP=1;PNAM=MS-80SH;PIRA=23;PIRP=23;PIRM=23;PIRL=23;PIRH=1074;
SQNR=68310;DATE=24-08-14;TIME=18:58:30;STAT=201212;TMPA=27;TMPP=279;TMPB=24;TMPC=26;RHUA=59;DWPA=19;PTYP=1;PNAM=MS-80SH;PIRA=22;PIRP=23;PIRM=23;PIRL=22;PIRH=1074;
SQNR=68325;DATE=24-08-14;TIME=18:58:45;STAT=201212;TMPA=27;TMPP=278;TMPB=24;TMPC=26;RHUA=58;DWPA=19;PTYP=1;PNAM=MS-80SH;PIRA=22;PIRP=22;PIRM=23;PIRL=22;PIRH=1074;
SQNR=68340;DATE=24-08-14;TIME=18:59:00;STAT=201212;TMPA=27;TMPP=278;TMPB=24;TMPC=26;RHUA=59;DWPA=19;PTYP=1;PNAM=MS-80SH;PIRA=22;PIRP=22;PIRM=22;PIRL=22;PIRH=1074;
SQNR=68355;DATE=24-08-14;TIME=18:59:15;STAT=201212;TMPA=27;TMPP=278;TMPB=24;TMPC=26;RHUA=58;DWPA=18;PTYP=1;PNAM=MS-80SH;PIRA=21;PIRP=22;PIRM=22;PIRL=21;PIRH=1074;
SQNR=68370;DATE=24-08-14;TIME=18:59:30;STAT=201212;TMPA=27;TMPP=277;TMPB=24;TMPC=26;RHUA=57;DWPA=18;PTYP=1;PNAM=MS-80SH;PIRA=21;PIRP=21;PIRM=22;PIRL=21;PIRH=1074;
SQNR=68385;DATE=24-08-14;TIME=18:59:45;STAT=201212;TMPA=27;TMPP=276;TMPB=24;TMPC=26;RHUA=58;DWPA=18;PTYP=1;PNAM=MS-80SH;PIRA=20;PIRP=21;PIRM=21;PIRL=20;PIRH=1074;
SQNR=68400;DATE=24-08-14;TIME=19:00:00;STAT=201212;TMPA=27;TMPP=276;TMPB=24;TMPC=26;RHUA=58;DWPA=18;PTYP=1;PNAM=MS-80SH;PIRA=19;PIRP=20;PIRM=21;PIRL=19;PIRH=1074;
C-----;?
V-----;SWVNR=2102190;SQNDL=68401;DATE=24-08-14;TIME=19:00:06;THTYP=85;TTEMP=15;TDEWP=5;IUFAN=800;ILFAN=5;IUHEA=3000;PYDEF=21;PYAVT=30;PYAVW=1;PYOST=0;MSDLY=15;FNDLY=30;OSTRG=3;DBGFL=0;ASIRE=0;DBGRE=0;MPPFL=-1;
SQNR=68415;DATE=24-08-14;TIME=19:00:15;STAT=201212;TMPA=27;TMPP=276;TMPB=24;TMPC=26;RHUA=57;DWPA=18;PTYP=1;PNAM=MS-80SH;PIRA=19;PIRP=19;PIRM=20;PIRL=19;PIRH=1074;
SQNR=68430;DATE=24-08-14;TIME=19:00:30;STAT=201212;TMPA=27;TMPP=276;TMPB=24;TMPC=26;RHUA=57;DWPA=18;PTYP=1;PNAM=MS-80SH;PIRA=18;PIRP=19;PIRM=19;PIRL=18;PIRH=1074;
SQNR=68445;DATE=24-08-14;TIME=19:00:45;STAT=201212;TMPA=27;TMPP=275;TMPB=24;TMPC=26;RHUA=56;DWPA=18;PTYP=1;PNAM=MS-80SH;PIRA=18;PIRP=18;PIRM=19;PIRL=18;PIRH=1074;
SQNR=68460;DATE=24-08-14;TIME=19:01:00;STAT=201212;TMPA=27;TMPP=276;TMPB=24;TMPC=26;RHUA=57;DWPA=18;PTYP=1;PNAM=MS-80SH;PIRA=17;PIRP=18;PIRM=18;PIRL=17;PIRH=1074;
C-----;P1001
R-----;REBOOT - ASI-16 PeriCon MK2 - ;SWVNR=2102190;SQNR=68478;Date=24-08-14;Time=19:01:19;
V-----;SWVNR=2102190;SQNDL=68478;DATE=24-08-14;TIME=19:01:23;THTYP=85;TTEMP=15;TDEWP=5;IUFAN=800;ILFAN=5;IUHEA=3000;PYDEF=21;PYAVT=30;PYAVW=1;PYOST=0;MSDLY=15;FNDLY=30;OSTRG=3;DBGFL=0;ASIRE=0;DBGRE=0;MPPFL=-1;
SQNR=68490;DATE=24-08-14;TIME=19:01:30;STAT=201212;TMPA=27;TMPP=274;TMPB=24;TMPC=26;RHUA=57;DWPA=18;PTYP=1;PNAM=MS-80SH;PIRA=16;PIRP=16;PIRM=16;PIRL=16;PIRH=16;
SQNR=68505;DATE=24-08-14;TIME=19:01:45;STAT=201212;TMPA=27;TMPP=275;TMPB=24;TMPC=26;RHUA=57;DWPA=18;PTYP=1;PNAM=MS-80SH;PIRA=15;PIRP=16;PIRM=16;PIRL=15;PIRH=16;
SQNR=68520;DATE=24-08-14;TIME=19:02:00;STAT=201212;TMPA=27;TMPP=275;TMPB=24;TMPC=26;RHUA=57;DWPA=18;PTYP=1;PNAM=MS-80SH;PIRA=14;PIRP=15;PIRM=15;PIRL=14;PIRH=16;
SQNR=68535;DATE=24-08-14;TIME=19:02:15;STAT=201212;TMPA=27;TMPP=275;TMPB=24;TMPC=26;RHUA=57;DWPA=18;PTYP=1;PNAM=MS-80SH;PIRA=14;PIRP=14;PIRM=15;PIRL=14;PIRH=16;
SQNR=68550;DATE=24-08-14;TIME=19:02:30;STAT=201212;TMPA=27;TMPP=276;TMPB=24;TMPC=26;RHUA=57;DWPA=18;PTYP=1;PNAM=MS-80SH;PIRA=13;PIRP=14;PIRM=14;PIRL=13;PIRH=16;
SQNR=68565;DATE=24-08-14;TIME=19:02:45;STAT=201212;TMPA=27;TMPP=275;TMPB=24;TMPC=26;RHUA=57;DWPA=18;PTYP=1;PNAM=MS-80SH;PIRA=13;PIRP=13;PIRM=14;PIRL=13;PIRH=16;
SQNR=68580;DATE=24-08-14;TIME=19:03:00;STAT=201212;TMPA=27;TMPP=276;TMPB=24;TMPC=26;RHUA=57;DWPA=18;PTYP=1;PNAM=MS-80SH;PIRA=12;PIRP=13;PIRM=13;PIRL=12;PIRH=16;
SQNR=68595;DATE=24-08-14;TIME=19:03:15;STAT=201212;TMPA=27;TMPP=276;TMPB=24;TMPC=26;RHUA=56;DWPA=18;PTYP=1;PNAM=MS-80SH;PIRA=12;PIRP=12;PIRM=13;PIRL=12;PIRH=16;
SQNR=68610;DATE=24-08-14;TIME=19:03:30;STAT=201212;TMPA=27;TMPP=276;TMPB=24;TMPC=26;RHUA=55;DWPA=17;PTYP=1;PNAM=MS-80SH;PIRA=11;PIRP=12;PIRM=12;PIRL=11;PIRH=16;
SQNR=68625;DATE=24-08-14;TIME=19:03:45;STAT=201212;TMPA=27;TMPP=276;TMPB=24;TMPC=26;RHUA=55;DWPA=17;PTYP=1;PNAM=MS-80SH;PIRA=11;PIRP=11;PIRM=12;PIRL=11;PIRH=16;
SQNR=68640;DATE=24-08-14;TIME=19:04:00;STAT=201212;TMPA=27;TMPP=276;TMPB=24;TMPC=26;RHUA=56;DWPA=18;PTYP=1;PNAM=MS-80SH;PIRA=10;PIRP=11;PIRM=11;PIRL=10;PIRH=16;
SQNR=68655;DATE=24-08-14;TIME=19:04:15;STAT=201212;TMPA=27;TMPP=276;TMPB=24;TMPC=26;RHUA=56;DWPA=18;PTYP=1;PNAM=MS-80SH;PIRA=10;PIRP=10;PIRM=11;PIRL=10;PIRH=16;
SQNR=68670;DATE=24-08-14;TIME=19:04:30;STAT=201212;TMPA=27;TMPP=276;TMPB=24;TMPC=26;RHUA=57;DWPA=18;PTYP=1;PNAM=MS-80SH;PIRA=10;PIRP=10;PIRM=10;PIRL=10;PIRH=16;
SQNR=68685;DATE=24-08-14;TIME=19:04:45;STAT=201212;TMPA=27;TMPP=275;TMPB=24;TMPC=26;RHUA=58;DWPA=18;PTYP=1;PNAM=MS-80SH;PIRA=9;PIRP=10;PIRM=10;PIRL=9;PIRH=16;
SQNR=68700;DATE=24-08-14;TIME=19:05:00;STAT=201212;TMPA=27;TMPP=275;TMPB=24;TMPC=26;RHUA=58;DWPA=18;PTYP=1;PNAM=MS-80SH;PIRA=9;PIRP=9;PIRM=10;PIRL=9;PIRH=16;
C-----;?
V-----;SWVNR=2102190;SQNDL=68702;DATE=24-08-14;TIME=19:05:07;THTYP=85;TTEMP=15;TDEWP=5;IUFAN=800;ILFAN=5;IUHEA=3000;PYDEF=21;PYAVT=30;PYAVW=1;PYOST=0;MSDLY=15;FNDLY=30;OSTRG=3;DBGFL=0;ASIRE=0;DBGRE=0;MPPFL=-1;
SQNR=68715;DATE=24-08-14;TIME=19:05:15;STAT=201212;TMPA=27;TMPP=275;TMPB=24;TMPC=26;RHUA=57;DWPA=18;PTYP=1;PNAM=MS-80SH;PIRA=9;PIRP=9;PIRM=9;PIRL=9;PIRH=16;
SQNR=68730;DATE=24-08-14;TIME=19:05:30;STAT=201212;TMPA=27;TMPP=274;TMPB=24;TMPC=26;RHUA=54;DWPA=17;PTYP=1;PNAM=MS-80SH;PIRA=9;PIRP=9;PIRM=9;PIRL=9;PIRH=16;
SQNR=68745;DATE=24-08-14;TIME=19:05:45;STAT=201212;TMPA=27;TMPP=274;TMPB=24;TMPC=26;RHUA=54;DWPA=17;PTYP=1;PNAM=MS-80SH;PIRA=9;PIRP=9;PIRM=9;PIRL=8;PIRH=16;
SQNR=68760;DATE=24-08-14;TIME=19:06:00;STAT=201212;TMPA=27;TMPP=273;TMPB=24;TMPC=26;RHUA=55;DWPA=17;PTYP=1;PNAM=MS-80SH;PIRA=8;PIRP=9;PIRM=9;PIRL=8;PIRH=16;
SQNR=68775;DATE=24-08-14;TIME=19:06:15;STAT=201212;TMPA=27;TMPP=272;TMPB=24;TMPC=26;RHUA=56;DWPA=17;PTYP=1;PNAM=MS-80SH;PIRA=8;PIRP=8;PIRM=9;PIRL=8;PIRH=16;
SQNR=68790;DATE=24-08-14;TIME=19:06:30;STAT=201212;TMPA=27;TMPP=272;TMPB=24;TMPC=26;RHUA=58;DWPA=18;PTYP=1;PNAM=MS-80SH;PIRA=8;PIRP=8;PIRM=8;PIRL=8;PIRH=16;
SQNR=68805;DATE=24-08-14;TIME=19:06:45;STAT=201212;TMPA=27;TMPP=273;TMPB=24;TMPC=26;RHUA=58;DWPA=18;PTYP=1;PNAM=MS-80SH;PIRA=7;PIRP=8;PIRM=8;PIRL=7;PIRH=16;
SQNR=68820;DATE=24-08-14;TIME=19:07:00;STAT=201212;TMPA=27;TMPP=273;TMPB=25;TMPC=26;RHUA=57;DWPA=18;PTYP=1;PNAM=MS-80SH;PIRA=7;PIRP=7;PIRM=7;PIRL=7;PIRH=16;
SQNR=68835;DATE=24-08-14;TIME=19:07:15;STAT=201212;TMPA=27;TMPP=273;TMPB=25;TMPC=26;RHUA=57;DWPA=18;PTYP=1;PNAM=MS-80SH;PIRA=7;PIRP=7;PIRM=7;PIRL=7;PIRH=16;
SQNR=68850;DATE=24-08-14;TIME=19:07:30;STAT=201212;TMPA=27;TMPP=274;TMPB=24;TMPC=26;RHUA=57;DWPA=18;PTYP=1;PNAM=MS-80SH;PIRA=7;PIRP=7;PIRM=7;PIRL=7;PIRH=16;
SQNR=68865;DATE=24-08-14;TIME=19:07:45;STAT=201212;TMPA=27;TMPP=274;TMPB=24;TMPC=26;RHUA=57;DWPA=18;PTYP=1;PNAM=MS-80SH;PIRA=7;PIRP=7;PIRM=7;PIRL=6;PIRH=16;
SQNR=68880;DATE=24-08-14;TIME=19:08:00;STAT=201212;TMPA=27;TMPP=274;TMPB=24;TMPC=26;RHUA=57;DWPA=18;PTYP=1;PNAM=MS-80SH;PIRA=7;PIRP=7;PIRM=7;PIRL=6;PIRH=16;
SQNR=68895;DATE=24-08-14;TIME=19:08:15;STAT=201212;TMPA=27;TMPP=273;TMPB=24;TMPC=26;RHUA=57;DWPA=18;PTYP=1;PNAM=MS-80SH;PIRA=7;PIRP=7;PIRM=7;PIRL=6;PIRH=16;
SQNR=68910;DATE=24-08-14;TIME=19:08:30;STAT=201212;TMPA=27;TMPP=273;TMPB=24;TMPC=26;RHUA=59;DWPA=18;PTYP=1;PNAM=MS-80SH;PIRA=7;PIRP=7;PIRM=7;PIRL=6;PIRH=16;
SQNR=68925;DATE=24-08-14;TIME=19:08:45;STAT=201212;TMPA=27;TMPP=272;TMPB=24;TMPC=26;RHUA=59;DWPA=18;PTYP=1;PNAM=MS-80SH;PIRA=7;PIRP=7;PIRM=7;PIRL=6;PIRH=16;
SQNR=68940;DATE=24-08-14;TIME=19:09:00;STAT=201212;TMPA=27;TMPP=271;TMPB=24;TMPC=26;RHUA=58;DWPA=18;PTYP=1;PNAM=MS-80SH;PIRA=7;PIRP=7;PIRM=7;PIRL=6;PIRH=16;
SQNR=68955;DATE=24-08-14;TIME=19:09:15;STAT=201212;TMPA=27;TMPP=271;TMPB=24;TMPC=26;RHUA=58;DWPA=18;PTYP=1;PNAM=MS-80SH;PIRA=7;PIRP=7;PIRM=7;PIRL=6;PIRH=16;
SQNR=68970;DATE=24-08-14;TIME=19:09:30;STAT=201212;TMPA=27;TMPP=270;TMPB=24;TMPC=26;RHUA=58;DWPA=18;PTYP=1;PNAM=MS-80SH;PIRA=6;PIRP=7;PIRM=7;PIRL=6;PIRH=16;
SQNR=68985;DATE=24-08-14;TIME=19:09:45;STAT=201212;TMPA=27;TMPP=270;TMPB=24;TMPC=26;RHUA=56;DWPA=17;PTYP=1;PNAM=MS-80SH;PIRA=6;PIRP=6;PIRM=6;PIRL=6;PIRH=16;
SQNR=69000;DATE=24-08-14;TIME=19:10:00;STAT=201212;TMPA=27;TMPP=270;TMPB=24;TMPC=26;RHUA=59;DWPA=18;PTYP=1;PNAM=MS-80SH;PIRA=5;PIRP=6;PIRM=6;PIRL=5;PIRH=16;
C-----;?
V-----;SWVNR=2102190;SQNDL=69001;DATE=24-08-14;TIME=19:10:06;THTYP=85;TTEMP=15;TDEWP=5;IUFAN=800;ILFAN=5;IUHEA=3000;PYDEF=21;PYAVT=30;PYAVW=1;PYOST=0;MSDLY=15;FNDLY=30;OSTRG=3;DBGFL=0;ASIRE=0;DBGRE=0;MPPFL=-1;
SQNR=69015;DATE=24-08-14;TIME=19:10:15;STAT=201212;TMPA=27;TMPP=270;TMPB=24;TMPC=26;RHUA=59;DWPA=18;PTYP=1;PNAM=MS-80SH;PIRA=6;PIRP=5;PIRM=6;PIRL=5;PIRH=16;
SQNR=69030;DATE=24-08-14;TIME=19:10:30;STAT=201212;TMPA=26;TMPP=269;TMPB=24;TMPC=26;RHUA=59;DWPA=18;PTYP=1;PNAM=MS-80SH;PIRA=5;PIRP=5;PIRM=6;PIRL=5;PIRH=16;
SQNR=69045;DATE=24-08-14;TIME=19:10:45;STAT=201212;TMPA=26;TMPP=269;TMPB=24;TMPC=26;RHUA=57;DWPA=17;PTYP=1;PNAM=MS-80SH;PIRA=5;PIRP=5;PIRM=5;PIRL=5;PIRH=16;
SQNR=69060;DATE=24-08-14;TIME=19:11:00;STAT=201212;TMPA=26;TMPP=269;TMPB=24;TMPC=26;RHUA=59;DWPA=18;PTYP=1;PNAM=MS-80SH;PIRA=4;PIRP=5;PIRM=5;PIRL=4;PIRH=16;
SQNR=69075;DATE=24-08-14;TIME=19:11:15;STAT=201212;TMPA=26;TMPP=269;TMPB=24;TMPC=26;RHUA=58;DWPA=18;PTYP=1;PNAM=MS-80SH;PIRA=4;PIRP=4;PIRM=5;PIRL=4;PIRH=16;
SQNR=69090;DATE=24-08-14;TIME=19:11:30;STAT=201212;TMPA=26;TMPP=269;TMPB=24;TMPC=26;RHUA=59;DWPA=18;PTYP=1;PNAM=MS-80SH;PIRA=4;PIRP=4;PIRM=4;PIRL=4;PIRH=16;
SQNR=69105;DATE=24-08-14;TIME=19:11:45;STAT=201212;TMPA=26;TMPP=269;TMPB=24;TMPC=26;RHUA=55;DWPA=17;PTYP=1;PNAM=MS-80SH;PIRA=4;PIRP=4;PIRM=4;PIRL=4;PIRH=16;
SQNR=69120;DATE=24-08-14;TIME=19:12:00;STAT=201212;TMPA=27;TMPP=270;TMPB=24;TMPC=26;RHUA=56;DWPA=17;PTYP=1;PNAM=MS-80SH;PIRA=4;PIRP=4;PIRM=4;PIRL=4;PIRH=16;
SQNR=69135;DATE=24-08-14;TIME=19:12:15;STAT=201212;TMPA=27;TMPP=270;TMPB=24;TMPC=26;RHUA=56;DWPA=17;PTYP=1;PNAM=MS-80SH;PIRA=3;PIRP=4;PIRM=4;PIRL=3;PIRH=16;
SQNR=69150;DATE=24-08-14;TIME=19:12:30;STAT=201212;TMPA=27;TMPP=270;TMPB=24;TMPC=26;RHUA=57;DWPA=17;PTYP=1;PNAM=MS-80SH;PIRA=3;PIRP=3;PIRM=4;PIRL=3;PIRH=16;
SQNR=69165;DATE=24-08-14;TIME=19:12:45;STAT=201212;TMPA=27;TMPP=270;TMPB=24;TMPC=26;RHUA=57;DWPA=17;PTYP=1;PNAM=MS-80SH;PIRA=3;PIRP=3;PIRM=3;PIRL=3;PIRH=16;
SQNR=69180;DATE=24-08-14;TIME=19:13:00;STAT=201212;TMPA=27;TMPP=271;TMPB=24;TMPC=26;RHUA=54;DWPA=17;PTYP=1;PNAM=MS-80SH;PIRA=3;PIRP=3;PIRM=3;PIRL=2;PIRH=16;
SQNR=69195;DATE=24-08-14;TIME=19:13:15;STAT=201212;TMPA=27;TMPP=271;TMPB=24;TMPC=26;RHUA=54;DWPA=17;PTYP=1;PNAM=MS-80SH;PIRA=3;PIRP=3;PIRM=3;PIRL=2;PIRH=16;
SQNR=69210;DATE=24-08-14;TIME=19:13:30;STAT=201212;TMPA=27;TMPP=272;TMPB=24;TMPC=26;RHUA=54;DWPA=17;PTYP=1;PNAM=MS-80SH;PIRA=2;PIRP=3;PIRM=3;PIRL=2;PIRH=16;
SQNR=69225;DATE=24-08-14;TIME=19:13:45;STAT=201212;TMPA=27;TMPP=272;TMPB=24;TMPC=26;RHUA=52;DWPA=16;PTYP=1;PNAM=MS-80SH;PIRA=2;PIRP=3;PIRM=3;PIRL=2;PIRH=16;
SQNR=69240;DATE=24-08-14;TIME=19:14:00;STAT=201212;TMPA=27;TMPP=273;TMPB=25;TMPC=26;RHUA=53;DWPA=16;PTYP=1;PNAM=MS-80SH;PIRA=2;PIRP=2;PIRM=3;PIRL=2;PIRH=16;
SQNR=69255;DATE=24-08-14;TIME=19:14:15;STAT=201212;TMPA=27;TMPP=273;TMPB=25;TMPC=26;RHUA=52;DWPA=16;PTYP=1;PNAM=MS-80SH;PIRA=3;PIRP=2;PIRM=3;PIRL=2;PIRH=16;
SQNR=69270;DATE=24-08-14;TIME=19:14:30;STAT=201212;TMPA=27;TMPP=274;TMPB=25;TMPC=26;RHUA=52;DWPA=16;PTYP=1;PNAM=MS-80SH;PIRA=2;PIRP=2;PIRM=2;PIRL=2;PIRH=16;
SQNR=69285;DATE=24-08-14;TIME=19:14:45;STAT=201212;TMPA=27;TMPP=274;TMPB=25;TMPC=26;RHUA=51;DWPA=16;PTYP=1;PNAM=MS-80SH;PIRA=2;PIRP=2;PIRM=2;PIRL=2;PIRH=16;
SQNR=69300;DATE=24-08-14;TIME=19:15:00;STAT=201212;TMPA=27;TMPP=275;TMPB=25;TMPC=26;RHUA=51;DWPA=16;PTYP=1;PNAM=MS-80SH;PIRA=2;PIRP=2;PIRM=2;PIRL=2;PIRH=16;
C-----;?
V-----;SWVNR=2102190;SQNDL=69302;DATE=24-08-14;TIME=19:15:07;THTYP=85;TTEMP=15;TDEWP=5;IUFAN=800;ILFAN=5;IUHEA=3000;PYDEF=21;PYAVT=30;PYAVW=1;PYOST=0;MSDLY=15;FNDLY=30;OSTRG=3;DBGFL=0;ASIRE=0;DBGRE=0;MPPFL=-1;
SQNR=69315;DATE=24-08-14;TIME=19:15:15;STAT=201212;TMPA=27;TMPP=274;TMPB=24;TMPC=26;RHUA=49;DWPA=15;PTYP=1;PNAM=MS-80SH;PIRA=5;PIRP=4;PIRM=3;PIRL=2;PIRH=16;
SQNR=69330;DATE=24-08-14;TIME=19:15:30;STAT=201212;TMPA=27;TMPP=272;TMPB=24;TMPC=26;RHUA=49;DWPA=15;PTYP=1;PNAM=MS-80SH;PIRA=7;PIRP=6;PIRM=5;PIRL=2;PIRH=16;
SQNR=69345;DATE=24-08-14;TIME=19:15:45;STAT=201212;TMPA=26;TMPP=269;TMPB=24;TMPC=26;RHUA=50;DWPA=15;PTYP=1;PNAM=MS-80SH;PIRA=9;PIRP=7;PIRM=6;PIRL=2;PIRH=16;
SQNR=69360;DATE=24-08-14;TIME=19:16:00;STAT=201212;TMPA=26;TMPP=265;TMPB=23;TMPC=26;RHUA=51;DWPA=15;PTYP=1;PNAM=MS-80SH;PIRA=7;PIRP=8;PIRM=7;PIRL=2;PIRH=16;
SQNR=69375;DATE=24-08-14;TIME=19:16:15;STAT=201212;TMPA=26;TMPP=263;TMPB=23;TMPC=26;RHUA=51;DWPA=15;PTYP=1;PNAM=MS-80SH;PIRA=9;PIRP=9;PIRM=8;PIRL=2;PIRH=16;
SQNR=69390;DATE=24-08-14;TIME=19:16:30;STAT=201212;TMPA=26;TMPP=260;TMPB=23;TMPC=25;RHUA=53;DWPA=15;PTYP=1;PNAM=MS-80SH;PIRA=7;PIRP=9;PIRM=8;PIRL=2;PIRH=16;
SQNR=69405;DATE=24-08-14;TIME=19:16:45;STAT=201212;TMPA=25;TMPP=257;TMPB=22;TMPC=25;RHUA=53;DWPA=15;PTYP=1;PNAM=MS-80SH;PIRA=11;PIRP=8;PIRM=8;PIRL=2;PIRH=16;
SQNR=69420;DATE=24-08-14;TIME=19:17:00;STAT=201212;TMPA=25;TMPP=254;TMPB=22;TMPC=25;RHUA=54;DWPA=15;PTYP=1;PNAM=MS-80SH;PIRA=11;PIRP=10;PIRM=10;PIRL=2;PIRH=16;
SQNR=69435;DATE=24-08-14;TIME=19:17:15;STAT=201212;TMPA=25;TMPP=250;TMPB=22;TMPC=25;RHUA=56;DWPA=15;PTYP=1;PNAM=MS-80SH;PIRA=12;PIRP=11;PIRM=10;PIRL=2;PIRH=16;
SQNR=69450;DATE=24-08-14;TIME=19:17:30;STAT=201212;TMPA=24;TMPP=247;TMPB=22;TMPC=25;RHUA=57;DWPA=15;PTYP=1;PNAM=MS-80SH;PIRA=11;PIRP=11;PIRM=11;PIRL=2;PIRH=16;
SQNR=69465;DATE=24-08-14;TIME=19:17:45;STAT=201212;TMPA=24;TMPP=245;TMPB=22;TMPC=25;RHUA=58;DWPA=15;PTYP=1;PNAM=MS-80SH;PIRA=9;PIRP=11;PIRM=10;PIRL=2;PIRH=16;
SQNR=69480;DATE=24-08-14;TIME=19:18:00;STAT=201212;TMPA=24;TMPP=243;TMPB=22;TMPC=25;RHUA=59;DWPA=15;PTYP=1;PNAM=MS-80SH;PIRA=9;PIRP=9;PIRM=10;PIRL=2;PIRH=16;
SQNR=69495;DATE=24-08-14;TIME=19:18:15;STAT=201212;TMPA=24;TMPP=242;TMPB=21;TMPC=25;RHUA=59;DWPA=15;PTYP=1;PNAM=MS-80SH;PIRA=8;PIRP=8;PIRM=9;PIRL=2;PIRH=16;
SQNR=69510;DATE=24-08-14;TIME=19:18:30;STAT=201212;TMPA=24;TMPP=240;TMPB=21;TMPC=24;RHUA=60;DWPA=15;PTYP=1;PNAM=MS-80SH;PIRA=7;PIRP=8;PIRM=8;PIRL=2;PIRH=16;
SQNR=69525;DATE=24-08-14;TIME=19:18:45;STAT=201212;TMPA=23;TMPP=239;TMPB=21;TMPC=24;RHUA=61;DWPA=16;PTYP=1;PNAM=MS-80SH;PIRA=6;PIRP=7;PIRM=8;PIRL=2;PIRH=16;
SQNR=69540;DATE=24-08-14;TIME=19:19:00;STAT=201212;TMPA=23;TMPP=238;TMPB=21;TMPC=24;RHUA=61;DWPA=16;PTYP=1;PNAM=MS-80SH;PIRA=7;PIRP=6;PIRM=7;PIRL=2;PIRH=16;
SQNR=69555;DATE=24-08-14;TIME=19:19:15;STAT=201212;TMPA=23;TMPP=237;TMPB=21;TMPC=24;RHUA=62;DWPA=16;PTYP=1;PNAM=MS-80SH;PIRA=10;PIRP=8;PIRM=8;PIRL=2;PIRH=16;
SQNR=69570;DATE=24-08-14;TIME=19:19:30;STAT=201212;TMPA=23;TMPP=235;TMPB=21;TMPC=24;RHUA=64;DWPA=16;PTYP=1;PNAM=MS-80SH;PIRA=10;PIRP=10;PIRM=9;PIRL=2;PIRH=16;
SQNR=69585;DATE=24-08-14;TIME=19:19:45;STAT=201212;TMPA=23;TMPP=233;TMPB=21;TMPC=24;RHUA=65;DWPA=16;PTYP=1;PNAM=MS-80SH;PIRA=11;PIRP=11;PIRM=10;PIRL=2;PIRH=16;
C-----;?
SQNR=69600;DATE=24-08-14;TIME=19:20:00;STAT=201212;TMPA=23;TMPP=231;TMPB=20;TMPC=24;RHUA=67;DWPA=16;PTYP=1;PNAM=MS-80SH;PIRA=15;PIRP=11;PIRM=10;PIRL=2;PIRH=16;
V-----;SWVNR=2102190;SQNDL=69601;DATE=24-08-14;TIME=19:20:06;THTYP=85;TTEMP=15;TDEWP=5;IUFAN=800;ILFAN=5;IUHEA=3000;PYDEF=21;PYAVT=30;PYAVW=1;PYOST=0;MSDLY=15;FNDLY=30;OSTRG=3;DBGFL=0;ASIRE=0;DBGRE=0;MPPFL=-1;
SQNR=69615;DATE=24-08-14;TIME=19:20:15;STAT=201212;TMPA=22;TMPP=229;TMPB=20;TMPC=23;RHUA=68;DWPA=16;PTYP=1;PNAM=MS-80SH;PIRA=13;PIRP=13;PIRM=12;PIRL=2;PIRH=16;
SQNR=69630;DATE=24-08-14;TIME=19:20:30;STAT=201212;TMPA=22;TMPP=227;TMPB=20;TMPC=23;RHUA=70;DWPA=16;PTYP=1;PNAM=MS-80SH;PIRA=18;PIRP=15;PIRM=13;PIRL=2;PIRH=18;
SQNR=69645;DATE=24-08-14;TIME=19:20:45;STAT=201212;TMPA=22;TMPP=224;TMPB=20;TMPC=23;RHUA=71;DWPA=17;PTYP=1;PNAM=MS-80SH;PIRA=15;PIRP=16;PIRM=15;PIRL=2;PIRH=18;
SQNR=69660;DATE=24-08-14;TIME=19:21:00;STAT=201212;TMPA=22;TMPP=222;TMPB=19;TMPC=22;RHUA=73;DWPA=17;PTYP=1;PNAM=MS-80SH;PIRA=16;PIRP=17;PIRM=15;PIRL=2;PIRH=18;
SQNR=69675;DATE=24-08-14;TIME=19:21:15;STAT=201222;TMPA=21;TMPP=219;TMPB=19;TMPC=22;RHUA=74;DWPA=17;PTYP=1;PNAM=MS-80SH;PIRA=17;PIRP=16;PIRM=15;PIRL=2;PIRH=18;
SQNR=69690;DATE=24-08-14;TIME=19:21:30;STAT=201222;TMPA=21;TMPP=216;TMPB=19;TMPC=22;RHUA=76;DWPA=17;PTYP=1;PNAM=MS-80SH;PIRA=18;PIRP=16;PIRM=16;PIRL=2;PIRH=18;
SQNR=69705;DATE=24-08-14;TIME=19:21:45;STAT=201222;TMPA=21;TMPP=214;TMPB=20;TMPC=22;RHUA=77;DWPA=17;PTYP=1;PNAM=MS-80SH;PIRA=12;PIRP=16;PIRM=16;PIRL=2;PIRH=18;
SQNR=69720;DATE=24-08-14;TIME=19:22:00;STAT=201222;TMPA=21;TMPP=212;TMPB=21;TMPC=22;RHUA=78;DWPA=17;PTYP=1;PNAM=MS-80SH;PIRA=12;PIRP=14;PIRM=14;PIRL=2;PIRH=18;
SQNR=69735;DATE=24-08-14;TIME=19:22:15;STAT=201222;TMPA=21;TMPP=210;TMPB=21;TMPC=22;RHUA=79;DWPA=17;PTYP=1;PNAM=MS-80SH;PIRA=14;PIRP=13;PIRM=14;PIRL=2;PIRH=18;
SQNR=69750;DATE=24-08-14;TIME=19:22:30;STAT=201222;TMPA=20;TMPP=208;TMPB=22;TMPC=22;RHUA=80;DWPA=17;PTYP=1;PNAM=MS-80SH;PIRA=11;PIRP=13;PIRM=13;PIRL=2;PIRH=18;
SQNR=69765;DATE=24-08-14;TIME=19:22:45;STAT=201222;TMPA=20;TMPP=206;TMPB=22;TMPC=21;RHUA=81;DWPA=17;PTYP=1;PNAM=MS-80SH;PIRA=10;PIRP=12;PIRM=12;PIRL=2;PIRH=18;
SQNR=69780;DATE=24-08-14;TIME=19:23:00;STAT=201222;TMPA=20;TMPP=205;TMPB=22;TMPC=21;RHUA=82;DWPA=17;PTYP=1;PNAM=MS-80SH;PIRA=9;PIRP=10;PIRM=11;PIRL=2;PIRH=18;
SQNR=69795;DATE=24-08-14;TIME=19:23:15;STAT=201222;TMPA=20;TMPP=203;TMPB=22;TMPC=21;RHUA=83;DWPA=17;PTYP=1;PNAM=MS-80SH;PIRA=9;PIRP=9;PIRM=10;PIRL=2;PIRH=18;
SQNR=69810;DATE=24-08-14;TIME=19:23:30;STAT=201222;TMPA=20;TMPP=202;TMPB=22;TMPC=21;RHUA=83;DWPA=17;PTYP=1;PNAM=MS-80SH;PIRA=8;PIRP=9;PIRM=9;PIRL=2;PIRH=18;
SQNR=69825;DATE=24-08-14;TIME=19:23:45;STAT=201222;TMPA=20;TMPP=201;TMPB=22;TMPC=21;RHUA=84;DWPA=17;PTYP=1;PNAM=MS-80SH;PIRA=7;PIRP=8;PIRM=9;PIRL=2;PIRH=18;
SQNR=69840;DATE=24-08-14;TIME=19:24:00;STAT=201222;TMPA=19;TMPP=199;TMPB=22;TMPC=21;RHUA=84;DWPA=17;PTYP=1;PNAM=MS-80SH;PIRA=9;PIRP=7;PIRM=8;PIRL=2;PIRH=18;
SQNR=69855;DATE=24-08-14;TIME=19:24:15;STAT=201222;TMPA=19;TMPP=199;TMPB=22;TMPC=21;RHUA=84;DWPA=17;PTYP=1;PNAM=MS-80SH;PIRA=6;PIRP=7;PIRM=8;PIRL=2;PIRH=18;
SQNR=69870;DATE=24-08-14;TIME=19:24:30;STAT=201222;TMPA=19;TMPP=198;TMPB=22;TMPC=21;RHUA=85;DWPA=17;PTYP=1;PNAM=MS-80SH;PIRA=5;PIRP=6;PIRM=7;PIRL=2;PIRH=18;
SQNR=69885;DATE=24-08-14;TIME=19:24:45;STAT=201222;TMPA=19;TMPP=197;TMPB=22;TMPC=21;RHUA=85;DWPA=17;PTYP=1;PNAM=MS-80SH;PIRA=3;PIRP=4;PIRM=6;PIRL=2;PIRH=18;
SQNR=69900;DATE=24-08-14;TIME=19:25:00;STAT=201222;TMPA=19;TMPP=196;TMPB=23;TMPC=21;RHUA=86;DWPA=17;PTYP=1;PNAM=MS-80SH;PIRA=3;PIRP=4;PIRM=5;PIRL=2;PIRH=18;
C-----;?
V-----;SWVNR=2102190;SQNDL=69902;DATE=24-08-14;TIME=19:25:07;THTYP=85;TTEMP=15;TDEWP=5;IUFAN=800;ILFAN=5;IUHEA=3000;PYDEF=21;PYAVT=30;PYAVW=1;PYOST=0;MSDLY=15;FNDLY=30;OSTRG=3;DBGFL=0;ASIRE=0;DBGRE=0;MPPFL=-1;
SQNR=69915;DATE=24-08-14;TIME=19:25:15;STAT=201222;TMPA=19;TMPP=196;TMPB=23;TMPC=21;RHUA=86;DWPA=17;PTYP=1;PNAM=MS-80SH;PIRA=4;PIRP=4;PIRM=4;PIRL=2;PIRH=18;
SQNR=69930;DATE=24-08-14;TIME=19:25:30;STAT=201222;TMPA=19;TMPP=195;TMPB=23;TMPC=21;RHUA=87;DWPA=17;PTYP=1;PNAM=MS-80SH;PIRA=2;PIRP=3;PIRM=4;PIRL=2;PIRH=18;
SQNR=69945;DATE=24-08-14;TIME=19:25:45;STAT=201222;TMPA=19;TMPP=195;TMPB=23;TMPC=21;RHUA=87;DWPA=17;PTYP=1;PNAM=MS-80SH;PIRA=3;PIRP=3;PIRM=3;PIRL=2;PIRH=18;
SQNR=69960;DATE=24-08-14;TIME=19:26:00;STAT=201222;TMPA=19;TMPP=195;TMPB=23;TMPC=21;RHUA=87;DWPA=17;PTYP=1;PNAM=MS-80SH;PIRA=3;PIRP=3;PIRM=3;PIRL=2;PIRH=18;
SQNR=69975;DATE=24-08-14;TIME=19:26:15;STAT=201222;TMPA=19;TMPP=195;TMPB=23;TMPC=21;RHUA=87;DWPA=17;PTYP=1;PNAM=MS-80SH;PIRA=2;PIRP=3;PIRM=3;PIRL=2;PIRH=18;
SQNR=69990;DATE=24-08-14;TIME=19:26:30;STAT=201222;TMPA=19;TMPP=195;TMPB=23;TMPC=21;RHUA=87;DWPA=17;PTYP=1;PNAM=MS-80SH;PIRA=3;PIRP=3;PIRM=3;PIRL=2;PIRH=18;
SQNR=70005;DATE=24-08-14;TIME=19:26:45;STAT=201222;TMPA=19;TMPP=195;TMPB=23;TMPC=21;RHUA=87;DWPA=17;PTYP=1;PNAM=MS-80SH;PIRA=1;PIRP=2;PIRM=2;PIRL=1;PIRH=18;
SQNR=70020;DATE=24-08-14;TIME=19:27:00;STAT=201222;TMPA=19;TMPP=195;TMPB=23;TMPC=21;RHUA=88;DWPA=17;PTYP=1;PNAM=MS-80SH;PIRA=3;PIRP=2;PIRM=2;PIRL=1;PIRH=18;
SQNR=70035;DATE=24-08-14;TIME=19:27:15;STAT=201222;TMPA=19;TMPP=194;TMPB=23;TMPC=21;RHUA=87;DWPA=17;PTYP=1;PNAM=MS-80SH;PIRA=3;PIRP=2;PIRM=2;PIRL=1;PIRH=18;
SQNR=70050;DATE=24-08-14;TIME=19:27:30;STAT=201222;TMPA=19;TMPP=194;TMPB=22;TMPC=21;RHUA=87;DWPA=17;PTYP=1;PNAM=MS-80SH;PIRA=3;PIRP=3;PIRM=3;PIRL=1;PIRH=18;
SQNR=70065;DATE=24-08-14;TIME=19:27:45;STAT=201222;TMPA=19;TMPP=193;TMPB=22;TMPC=21;RHUA=87;DWPA=17;PTYP=1;PNAM=MS-80SH;PIRA=4;PIRP=3;PIRM=3;PIRL=1;PIRH=18;
SQNR=70080;DATE=24-08-14;TIME=19:28:00;STAT=201222;TMPA=19;TMPP=194;TMPB=22;TMPC=21;RHUA=88;DWPA=17;PTYP=1;PNAM=MS-80SH;PIRA=2;PIRP=3;PIRM=3;PIRL=1;PIRH=18;
SQNR=70095;DATE=24-08-14;TIME=19:28:15;STAT=201222;TMPA=19;TMPP=193;TMPB=22;TMPC=20;RHUA=88;DWPA=17;PTYP=1;PNAM=MS-80SH;PIRA=3;PIRP=3;PIRM=3;PIRL=1;PIRH=18;
SQNR=70110;DATE=24-08-14;TIME=19:28:30;STAT=201222;TMPA=19;TMPP=193;TMPB=22;TMPC=20;RHUA=88;DWPA=17;PTYP=1;PNAM=MS-80SH;PIRA=2;PIRP=3;PIRM=3;PIRL=1;PIRH=18;
SQNR=70125;DATE=24-08-14;TIME=19:28:45;STAT=201222;TMPA=19;TMPP=193;TMPB=22;TMPC=20;RHUA=89;DWPA=17;PTYP=1;PNAM=MS-80SH;PIRA=2;PIRP=3;PIRM=3;PIRL=1;PIRH=18;
SQNR=70140;DATE=24-08-14;TIME=19:29:00;STAT=201222;TMPA=19;TMPP=192;TMPB=22;TMPC=20;RHUA=89;DWPA=17;PTYP=1;PNAM=MS-80SH;PIRA=1;PIRP=2;PIRM=2;PIRL=1;PIRH=18;
SQNR=70155;DATE=24-08-14;TIME=19:29:15;STAT=201222;TMPA=19;TMPP=193;TMPB=22;TMPC=20;RHUA=89;DWPA=17;PTYP=1;PNAM=MS-80SH;PIRA=1;PIRP=2;PIRM=2;PIRL=1;PIRH=18;
SQNR=70170;DATE=24-08-14;TIME=19:29:30;STAT=201222;TMPA=19;TMPP=192;TMPB=22;TMPC=20;RHUA=89;DWPA=17;PTYP=1;PNAM=MS-80SH;PIRA=1;PIRP=1;PIRM=2;PIRL=0;PIRH=18;
SQNR=70185;DATE=24-08-14;TIME=19:29:45;STAT=201222;TMPA=19;TMPP=193;TMPB=22;TMPC=20;RHUA=89;DWPA=17;PTYP=1;PNAM=MS-80SH;PIRA=1;PIRP=1;PIRM=1;PIRL=0;PIRH=18;
ÿÿSQNR=70200;DATE=24-08-14;TIME=19:30:00;STAT=201222;TMPA=19;TMPP=192;TMPB=22;TMPC=20;RHUA=89;DWPA=17;PTYP=1;PNAM=MS-80SH;PIRA=1;PIRP=1;PIRM=1;PIRL=0;PIRH=18;
C-----;?
V-----;SWVNR=2102190;SQNDL=70201;DATE=24-08-14;TIME=19:30:06;THTYP=85;TTEMP=15;TDEWP=5;IUFAN=800;ILFAN=5;IUHEA=3000;PYDEF=21;PYAVT=30;PYAVW=1;PYOST=0;MSDLY=15;FNDLY=30;OSTRG=3;DBGFL=0;ASIRE=0;DBGRE=0;MPPFL=-1;
SQNR=70215;DATE=24-08-14;TIME=19:30:15;STAT=201222;TMPA=19;TMPP=193;TMPB=22;TMPC=20;RHUA=89;DWPA=17;PTYP=1;PNAM=MS-80SH;PIRA=0;PIRP=0;PIRM=1;PIRL=0;PIRH=18;
SQNR=70230;DATE=24-08-14;TIME=19:30:30;STAT=201222;TMPA=19;TMPP=193;TMPB=22;TMPC=20;RHUA=89;DWPA=17;PTYP=1;PNAM=MS-80SH;PIRA=0;PIRP=0;PIRM=1;PIRL=0;PIRH=18;
SQNR=70245;DATE=24-08-14;TIME=19:30:45;STAT=201222;TMPA=19;TMPP=193;TMPB=23;TMPC=20;RHUA=89;DWPA=17;PTYP=1;PNAM=MS-80SH;PIRA=1;PIRP=0;PIRM=1;PIRL=0;PIRH=18;
SQNR=70260;DATE=24-08-14;TIME=19:31:00;STAT=201222;TMPA=19;TMPP=193;TMPB=23;TMPC=20;RHUA=88;DWPA=17;PTYP=1;PNAM=MS-80SH;PIRA=1;PIRP=1;PIRM=1;PIRL=0;PIRH=18;
SQNR=70275;DATE=24-08-14;TIME=19:31:15;STAT=201222;TMPA=19;TMPP=192;TMPB=23;TMPC=20;RHUA=88;DWPA=17;PTYP=1;PNAM=MS-80SH;PIRA=2;PIRP=1;PIRM=1;PIRL=0;PIRH=18;
SQNR=70290;DATE=24-08-14;TIME=19:31:30;STAT=201222;TMPA=19;TMPP=193;TMPB=23;TMPC=20;RHUA=88;DWPA=17;PTYP=1;PNAM=MS-80SH;PIRA=1;PIRP=1;PIRM=1;PIRL=0;PIRH=18;
SQNR=70305;DATE=24-08-14;TIME=19:31:45;STAT=201222;TMPA=19;TMPP=192;TMPB=23;TMPC=20;RHUA=88;DWPA=17;PTYP=1;PNAM=MS-80SH;PIRA=1;PIRP=1;PIRM=1;PIRL=0;PIRH=18;
SQNR=70320;DATE=24-08-14;TIME=19:32:00;STAT=201222;TMPA=19;TMPP=192;TMPB=23;TMPC=20;RHUA=89;DWPA=17;PTYP=1;PNAM=MS-80SH;PIRA=1;PIRP=1;PIRM=1;PIRL=0;PIRH=18;
SQNR=70335;DATE=24-08-14;TIME=19:32:15;STAT=201222;TMPA=19;TMPP=192;TMPB=23;TMPC=20;RHUA=89;DWPA=17;PTYP=1;PNAM=MS-80SH;PIRA=0;PIRP=1;PIRM=1;PIRL=0;PIRH=18;
SQNR=70350;DATE=24-08-14;TIME=19:32:30;STAT=201222;TMPA=19;TMPP=193;TMPB=23;TMPC=20;RHUA=89;DWPA=17;PTYP=1;PNAM=MS-80SH;PIRA=1;PIRP=0;PIRM=1;PIRL=0;PIRH=18;
SQNR=70365;DATE=24-08-14;TIME=19:32:45;STAT=201222;TMPA=19;TMPP=193;TMPB=23;TMPC=20;RHUA=89;DWPA=17;PTYP=1;PNAM=MS-80SH;PIRA=0;PIRP=0;PIRM=0;PIRL=0;PIRH=18;
SQNR=70380;DATE=24-08-14;TIME=19:33:00;STAT=201222;TMPA=19;TMPP=193;TMPB=23;TMPC=20;RHUA=90;DWPA=17;PTYP=1;PNAM=MS-80SH;PIRA=0;PIRP=0;PIRM=0;PIRL=0;PIRH=18;
SQNR=70395;DATE=24-08-14;TIME=19:33:15;STAT=201222;TMPA=19;TMPP=193;TMPB=23;TMPC=20;RHUA=89;DWPA=17;PTYP=1;PNAM=MS-80SH;PIRA=0;PIRP=0;PIRM=0;PIRL=0;PIRH=18;
SQNR=70410;DATE=24-08-14;TIME=19:33:30;STAT=201222;TMPA=19;TMPP=193;TMPB=23;TMPC=20;RHUA=89;DWPA=17;PTYP=1;PNAM=MS-80SH;PIRA=1;PIRP=0;PIRM=0;PIRL=0;PIRH=18;
SQNR=70425;DATE=24-08-14;TIME=19:33:45;STAT=201222;TMPA=19;TMPP=193;TMPB=23;TMPC=20;RHUA=89;DWPA=17;PTYP=1;PNAM=MS-80SH;PIRA=1;PIRP=1;PIRM=1;PIRL=0;PIRH=18;
SQNR=70440;DATE=24-08-14;TIME=19:34:00;STAT=201222;TMPA=19;TMPP=192;TMPB=23;TMPC=20;RHUA=89;DWPA=17;PTYP=1;PNAM=MS-80SH;PIRA=1;PIRP=1;PIRM=1;PIRL=0;PIRH=18;
SQNR=70455;DATE=24-08-14;TIME=19:34:15;STAT=201222;TMPA=19;TMPP=192;TMPB=22;TMPC=20;RHUA=89;DWPA=17;PTYP=1;PNAM=MS-80SH;PIRA=2;PIRP=1;PIRM=1;PIRL=0;PIRH=18;
SQNR=70470;DATE=24-08-14;TIME=19:34:30;STAT=201222;TMPA=19;TMPP=192;TMPB=22;TMPC=20;RHUA=89;DWPA=17;PTYP=1;PNAM=MS-80SH;PIRA=1;PIRP=1;PIRM=1;PIRL=0;PIRH=18;
SQNR=70485;DATE=24-08-14;TIME=19:34:45;STAT=201222;TMPA=19;TMPP=192;TMPB=22;TMPC=20;RHUA=90;DWPA=17;PTYP=1;PNAM=MS-80SH;PIRA=1;PIRP=1;PIRM=1;PIRL=0;PIRH=18;
SQNR=70500;DATE=24-08-14;TIME=19:35:00;STAT=201222;TMPA=19;TMPP=192;TMPB=22;TMPC=20;RHUA=90;DWPA=17;PTYP=1;PNAM=MS-80SH;PIRA=0;PIRP=1;PIRM=1;PIRL=0;PIRH=18;
C-----;?
V-----;SWVNR=2102190;SQNDL=70502;DATE=24-08-14;TIME=19:35:07;THTYP=85;TTEMP=15;TDEWP=5;IUFAN=800;ILFAN=5;IUHEA=3000;PYDEF=21;PYAVT=30;PYAVW=1;PYOST=0;MSDLY=15;FNDLY=30;OSTRG=3;DBGFL=0;ASIRE=0;DBGRE=0;MPPFL=-1;
SQNR=70515;DATE=24-08-14;TIME=19:35:15;STAT=201222;TMPA=19;TMPP=192;TMPB=22;TMPC=20;RHUA=90;DWPA=17;PTYP=1;PNAM=MS-80SH;PIRA=1;PIRP=1;PIRM=1;PIRL=0;PIRH=18;
SQNR=70530;DATE=24-08-14;TIME=19:35:30;STAT=201222;TMPA=19;TMPP=192;TMPB=22;TMPC=20;RHUA=90;DWPA=17;PTYP=1;PNAM=MS-80SH;PIRA=2;PIRP=1;PIRM=1;PIRL=0;PIRH=18;
SQNR=70545;DATE=24-08-14;TIME=19:35:45;STAT=201222;TMPA=19;TMPP=191;TMPB=22;TMPC=20;RHUA=90;DWPA=17;PTYP=1;PNAM=MS-80SH;PIRA=1;PIRP=1;PIRM=1;PIRL=0;PIRH=18;
SQNR=70560;DATE=24-08-14;TIME=19:36:00;STAT=201222;TMPA=19;TMPP=191;TMPB=22;TMPC=20;RHUA=90;DWPA=17;PTYP=1;PNAM=MS-80SH;PIRA=1;PIRP=1;PIRM=1;PIRL=0;PIRH=18;
SQNR=70575;DATE=24-08-14;TIME=19:36:15;STAT=201222;TMPA=19;TMPP=191;TMPB=22;TMPC=20;RHUA=90;DWPA=17;PTYP=1;PNAM=MS-80SH;PIRA=0;PIRP=1;PIRM=1;PIRL=0;PIRH=18;
SQNR=70590;DATE=24-08-14;TIME=19:36:30;STAT=201222;TMPA=19;TMPP=191;TMPB=22;TMPC=20;RHUA=90;DWPA=17;PTYP=1;PNAM=MS-80SH;PIRA=1;PIRP=1;PIRM=1;PIRL=0;PIRH=18;
SQNR=70605;DATE=24-08-14;TIME=19:36:45;STAT=201222;TMPA=19;TMPP=191;TMPB=22;TMPC=20;RHUA=90;DWPA=17;PTYP=1;PNAM=MS-80SH;PIRA=1;PIRP=1;PIRM=1;PIRL=0;PIRH=18;
SQNR=70620;DATE=24-08-14;TIME=19:37:00;STAT=201222;TMPA=19;TMPP=190;TMPB=22;TMPC=20;RHUA=88;DWPA=17;PTYP=1;PNAM=MS-80SH;PIRA=2;PIRP=2;PIRM=2;PIRL=0;PIRH=18;
SQNR=70635;DATE=24-08-14;TIME=19:37:15;STAT=201222;TMPA=19;TMPP=190;TMPB=22;TMPC=20;RHUA=89;DWPA=17;PTYP=1;PNAM=MS-80SH;PIRA=2;PIRP=2;PIRM=2;PIRL=0;PIRH=18;
SQNR=70650;DATE=24-08-14;TIME=19:37:30;STAT=201222;TMPA=19;TMPP=190;TMPB=22;TMPC=20;RHUA=89;DWPA=17;PTYP=1;PNAM=MS-80SH;PIRA=1;PIRP=1;PIRM=1;PIRL=0;PIRH=18;
SQNR=70665;DATE=24-08-14;TIME=19:37:45;STAT=201222;TMPA=19;TMPP=190;TMPB=22;TMPC=20;RHUA=88;DWPA=17;PTYP=1;PNAM=MS-80SH;PIRA=2;PIRP=1;PIRM=1;PIRL=0;PIRH=18;
SQNR=70680;DATE=24-08-14;TIME=19:38:00;STAT=201222;TMPA=19;TMPP=190;TMPB=22;TMPC=20;RHUA=88;DWPA=17;PTYP=1;PNAM=MS-80SH;PIRA=2;PIRP=1;PIRM=1;PIRL=0;PIRH=18;
SQNR=70695;DATE=24-08-14;TIME=19:38:15;STAT=201222;TMPA=18;TMPP=189;TMPB=22;TMPC=20;RHUA=87;DWPA=16;PTYP=1;PNAM=MS-80SH;PIRA=2;PIRP=2;PIRM=2;PIRL=0;PIRH=18;
SQNR=70710;DATE=24-08-14;TIME=19:38:30;STAT=201222;TMPA=18;TMPP=189;TMPB=22;TMPC=20;RHUA=88;DWPA=16;PTYP=1;PNAM=MS-80SH;PIRA=2;PIRP=2;PIRM=2;PIRL=0;PIRH=18;
SQNR=70725;DATE=24-08-14;TIME=19:38:45;STAT=201222;TMPA=18;TMPP=189;TMPB=22;TMPC=20;RHUA=88;DWPA=16;PTYP=1;PNAM=MS-80SH;PIRA=1;PIRP=2;PIRM=2;PIRL=0;PIRH=18;
SQNR=70740;DATE=24-08-14;TIME=19:39:00;STAT=201222;TMPA=18;TMPP=189;TMPB=22;TMPC=19;RHUA=88;DWPA=17;PTYP=1;PNAM=MS-80SH;PIRA=1;PIRP=1;PIRM=1;PIRL=0;PIRH=18;
SQNR=70755;DATE=24-08-14;TIME=19:39:15;STAT=201222;TMPA=18;TMPP=189;TMPB=22;TMPC=19;RHUA=89;DWPA=17;PTYP=1;PNAM=MS-80SH;PIRA=0;PIRP=1;PIRM=1;PIRL=0;PIRH=18;
SQNR=70770;DATE=24-08-14;TIME=19:39:30;STAT=201222;TMPA=18;TMPP=189;TMPB=22;TMPC=19;RHUA=88;DWPA=16;PTYP=1;PNAM=MS-80SH;PIRA=1;PIRP=1;PIRM=1;PIRL=0;PIRH=18;
SQNR=70785;DATE=24-08-14;TIME=19:39:45;STAT=201222;TMPA=18;TMPP=188;TMPB=22;TMPC=19;RHUA=88;DWPA=16;PTYP=1;PNAM=MS-80SH;PIRA=1;PIRP=1;PIRM=1;PIRL=0;PIRH=18;
SQNR=70800;DATE=24-08-14;TIME=19:40:00;STAT=201222;TMPA=18;TMPP=188;TMPB=22;TMPC=19;RHUA=87;DWPA=16;PTYP=1;PNAM=MS-80SH;PIRA=1;PIRP=1;PIRM=1;PIRL=0;PIRH=18;
C-----;?
V-----;SWVNR=2102190;SQNDL=70801;DATE=24-08-14;TIME=19:40:06;THTYP=85;TTEMP=15;TDEWP=5;IUFAN=800;ILFAN=5;IUHEA=3000;PYDEF=21;PYAVT=30;PYAVW=1;PYOST=0;MSDLY=15;FNDLY=30;OSTRG=3;DBGFL=0;ASIRE=0;DBGRE=0;MPPFL=-1;
SQNR=70815;DATE=24-08-14;TIME=19:40:15;STAT=201222;TMPA=18;TMPP=187;TMPB=22;TMPC=19;RHUA=87;DWPA=16;PTYP=1;PNAM=MS-80SH;PIRA=3;PIRP=2;PIRM=2;PIRL=0;PIRH=18;
SQNR=70830;DATE=24-08-14;TIME=19:40:30;STAT=201222;TMPA=18;TMPP=187;TMPB=22;TMPC=19;RHUA=87;DWPA=16;PTYP=1;PNAM=MS-80SH;PIRA=3;PIRP=2;PIRM=2;PIRL=0;PIRH=18;
SQNR=70845;DATE=24-08-14;TIME=19:40:45;STAT=201222;TMPA=18;TMPP=186;TMPB=22;TMPC=19;RHUA=87;DWPA=16;PTYP=1;PNAM=MS-80SH;PIRA=2;PIRP=3;PIRM=2;PIRL=0;PIRH=18;
SQNR=70860;DATE=24-08-14;TIME=19:41:00;STAT=201222;TMPA=18;TMPP=185;TMPB=22;TMPC=19;RHUA=88;DWPA=16;PTYP=1;PNAM=MS-80SH;PIRA=2;PIRP=2;PIRM=2;PIRL=0;PIRH=18;
SQNR=70875;DATE=24-08-14;TIME=19:41:15;STAT=201222;TMPA=18;TMPP=185;TMPB=22;TMPC=19;RHUA=88;DWPA=16;PTYP=1;PNAM=MS-80SH;PIRA=2;PIRP=2;PIRM=2;PIRL=0;PIRH=18;
SQNR=70890;DATE=24-08-14;TIME=19:41:30;STAT=201222;TMPA=18;TMPP=185;TMPB=22;TMPC=19;RHUA=88;DWPA=16;PTYP=1;PNAM=MS-80SH;PIRA=2;PIRP=2;PIRM=2;PIRL=0;PIRH=18;
SQNR=70905;DATE=24-08-14;TIME=19:41:45;STAT=201222;TMPA=18;TMPP=184;TMPB=22;TMPC=19;RHUA=89;DWPA=16;PTYP=1;PNAM=MS-80SH;PIRA=1;PIRP=2;PIRM=2;PIRL=0;PIRH=18;
SQNR=70920;DATE=24-08-14;TIME=19:42:00;STAT=201222;TMPA=18;TMPP=184;TMPB=22;TMPC=19;RHUA=88;DWPA=16;PTYP=1;PNAM=MS-80SH;PIRA=2;PIRP=2;PIRM=2;PIRL=0;PIRH=18;
SQNR=70935;DATE=24-08-14;TIME=19:42:15;STAT=201222;TMPA=18;TMPP=183;TMPB=22;TMPC=19;RHUA=88;DWPA=16;PTYP=1;PNAM=MS-80SH;PIRA=2;PIRP=2;PIRM=2;PIRL=0;PIRH=18;
SQNR=70950;DATE=24-08-14;TIME=19:42:30;STAT=201222;TMPA=18;TMPP=183;TMPB=22;TMPC=19;RHUA=88;DWPA=16;PTYP=1;PNAM=MS-80SH;PIRA=1;PIRP=2;PIRM=2;PIRL=0;PIRH=18;
SQNR=70965;DATE=24-08-14;TIME=19:42:45;STAT=201222;TMPA=18;TMPP=183;TMPB=22;TMPC=19;RHUA=88;DWPA=16;PTYP=1;PNAM=MS-80SH;PIRA=2;PIRP=2;PIRM=2;PIRL=0;PIRH=18;
SQNR=70980;DATE=24-08-14;TIME=19:43:00;STAT=201222;TMPA=18;TMPP=183;TMPB=22;TMPC=19;RHUA=88;DWPA=16;PTYP=1;PNAM=MS-80SH;PIRA=1;PIRP=1;PIRM=1;PIRL=0;PIRH=18;
SQNR=70995;DATE=24-08-14;TIME=19:43:15;STAT=201222;TMPA=18;TMPP=183;TMPB=22;TMPC=19;RHUA=88;DWPA=16;PTYP=1;PNAM=MS-80SH;PIRA=1;PIRP=1;PIRM=1;PIRL=0;PIRH=18;
SQNR=71010;DATE=24-08-14;TIME=19:43:30;STAT=201222;TMPA=18;TMPP=183;TMPB=22;TMPC=19;RHUA=89;DWPA=16;PTYP=1;PNAM=MS-80SH;PIRA=0;PIRP=1;PIRM=1;PIRL=0;PIRH=18;
SQNR=71025;DATE=24-08-14;TIME=19:43:45;STAT=201222;TMPA=18;TMPP=182;TMPB=22;TMPC=19;RHUA=89;DWPA=16;PTYP=1;PNAM=MS-80SH;PIRA=0;PIRP=0;PIRM=1;PIRL=0;PIRH=18;
SQNR=71040;DATE=24-08-14;TIME=19:44:00;STAT=201222;TMPA=18;TMPP=183;TMPB=22;TMPC=19;RHUA=89;DWPA=16;PTYP=1;PNAM=MS-80SH;PIRA=0;PIRP=0;PIRM=0;PIRL=0;PIRH=18;
SQNR=71055;DATE=24-08-14;TIME=19:44:15;STAT=201222;TMPA=18;TMPP=183;TMPB=22;TMPC=19;RHUA=89;DWPA=16;PTYP=1;PNAM=MS-80SH;PIRA=0;PIRP=0;PIRM=0;PIRL=0;PIRH=18;
SQNR=71070;DATE=24-08-14;TIME=19:44:30;STAT=201222;TMPA=18;TMPP=183;TMPB=22;TMPC=19;RHUA=89;DWPA=16;PTYP=1;PNAM=MS-80SH;PIRA=1;PIRP=0;PIRM=0;PIRL=0;PIRH=18;
SQNR=71085;DATE=24-08-14;TIME=19:44:45;STAT=201222;TMPA=18;TMPP=184;TMPB=22;TMPC=19;RHUA=90;DWPA=16;PTYP=1;PNAM=MS-80SH;PIRA=0;PIRP=0;PIRM=0;PIRL=0;PIRH=18;
C-----;?
SQNR=71100;DATE=24-08-14;TIME=19:45:00;STAT=201222;TMPA=18;TMPP=184;TMPB=22;TMPC=19;RHUA=90;DWPA=16;PTYP=1;PNAM=MS-80SH;PIRA=-1;PIRP=0;PIRM=0;PIRL=-1;PIRH=18;
V-----;SWVNR=2102190;SQNDL=71102;DATE=24-08-14;TIME=19:45:07;THTYP=85;TTEMP=15;TDEWP=5;IUFAN=800;ILFAN=5;IUHEA=3000;PYDEF=21;PYAVT=30;PYAVW=1;PYOST=0;MSDLY=15;FNDLY=30;OSTRG=3;DBGFL=0;ASIRE=0;DBGRE=0;MPPFL=-1;
SQNR=71115;DATE=24-08-14;TIME=19:45:15;STAT=201222;TMPA=18;TMPP=185;TMPB=22;TMPC=19;RHUA=90;DWPA=16;PTYP=1;PNAM=MS-80SH;PIRA=-1;PIRP=-1;PIRM=0;PIRL=-1;PIRH=18;
SQNR=71130;DATE=24-08-14;TIME=19:45:30;STAT=201222;TMPA=18;TMPP=184;TMPB=22;TMPC=19;RHUA=89;DWPA=16;PTYP=1;PNAM=MS-80SH;PIRA=0;PIRP=0;PIRM=0;PIRL=-1;PIRH=18;
SQNR=71145;DATE=24-08-14;TIME=19:45:45;STAT=201222;TMPA=18;TMPP=184;TMPB=22;TMPC=19;RHUA=89;DWPA=16;PTYP=1;PNAM=MS-80SH;PIRA=0;PIRP=0;PIRM=0;PIRL=-1;PIRH=18;
SQNR=71160;DATE=24-08-14;TIME=19:46:00;STAT=201222;TMPA=18;TMPP=185;TMPB=23;TMPC=19;RHUA=89;DWPA=16;PTYP=1;PNAM=MS-80SH;PIRA=0;PIRP=0;PIRM=0;PIRL=-1;PIRH=18;
SQNR=71175;DATE=24-08-14;TIME=19:46:15;STAT=201222;TMPA=18;TMPP=185;TMPB=22;TMPC=19;RHUA=89;DWPA=16;PTYP=1;PNAM=MS-80SH;PIRA=0;PIRP=0;PIRM=0;PIRL=-1;PIRH=18;
SQNR=71190;DATE=24-08-14;TIME=19:46:30;STAT=201222;TMPA=18;TMPP=185;TMPB=22;TMPC=19;RHUA=90;DWPA=16;PTYP=1;PNAM=MS-80SH;PIRA=0;PIRP=0;PIRM=0;PIRL=-1;PIRH=18;
SQNR=71205;DATE=24-08-14;TIME=19:46:45;STAT=201222;TMPA=18;TMPP=186;TMPB=22;TMPC=19;RHUA=90;DWPA=16;PTYP=1;PNAM=MS-80SH;PIRA=0;PIRP=0;PIRM=0;PIRL=-1;PIRH=18;
SQNR=71220;DATE=24-08-14;TIME=19:47:00;STAT=201222;TMPA=18;TMPP=186;TMPB=22;TMPC=19;RHUA=90;DWPA=16;PTYP=1;PNAM=MS-80SH;PIRA=0;PIRP=0;PIRM=0;PIRL=-1;PIRH=18;
SQNR=71235;DATE=24-08-14;TIME=19:47:15;STAT=201222;TMPA=18;TMPP=186;TMPB=22;TMPC=19;RHUA=90;DWPA=16;PTYP=1;PNAM=MS-80SH;PIRA=0;PIRP=0;PIRM=0;PIRL=-1;PIRH=18;
SQNR=71250;DATE=24-08-14;TIME=19:47:30;STAT=201222;TMPA=18;TMPP=186;TMPB=22;TMPC=19;RHUA=90;DWPA=16;PTYP=1;PNAM=MS-80SH;PIRA=0;PIRP=0;PIRM=0;PIRL=-1;PIRH=18;
SQNR=71265;DATE=24-08-14;TIME=19:47:45;STAT=201222;TMPA=18;TMPP=186;TMPB=22;TMPC=19;RHUA=90;DWPA=16;PTYP=1;PNAM=MS-80SH;PIRA=-1;PIRP=0;PIRM=0;PIRL=-1;PIRH=18;
SQNR=71280;DATE=24-08-14;TIME=19:48:00;STAT=201222;TMPA=18;TMPP=185;TMPB=22;TMPC=19;RHUA=90;DWPA=16;PTYP=1;PNAM=MS-80SH;PIRA=0;PIRP=0;PIRM=0;PIRL=-1;PIRH=18;
SQNR=71295;DATE=24-08-14;TIME=19:48:15;STAT=201222;TMPA=18;TMPP=186;TMPB=23;TMPC=19;RHUA=91;DWPA=17;PTYP=1;PNAM=MS-80SH;PIRA=-1;PIRP=-1;PIRM=-1;PIRL=-1;PIRH=18;
SQNR=71310;DATE=24-08-14;TIME=19:48:30;STAT=201222;TMPA=18;TMPP=187;TMPB=23;TMPC=19;RHUA=91;DWPA=17;PTYP=1;PNAM=MS-80SH;PIRA=-1;PIRP=-1;PIRM=-1;PIRL=-1;PIRH=18;
SQNR=71325;DATE=24-08-14;TIME=19:48:45;STAT=201222;TMPA=18;TMPP=187;TMPB=23;TMPC=19;RHUA=90;DWPA=17;PTYP=1;PNAM=MS-80SH;PIRA=0;PIRP=-1;PIRM=-1;PIRL=-1;PIRH=18;
SQNR=71340;DATE=24-08-14;TIME=19:49:00;STAT=201222;TMPA=18;TMPP=188;TMPB=23;TMPC=19;RHUA=90;DWPA=17;PTYP=1;PNAM=MS-80SH;PIRA=0;PIRP=0;PIRM=0;PIRL=-1;PIRH=18;
SQNR=71355;DATE=24-08-14;TIME=19:49:15;STAT=201222;TMPA=18;TMPP=188;TMPB=23;TMPC=19;RHUA=89;DWPA=17;PTYP=1;PNAM=MS-80SH;PIRA=0;PIRP=0;PIRM=0;PIRL=-1;PIRH=18;
SQNR=71370;DATE=24-08-14;TIME=19:49:30;STAT=201222;TMPA=18;TMPP=188;TMPB=23;TMPC=19;RHUA=89;DWPA=17;PTYP=1;PNAM=MS-80SH;PIRA=0;PIRP=0;PIRM=0;PIRL=-1;PIRH=18;
SQNR=71385;DATE=24-08-14;TIME=19:49:45;STAT=201222;TMPA=18;TMPP=188;TMPB=22;TMPC=19;RHUA=89;DWPA=17;PTYP=1;PNAM=MS-80SH;PIRA=1;PIRP=0;PIRM=0;PIRL=-1;PIRH=18;
SQNR=71400;DATE=24-08-14;TIME=19:50:00;STAT=201222;TMPA=18;TMPP=188;TMPB=22;TMPC=19;RHUA=89;DWPA=17;PTYP=1;PNAM=MS-80SH;PIRA=1;PIRP=1;PIRM=0;PIRL=-1;PIRH=18;
C-----;?
V-----;SWVNR=2102190;SQNDL=71402;DATE=24-08-14;TIME=19:50:07;THTYP=85;TTEMP=15;TDEWP=5;IUFAN=800;ILFAN=5;IUHEA=3000;PYDEF=21;PYAVT=30;PYAVW=1;PYOST=0;MSDLY=15;FNDLY=30;OSTRG=3;DBGFL=0;ASIRE=0;DBGRE=0;MPPFL=-1;
SQNR=71415;DATE=24-08-14;TIME=19:50:15;STAT=201222;TMPA=18;TMPP=187;TMPB=22;TMPC=19;RHUA=89;DWPA=17;PTYP=1;PNAM=MS-80SH;PIRA=0;PIRP=0;PIRM=0;PIRL=-1;PIRH=18;
SQNR=71430;DATE=24-08-14;TIME=19:50:30;STAT=201222;TMPA=18;TMPP=187;TMPB=22;TMPC=19;RHUA=89;DWPA=17;PTYP=1;PNAM=MS-80SH;PIRA=0;PIRP=0;PIRM=0;PIRL=-1;PIRH=18;
SQNR=71445;DATE=24-08-14;TIME=19:50:45;STAT=201222;TMPA=18;TMPP=187;TMPB=22;TMPC=19;RHUA=89;DWPA=16;PTYP=1;PNAM=MS-80SH;PIRA=0;PIRP=0;PIRM=0;PIRL=-1;PIRH=18;
SQNR=71460;DATE=24-08-14;TIME=19:51:00;STAT=201222;TMPA=18;TMPP=187;TMPB=23;TMPC=19;RHUA=89;DWPA=16;PTYP=1;PNAM=MS-80SH;PIRA=0;PIRP=0;PIRM=0;PIRL=-1;PIRH=18;
SQNR=71475;DATE=24-08-14;TIME=19:51:15;STAT=201222;TMPA=18;TMPP=187;TMPB=23;TMPC=19;RHUA=89;DWPA=17;PTYP=1;PNAM=MS-80SH;PIRA=0;PIRP=0;PIRM=0;PIRL=-1;PIRH=18;
SQNR=71490;DATE=24-08-14;TIME=19:51:30;STAT=201222;TMPA=18;TMPP=187;TMPB=22;TMPC=19;RHUA=89;DWPA=17;PTYP=1;PNAM=MS-80SH;PIRA=0;PIRP=0;PIRM=0;PIRL=-1;PIRH=18;
SQNR=71505;DATE=24-08-14;TIME=19:51:45;STAT=201222;TMPA=18;TMPP=187;TMPB=23;TMPC=19;RHUA=89;DWPA=16;PTYP=1;PNAM=MS-80SH;PIRA=1;PIRP=0;PIRM=0;PIRL=-1;PIRH=18;
SQNR=71520;DATE=24-08-14;TIME=19:52:00;STAT=201222;TMPA=18;TMPP=187;TMPB=23;TMPC=19;RHUA=89;DWPA=16;PTYP=1;PNAM=MS-80SH;PIRA=0;PIRP=0;PIRM=0;PIRL=-1;PIRH=18;
SQNR=71535;DATE=24-08-14;TIME=19:52:15;STAT=201222;TMPA=18;TMPP=188;TMPB=22;TMPC=19;RHUA=89;DWPA=17;PTYP=1;PNAM=MS-80SH;PIRA=1;PIRP=1;PIRM=1;PIRL=-1;PIRH=18;
SQNR=71550;DATE=24-08-14;TIME=19:52:30;STAT=201222;TMPA=18;TMPP=188;TMPB=22;TMPC=19;RHUA=89;DWPA=17;PTYP=1;PNAM=MS-80SH;PIRA=0;PIRP=0;PIRM=0;PIRL=-1;PIRH=18;
SQNR=71565;DATE=24-08-14;TIME=19:52:45;STAT=201222;TMPA=18;TMPP=188;TMPB=23;TMPC=19;RHUA=88;DWPA=16;PTYP=1;PNAM=MS-80SH;PIRA=0;PIRP=0;PIRM=0;PIRL=-1;PIRH=18;
SQNR=71580;DATE=24-08-14;TIME=19:53:00;STAT=201222;TMPA=18;TMPP=188;TMPB=23;TMPC=19;RHUA=88;DWPA=16;PTYP=1;PNAM=MS-80SH;PIRA=1;PIRP=0;PIRM=0;PIRL=-1;PIRH=18;
SQNR=71595;DATE=24-08-14;TIME=19:53:15;STAT=201222;TMPA=18;TMPP=189;TMPB=23;TMPC=19;RHUA=88;DWPA=16;PTYP=1;PNAM=MS-80SH;PIRA=0;PIRP=0;PIRM=0;PIRL=-1;PIRH=18;
SQNR=71610;DATE=24-08-14;TIME=19:53:30;STAT=201222;TMPA=18;TMPP=189;TMPB=23;TMPC=19;RHUA=88;DWPA=17;PTYP=1;PNAM=MS-80SH;PIRA=1;PIRP=0;PIRM=0;PIRL=-1;PIRH=18;
SQNR=71625;DATE=24-08-14;TIME=19:53:45;STAT=201222;TMPA=18;TMPP=189;TMPB=23;TMPC=19;RHUA=88;DWPA=16;PTYP=1;PNAM=MS-80SH;PIRA=0;PIRP=0;PIRM=0;PIRL=-1;PIRH=18;
SQNR=71640;DATE=24-08-14;TIME=19:54:00;STAT=201222;TMPA=18;TMPP=189;TMPB=23;TMPC=19;RHUA=88;DWPA=17;PTYP=1;PNAM=MS-80SH;PIRA=0;PIRP=0;PIRM=0;PIRL=-1;PIRH=18;
SQNR=71655;DATE=24-08-14;TIME=19:54:15;STAT=201222;TMPA=19;TMPP=190;TMPB=23;TMPC=19;RHUA=88;DWPA=17;PTYP=1;PNAM=MS-80SH;PIRA=0;PIRP=0;PIRM=0;PIRL=-1;PIRH=18;
SQNR=71670;DATE=24-08-14;TIME=19:54:30;STAT=201222;TMPA=19;TMPP=191;TMPB=23;TMPC=19;RHUA=88;DWPA=17;PTYP=1;PNAM=MS-80SH;PIRA=0;PIRP=0;PIRM=0;PIRL=-1;PIRH=18;
SQNR=71685;DATE=24-08-14;TIME=19:54:45;STAT=201222;TMPA=19;TMPP=191;TMPB=23;TMPC=19;RHUA=88;DWPA=17;PTYP=1;PNAM=MS-80SH;PIRA=0;PIRP=0;PIRM=0;PIRL=-1;PIRH=18;
SQNR=71700;DATE=24-08-14;TIME=19:55:00;STAT=201222;TMPA=19;TMPP=192;TMPB=23;TMPC=19;RHUA=88;DWPA=17;PTYP=1;PNAM=MS-80SH;PIRA=-1;PIRP=0;PIRM=0;PIRL=-1;PIRH=18;
C-----;?
V-----;SWVNR=2102190;SQNDL=71702;DATE=24-08-14;TIME=19:55:07;THTYP=85;TTEMP=15;TDEWP=5;IUFAN=800;ILFAN=5;IUHEA=3000;PYDEF=21;PYAVT=30;PYAVW=1;PYOST=0;MSDLY=15;FNDLY=30;OSTRG=3;DBGFL=0;ASIRE=0;DBGRE=0;MPPFL=-1;
SQNR=71715;DATE=24-08-14;TIME=19:55:15;STAT=201222;TMPA=19;TMPP=192;TMPB=23;TMPC=19;RHUA=87;DWPA=17;PTYP=1;PNAM=MS-80SH;PIRA=0;PIRP=0;PIRM=0;PIRL=-1;PIRH=18;
SQNR=71730;DATE=24-08-14;TIME=19:55:30;STAT=201222;TMPA=19;TMPP=192;TMPB=23;TMPC=19;RHUA=88;DWPA=17;PTYP=1;PNAM=MS-80SH;PIRA=0;PIRP=0;PIRM=0;PIRL=-1;PIRH=18;
SQNR=71745;DATE=24-08-14;TIME=19:55:45;STAT=201222;TMPA=19;TMPP=192;TMPB=23;TMPC=19;RHUA=87;DWPA=17;PTYP=1;PNAM=MS-80SH;PIRA=0;PIRP=0;PIRM=0;PIRL=-1;PIRH=18;
SQNR=71760;DATE=24-08-14;TIME=19:56:00;STAT=201222;TMPA=19;TMPP=193;TMPB=23;TMPC=19;RHUA=88;DWPA=17;PTYP=1;PNAM=MS-80SH;PIRA=0;PIRP=0;PIRM=0;PIRL=-1;PIRH=18;
SQNR=71775;DATE=24-08-14;TIME=19:56:15;STAT=201222;TMPA=19;TMPP=192;TMPB=23;TMPC=19;RHUA=88;DWPA=17;PTYP=1;PNAM=MS-80SH;PIRA=0;PIRP=0;PIRM=0;PIRL=-1;PIRH=18;
SQNR=71790;DATE=24-08-14;TIME=19:56:30;STAT=201222;TMPA=19;TMPP=192;TMPB=23;TMPC=19;RHUA=88;DWPA=17;PTYP=1;PNAM=MS-80SH;PIRA=0;PIRP=0;PIRM=0;PIRL=-1;PIRH=18;
SQNR=71805;DATE=24-08-14;TIME=19:56:45;STAT=201222;TMPA=19;TMPP=192;TMPB=23;TMPC=19;RHUA=88;DWPA=17;PTYP=1;PNAM=MS-80SH;PIRA=0;PIRP=0;PIRM=0;PIRL=-1;PIRH=18;
SQNR=71820;DATE=24-08-14;TIME=19:57:00;STAT=201222;TMPA=19;TMPP=192;TMPB=23;TMPC=19;RHUA=88;DWPA=17;PTYP=1;PNAM=MS-80SH;PIRA=0;PIRP=0;PIRM=0;PIRL=-1;PIRH=18;
SQNR=71835;DATE=24-08-14;TIME=19:57:15;STAT=201222;TMPA=19;TMPP=192;TMPB=23;TMPC=19;RHUA=88;DWPA=17;PTYP=1;PNAM=MS-80SH;PIRA=0;PIRP=0;PIRM=0;PIRL=-1;PIRH=18;
SQNR=71850;DATE=24-08-14;TIME=19:57:30;STAT=201222;TMPA=19;TMPP=192;TMPB=23;TMPC=20;RHUA=88;DWPA=17;PTYP=1;PNAM=MS-80SH;PIRA=0;PIRP=0;PIRM=0;PIRL=-1;PIRH=18;
SQNR=71865;DATE=24-08-14;TIME=19:57:45;STAT=201222;TMPA=19;TMPP=193;TMPB=23;TMPC=20;RHUA=88;DWPA=17;PTYP=1;PNAM=MS-80SH;PIRA=0;PIRP=0;PIRM=0;PIRL=-1;PIRH=18;
SQNR=71880;DATE=24-08-14;TIME=19:58:00;STAT=201222;TMPA=19;TMPP=193;TMPB=23;TMPC=20;RHUA=88;DWPA=17;PTYP=1;PNAM=MS-80SH;PIRA=0;PIRP=0;PIRM=0;PIRL=-1;PIRH=18;
SQNR=71895;DATE=24-08-14;TIME=19:58:15;STAT=201222;TMPA=19;TMPP=193;TMPB=23;TMPC=20;RHUA=89;DWPA=17;PTYP=1;PNAM=MS-80SH;PIRA=0;PIRP=0;PIRM=0;PIRL=-1;PIRH=18;
SQNR=71910;DATE=24-08-14;TIME=19:58:30;STAT=201222;TMPA=19;TMPP=193;TMPB=23;TMPC=20;RHUA=89;DWPA=17;PTYP=1;PNAM=MS-80SH;PIRA=-1;PIRP=0;PIRM=0;PIRL=-1;PIRH=18;
SQNR=71925;DATE=24-08-14;TIME=19:58:45;STAT=201222;TMPA=19;TMPP=194;TMPB=23;TMPC=20;RHUA=89;DWPA=17;PTYP=1;PNAM=MS-80SH;PIRA=-1;PIRP=-1;PIRM=0;PIRL=-1;PIRH=18;
SQNR=71940;DATE=24-08-14;TIME=19:59:00;STAT=201222;TMPA=19;TMPP=194;TMPB=24;TMPC=20;RHUA=88;DWPA=17;PTYP=1;PNAM=MS-80SH;PIRA=0;PIRP=-1;PIRM=-1;PIRL=-1;PIRH=18;
SQNR=71955;DATE=24-08-14;TIME=19:59:15;STAT=201222;TMPA=19;TMPP=195;TMPB=24;TMPC=20;RHUA=88;DWPA=17;PTYP=1;PNAM=MS-80SH;PIRA=-1;PIRP=-1;PIRM=-1;PIRL=-1;PIRH=18;
SQNR=71970;DATE=24-08-14;TIME=19:59:30;STAT=201222;TMPA=19;TMPP=195;TMPB=23;TMPC=20;RHUA=88;DWPA=17;PTYP=1;PNAM=MS-80SH;PIRA=0;PIRP=0;PIRM=0;PIRL=-1;PIRH=18;
SQNR=71985;DATE=24-08-14;TIME=19:59:45;STAT=201222;TMPA=19;TMPP=195;TMPB=23;TMPC=20;RHUA=87;DWPA=17;PTYP=1;PNAM=MS-80SH;PIRA=0;PIRP=0;PIRM=0;PIRL=-1;PIRH=18;
SQNR=72000;DATE=24-08-14;TIME=20:00:00;STAT=201222;TMPA=19;TMPP=195;TMPB=23;TMPC=20;RHUA=87;DWPA=17;PTYP=1;PNAM=MS-80SH;PIRA=0;PIRP=0;PIRM=0;PIRL=-1;PIRH=18;
C-----;?
V-----;SWVNR=2102190;SQNDL=72001;DATE=24-08-14;TIME=20:00:06;THTYP=85;TTEMP=15;TDEWP=5;IUFAN=800;ILFAN=5;IUHEA=3000;PYDEF=21;PYAVT=30;PYAVW=1;PYOST=0;MSDLY=15;FNDLY=30;OSTRG=3;DBGFL=0;ASIRE=0;DBGRE=0;MPPFL=-1;
SQNR=72015;DATE=24-08-14;TIME=20:00:15;STAT=201222;TMPA=19;TMPP=195;TMPB=23;TMPC=20;RHUA=87;DWPA=17;PTYP=1;PNAM=MS-80SH;PIRA=1;PIRP=0;PIRM=0;PIRL=-1;PIRH=18;
SQNR=72030;DATE=24-08-14;TIME=20:00:30;STAT=201222;TMPA=19;TMPP=195;TMPB=23;TMPC=20;RHUA=86;DWPA=17;PTYP=1;PNAM=MS-80SH;PIRA=1;PIRP=1;PIRM=0;PIRL=-1;PIRH=18;
C-----;P1001
P-----;DATE=24-08-14;TIME=20:00:31;PSNR=23059772;PTMP=206;PRHU=5;PSTX=-23;PSTY=13;
SQNR=72045;DATE=24-08-14;TIME=20:00:45;STAT=201222;TMPA=19;TMPP=194;TMPB=23;TMPC=20;RHUA=86;DWPA=17;PTYP=1;PNAM=MS-80SH;PIRA=2;PIRP=1;PIRM=1;PIRL=-1;PIRH=18;
SQNR=72060;DATE=24-08-14;TIME=20:01:00;STAT=201222;TMPA=19;TMPP=194;TMPB=23;TMPC=20;RHUA=86;DWPA=17;PTYP=1;PNAM=MS-80SH;PIRA=1;PIRP=1;PIRM=1;PIRL=-1;PIRH=18;
SQNR=72075;DATE=24-08-14;TIME=20:01:15;STAT=201222;TMPA=19;TMPP=194;TMPB=23;TMPC=20;RHUA=86;DWPA=17;PTYP=1;PNAM=MS-80SH;PIRA=2;PIRP=2;PIRM=1;PIRL=-1;PIRH=18;
SQNR=72090;DATE=24-08-14;TIME=20:01:30;STAT=201222;TMPA=19;TMPP=193;TMPB=23;TMPC=20;RHUA=86;DWPA=17;PTYP=1;PNAM=MS-80SH;PIRA=1;PIRP=1;PIRM=1;PIRL=-1;PIRH=18;
SQNR=72105;DATE=24-08-14;TIME=20:01:45;STAT=201222;TMPA=19;TMPP=193;TMPB=23;TMPC=20;RHUA=86;DWPA=17;PTYP=1;PNAM=MS-80SH;PIRA=1;PIRP=2;PIRM=1;PIRL=-1;PIRH=18;
SQNR=72120;DATE=24-08-14;TIME=20:02:00;STAT=201222;TMPA=19;TMPP=193;TMPB=23;TMPC=20;RHUA=86;DWPA=16;PTYP=1;PNAM=MS-80SH;PIRA=2;PIRP=2;PIRM=1;PIRL=-1;PIRH=18;
SQNR=72135;DATE=24-08-14;TIME=20:02:15;STAT=201222;TMPA=19;TMPP=193;TMPB=23;TMPC=20;RHUA=86;DWPA=17;PTYP=1;PNAM=MS-80SH;PIRA=1;PIRP=1;PIRM=1;PIRL=-1;PIRH=18;
SQNR=72150;DATE=24-08-14;TIME=20:02:30;STAT=201222;TMPA=19;TMPP=193;TMPB=23;TMPC=20;RHUA=86;DWPA=17;PTYP=1;PNAM=MS-80SH;PIRA=1;PIRP=1;PIRM=1;PIRL=-1;PIRH=18;
SQNR=72165;DATE=24-08-14;TIME=20:02:45;STAT=201222;TMPA=19;TMPP=194;TMPB=23;TMPC=20;RHUA=87;DWPA=17;PTYP=1;PNAM=MS-80SH;PIRA=0;PIRP=1;PIRM=1;PIRL=-1;PIRH=18;
SQNR=72180;DATE=24-08-14;TIME=20:03:00;STAT=201222;TMPA=19;TMPP=193;TMPB=23;TMPC=20;RHUA=87;DWPA=17;PTYP=1;PNAM=MS-80SH;PIRA=0;PIRP=1;PIRM=1;PIRL=-1;PIRH=18;
SQNR=72195;DATE=24-08-14;TIME=20:03:15;STAT=201222;TMPA=19;TMPP=194;TMPB=23;TMPC=20;RHUA=87;DWPA=17;PTYP=1;PNAM=MS-80SH;PIRA=1;PIRP=1;PIRM=1;PIRL=-1;PIRH=18;
SQNR=72210;DATE=24-08-14;TIME=20:03:30;STAT=201222;TMPA=19;TMPP=194;TMPB=23;TMPC=20;RHUA=87;DWPA=17;PTYP=1;PNAM=MS-80SH;PIRA=0;PIRP=0;PIRM=1;PIRL=-1;PIRH=18;
SQNR=72225;DATE=24-08-14;TIME=20:03:45;STAT=201222;TMPA=19;TMPP=194;TMPB=23;TMPC=20;RHUA=87;DWPA=17;PTYP=1;PNAM=MS-80SH;PIRA=0;PIRP=0;PIRM=0;PIRL=-1;PIRH=18;
SQNR=72240;DATE=24-08-14;TIME=20:04:00;STAT=201222;TMPA=19;TMPP=194;TMPB=23;TMPC=20;RHUA=87;DWPA=17;PTYP=1;PNAM=MS-80SH;PIRA=0;PIRP=0;PIRM=0;PIRL=-1;PIRH=18;
SQNR=72255;DATE=24-08-14;TIME=20:04:15;STAT=201222;TMPA=19;TMPP=195;TMPB=23;TMPC=20;RHUA=87;DWPA=17;PTYP=1;PNAM=MS-80SH;PIRA=0;PIRP=0;PIRM=0;PIRL=-1;PIRH=18;
SQNR=72270;DATE=24-08-14;TIME=20:04:30;STAT=201222;TMPA=19;TMPP=195;TMPB=23;TMPC=20;RHUA=87;DWPA=17;PTYP=1;PNAM=MS-80SH;PIRA=0;PIRP=0;PIRM=0;PIRL=-1;PIRH=18;
SQNR=72285;DATE=24-08-14;TIME=20:04:45;STAT=201222;TMPA=19;TMPP=195;TMPB=23;TMPC=20;RHUA=87;DWPA=17;PTYP=1;PNAM=MS-80SH;PIRA=0;PIRP=0;PIRM=0;PIRL=-1;PIRH=18;
SQNR=72300;DATE=24-08-14;TIME=20:05:00;STAT=201222;TMPA=19;TMPP=195;TMPB=23;TMPC=20;RHUA=86;DWPA=17;PTYP=1;PNAM=MS-80SH;PIRA=1;PIRP=0;PIRM=0;PIRL=-1;PIRH=18;
C-----;?
V-----;SWVNR=2102190;SQNDL=72302;DATE=24-08-14;TIME=20:05:07;THTYP=85;TTEMP=15;TDEWP=5;IUFAN=800;ILFAN=5;IUHEA=3000;PYDEF=21;PYAVT=30;PYAVW=1;PYOST=0;MSDLY=15;FNDLY=30;OSTRG=3;DBGFL=0;ASIRE=0;DBGRE=0;MPPFL=-1;
SQNR=72315;DATE=24-08-14;TIME=20:05:15;STAT=201222;TMPA=19;TMPP=196;TMPB=23;TMPC=20;RHUA=86;DWPA=17;PTYP=1;PNAM=MS-80SH;PIRA=0;PIRP=0;PIRM=0;PIRL=-1;PIRH=18;
SQNR=72330;DATE=24-08-14;TIME=20:05:30;STAT=201222;TMPA=19;TMPP=196;TMPB=23;TMPC=20;RHUA=86;DWPA=17;PTYP=1;PNAM=MS-80SH;PIRA=1;PIRP=1;PIRM=0;PIRL=-1;PIRH=18;
SQNR=72345;DATE=24-08-14;TIME=20:05:45;STAT=201222;TMPA=19;TMPP=196;TMPB=23;TMPC=20;RHUA=86;DWPA=17;PTYP=1;PNAM=MS-80SH;PIRA=1;PIRP=1;PIRM=1;PIRL=-1;PIRH=18;
SQNR=72360;DATE=24-08-14;TIME=20:06:00;STAT=201222;TMPA=19;TMPP=195;TMPB=23;TMPC=20;RHUA=86;DWPA=17;PTYP=1;PNAM=MS-80SH;PIRA=1;PIRP=1;PIRM=1;PIRL=-1;PIRH=18;
SQNR=72375;DATE=24-08-14;TIME=20:06:15;STAT=201222;TMPA=19;TMPP=195;TMPB=23;TMPC=20;RHUA=86;DWPA=17;PTYP=1;PNAM=MS-80SH;PIRA=1;PIRP=1;PIRM=1;PIRL=-1;PIRH=18;
SQNR=72390;DATE=24-08-14;TIME=20:06:30;STAT=201222;TMPA=19;TMPP=195;TMPB=23;TMPC=20;RHUA=86;DWPA=17;PTYP=1;PNAM=MS-80SH;PIRA=1;PIRP=1;PIRM=1;PIRL=-1;PIRH=18;
SQNR=72405;DATE=24-08-14;TIME=20:06:45;STAT=201222;TMPA=19;TMPP=195;TMPB=23;TMPC=20;RHUA=87;DWPA=17;PTYP=1;PNAM=MS-80SH;PIRA=1;PIRP=1;PIRM=1;PIRL=-1;PIRH=18;
SQNR=72420;DATE=24-08-14;TIME=20:07:00;STAT=201222;TMPA=19;TMPP=195;TMPB=23;TMPC=20;RHUA=87;DWPA=17;PTYP=1;PNAM=MS-80SH;PIRA=0;PIRP=1;PIRM=1;PIRL=-1;PIRH=18;
SQNR=72435;DATE=24-08-14;TIME=20:07:15;STAT=201222;TMPA=19;TMPP=194;TMPB=23;TMPC=20;RHUA=87;DWPA=17;PTYP=1;PNAM=MS-80SH;PIRA=0;PIRP=1;PIRM=1;PIRL=-1;PIRH=18;
SQNR=72450;DATE=24-08-14;TIME=20:07:30;STAT=201222;TMPA=19;TMPP=194;TMPB=23;TMPC=20;RHUA=87;DWPA=17;PTYP=1;PNAM=MS-80SH;PIRA=1;PIRP=1;PIRM=1;PIRL=-1;PIRH=18;
SQNR=72465;DATE=24-08-14;TIME=20:07:45;STAT=201222;TMPA=19;TMPP=194;TMPB=23;TMPC=20;RHUA=87;DWPA=17;PTYP=1;PNAM=MS-80SH;PIRA=0;PIRP=1;PIRM=1;PIRL=-1;PIRH=18;
SQNR=72480;DATE=24-08-14;TIME=20:08:00;STAT=201222;TMPA=19;TMPP=194;TMPB=23;TMPC=20;RHUA=87;DWPA=17;PTYP=1;PNAM=MS-80SH;PIRA=1;PIRP=1;PIRM=1;PIRL=-1;PIRH=18;
SQNR=72495;DATE=24-08-14;TIME=20:08:15;STAT=201222;TMPA=19;TMPP=193;TMPB=23;TMPC=20;RHUA=87;DWPA=17;PTYP=1;PNAM=MS-80SH;PIRA=0;PIRP=1;PIRM=1;PIRL=-1;PIRH=18;
SQNR=72510;DATE=24-08-14;TIME=20:08:30;STAT=201222;TMPA=19;TMPP=193;TMPB=23;TMPC=20;RHUA=87;DWPA=17;PTYP=1;PNAM=MS-80SH;PIRA=1;PIRP=1;PIRM=1;PIRL=-1;PIRH=18;
SQNR=72525;DATE=24-08-14;TIME=20:08:45;STAT=201222;TMPA=19;TMPP=193;TMPB=23;TMPC=20;RHUA=88;DWPA=17;PTYP=1;PNAM=MS-80SH;PIRA=0;PIRP=1;PIRM=1;PIRL=-1;PIRH=18;
SQNR=72540;DATE=24-08-14;TIME=20:09:00;STAT=201222;TMPA=19;TMPP=193;TMPB=23;TMPC=20;RHUA=88;DWPA=17;PTYP=1;PNAM=MS-80SH;PIRA=0;PIRP=1;PIRM=1;PIRL=-1;PIRH=18;
SQNR=72555;DATE=24-08-14;TIME=20:09:15;STAT=201222;TMPA=19;TMPP=193;TMPB=23;TMPC=20;RHUA=88;DWPA=17;PTYP=1;PNAM=MS-80SH;PIRA=1;PIRP=1;PIRM=1;PIRL=-1;PIRH=18;
SQNR=72570;DATE=24-08-14;TIME=20:09:30;STAT=201222;TMPA=19;TMPP=193;TMPB=23;TMPC=20;RHUA=88;DWPA=17;PTYP=1;PNAM=MS-80SH;PIRA=1;PIRP=1;PIRM=1;PIRL=-1;PIRH=18;
SQNR=72585;DATE=24-08-14;TIME=20:09:45;STAT=201222;TMPA=19;TMPP=193;TMPB=23;TMPC=20;RHUA=88;DWPA=17;PTYP=1;PNAM=MS-80SH;PIRA=1;PIRP=1;PIRM=1;PIRL=-1;PIRH=18;
SQNR=72600;DATE=24-08-14;TIME=20:10:00;STAT=201222;TMPA=19;TMPP=193;TMPB=23;TMPC=20;RHUA=88;DWPA=17;PTYP=1;PNAM=MS-80SH;PIRA=0;PIRP=1;PIRM=1;PIRL=-1;PIRH=18;
C-----;?
V-----;SWVNR=2102190;SQNDL=72602;DATE=24-08-14;TIME=20:10:07;THTYP=85;TTEMP=15;TDEWP=5;IUFAN=800;ILFAN=5;IUHEA=3000;PYDEF=21;PYAVT=30;PYAVW=1;PYOST=0;MSDLY=15;FNDLY=30;OSTRG=3;DBGFL=0;ASIRE=0;DBGRE=0;MPPFL=-1;
SQNR=72615;DATE=24-08-14;TIME=20:10:15;STAT=201222;TMPA=19;TMPP=192;TMPB=23;TMPC=20;RHUA=88;DWPA=17;PTYP=1;PNAM=MS-80SH;PIRA=0;PIRP=1;PIRM=1;PIRL=-1;PIRH=18;
SQNR=72630;DATE=24-08-14;TIME=20:10:30;STAT=201222;TMPA=19;TMPP=192;TMPB=23;TMPC=20;RHUA=89;DWPA=17;PTYP=1;PNAM=MS-80SH;PIRA=1;PIRP=1;PIRM=1;PIRL=-1;PIRH=18;
SQNR=72645;DATE=24-08-14;TIME=20:10:45;STAT=201222;TMPA=19;TMPP=192;TMPB=23;TMPC=20;RHUA=89;DWPA=17;PTYP=1;PNAM=MS-80SH;PIRA=0;PIRP=1;PIRM=1;PIRL=-1;PIRH=18;
SQNR=72660;DATE=24-08-14;TIME=20:11:00;STAT=201222;TMPA=19;TMPP=193;TMPB=23;TMPC=20;RHUA=89;DWPA=17;PTYP=1;PNAM=MS-80SH;PIRA=1;PIRP=1;PIRM=1;PIRL=-1;PIRH=18;
SQNR=72675;DATE=24-08-14;TIME=20:11:15;STAT=201222;TMPA=19;TMPP=193;TMPB=23;TMPC=20;RHUA=89;DWPA=17;PTYP=1;PNAM=MS-80SH;PIRA=0;PIRP=0;PIRM=0;PIRL=-1;PIRH=18;
SQNR=72690;DATE=24-08-14;TIME=20:11:30;STAT=201222;TMPA=19;TMPP=193;TMPB=23;TMPC=20;RHUA=89;DWPA=17;PTYP=1;PNAM=MS-80SH;PIRA=0;PIRP=0;PIRM=0;PIRL=-1;PIRH=18;
SQNR=72705;DATE=24-08-14;TIME=20:11:45;STAT=201222;TMPA=19;TMPP=194;TMPB=23;TMPC=20;RHUA=89;DWPA=17;PTYP=1;PNAM=MS-80SH;PIRA=0;PIRP=0;PIRM=0;PIRL=-1;PIRH=18;
SQNR=72720;DATE=24-08-14;TIME=20:12:00;STAT=201222;TMPA=19;TMPP=195;TMPB=23;TMPC=20;RHUA=88;DWPA=17;PTYP=1;PNAM=MS-80SH;PIRA=0;PIRP=0;PIRM=0;PIRL=-1;PIRH=18;
SQNR=72735;DATE=24-08-14;TIME=20:12:15;STAT=201222;TMPA=19;TMPP=195;TMPB=24;TMPC=20;RHUA=88;DWPA=17;PTYP=1;PNAM=MS-80SH;PIRA=0;PIRP=0;PIRM=0;PIRL=-1;PIRH=18;
SQNR=72750;DATE=24-08-14;TIME=20:12:30;STAT=201222;TMPA=19;TMPP=196;TMPB=24;TMPC=20;RHUA=88;DWPA=17;PTYP=1;PNAM=MS-80SH;PIRA=0;PIRP=0;PIRM=0;PIRL=-1;PIRH=18;
SQNR=72765;DATE=24-08-14;TIME=20:12:45;STAT=201222;TMPA=19;TMPP=196;TMPB=24;TMPC=20;RHUA=87;DWPA=17;PTYP=1;PNAM=MS-80SH;PIRA=0;PIRP=0;PIRM=0;PIRL=-1;PIRH=18;
SQNR=72780;DATE=24-08-14;TIME=20:13:00;STAT=201222;TMPA=19;TMPP=197;TMPB=24;TMPC=20;RHUA=87;DWPA=17;PTYP=1;PNAM=MS-80SH;PIRA=0;PIRP=0;PIRM=0;PIRL=-1;PIRH=18;
SQNR=72795;DATE=24-08-14;TIME=20:13:15;STAT=201222;TMPA=19;TMPP=198;TMPB=24;TMPC=20;RHUA=87;DWPA=17;PTYP=1;PNAM=MS-80SH;PIRA=0;PIRP=0;PIRM=0;PIRL=-1;PIRH=18;
SQNR=72810;DATE=24-08-14;TIME=20:13:30;STAT=201222;TMPA=19;TMPP=198;TMPB=24;TMPC=20;RHUA=87;DWPA=17;PTYP=1;PNAM=MS-80SH;PIRA=1;PIRP=0;PIRM=0;PIRL=-1;PIRH=18;
SQNR=72825;DATE=24-08-14;TIME=20:13:45;STAT=201222;TMPA=19;TMPP=198;TMPB=24;TMPC=20;RHUA=87;DWPA=17;PTYP=1;PNAM=MS-80SH;PIRA=0;PIRP=0;PIRM=0;PIRL=-1;PIRH=18;
SQNR=72840;DATE=24-08-14;TIME=20:14:00;STAT=201222;TMPA=19;TMPP=198;TMPB=24;TMPC=20;RHUA=87;DWPA=17;PTYP=1;PNAM=MS-80SH;PIRA=0;PIRP=0;PIRM=0;PIRL=-1;PIRH=18;
SQNR=72855;DATE=24-08-14;TIME=20:14:15;STAT=201222;TMPA=19;TMPP=199;TMPB=24;TMPC=20;RHUA=87;DWPA=17;PTYP=1;PNAM=MS-80SH;PIRA=0;PIRP=0;PIRM=0;PIRL=-1;PIRH=18;
SQNR=72870;DATE=24-08-14;TIME=20:14:30;STAT=201222;TMPA=19;TMPP=199;TMPB=24;TMPC=20;RHUA=87;DWPA=17;PTYP=1;PNAM=MS-80SH;PIRA=0;PIRP=0;PIRM=0;PIRL=-1;PIRH=18;
SQNR=72885;DATE=24-08-14;TIME=20:14:45;STAT=201222;TMPA=19;TMPP=199;TMPB=24;TMPC=20;RHUA=87;DWPA=17;PTYP=1;PNAM=MS-80SH;PIRA=0;PIRP=0;PIRM=0;PIRL=-1;PIRH=18;
SQNR=72900;DATE=24-08-14;TIME=20:15:00;STAT=201222;TMPA=20;TMPP=200;TMPB=24;TMPC=20;RHUA=87;DWPA=17;PTYP=1;PNAM=MS-80SH;PIRA=0;PIRP=0;PIRM=0;PIRL=-1;PIRH=18;
C-----;?
V-----;SWVNR=2102190;SQNDL=72902;DATE=24-08-14;TIME=20:15:07;THTYP=85;TTEMP=15;TDEWP=5;IUFAN=800;ILFAN=5;IUHEA=3000;PYDEF=21;PYAVT=30;PYAVW=1;PYOST=0;MSDLY=15;FNDLY=30;OSTRG=3;DBGFL=0;ASIRE=0;DBGRE=0;MPPFL=-1;
SQNR=72915;DATE=24-08-14;TIME=20:15:15;STAT=201222;TMPA=20;TMPP=200;TMPB=24;TMPC=20;RHUA=87;DWPA=17;PTYP=1;PNAM=MS-80SH;PIRA=1;PIRP=0;PIRM=0;PIRL=-1;PIRH=18;
SQNR=72930;DATE=24-08-14;TIME=20:15:30;STAT=201222;TMPA=20;TMPP=200;TMPB=24;TMPC=20;RHUA=87;DWPA=17;PTYP=1;PNAM=MS-80SH;PIRA=0;PIRP=0;PIRM=0;PIRL=-1;PIRH=18;
SQNR=72945;DATE=24-08-14;TIME=20:15:45;STAT=201222;TMPA=20;TMPP=200;TMPB=24;TMPC=20;RHUA=87;DWPA=17;PTYP=1;PNAM=MS-80SH;PIRA=0;PIRP=0;PIRM=0;PIRL=-1;PIRH=18;
SQNR=72960;DATE=24-08-14;TIME=20:16:00;STAT=201222;TMPA=20;TMPP=200;TMPB=24;TMPC=20;RHUA=87;DWPA=17;PTYP=1;PNAM=MS-80SH;PIRA=0;PIRP=0;PIRM=0;PIRL=-1;PIRH=18;
SQNR=72975;DATE=24-08-14;TIME=20:16:15;STAT=201222;TMPA=20;TMPP=200;TMPB=24;TMPC=20;RHUA=87;DWPA=17;PTYP=1;PNAM=MS-80SH;PIRA=0;PIRP=0;PIRM=0;PIRL=-1;PIRH=18;
SQNR=72990;DATE=24-08-14;TIME=20:16:30;STAT=201222;TMPA=20;TMPP=200;TMPB=24;TMPC=20;RHUA=87;DWPA=17;PTYP=1;PNAM=MS-80SH;PIRA=0;PIRP=0;PIRM=0;PIRL=-1;PIRH=18;
SQNR=73005;DATE=24-08-14;TIME=20:16:45;STAT=201222;TMPA=20;TMPP=200;TMPB=24;TMPC=20;RHUA=87;DWPA=18;PTYP=1;PNAM=MS-80SH;PIRA=0;PIRP=0;PIRM=0;PIRL=-1;PIRH=18;
SQNR=73020;DATE=24-08-14;TIME=20:17:00;STAT=201222;TMPA=20;TMPP=201;TMPB=24;TMPC=20;RHUA=87;DWPA=18;PTYP=1;PNAM=MS-80SH;PIRA=0;PIRP=0;PIRM=0;PIRL=-1;PIRH=18;
SQNR=73035;DATE=24-08-14;TIME=20:17:15;STAT=201222;TMPA=20;TMPP=201;TMPB=24;TMPC=20;RHUA=87;DWPA=18;PTYP=1;PNAM=MS-80SH;PIRA=0;PIRP=0;PIRM=0;PIRL=-1;PIRH=18;
SQNR=73050;DATE=24-08-14;TIME=20:17:30;STAT=201222;TMPA=20;TMPP=202;TMPB=24;TMPC=20;RHUA=87;DWPA=18;PTYP=1;PNAM=MS-80SH;PIRA=0;PIRP=0;PIRM=0;PIRL=-1;PIRH=18;
SQNR=73065;DATE=24-08-14;TIME=20:17:45;STAT=201222;TMPA=20;TMPP=202;TMPB=25;TMPC=20;RHUA=87;DWPA=18;PTYP=1;PNAM=MS-80SH;PIRA=0;PIRP=0;PIRM=0;PIRL=-1;PIRH=18;
SQNR=73080;DATE=24-08-14;TIME=20:18:00;STAT=201222;TMPA=20;TMPP=203;TMPB=25;TMPC=20;RHUA=86;DWPA=18;PTYP=1;PNAM=MS-80SH;PIRA=0;PIRP=0;PIRM=0;PIRL=-1;PIRH=18;
SQNR=73095;DATE=24-08-14;TIME=20:18:15;STAT=201222;TMPA=20;TMPP=204;TMPB=25;TMPC=20;RHUA=87;DWPA=18;PTYP=1;PNAM=MS-80SH;PIRA=0;PIRP=0;PIRM=0;PIRL=-1;PIRH=18;
SQNR=73110;DATE=24-08-14;TIME=20:18:30;STAT=201222;TMPA=20;TMPP=204;TMPB=25;TMPC=20;RHUA=86;DWPA=18;PTYP=1;PNAM=MS-80SH;PIRA=0;PIRP=0;PIRM=0;PIRL=-1;PIRH=18;
SQNR=73125;DATE=24-08-14;TIME=20:18:45;STAT=201222;TMPA=20;TMPP=204;TMPB=25;TMPC=20;RHUA=86;DWPA=18;PTYP=1;PNAM=MS-80SH;PIRA=0;PIRP=0;PIRM=0;PIRL=-1;PIRH=18;
SQNR=73140;DATE=24-08-14;TIME=20:19:00;STAT=201222;TMPA=20;TMPP=205;TMPB=25;TMPC=20;RHUA=86;DWPA=18;PTYP=1;PNAM=MS-80SH;PIRA=0;PIRP=0;PIRM=0;PIRL=-1;PIRH=18;
SQNR=73155;DATE=24-08-14;TIME=20:19:15;STAT=201222;TMPA=20;TMPP=206;TMPB=25;TMPC=21;RHUA=86;DWPA=18;PTYP=1;PNAM=MS-80SH;PIRA=0;PIRP=0;PIRM=0;PIRL=-1;PIRH=18;
SQNR=73170;DATE=24-08-14;TIME=20:19:30;STAT=201222;TMPA=20;TMPP=206;TMPB=25;TMPC=21;RHUA=86;DWPA=18;PTYP=1;PNAM=MS-80SH;PIRA=1;PIRP=0;PIRM=0;PIRL=-1;PIRH=18;
SQNR=73185;DATE=24-08-14;TIME=20:19:45;STAT=201222;TMPA=20;TMPP=206;TMPB=25;TMPC=21;RHUA=86;DWPA=18;PTYP=1;PNAM=MS-80SH;PIRA=0;PIRP=0;PIRM=0;PIRL=-1;PIRH=18;
SQNR=73200;DATE=24-08-14;TIME=20:20:00;STAT=201222;TMPA=20;TMPP=206;TMPB=25;TMPC=21;RHUA=86;DWPA=18;PTYP=1;PNAM=MS-80SH;PIRA=0;PIRP=0;PIRM=0;PIRL=-1;PIRH=18;
C-----;?
V-----;SWVNR=2102190;SQNDL=73202;DATE=24-08-14;TIME=20:20:07;THTYP=85;TTEMP=15;TDEWP=5;IUFAN=800;ILFAN=5;IUHEA=3000;PYDEF=21;PYAVT=30;PYAVW=1;PYOST=0;MSDLY=15;FNDLY=30;OSTRG=3;DBGFL=0;ASIRE=0;DBGRE=0;MPPFL=-1;
SQNR=73215;DATE=24-08-14;TIME=20:20:15;STAT=201222;TMPA=20;TMPP=206;TMPB=25;TMPC=21;RHUA=86;DWPA=18;PTYP=1;PNAM=MS-80SH;PIRA=0;PIRP=0;PIRM=0;PIRL=-1;PIRH=18;
SQNR=73230;DATE=24-08-14;TIME=20:20:30;STAT=201222;TMPA=20;TMPP=206;TMPB=25;TMPC=21;RHUA=86;DWPA=18;PTYP=1;PNAM=MS-80SH;PIRA=0;PIRP=0;PIRM=0;PIRL=-1;PIRH=18;
SQNR=73245;DATE=24-08-14;TIME=20:20:45;STAT=201222;TMPA=20;TMPP=206;TMPB=25;TMPC=21;RHUA=87;DWPA=18;PTYP=1;PNAM=MS-80SH;PIRA=0;PIRP=0;PIRM=0;PIRL=-1;PIRH=18;
SQNR=73260;DATE=24-08-14;TIME=20:21:00;STAT=201222;TMPA=20;TMPP=207;TMPB=25;TMPC=21;RHUA=87;DWPA=18;PTYP=1;PNAM=MS-80SH;PIRA=0;PIRP=0;PIRM=0;PIRL=-1;PIRH=18;
SQNR=73275;DATE=24-08-14;TIME=20:21:15;STAT=201222;TMPA=20;TMPP=206;TMPB=25;TMPC=21;RHUA=87;DWPA=18;PTYP=1;PNAM=MS-80SH;PIRA=0;PIRP=0;PIRM=0;PIRL=-1;PIRH=18;
SQNR=73290;DATE=24-08-14;TIME=20:21:30;STAT=201222;TMPA=20;TMPP=206;TMPB=25;TMPC=21;RHUA=87;DWPA=18;PTYP=1;PNAM=MS-80SH;PIRA=0;PIRP=0;PIRM=0;PIRL=-1;PIRH=18;
SQNR=73305;DATE=24-08-14;TIME=20:21:45;STAT=201222;TMPA=20;TMPP=206;TMPB=24;TMPC=21;RHUA=86;DWPA=18;PTYP=1;PNAM=MS-80SH;PIRA=1;PIRP=1;PIRM=0;PIRL=-1;PIRH=18;
SQNR=73320;DATE=24-08-14;TIME=20:22:00;STAT=201222;TMPA=20;TMPP=205;TMPB=24;TMPC=21;RHUA=86;DWPA=18;PTYP=1;PNAM=MS-80SH;PIRA=1;PIRP=1;PIRM=1;PIRL=-1;PIRH=18;
SQNR=73335;DATE=24-08-14;TIME=20:22:15;STAT=201222;TMPA=20;TMPP=204;TMPB=24;TMPC=21;RHUA=86;DWPA=18;PTYP=1;PNAM=MS-80SH;PIRA=1;PIRP=1;PIRM=1;PIRL=-1;PIRH=18;
SQNR=73350;DATE=24-08-14;TIME=20:22:30;STAT=201222;TMPA=20;TMPP=203;TMPB=24;TMPC=21;RHUA=86;DWPA=18;PTYP=1;PNAM=MS-80SH;PIRA=2;PIRP=2;PIRM=1;PIRL=-1;PIRH=18;
SQNR=73365;DATE=24-08-14;TIME=20:22:45;STAT=201222;TMPA=20;TMPP=203;TMPB=24;TMPC=21;RHUA=87;DWPA=18;PTYP=1;PNAM=MS-80SH;PIRA=2;PIRP=2;PIRM=1;PIRL=-1;PIRH=18;
SQNR=73380;DATE=24-08-14;TIME=20:23:00;STAT=201222;TMPA=20;TMPP=201;TMPB=24;TMPC=21;RHUA=87;DWPA=18;PTYP=1;PNAM=MS-80SH;PIRA=2;PIRP=2;PIRM=2;PIRL=-1;PIRH=18;
SQNR=73395;DATE=24-08-14;TIME=20:23:15;STAT=201222;TMPA=20;TMPP=201;TMPB=24;TMPC=21;RHUA=88;DWPA=18;PTYP=1;PNAM=MS-80SH;PIRA=2;PIRP=2;PIRM=2;PIRL=-1;PIRH=18;
SQNR=73410;DATE=24-08-14;TIME=20:23:30;STAT=201222;TMPA=20;TMPP=200;TMPB=24;TMPC=21;RHUA=88;DWPA=18;PTYP=1;PNAM=MS-80SH;PIRA=2;PIRP=2;PIRM=2;PIRL=-1;PIRH=18;
SQNR=73425;DATE=24-08-14;TIME=20:23:45;STAT=201222;TMPA=19;TMPP=199;TMPB=24;TMPC=21;RHUA=88;DWPA=18;PTYP=1;PNAM=MS-80SH;PIRA=3;PIRP=2;PIRM=2;PIRL=-1;PIRH=18;
SQNR=73440;DATE=24-08-14;TIME=20:24:00;STAT=201222;TMPA=19;TMPP=198;TMPB=24;TMPC=21;RHUA=89;DWPA=18;PTYP=1;PNAM=MS-80SH;PIRA=2;PIRP=2;PIRM=2;PIRL=-1;PIRH=18;
SQNR=73455;DATE=24-08-14;TIME=20:24:15;STAT=201222;TMPA=19;TMPP=198;TMPB=24;TMPC=21;RHUA=89;DWPA=17;PTYP=1;PNAM=MS-80SH;PIRA=2;PIRP=2;PIRM=2;PIRL=-1;PIRH=18;
SQNR=73470;DATE=24-08-14;TIME=20:24:30;STAT=201222;TMPA=19;TMPP=197;TMPB=24;TMPC=21;RHUA=89;DWPA=17;PTYP=1;PNAM=MS-80SH;PIRA=2;PIRP=2;PIRM=2;PIRL=-1;PIRH=18;
SQNR=73485;DATE=24-08-14;TIME=20:24:45;STAT=201222;TMPA=19;TMPP=197;TMPB=24;TMPC=21;RHUA=89;DWPA=18;PTYP=1;PNAM=MS-80SH;PIRA=2;PIRP=2;PIRM=2;PIRL=-1;PIRH=18;
SQNR=73500;DATE=24-08-14;TIME=20:25:00;STAT=201222;TMPA=19;TMPP=197;TMPB=24;TMPC=21;RHUA=90;DWPA=18;PTYP=1;PNAM=MS-80SH;PIRA=1;PIRP=2;PIRM=2;PIRL=-1;PIRH=18;
C-----;?
V-----;SWVNR=2102190;SQNDL=73502;DATE=24-08-14;TIME=20:25:07;THTYP=85;TTEMP=15;TDEWP=5;IUFAN=800;ILFAN=5;IUHEA=3000;PYDEF=21;PYAVT=30;PYAVW=1;PYOST=0;MSDLY=15;FNDLY=30;OSTRG=3;DBGFL=0;ASIRE=0;DBGRE=0;MPPFL=-1;
SQNR=73515;DATE=24-08-14;TIME=20:25:15;STAT=201222;TMPA=19;TMPP=197;TMPB=24;TMPC=21;RHUA=90;DWPA=18;PTYP=1;PNAM=MS-80SH;PIRA=1;PIRP=1;PIRM=2;PIRL=-1;PIRH=18;
SQNR=73530;DATE=24-08-14;TIME=20:25:30;STAT=201222;TMPA=19;TMPP=196;TMPB=24;TMPC=21;RHUA=90;DWPA=18;PTYP=1;PNAM=MS-80SH;PIRA=2;PIRP=2;PIRM=2;PIRL=-1;PIRH=18;
SQNR=73545;DATE=24-08-14;TIME=20:25:45;STAT=201222;TMPA=19;TMPP=196;TMPB=24;TMPC=21;RHUA=91;DWPA=18;PTYP=1;PNAM=MS-80SH;PIRA=1;PIRP=2;PIRM=2;PIRL=-1;PIRH=18;
SQNR=73560;DATE=24-08-14;TIME=20:26:00;STAT=201222;TMPA=19;TMPP=196;TMPB=24;TMPC=21;RHUA=90;DWPA=18;PTYP=1;PNAM=MS-80SH;PIRA=2;PIRP=2;PIRM=2;PIRL=-1;PIRH=18;
SQNR=73575;DATE=24-08-14;TIME=20:26:15;STAT=201222;TMPA=19;TMPP=196;TMPB=24;TMPC=21;RHUA=90;DWPA=18;PTYP=1;PNAM=MS-80SH;PIRA=2;PIRP=2;PIRM=2;PIRL=-1;PIRH=18;
SQNR=73590;DATE=24-08-14;TIME=20:26:30;STAT=201222;TMPA=19;TMPP=195;TMPB=24;TMPC=21;RHUA=90;DWPA=17;PTYP=1;PNAM=MS-80SH;PIRA=2;PIRP=2;PIRM=2;PIRL=-1;PIRH=18;
SQNR=73605;DATE=24-08-14;TIME=20:26:45;STAT=201222;TMPA=19;TMPP=196;TMPB=24;TMPC=21;RHUA=90;DWPA=18;PTYP=1;PNAM=MS-80SH;PIRA=2;PIRP=2;PIRM=2;PIRL=-1;PIRH=18;
SQNR=73620;DATE=24-08-14;TIME=20:27:00;STAT=201222;TMPA=19;TMPP=195;TMPB=24;TMPC=21;RHUA=90;DWPA=18;PTYP=1;PNAM=MS-80SH;PIRA=2;PIRP=2;PIRM=2;PIRL=-1;PIRH=18;
SQNR=73635;DATE=24-08-14;TIME=20:27:15;STAT=201222;TMPA=19;TMPP=195;TMPB=24;TMPC=21;RHUA=90;DWPA=17;PTYP=1;PNAM=MS-80SH;PIRA=2;PIRP=2;PIRM=2;PIRL=-1;PIRH=18;
SQNR=73650;DATE=24-08-14;TIME=20:27:30;STAT=201222;TMPA=19;TMPP=195;TMPB=24;TMPC=21;RHUA=90;DWPA=18;PTYP=1;PNAM=MS-80SH;PIRA=2;PIRP=2;PIRM=2;PIRL=-1;PIRH=18;
SQNR=73665;DATE=24-08-14;TIME=20:27:45;STAT=201222;TMPA=19;TMPP=194;TMPB=24;TMPC=21;RHUA=91;DWPA=17;PTYP=1;PNAM=MS-80SH;PIRA=2;PIRP=2;PIRM=2;PIRL=-1;PIRH=18;
SQNR=73680;DATE=24-08-14;TIME=20:28:00;STAT=201222;TMPA=19;TMPP=194;TMPB=24;TMPC=21;RHUA=91;DWPA=17;PTYP=1;PNAM=MS-80SH;PIRA=2;PIRP=2;PIRM=2;PIRL=-1;PIRH=18;
SQNR=73695;DATE=24-08-14;TIME=20:28:15;STAT=201222;TMPA=19;TMPP=194;TMPB=24;TMPC=21;RHUA=91;DWPA=17;PTYP=1;PNAM=MS-80SH;PIRA=2;PIRP=2;PIRM=2;PIRL=-1;PIRH=18;
SQNR=73710;DATE=24-08-14;TIME=20:28:30;STAT=201222;TMPA=19;TMPP=194;TMPB=24;TMPC=21;RHUA=91;DWPA=18;PTYP=1;PNAM=MS-80SH;PIRA=2;PIRP=2;PIRM=2;PIRL=-1;PIRH=18;
SQNR=73725;DATE=24-08-14;TIME=20:28:45;STAT=201222;TMPA=19;TMPP=194;TMPB=24;TMPC=21;RHUA=91;DWPA=18;PTYP=1;PNAM=MS-80SH;PIRA=1;PIRP=2;PIRM=2;PIRL=-1;PIRH=18;
SQNR=73740;DATE=24-08-14;TIME=20:29:00;STAT=201222;TMPA=19;TMPP=193;TMPB=24;TMPC=21;RHUA=91;DWPA=17;PTYP=1;PNAM=MS-80SH;PIRA=2;PIRP=2;PIRM=2;PIRL=-1;PIRH=18;
SQNR=73755;DATE=24-08-14;TIME=20:29:15;STAT=201222;TMPA=19;TMPP=194;TMPB=23;TMPC=21;RHUA=91;DWPA=18;PTYP=1;PNAM=MS-80SH;PIRA=1;PIRP=2;PIRM=2;PIRL=-1;PIRH=18;
SQNR=73770;DATE=24-08-14;TIME=20:29:30;STAT=201222;TMPA=19;TMPP=193;TMPB=23;TMPC=21;RHUA=91;DWPA=18;PTYP=1;PNAM=MS-80SH;PIRA=1;PIRP=2;PIRM=2;PIRL=-1;PIRH=18;
SQNR=73785;DATE=24-08-14;TIME=20:29:45;STAT=201222;TMPA=19;TMPP=193;TMPB=23;TMPC=21;RHUA=91;DWPA=18;PTYP=1;PNAM=MS-80SH;PIRA=2;PIRP=2;PIRM=2;PIRL=-1;PIRH=18;
SQNR=73800;DATE=24-08-14;TIME=20:30:00;STAT=201222;TMPA=19;TMPP=194;TMPB=23;TMPC=21;RHUA=91;DWPA=18;PTYP=1;PNAM=MS-80SH;PIRA=1;PIRP=1;PIRM=2;PIRL=-1;PIRH=18;
C-----;?
V-----;SWVNR=2102190;SQNDL=73802;DATE=24-08-14;TIME=20:30:07;THTYP=85;TTEMP=15;TDEWP=5;IUFAN=800;ILFAN=5;IUHEA=3000;PYDEF=21;PYAVT=30;PYAVW=1;PYOST=0;MSDLY=15;FNDLY=30;OSTRG=3;DBGFL=0;ASIRE=0;DBGRE=0;MPPFL=-1;
SQNR=73815;DATE=24-08-14;TIME=20:30:15;STAT=201222;TMPA=19;TMPP=194;TMPB=23;TMPC=21;RHUA=91;DWPA=18;PTYP=1;PNAM=MS-80SH;PIRA=2;PIRP=2;PIRM=2;PIRL=-1;PIRH=18;
SQNR=73830;DATE=24-08-14;TIME=20:30:30;STAT=201222;TMPA=19;TMPP=194;TMPB=23;TMPC=21;RHUA=91;DWPA=17;PTYP=1;PNAM=MS-80SH;PIRA=1;PIRP=2;PIRM=2;PIRL=-1;PIRH=18;
SQNR=73845;DATE=24-08-14;TIME=20:30:45;STAT=201222;TMPA=19;TMPP=194;TMPB=23;TMPC=21;RHUA=91;DWPA=17;PTYP=1;PNAM=MS-80SH;PIRA=1;PIRP=2;PIRM=2;PIRL=-1;PIRH=18;
SQNR=73860;DATE=24-08-14;TIME=20:31:00;STAT=201222;TMPA=19;TMPP=194;TMPB=23;TMPC=21;RHUA=91;DWPA=17;PTYP=1;PNAM=MS-80SH;PIRA=2;PIRP=2;PIRM=2;PIRL=-1;PIRH=18;
SQNR=73875;DATE=24-08-14;TIME=20:31:15;STAT=201222;TMPA=19;TMPP=194;TMPB=23;TMPC=21;RHUA=90;DWPA=17;PTYP=1;PNAM=MS-80SH;PIRA=2;PIRP=2;PIRM=2;PIRL=-1;PIRH=18;
SQNR=73890;DATE=24-08-14;TIME=20:31:30;STAT=201222;TMPA=19;TMPP=193;TMPB=23;TMPC=21;RHUA=90;DWPA=17;PTYP=1;PNAM=MS-80SH;PIRA=2;PIRP=2;PIRM=2;PIRL=-1;PIRH=18;
SQNR=73905;DATE=24-08-14;TIME=20:31:45;STAT=201222;TMPA=19;TMPP=194;TMPB=23;TMPC=21;RHUA=90;DWPA=17;PTYP=1;PNAM=MS-80SH;PIRA=2;PIRP=2;PIRM=2;PIRL=-1;PIRH=18;
SQNR=73920;DATE=24-08-14;TIME=20:32:00;STAT=201222;TMPA=19;TMPP=194;TMPB=23;TMPC=21;RHUA=90;DWPA=17;PTYP=1;PNAM=MS-80SH;PIRA=2;PIRP=2;PIRM=2;PIRL=-1;PIRH=18;
SQNR=73935;DATE=24-08-14;TIME=20:32:15;STAT=201222;TMPA=19;TMPP=194;TMPB=23;TMPC=21;RHUA=90;DWPA=17;PTYP=1;PNAM=MS-80SH;PIRA=2;PIRP=2;PIRM=2;PIRL=-1;PIRH=18;
SQNR=73950;DATE=24-08-14;TIME=20:32:30;STAT=201222;TMPA=19;TMPP=194;TMPB=23;TMPC=21;RHUA=90;DWPA=17;PTYP=1;PNAM=MS-80SH;PIRA=1;PIRP=2;PIRM=2;PIRL=-1;PIRH=18;
SQNR=73965;DATE=24-08-14;TIME=20:32:45;STAT=201222;TMPA=19;TMPP=194;TMPB=23;TMPC=21;RHUA=90;DWPA=17;PTYP=1;PNAM=MS-80SH;PIRA=2;PIRP=2;PIRM=2;PIRL=-1;PIRH=18;
SQNR=73980;DATE=24-08-14;TIME=20:33:00;STAT=201222;TMPA=19;TMPP=194;TMPB=23;TMPC=21;RHUA=90;DWPA=17;PTYP=1;PNAM=MS-80SH;PIRA=1;PIRP=1;PIRM=2;PIRL=-1;PIRH=18;
SQNR=73995;DATE=24-08-14;TIME=20:33:15;STAT=201222;TMPA=19;TMPP=194;TMPB=23;TMPC=21;RHUA=90;DWPA=17;PTYP=1;PNAM=MS-80SH;PIRA=1;PIRP=1;PIRM=1;PIRL=-1;PIRH=18;
SQNR=74010;DATE=24-08-14;TIME=20:33:30;STAT=201222;TMPA=19;TMPP=194;TMPB=23;TMPC=21;RHUA=90;DWPA=17;PTYP=1;PNAM=MS-80SH;PIRA=1;PIRP=1;PIRM=1;PIRL=-1;PIRH=18;
SQNR=74025;DATE=24-08-14;TIME=20:33:45;STAT=201222;TMPA=19;TMPP=194;TMPB=23;TMPC=21;RHUA=90;DWPA=17;PTYP=1;PNAM=MS-80SH;PIRA=1;PIRP=1;PIRM=1;PIRL=-1;PIRH=18;
SQNR=74040;DATE=24-08-14;TIME=20:34:00;STAT=201222;TMPA=19;TMPP=194;TMPB=23;TMPC=21;RHUA=90;DWPA=17;PTYP=1;PNAM=MS-80SH;PIRA=2;PIRP=1;PIRM=1;PIRL=-1;PIRH=18;
SQNR=74055;DATE=24-08-14;TIME=20:34:15;STAT=201222;TMPA=19;TMPP=194;TMPB=23;TMPC=21;RHUA=90;DWPA=17;PTYP=1;PNAM=MS-80SH;PIRA=1;PIRP=1;PIRM=1;PIRL=-1;PIRH=18;
SQNR=74070;DATE=24-08-14;TIME=20:34:30;STAT=201222;TMPA=19;TMPP=194;TMPB=23;TMPC=21;RHUA=90;DWPA=17;PTYP=1;PNAM=MS-80SH;PIRA=1;PIRP=1;PIRM=1;PIRL=-1;PIRH=18;
SQNR=74085;DATE=24-08-14;TIME=20:34:45;STAT=201222;TMPA=19;TMPP=194;TMPB=23;TMPC=21;RHUA=90;DWPA=17;PTYP=1;PNAM=MS-80SH;PIRA=1;PIRP=1;PIRM=1;PIRL=-1;PIRH=18;
SQNR=74100;DATE=24-08-14;TIME=20:35:00;STAT=201222;TMPA=19;TMPP=194;TMPB=23;TMPC=21;RHUA=90;DWPA=17;PTYP=1;PNAM=MS-80SH;PIRA=1;PIRP=1;PIRM=1;PIRL=-1;PIRH=18;
C-----;?
V-----;SWVNR=2102190;SQNDL=74102;DATE=24-08-14;TIME=20:35:07;THTYP=85;TTEMP=15;TDEWP=5;IUFAN=800;ILFAN=5;IUHEA=3000;PYDEF=21;PYAVT=30;PYAVW=1;PYOST=0;MSDLY=15;FNDLY=30;OSTRG=3;DBGFL=0;ASIRE=0;DBGRE=0;MPPFL=-1;
SQNR=74115;DATE=24-08-14;TIME=20:35:15;STAT=201222;TMPA=19;TMPP=194;TMPB=23;TMPC=21;RHUA=90;DWPA=17;PTYP=1;PNAM=MS-80SH;PIRA=1;PIRP=1;PIRM=1;PIRL=-1;PIRH=18;
SQNR=74130;DATE=24-08-14;TIME=20:35:30;STAT=201222;TMPA=19;TMPP=194;TMPB=23;TMPC=21;RHUA=90;DWPA=17;PTYP=1;PNAM=MS-80SH;PIRA=1;PIRP=1;PIRM=1;PIRL=-1;PIRH=18;
SQNR=74145;DATE=24-08-14;TIME=20:35:45;STAT=201222;TMPA=19;TMPP=194;TMPB=23;TMPC=21;RHUA=89;DWPA=17;PTYP=1;PNAM=MS-80SH;PIRA=2;PIRP=1;PIRM=1;PIRL=-1;PIRH=18;
SQNR=74160;DATE=24-08-14;TIME=20:36:00;STAT=201222;TMPA=19;TMPP=195;TMPB=23;TMPC=21;RHUA=89;DWPA=17;PTYP=1;PNAM=MS-80SH;PIRA=1;PIRP=1;PIRM=1;PIRL=-1;PIRH=18;
SQNR=74175;DATE=24-08-14;TIME=20:36:15;STAT=201222;TMPA=19;TMPP=195;TMPB=23;TMPC=21;RHUA=89;DWPA=17;PTYP=1;PNAM=MS-80SH;PIRA=1;PIRP=1;PIRM=1;PIRL=-1;PIRH=18;
SQNR=74190;DATE=24-08-14;TIME=20:36:30;STAT=201222;TMPA=19;TMPP=195;TMPB=23;TMPC=21;RHUA=89;DWPA=17;PTYP=1;PNAM=MS-80SH;PIRA=1;PIRP=1;PIRM=1;PIRL=-1;PIRH=18;
SQNR=74205;DATE=24-08-14;TIME=20:36:45;STAT=201222;TMPA=19;TMPP=195;TMPB=23;TMPC=21;RHUA=88;DWPA=17;PTYP=1;PNAM=MS-80SH;PIRA=1;PIRP=1;PIRM=1;PIRL=-1;PIRH=18;
SQNR=74220;DATE=24-08-14;TIME=20:37:00;STAT=201222;TMPA=19;TMPP=195;TMPB=23;TMPC=21;RHUA=88;DWPA=17;PTYP=1;PNAM=MS-80SH;PIRA=2;PIRP=1;PIRM=1;PIRL=-1;PIRH=18;
SQNR=74235;DATE=24-08-14;TIME=20:37:15;STAT=201222;TMPA=19;TMPP=195;TMPB=23;TMPC=21;RHUA=88;DWPA=17;PTYP=1;PNAM=MS-80SH;PIRA=1;PIRP=1;PIRM=1;PIRL=-1;PIRH=18;
SQNR=74250;DATE=24-08-14;TIME=20:37:30;STAT=201222;TMPA=19;TMPP=196;TMPB=23;TMPC=21;RHUA=88;DWPA=17;PTYP=1;PNAM=MS-80SH;PIRA=1;PIRP=1;PIRM=1;PIRL=-1;PIRH=18;
SQNR=74265;DATE=24-08-14;TIME=20:37:45;STAT=201222;TMPA=19;TMPP=196;TMPB=23;TMPC=20;RHUA=87;DWPA=17;PTYP=1;PNAM=MS-80SH;PIRA=1;PIRP=1;PIRM=1;PIRL=-1;PIRH=18;
SQNR=74280;DATE=24-08-14;TIME=20:38:00;STAT=201222;TMPA=19;TMPP=196;TMPB=23;TMPC=20;RHUA=87;DWPA=17;PTYP=1;PNAM=MS-80SH;PIRA=1;PIRP=1;PIRM=1;PIRL=-1;PIRH=18;
SQNR=74295;DATE=24-08-14;TIME=20:38:15;STAT=201222;TMPA=19;TMPP=196;TMPB=23;TMPC=20;RHUA=88;DWPA=17;PTYP=1;PNAM=MS-80SH;PIRA=0;PIRP=1;PIRM=1;PIRL=-1;PIRH=18;
SQNR=74310;DATE=24-08-14;TIME=20:38:30;STAT=201222;TMPA=19;TMPP=197;TMPB=24;TMPC=21;RHUA=88;DWPA=17;PTYP=1;PNAM=MS-80SH;PIRA=0;PIRP=1;PIRM=1;PIRL=-1;PIRH=18;
SQNR=74325;DATE=24-08-14;TIME=20:38:45;STAT=201222;TMPA=19;TMPP=198;TMPB=24;TMPC=21;RHUA=88;DWPA=17;PTYP=1;PNAM=MS-80SH;PIRA=1;PIRP=0;PIRM=1;PIRL=-1;PIRH=18;
SQNR=74340;DATE=24-08-14;TIME=20:39:00;STAT=201222;TMPA=19;TMPP=198;TMPB=24;TMPC=21;RHUA=87;DWPA=17;PTYP=1;PNAM=MS-80SH;PIRA=0;PIRP=0;PIRM=1;PIRL=-1;PIRH=18;
SQNR=74355;DATE=24-08-14;TIME=20:39:15;STAT=201222;TMPA=19;TMPP=198;TMPB=24;TMPC=21;RHUA=87;DWPA=17;PTYP=1;PNAM=MS-80SH;PIRA=0;PIRP=0;PIRM=1;PIRL=-1;PIRH=18;
SQNR=74370;DATE=24-08-14;TIME=20:39:30;STAT=201222;TMPA=19;TMPP=199;TMPB=24;TMPC=21;RHUA=86;DWPA=17;PTYP=1;PNAM=MS-80SH;PIRA=0;PIRP=0;PIRM=0;PIRL=-1;PIRH=18;
SQNR=74385;DATE=24-08-14;TIME=20:39:45;STAT=201222;TMPA=19;TMPP=199;TMPB=24;TMPC=21;RHUA=86;DWPA=17;PTYP=1;PNAM=MS-80SH;PIRA=0;PIRP=0;PIRM=0;PIRL=-1;PIRH=18;
SQNR=74400;DATE=24-08-14;TIME=20:40:00;STAT=201222;TMPA=19;TMPP=199;TMPB=24;TMPC=20;RHUA=86;DWPA=17;PTYP=1;PNAM=MS-80SH;PIRA=1;PIRP=0;PIRM=0;PIRL=-1;PIRH=18;
C-----;?
V-----;SWVNR=2102190;SQNDL=74401;DATE=24-08-14;TIME=20:40:06;THTYP=85;TTEMP=15;TDEWP=5;IUFAN=800;ILFAN=5;IUHEA=3000;PYDEF=21;PYAVT=30;PYAVW=1;PYOST=0;MSDLY=15;FNDLY=30;OSTRG=3;DBGFL=0;ASIRE=0;DBGRE=0;MPPFL=-1;
SQNR=74415;DATE=24-08-14;TIME=20:40:15;STAT=201222;TMPA=19;TMPP=199;TMPB=24;TMPC=21;RHUA=86;DWPA=17;PTYP=1;PNAM=MS-80SH;PIRA=0;PIRP=0;PIRM=0;PIRL=-1;PIRH=18;
SQNR=74430;DATE=24-08-14;TIME=20:40:30;STAT=201222;TMPA=19;TMPP=199;TMPB=24;TMPC=21;RHUA=86;DWPA=17;PTYP=1;PNAM=MS-80SH;PIRA=1;PIRP=0;PIRM=0;PIRL=-1;PIRH=18;
SQNR=74445;DATE=24-08-14;TIME=20:40:45;STAT=201222;TMPA=19;TMPP=199;TMPB=24;TMPC=21;RHUA=86;DWPA=17;PTYP=1;PNAM=MS-80SH;PIRA=0;PIRP=0;PIRM=0;PIRL=-1;PIRH=18;
SQNR=74460;DATE=24-08-14;TIME=20:41:00;STAT=201222;TMPA=19;TMPP=199;TMPB=24;TMPC=21;RHUA=85;DWPA=17;PTYP=1;PNAM=MS-80SH;PIRA=0;PIRP=0;PIRM=0;PIRL=-1;PIRH=18;
SQNR=74475;DATE=24-08-14;TIME=20:41:15;STAT=201222;TMPA=20;TMPP=200;TMPB=24;TMPC=21;RHUA=85;DWPA=17;PTYP=1;PNAM=MS-80SH;PIRA=1;PIRP=0;PIRM=0;PIRL=-1;PIRH=18;
SQNR=74490;DATE=24-08-14;TIME=20:41:30;STAT=201222;TMPA=20;TMPP=200;TMPB=24;TMPC=21;RHUA=85;DWPA=17;PTYP=1;PNAM=MS-80SH;PIRA=0;PIRP=0;PIRM=0;PIRL=-1;PIRH=18;
SQNR=74505;DATE=24-08-14;TIME=20:41:45;STAT=201222;TMPA=20;TMPP=200;TMPB=24;TMPC=21;RHUA=86;DWPA=17;PTYP=1;PNAM=MS-80SH;PIRA=1;PIRP=0;PIRM=0;PIRL=-1;PIRH=18;
SQNR=74520;DATE=24-08-14;TIME=20:42:00;STAT=201222;TMPA=20;TMPP=200;TMPB=24;TMPC=21;RHUA=85;DWPA=17;PTYP=1;PNAM=MS-80SH;PIRA=0;PIRP=0;PIRM=0;PIRL=-1;PIRH=18;
SQNR=74535;DATE=24-08-14;TIME=20:42:15;STAT=201222;TMPA=20;TMPP=200;TMPB=24;TMPC=21;RHUA=85;DWPA=17;PTYP=1;PNAM=MS-80SH;PIRA=0;PIRP=0;PIRM=0;PIRL=-1;PIRH=18;
SQNR=74551;DATE=24-08-14;TIME=20:42:30;STAT=201222;TMPA=20;TMPP=200;TMPB=24;TMPC=21;RHUA=85;DWPA=17;PTYP=1;PNAM=MS-80SH;PIRA=0;PIRP=0;PIRM=0;PIRL=-1;PIRH=18;
SQNR=74565;DATE=24-08-14;TIME=20:42:45;STAT=201222;TMPA=20;TMPP=200;TMPB=24;TMPC=21;RHUA=85;DWPA=17;PTYP=1;PNAM=MS-80SH;PIRA=0;PIRP=0;PIRM=0;PIRL=-1;PIRH=18;
SQNR=74581;DATE=24-08-14;TIME=20:43:00;STAT=201222;TMPA=20;TMPP=201;TMPB=24;TMPC=21;RHUA=86;DWPA=17;PTYP=1;PNAM=MS-80SH;PIRA=0;PIRP=0;PIRM=0;PIRL=-1;PIRH=18;
SQNR=74596;DATE=24-08-14;TIME=20:43:15;STAT=201222;TMPA=20;TMPP=201;TMPB=24;TMPC=21;RHUA=87;DWPA=18;PTYP=1;PNAM=MS-80SH;PIRA=-1;PIRP=0;PIRM=0;PIRL=-1;PIRH=18;
SQNR=74611;DATE=24-08-14;TIME=20:43:30;STAT=201222;TMPA=20;TMPP=201;TMPB=24;TMPC=21;RHUA=87;DWPA=18;PTYP=1;PNAM=MS-80SH;PIRA=-1;PIRP=0;PIRM=0;PIRL=-1;PIRH=18;
SQNR=74626;DATE=24-08-14;TIME=20:43:45;STAT=201222;TMPA=20;TMPP=201;TMPB=24;TMPC=21;RHUA=87;DWPA=18;PTYP=1;PNAM=MS-80SH;PIRA=-1;PIRP=-1;PIRM=0;PIRL=-1;PIRH=18;
SQNR=74641;DATE=24-08-14;TIME=20:44:00;STAT=201222;TMPA=20;TMPP=201;TMPB=24;TMPC=21;RHUA=87;DWPA=17;PTYP=1;PNAM=MS-80SH;PIRA=-1;PIRP=-1;PIRM=-1;PIRL=-1;PIRH=18;
SQNR=74656;DATE=24-08-14;TIME=20:44:15;STAT=201222;TMPA=20;TMPP=201;TMPB=24;TMPC=21;RHUA=87;DWPA=17;PTYP=1;PNAM=MS-80SH;PIRA=0;PIRP=-1;PIRM=-1;PIRL=-1;PIRH=18;
SQNR=74671;DATE=24-08-14;TIME=20:44:30;STAT=201222;TMPA=20;TMPP=201;TMPB=24;TMPC=21;RHUA=88;DWPA=18;PTYP=1;PNAM=MS-80SH;PIRA=-1;PIRP=-1;PIRM=-1;PIRL=-1;PIRH=18;
SQNR=74686;DATE=24-08-14;TIME=20:44:45;STAT=201222;TMPA=20;TMPP=201;TMPB=24;TMPC=21;RHUA=88;DWPA=18;PTYP=1;PNAM=MS-80SH;PIRA=0;PIRP=-1;PIRM=-1;PIRL=-1;PIRH=18;
SQNR=74701;DATE=24-08-14;TIME=20:45:00;STAT=201222;TMPA=20;TMPP=201;TMPB=24;TMPC=21;RHUA=87;DWPA=18;PTYP=1;PNAM=MS-80SH;PIRA=-1;PIRP=-1;PIRM=-1;PIRL=-1;PIRH=18;
C-----;?
V-----;SWVNR=2102190;SQNDL=74702;DATE=24-08-14;TIME=20:45:06;THTYP=85;TTEMP=15;TDEWP=5;IUFAN=800;ILFAN=5;IUHEA=3000;PYDEF=21;PYAVT=30;PYAVW=1;PYOST=0;MSDLY=15;FNDLY=30;OSTRG=3;DBGFL=0;ASIRE=0;DBGRE=0;MPPFL=-1;
SQNR=74716;DATE=24-08-14;TIME=20:45:15;STAT=201222;TMPA=20;TMPP=201;TMPB=24;TMPC=21;RHUA=87;DWPA=18;PTYP=1;PNAM=MS-80SH;PIRA=0;PIRP=-1;PIRM=-1;PIRL=-1;PIRH=18;
SQNR=74731;DATE=24-08-14;TIME=20:45:30;STAT=201222;TMPA=20;TMPP=202;TMPB=24;TMPC=21;RHUA=87;DWPA=18;PTYP=1;PNAM=MS-80SH;PIRA=0;PIRP=0;PIRM=0;PIRL=-1;PIRH=18;
SQNR=74746;DATE=24-08-14;TIME=20:45:45;STAT=201222;TMPA=20;TMPP=201;TMPB=24;TMPC=21;RHUA=87;DWPA=18;PTYP=1;PNAM=MS-80SH;PIRA=0;PIRP=0;PIRM=0;PIRL=-1;PIRH=18;
SQNR=74761;DATE=24-08-14;TIME=20:46:00;STAT=201222;TMPA=20;TMPP=201;TMPB=23;TMPC=21;RHUA=86;DWPA=17;PTYP=1;PNAM=MS-80SH;PIRA=1;PIRP=0;PIRM=0;PIRL=-1;PIRH=18;
SQNR=74776;DATE=24-08-14;TIME=20:46:15;STAT=201222;TMPA=20;TMPP=201;TMPB=23;TMPC=21;RHUA=86;DWPA=17;PTYP=1;PNAM=MS-80SH;PIRA=0;PIRP=0;PIRM=0;PIRL=-1;PIRH=18;
SQNR=74791;DATE=24-08-14;TIME=20:46:30;STAT=201222;TMPA=20;TMPP=200;TMPB=23;TMPC=21;RHUA=86;DWPA=17;PTYP=1;PNAM=MS-80SH;PIRA=0;PIRP=0;PIRM=0;PIRL=-1;PIRH=18;
SQNR=74806;DATE=24-08-14;TIME=20:46:45;STAT=201222;TMPA=20;TMPP=200;TMPB=24;TMPC=21;RHUA=86;DWPA=17;PTYP=1;PNAM=MS-80SH;PIRA=0;PIRP=0;PIRM=0;PIRL=-1;PIRH=18;
SQNR=74821;DATE=24-08-14;TIME=20:47:00;STAT=201222;TMPA=20;TMPP=200;TMPB=24;TMPC=21;RHUA=86;DWPA=17;PTYP=1;PNAM=MS-80SH;PIRA=0;PIRP=0;PIRM=0;PIRL=-1;PIRH=18;
SQNR=74836;DATE=24-08-14;TIME=20:47:15;STAT=201222;TMPA=19;TMPP=199;TMPB=24;TMPC=21;RHUA=86;DWPA=17;PTYP=1;PNAM=MS-80SH;PIRA=0;PIRP=0;PIRM=0;PIRL=-1;PIRH=18;
SQNR=74851;DATE=24-08-14;TIME=20:47:30;STAT=201222;TMPA=19;TMPP=199;TMPB=24;TMPC=21;RHUA=86;DWPA=17;PTYP=1;PNAM=MS-80SH;PIRA=0;PIRP=0;PIRM=0;PIRL=-1;PIRH=18;
SQNR=74866;DATE=24-08-14;TIME=20:47:45;STAT=201222;TMPA=19;TMPP=199;TMPB=24;TMPC=21;RHUA=86;DWPA=17;PTYP=1;PNAM=MS-80SH;PIRA=0;PIRP=0;PIRM=0;PIRL=-1;PIRH=18;
SQNR=74881;DATE=24-08-14;TIME=20:48:00;STAT=201222;TMPA=20;TMPP=200;TMPB=24;TMPC=21;RHUA=86;DWPA=17;PTYP=1;PNAM=MS-80SH;PIRA=0;PIRP=0;PIRM=0;PIRL=-1;PIRH=18;
SQNR=74896;DATE=24-08-14;TIME=20:48:15;STAT=201222;TMPA=19;TMPP=199;TMPB=24;TMPC=21;RHUA=86;DWPA=17;PTYP=1;PNAM=MS-80SH;PIRA=0;PIRP=0;PIRM=0;PIRL=-1;PIRH=18;
SQNR=74911;DATE=24-08-14;TIME=20:48:30;STAT=201222;TMPA=19;TMPP=199;TMPB=24;TMPC=21;RHUA=86;DWPA=17;PTYP=1;PNAM=MS-80SH;PIRA=0;PIRP=0;PIRM=0;PIRL=-1;PIRH=18;
SQNR=74926;DATE=24-08-14;TIME=20:48:45;STAT=201222;TMPA=19;TMPP=199;TMPB=24;TMPC=21;RHUA=86;DWPA=17;PTYP=1;PNAM=MS-80SH;PIRA=0;PIRP=0;PIRM=0;PIRL=-1;PIRH=18;
SQNR=74941;DATE=24-08-14;TIME=20:49:00;STAT=201222;TMPA=20;TMPP=200;TMPB=24;TMPC=21;RHUA=86;DWPA=17;PTYP=1;PNAM=MS-80SH;PIRA=1;PIRP=0;PIRM=0;PIRL=-1;PIRH=18;
SQNR=74956;DATE=24-08-14;TIME=20:49:15;STAT=201222;TMPA=20;TMPP=200;TMPB=24;TMPC=21;RHUA=87;DWPA=17;PTYP=1;PNAM=MS-80SH;PIRA=0;PIRP=0;PIRM=0;PIRL=-1;PIRH=18;
SQNR=74971;DATE=24-08-14;TIME=20:49:30;STAT=201222;TMPA=19;TMPP=199;TMPB=23;TMPC=21;RHUA=87;DWPA=17;PTYP=1;PNAM=MS-80SH;PIRA=0;PIRP=0;PIRM=0;PIRL=-1;PIRH=18;
SQNR=74986;DATE=24-08-14;TIME=20:49:45;STAT=201222;TMPA=19;TMPP=199;TMPB=23;TMPC=21;RHUA=87;DWPA=17;PTYP=1;PNAM=MS-80SH;PIRA=0;PIRP=0;PIRM=0;PIRL=-1;PIRH=18;
SQNR=75001;DATE=24-08-14;TIME=20:50:00;STAT=201222;TMPA=19;TMPP=199;TMPB=23;TMPC=21;RHUA=87;DWPA=17;PTYP=1;PNAM=MS-80SH;PIRA=0;PIRP=0;PIRM=0;PIRL=-1;PIRH=18;
C-----;?
V-----;SWVNR=2102190;SQNDL=75003;DATE=24-08-14;TIME=20:50:07;THTYP=85;TTEMP=15;TDEWP=5;IUFAN=800;ILFAN=5;IUHEA=3000;PYDEF=21;PYAVT=30;PYAVW=1;PYOST=0;MSDLY=15;FNDLY=30;OSTRG=3;DBGFL=0;ASIRE=0;DBGRE=0;MPPFL=-1;
SQNR=75016;DATE=24-08-14;TIME=20:50:15;STAT=201222;TMPA=19;TMPP=199;TMPB=23;TMPC=21;RHUA=87;DWPA=17;PTYP=1;PNAM=MS-80SH;PIRA=1;PIRP=0;PIRM=0;PIRL=-1;PIRH=18;
SQNR=75031;DATE=24-08-14;TIME=20:50:30;STAT=201222;TMPA=19;TMPP=199;TMPB=23;TMPC=21;RHUA=87;DWPA=17;PTYP=1;PNAM=MS-80SH;PIRA=0;PIRP=0;PIRM=0;PIRL=-1;PIRH=18;
SQNR=75046;DATE=24-08-14;TIME=20:50:45;STAT=201222;TMPA=19;TMPP=199;TMPB=23;TMPC=21;RHUA=87;DWPA=17;PTYP=1;PNAM=MS-80SH;PIRA=0;PIRP=0;PIRM=0;PIRL=-1;PIRH=18;
SQNR=75061;DATE=24-08-14;TIME=20:51:00;STAT=201222;TMPA=19;TMPP=199;TMPB=23;TMPC=21;RHUA=88;DWPA=17;PTYP=1;PNAM=MS-80SH;PIRA=0;PIRP=0;PIRM=0;PIRL=-1;PIRH=18;
SQNR=75076;DATE=24-08-14;TIME=20:51:15;STAT=201222;TMPA=19;TMPP=199;TMPB=23;TMPC=21;RHUA=87;DWPA=17;PTYP=1;PNAM=MS-80SH;PIRA=0;PIRP=0;PIRM=0;PIRL=-1;PIRH=18;
SQNR=75091;DATE=24-08-14;TIME=20:51:30;STAT=201222;TMPA=19;TMPP=199;TMPB=23;TMPC=21;RHUA=88;DWPA=17;PTYP=1;PNAM=MS-80SH;PIRA=0;PIRP=0;PIRM=0;PIRL=-1;PIRH=18;
SQNR=75106;DATE=24-08-14;TIME=20:51:45;STAT=201222;TMPA=20;TMPP=200;TMPB=23;TMPC=21;RHUA=88;DWPA=17;PTYP=1;PNAM=MS-80SH;PIRA=0;PIRP=0;PIRM=0;PIRL=-1;PIRH=18;
SQNR=75121;DATE=24-08-14;TIME=20:52:00;STAT=201222;TMPA=20;TMPP=200;TMPB=23;TMPC=21;RHUA=88;DWPA=17;PTYP=1;PNAM=MS-80SH;PIRA=0;PIRP=0;PIRM=0;PIRL=-1;PIRH=18;
SQNR=75136;DATE=24-08-14;TIME=20:52:15;STAT=201222;TMPA=20;TMPP=200;TMPB=23;TMPC=21;RHUA=88;DWPA=18;PTYP=1;PNAM=MS-80SH;PIRA=0;PIRP=0;PIRM=0;PIRL=-1;PIRH=18;
SQNR=75151;DATE=24-08-14;TIME=20:52:30;STAT=201222;TMPA=20;TMPP=200;TMPB=23;TMPC=21;RHUA=87;DWPA=17;PTYP=1;PNAM=MS-80SH;PIRA=0;PIRP=0;PIRM=0;PIRL=-1;PIRH=18;
SQNR=75166;DATE=24-08-14;TIME=20:52:45;STAT=201222;TMPA=20;TMPP=200;TMPB=24;TMPC=21;RHUA=87;DWPA=17;PTYP=1;PNAM=MS-80SH;PIRA=0;PIRP=0;PIRM=0;PIRL=-1;PIRH=18;
SQNR=75181;DATE=24-08-14;TIME=20:53:00;STAT=201222;TMPA=20;TMPP=200;TMPB=24;TMPC=21;RHUA=87;DWPA=17;PTYP=1;PNAM=MS-80SH;PIRA=0;PIRP=0;PIRM=0;PIRL=-1;PIRH=18;
SQNR=75196;DATE=24-08-14;TIME=20:53:15;STAT=201222;TMPA=20;TMPP=201;TMPB=24;TMPC=21;RHUA=87;DWPA=18;PTYP=1;PNAM=MS-80SH;PIRA=0;PIRP=0;PIRM=0;PIRL=-1;PIRH=18;
SQNR=75211;DATE=24-08-14;TIME=20:53:30;STAT=201222;TMPA=20;TMPP=201;TMPB=24;TMPC=21;RHUA=87;DWPA=18;PTYP=1;PNAM=MS-80SH;PIRA=0;PIRP=0;PIRM=0;PIRL=-1;PIRH=18;
SQNR=75226;DATE=24-08-14;TIME=20:53:45;STAT=201222;TMPA=20;TMPP=201;TMPB=24;TMPC=21;RHUA=87;DWPA=18;PTYP=1;PNAM=MS-80SH;PIRA=0;PIRP=0;PIRM=0;PIRL=-1;PIRH=18;
SQNR=75241;DATE=24-08-14;TIME=20:54:00;STAT=201222;TMPA=20;TMPP=202;TMPB=24;TMPC=21;RHUA=87;DWPA=18;PTYP=1;PNAM=MS-80SH;PIRA=0;PIRP=0;PIRM=0;PIRL=-1;PIRH=18;
SQNR=75256;DATE=24-08-14;TIME=20:54:15;STAT=201222;TMPA=20;TMPP=202;TMPB=24;TMPC=21;RHUA=87;DWPA=18;PTYP=1;PNAM=MS-80SH;PIRA=0;PIRP=0;PIRM=0;PIRL=-1;PIRH=18;
SQNR=75271;DATE=24-08-14;TIME=20:54:30;STAT=201222;TMPA=20;TMPP=202;TMPB=24;TMPC=21;RHUA=87;DWPA=18;PTYP=1;PNAM=MS-80SH;PIRA=0;PIRP=0;PIRM=0;PIRL=-1;PIRH=18;
SQNR=75286;DATE=24-08-14;TIME=20:54:45;STAT=201222;TMPA=20;TMPP=202;TMPB=24;TMPC=21;RHUA=87;DWPA=18;PTYP=1;PNAM=MS-80SH;PIRA=0;PIRP=0;PIRM=0;PIRL=-1;PIRH=18;
C-----;?
SQNR=75301;DATE=24-08-14;TIME=20:55:00;STAT=201222;TMPA=20;TMPP=203;TMPB=24;TMPC=21;RHUA=87;DWPA=18;PTYP=1;PNAM=MS-80SH;PIRA=0;PIRP=0;PIRM=0;PIRL=-1;PIRH=18;
V-----;SWVNR=2102190;SQNDL=75302;DATE=24-08-14;TIME=20:55:06;THTYP=85;TTEMP=15;TDEWP=5;IUFAN=800;ILFAN=5;IUHEA=3000;PYDEF=21;PYAVT=30;PYAVW=1;PYOST=0;MSDLY=15;FNDLY=30;OSTRG=3;DBGFL=0;ASIRE=0;DBGRE=0;MPPFL=-1;
SQNR=75316;DATE=24-08-14;TIME=20:55:15;STAT=201222;TMPA=20;TMPP=203;TMPB=24;TMPC=21;RHUA=87;DWPA=18;PTYP=1;PNAM=MS-80SH;PIRA=-1;PIRP=0;PIRM=0;PIRL=-1;PIRH=18;
SQNR=75331;DATE=24-08-14;TIME=20:55:30;STAT=201222;TMPA=20;TMPP=203;TMPB=24;TMPC=21;RHUA=87;DWPA=18;PTYP=1;PNAM=MS-80SH;PIRA=0;PIRP=0;PIRM=0;PIRL=-1;PIRH=18;
SQNR=75346;DATE=24-08-14;TIME=20:55:45;STAT=201222;TMPA=20;TMPP=203;TMPB=24;TMPC=21;RHUA=86;DWPA=18;PTYP=1;PNAM=MS-80SH;PIRA=-1;PIRP=0;PIRM=0;PIRL=-1;PIRH=18;
SQNR=75361;DATE=24-08-14;TIME=20:56:00;STAT=201222;TMPA=20;TMPP=203;TMPB=24;TMPC=21;RHUA=87;DWPA=18;PTYP=1;PNAM=MS-80SH;PIRA=-1;PIRP=-1;PIRM=0;PIRL=-1;PIRH=18;
SQNR=75375;DATE=24-08-14;TIME=20:56:15;STAT=201222;TMPA=20;TMPP=203;TMPB=24;TMPC=21;RHUA=87;DWPA=18;PTYP=1;PNAM=MS-80SH;PIRA=0;PIRP=-1;PIRM=-1;PIRL=-1;PIRH=18;
SQNR=75390;DATE=24-08-14;TIME=20:56:30;STAT=201222;TMPA=20;TMPP=203;TMPB=24;TMPC=21;RHUA=87;DWPA=18;PTYP=1;PNAM=MS-80SH;PIRA=-1;PIRP=-1;PIRM=-1;PIRL=-1;PIRH=18;
SQNR=75405;DATE=24-08-14;TIME=20:56:45;STAT=201222;TMPA=20;TMPP=202;TMPB=24;TMPC=21;RHUA=87;DWPA=18;PTYP=1;PNAM=MS-80SH;PIRA=-1;PIRP=-1;PIRM=-1;PIRL=-1;PIRH=18;
SQNR=75420;DATE=24-08-14;TIME=20:57:00;STAT=201222;TMPA=20;TMPP=202;TMPB=24;TMPC=21;RHUA=87;DWPA=18;PTYP=1;PNAM=MS-80SH;PIRA=-1;PIRP=-1;PIRM=-1;PIRL=-1;PIRH=18;
SQNR=75435;DATE=24-08-14;TIME=20:57:15;STAT=201222;TMPA=20;TMPP=202;TMPB=24;TMPC=21;RHUA=88;DWPA=18;PTYP=1;PNAM=MS-80SH;PIRA=-1;PIRP=-1;PIRM=-1;PIRL=-1;PIRH=18;
SQNR=75450;DATE=24-08-14;TIME=20:57:30;STAT=201222;TMPA=20;TMPP=202;TMPB=24;TMPC=21;RHUA=87;DWPA=18;PTYP=1;PNAM=MS-80SH;PIRA=-1;PIRP=-1;PIRM=-1;PIRL=-1;PIRH=18;
SQNR=75465;DATE=24-08-14;TIME=20:57:45;STAT=201222;TMPA=20;TMPP=202;TMPB=24;TMPC=21;RHUA=86;DWPA=17;PTYP=1;PNAM=MS-80SH;PIRA=-1;PIRP=-1;PIRM=-1;PIRL=-1;PIRH=18;
SQNR=75480;DATE=24-08-14;TIME=20:58:00;STAT=201222;TMPA=20;TMPP=202;TMPB=24;TMPC=21;RHUA=86;DWPA=18;PTYP=1;PNAM=MS-80SH;PIRA=-1;PIRP=-1;PIRM=-1;PIRL=-1;PIRH=18;
SQNR=75495;DATE=24-08-14;TIME=20:58:15;STAT=201222;TMPA=20;TMPP=203;TMPB=24;TMPC=21;RHUA=87;DWPA=18;PTYP=1;PNAM=MS-80SH;PIRA=-1;PIRP=-1;PIRM=-1;PIRL=-1;PIRH=18;
SQNR=75510;DATE=24-08-14;TIME=20:58:30;STAT=201222;TMPA=20;TMPP=203;TMPB=24;TMPC=22;RHUA=88;DWPA=18;PTYP=1;PNAM=MS-80SH;PIRA=-1;PIRP=-1;PIRM=-1;PIRL=-1;PIRH=18;
SQNR=75525;DATE=24-08-14;TIME=20:58:45;STAT=201222;TMPA=20;TMPP=203;TMPB=24;TMPC=22;RHUA=88;DWPA=18;PTYP=1;PNAM=MS-80SH;PIRA=-1;PIRP=-1;PIRM=-1;PIRL=-1;PIRH=18;
SQNR=75540;DATE=24-08-14;TIME=20:59:00;STAT=201222;TMPA=20;TMPP=203;TMPB=24;TMPC=22;RHUA=88;DWPA=18;PTYP=1;PNAM=MS-80SH;PIRA=-1;PIRP=-1;PIRM=-1;PIRL=-1;PIRH=18;
SQNR=75555;DATE=24-08-14;TIME=20:59:15;STAT=201222;TMPA=20;TMPP=203;TMPB=24;TMPC=22;RHUA=88;DWPA=18;PTYP=1;PNAM=MS-80SH;PIRA=-1;PIRP=-1;PIRM=-1;PIRL=-1;PIRH=18;
SQNR=75570;DATE=24-08-14;TIME=20:59:30;STAT=201222;TMPA=20;TMPP=204;TMPB=24;TMPC=22;RHUA=88;DWPA=18;PTYP=1;PNAM=MS-80SH;PIRA=-1;PIRP=-1;PIRM=-1;PIRL=-1;PIRH=18;
SQNR=75585;DATE=24-08-14;TIME=20:59:45;STAT=201222;TMPA=20;TMPP=204;TMPB=24;TMPC=22;RHUA=88;DWPA=18;PTYP=1;PNAM=MS-80SH;PIRA=-1;PIRP=-1;PIRM=-1;PIRL=-1;PIRH=18;
SQNR=75600;DATE=24-08-14;TIME=21:00:00;STAT=201222;TMPA=20;TMPP=204;TMPB=24;TMPC=22;RHUA=88;DWPA=18;PTYP=1;PNAM=MS-80SH;PIRA=-1;PIRP=-1;PIRM=-1;PIRL=-1;PIRH=18;
C-----;?
V-----;SWVNR=2102190;SQNDL=75602;DATE=24-08-14;TIME=21:00:07;THTYP=85;TTEMP=15;TDEWP=5;IUFAN=800;ILFAN=5;IUHEA=3000;PYDEF=21;PYAVT=30;PYAVW=1;PYOST=0;MSDLY=15;FNDLY=30;OSTRG=3;DBGFL=0;ASIRE=0;DBGRE=0;MPPFL=-1;
SQNR=75615;DATE=24-08-14;TIME=21:00:15;STAT=201222;TMPA=20;TMPP=204;TMPB=24;TMPC=22;RHUA=88;DWPA=18;PTYP=1;PNAM=MS-80SH;PIRA=-1;PIRP=-1;PIRM=-1;PIRL=-1;PIRH=18;
SQNR=75630;DATE=24-08-14;TIME=21:00:30;STAT=201222;TMPA=20;TMPP=204;TMPB=24;TMPC=22;RHUA=89;DWPA=18;PTYP=1;PNAM=MS-80SH;PIRA=-1;PIRP=-1;PIRM=-1;PIRL=-1;PIRH=18;
SQNR=75645;DATE=24-08-14;TIME=21:00:45;STAT=201222;TMPA=20;TMPP=204;TMPB=24;TMPC=22;RHUA=89;DWPA=18;PTYP=1;PNAM=MS-80SH;PIRA=-1;PIRP=-1;PIRM=-1;PIRL=-1;PIRH=18;
C-----;P1001
P-----;DATE=24-08-14;TIME=21:00:46;PSNR=23059772;PTMP=219;PRHU=5;PSTX=-24;PSTY=14;
SQNR=75660;DATE=24-08-14;TIME=21:01:00;STAT=201222;TMPA=20;TMPP=204;TMPB=24;TMPC=22;RHUA=90;DWPA=18;PTYP=1;PNAM=MS-80SH;PIRA=-1;PIRP=-1;PIRM=-1;PIRL=-1;PIRH=18;
SQNR=75675;DATE=24-08-14;TIME=21:01:15;STAT=201222;TMPA=20;TMPP=204;TMPB=24;TMPC=22;RHUA=89;DWPA=18;PTYP=1;PNAM=MS-80SH;PIRA=-1;PIRP=-1;PIRM=-1;PIRL=-1;PIRH=18;
SQNR=75690;DATE=24-08-14;TIME=21:01:30;STAT=201222;TMPA=20;TMPP=204;TMPB=24;TMPC=22;RHUA=89;DWPA=18;PTYP=1;PNAM=MS-80SH;PIRA=-1;PIRP=-1;PIRM=-1;PIRL=-1;PIRH=18;
SQNR=75705;DATE=24-08-14;TIME=21:01:45;STAT=201222;TMPA=20;TMPP=204;TMPB=24;TMPC=22;RHUA=89;DWPA=18;PTYP=1;PNAM=MS-80SH;PIRA=-1;PIRP=-1;PIRM=-1;PIRL=-1;PIRH=18;
SQNR=75720;DATE=24-08-14;TIME=21:02:00;STAT=201222;TMPA=20;TMPP=204;TMPB=24;TMPC=22;RHUA=90;DWPA=18;PTYP=1;PNAM=MS-80SH;PIRA=-1;PIRP=-1;PIRM=-1;PIRL=-1;PIRH=18;
SQNR=75735;DATE=24-08-14;TIME=21:02:15;STAT=201222;TMPA=20;TMPP=204;TMPB=24;TMPC=22;RHUA=90;DWPA=18;PTYP=1;PNAM=MS-80SH;PIRA=0;PIRP=-1;PIRM=-1;PIRL=-1;PIRH=18;
SQNR=75750;DATE=24-08-14;TIME=21:02:30;STAT=201222;TMPA=20;TMPP=204;TMPB=24;TMPC=22;RHUA=90;DWPA=18;PTYP=1;PNAM=MS-80SH;PIRA=-1;PIRP=-1;PIRM=-1;PIRL=-1;PIRH=18;
SQNR=75765;DATE=24-08-14;TIME=21:02:45;STAT=201222;TMPA=20;TMPP=204;TMPB=24;TMPC=22;RHUA=89;DWPA=18;PTYP=1;PNAM=MS-80SH;PIRA=-1;PIRP=-1;PIRM=-1;PIRL=-1;PIRH=18;
SQNR=75780;DATE=24-08-14;TIME=21:03:00;STAT=201222;TMPA=20;TMPP=203;TMPB=24;TMPC=22;RHUA=89;DWPA=18;PTYP=1;PNAM=MS-80SH;PIRA=-1;PIRP=-1;PIRM=-1;PIRL=-1;PIRH=18;
SQNR=75795;DATE=24-08-14;TIME=21:03:15;STAT=201222;TMPA=20;TMPP=203;TMPB=24;TMPC=22;RHUA=89;DWPA=18;PTYP=1;PNAM=MS-80SH;PIRA=0;PIRP=-1;PIRM=-1;PIRL=-1;PIRH=18;
SQNR=75810;DATE=24-08-14;TIME=21:03:30;STAT=201222;TMPA=20;TMPP=202;TMPB=23;TMPC=22;RHUA=89;DWPA=18;PTYP=1;PNAM=MS-80SH;PIRA=0;PIRP=0;PIRM=0;PIRL=-1;PIRH=18;
SQNR=75825;DATE=24-08-14;TIME=21:03:45;STAT=201222;TMPA=20;TMPP=202;TMPB=23;TMPC=22;RHUA=89;DWPA=18;PTYP=1;PNAM=MS-80SH;PIRA=0;PIRP=0;PIRM=0;PIRL=-1;PIRH=18;
SQNR=75840;DATE=24-08-14;TIME=21:04:00;STAT=201222;TMPA=20;TMPP=201;TMPB=23;TMPC=22;RHUA=89;DWPA=18;PTYP=1;PNAM=MS-80SH;PIRA=0;PIRP=0;PIRM=0;PIRL=-1;PIRH=18;
SQNR=75855;DATE=24-08-14;TIME=21:04:15;STAT=201222;TMPA=20;TMPP=200;TMPB=23;TMPC=22;RHUA=89;DWPA=18;PTYP=1;PNAM=MS-80SH;PIRA=0;PIRP=0;PIRM=0;PIRL=-1;PIRH=18;
SQNR=75870;DATE=24-08-14;TIME=21:04:30;STAT=201222;TMPA=20;TMPP=200;TMPB=23;TMPC=22;RHUA=90;DWPA=18;PTYP=1;PNAM=MS-80SH;PIRA=0;PIRP=0;PIRM=0;PIRL=-1;PIRH=18;
SQNR=75885;DATE=24-08-14;TIME=21:04:45;STAT=201222;TMPA=20;TMPP=200;TMPB=23;TMPC=22;RHUA=90;DWPA=18;PTYP=1;PNAM=MS-80SH;PIRA=0;PIRP=0;PIRM=0;PIRL=-1;PIRH=18;
SQNR=75900;DATE=24-08-14;TIME=21:05:00;STAT=201222;TMPA=20;TMPP=200;TMPB=23;TMPC=22;RHUA=90;DWPA=18;PTYP=1;PNAM=MS-80SH;PIRA=0;PIRP=0;PIRM=0;PIRL=-1;PIRH=18;
C-----;?
V-----;SWVNR=2102190;SQNDL=75901;DATE=24-08-14;TIME=21:05:06;THTYP=85;TTEMP=15;TDEWP=5;IUFAN=800;ILFAN=5;IUHEA=3000;PYDEF=21;PYAVT=30;PYAVW=1;PYOST=0;MSDLY=15;FNDLY=30;OSTRG=3;DBGFL=0;ASIRE=0;DBGRE=0;MPPFL=-1;
SQNR=75915;DATE=24-08-14;TIME=21:05:15;STAT=201222;TMPA=19;TMPP=199;TMPB=23;TMPC=22;RHUA=90;DWPA=18;PTYP=1;PNAM=MS-80SH;PIRA=0;PIRP=0;PIRM=0;PIRL=-1;PIRH=18;
SQNR=75930;DATE=24-08-14;TIME=21:05:30;STAT=201222;TMPA=19;TMPP=199;TMPB=23;TMPC=22;RHUA=90;DWPA=18;PTYP=1;PNAM=MS-80SH;PIRA=0;PIRP=0;PIRM=0;PIRL=-1;PIRH=18;
SQNR=75945;DATE=24-08-14;TIME=21:05:45;STAT=201222;TMPA=19;TMPP=199;TMPB=23;TMPC=22;RHUA=91;DWPA=18;PTYP=1;PNAM=MS-80SH;PIRA=0;PIRP=0;PIRM=0;PIRL=-1;PIRH=18;
SQNR=75960;DATE=24-08-14;TIME=21:06:00;STAT=201222;TMPA=20;TMPP=200;TMPB=23;TMPC=22;RHUA=90;DWPA=18;PTYP=1;PNAM=MS-80SH;PIRA=0;PIRP=0;PIRM=0;PIRL=-1;PIRH=18;
SQNR=75975;DATE=24-08-14;TIME=21:06:15;STAT=201222;TMPA=20;TMPP=200;TMPB=24;TMPC=22;RHUA=91;DWPA=18;PTYP=1;PNAM=MS-80SH;PIRA=0;PIRP=0;PIRM=0;PIRL=-1;PIRH=18;
SQNR=75990;DATE=24-08-14;TIME=21:06:30;STAT=201222;TMPA=20;TMPP=201;TMPB=24;TMPC=22;RHUA=91;DWPA=18;PTYP=1;PNAM=MS-80SH;PIRA=0;PIRP=0;PIRM=0;PIRL=-1;PIRH=18;
SQNR=76005;DATE=24-08-14;TIME=21:06:45;STAT=201222;TMPA=20;TMPP=201;TMPB=24;TMPC=22;RHUA=90;DWPA=18;PTYP=1;PNAM=MS-80SH;PIRA=0;PIRP=0;PIRM=0;PIRL=-1;PIRH=18;
SQNR=76020;DATE=24-08-14;TIME=21:07:00;STAT=201222;TMPA=20;TMPP=201;TMPB=23;TMPC=22;RHUA=89;DWPA=18;PTYP=1;PNAM=MS-80SH;PIRA=0;PIRP=0;PIRM=0;PIRL=-1;PIRH=18;
SQNR=76035;DATE=24-08-14;TIME=21:07:15;STAT=201222;TMPA=20;TMPP=201;TMPB=23;TMPC=22;RHUA=89;DWPA=18;PTYP=1;PNAM=MS-80SH;PIRA=-1;PIRP=0;PIRM=0;PIRL=-1;PIRH=18;
SQNR=76050;DATE=24-08-14;TIME=21:07:30;STAT=201222;TMPA=20;TMPP=201;TMPB=24;TMPC=22;RHUA=90;DWPA=18;PTYP=1;PNAM=MS-80SH;PIRA=0;PIRP=0;PIRM=0;PIRL=-1;PIRH=18;
SQNR=76065;DATE=24-08-14;TIME=21:07:45;STAT=201222;TMPA=20;TMPP=201;TMPB=24;TMPC=22;RHUA=90;DWPA=18;PTYP=1;PNAM=MS-80SH;PIRA=0;PIRP=0;PIRM=0;PIRL=-1;PIRH=18;
SQNR=76080;DATE=24-08-14;TIME=21:08:00;STAT=201222;TMPA=20;TMPP=201;TMPB=24;TMPC=22;RHUA=90;DWPA=18;PTYP=1;PNAM=MS-80SH;PIRA=-1;PIRP=0;PIRM=0;PIRL=-1;PIRH=18;
SQNR=76095;DATE=24-08-14;TIME=21:08:15;STAT=201222;TMPA=20;TMPP=201;TMPB=24;TMPC=22;RHUA=90;DWPA=18;PTYP=1;PNAM=MS-80SH;PIRA=0;PIRP=0;PIRM=0;PIRL=-1;PIRH=18;
SQNR=76110;DATE=24-08-14;TIME=21:08:30;STAT=201222;TMPA=20;TMPP=201;TMPB=23;TMPC=22;RHUA=90;DWPA=18;PTYP=1;PNAM=MS-80SH;PIRA=-1;PIRP=-1;PIRM=-1;PIRL=-1;PIRH=18;
SQNR=76125;DATE=24-08-14;TIME=21:08:45;STAT=201222;TMPA=20;TMPP=201;TMPB=24;TMPC=22;RHUA=90;DWPA=18;PTYP=1;PNAM=MS-80SH;PIRA=-1;PIRP=-1;PIRM=0;PIRL=-1;PIRH=18;
SQNR=76140;DATE=24-08-14;TIME=21:09:00;STAT=201222;TMPA=20;TMPP=201;TMPB=23;TMPC=22;RHUA=89;DWPA=18;PTYP=1;PNAM=MS-80SH;PIRA=0;PIRP=0;PIRM=-1;PIRL=-1;PIRH=18;
SQNR=76155;DATE=24-08-14;TIME=21:09:15;STAT=201222;TMPA=20;TMPP=201;TMPB=23;TMPC=22;RHUA=90;DWPA=18;PTYP=1;PNAM=MS-80SH;PIRA=-1;PIRP=0;PIRM=0;PIRL=-1;PIRH=18;
SQNR=76170;DATE=24-08-14;TIME=21:09:30;STAT=201222;TMPA=20;TMPP=201;TMPB=23;TMPC=22;RHUA=90;DWPA=18;PTYP=1;PNAM=MS-80SH;PIRA=0;PIRP=0;PIRM=0;PIRL=-1;PIRH=18;
SQNR=76185;DATE=24-08-14;TIME=21:09:45;STAT=201222;TMPA=20;TMPP=201;TMPB=24;TMPC=22;RHUA=90;DWPA=18;PTYP=1;PNAM=MS-80SH;PIRA=-1;PIRP=-1;PIRM=-1;PIRL=-1;PIRH=18;
SQNR=76200;DATE=24-08-14;TIME=21:10:00;STAT=201222;TMPA=20;TMPP=200;TMPB=24;TMPC=22;RHUA=90;DWPA=18;PTYP=1;PNAM=MS-80SH;PIRA=-1;PIRP=-1;PIRM=-1;PIRL=-1;PIRH=18;
C-----;?
V-----;SWVNR=2102190;SQNDL=76201;DATE=24-08-14;TIME=21:10:06;THTYP=85;TTEMP=15;TDEWP=5;IUFAN=800;ILFAN=5;IUHEA=3000;PYDEF=21;PYAVT=30;PYAVW=1;PYOST=0;MSDLY=15;FNDLY=30;OSTRG=3;DBGFL=0;ASIRE=0;DBGRE=0;MPPFL=-1;
SQNR=76215;DATE=24-08-14;TIME=21:10:15;STAT=201222;TMPA=20;TMPP=201;TMPB=24;TMPC=22;RHUA=90;DWPA=18;PTYP=1;PNAM=MS-80SH;PIRA=-1;PIRP=-1;PIRM=-1;PIRL=-1;PIRH=18;
SQNR=76230;DATE=24-08-14;TIME=21:10:30;STAT=201222;TMPA=20;TMPP=201;TMPB=24;TMPC=22;RHUA=91;DWPA=18;PTYP=1;PNAM=MS-80SH;PIRA=-1;PIRP=-1;PIRM=-1;PIRL=-1;PIRH=18;
SQNR=76245;DATE=24-08-14;TIME=21:10:45;STAT=201222;TMPA=20;TMPP=201;TMPB=24;TMPC=22;RHUA=91;DWPA=18;PTYP=1;PNAM=MS-80SH;PIRA=-1;PIRP=-1;PIRM=-1;PIRL=-1;PIRH=18;
SQNR=76260;DATE=24-08-14;TIME=21:11:00;STAT=201222;TMPA=20;TMPP=202;TMPB=24;TMPC=22;RHUA=91;DWPA=18;PTYP=1;PNAM=MS-80SH;PIRA=-1;PIRP=-1;PIRM=-1;PIRL=-1;PIRH=18;
SQNR=76275;DATE=24-08-14;TIME=21:11:15;STAT=201222;TMPA=20;TMPP=202;TMPB=24;TMPC=22;RHUA=91;DWPA=18;PTYP=1;PNAM=MS-80SH;PIRA=-1;PIRP=-1;PIRM=-1;PIRL=-1;PIRH=18;
SQNR=76290;DATE=24-08-14;TIME=21:11:30;STAT=201222;TMPA=20;TMPP=202;TMPB=24;TMPC=22;RHUA=91;DWPA=18;PTYP=1;PNAM=MS-80SH;PIRA=-1;PIRP=-1;PIRM=-1;PIRL=-1;PIRH=18;
SQNR=76305;DATE=24-08-14;TIME=21:11:45;STAT=201222;TMPA=20;TMPP=203;TMPB=24;TMPC=22;RHUA=91;DWPA=18;PTYP=1;PNAM=MS-80SH;PIRA=-1;PIRP=-1;PIRM=-1;PIRL=-1;PIRH=18;
SQNR=76320;DATE=24-08-14;TIME=21:12:00;STAT=201222;TMPA=20;TMPP=203;TMPB=24;TMPC=22;RHUA=91;DWPA=18;PTYP=1;PNAM=MS-80SH;PIRA=-1;PIRP=-1;PIRM=-1;PIRL=-1;PIRH=18;
SQNR=76335;DATE=24-08-14;TIME=21:12:15;STAT=201222;TMPA=20;TMPP=203;TMPB=24;TMPC=22;RHUA=91;DWPA=18;PTYP=1;PNAM=MS-80SH;PIRA=-1;PIRP=-1;PIRM=-1;PIRL=-1;PIRH=18;
SQNR=76350;DATE=24-08-14;TIME=21:12:30;STAT=201222;TMPA=20;TMPP=203;TMPB=25;TMPC=22;RHUA=90;DWPA=18;PTYP=1;PNAM=MS-80SH;PIRA=-1;PIRP=-1;PIRM=-1;PIRL=-1;PIRH=18;
SQNR=76365;DATE=24-08-14;TIME=21:12:45;STAT=201222;TMPA=20;TMPP=204;TMPB=25;TMPC=22;RHUA=90;DWPA=18;PTYP=1;PNAM=MS-80SH;PIRA=-1;PIRP=-1;PIRM=-1;PIRL=-1;PIRH=18;
SQNR=76380;DATE=24-08-14;TIME=21:13:00;STAT=201222;TMPA=20;TMPP=204;TMPB=25;TMPC=22;RHUA=90;DWPA=18;PTYP=1;PNAM=MS-80SH;PIRA=-1;PIRP=-1;PIRM=-1;PIRL=-1;PIRH=18;
SQNR=76395;DATE=24-08-14;TIME=21:13:15;STAT=201222;TMPA=20;TMPP=205;TMPB=25;TMPC=22;RHUA=90;DWPA=18;PTYP=1;PNAM=MS-80SH;PIRA=-1;PIRP=-1;PIRM=-1;PIRL=-1;PIRH=18;
SQNR=76410;DATE=24-08-14;TIME=21:13:30;STAT=201222;TMPA=20;TMPP=205;TMPB=25;TMPC=22;RHUA=89;DWPA=18;PTYP=1;PNAM=MS-80SH;PIRA=-1;PIRP=-1;PIRM=-1;PIRL=-1;PIRH=18;
SQNR=76425;DATE=24-08-14;TIME=21:13:45;STAT=201222;TMPA=20;TMPP=205;TMPB=24;TMPC=22;RHUA=89;DWPA=18;PTYP=1;PNAM=MS-80SH;PIRA=0;PIRP=-1;PIRM=-1;PIRL=-1;PIRH=18;
SQNR=76440;DATE=24-08-14;TIME=21:14:00;STAT=201222;TMPA=20;TMPP=205;TMPB=25;TMPC=22;RHUA=89;DWPA=18;PTYP=1;PNAM=MS-80SH;PIRA=-1;PIRP=-1;PIRM=-1;PIRL=-1;PIRH=18;
SQNR=76455;DATE=24-08-14;TIME=21:14:15;STAT=201222;TMPA=20;TMPP=206;TMPB=25;TMPC=22;RHUA=89;DWPA=18;PTYP=1;PNAM=MS-80SH;PIRA=-1;PIRP=-1;PIRM=-1;PIRL=-1;PIRH=18;
SQNR=76470;DATE=24-08-14;TIME=21:14:30;STAT=201222;TMPA=20;TMPP=206;TMPB=25;TMPC=22;RHUA=89;DWPA=18;PTYP=1;PNAM=MS-80SH;PIRA=-1;PIRP=-1;PIRM=-1;PIRL=-1;PIRH=18;
SQNR=76485;DATE=24-08-14;TIME=21:14:45;STAT=201222;TMPA=20;TMPP=207;TMPB=25;TMPC=22;RHUA=90;DWPA=19;PTYP=1;PNAM=MS-80SH;PIRA=-1;PIRP=-1;PIRM=-1;PIRL=-1;PIRH=18;
SQNR=76500;DATE=24-08-14;TIME=21:15:00;STAT=201222;TMPA=20;TMPP=207;TMPB=25;TMPC=22;RHUA=89;DWPA=19;PTYP=1;PNAM=MS-80SH;PIRA=-1;PIRP=-1;PIRM=-1;PIRL=-1;PIRH=18;
C-----;?
V-----;SWVNR=2102190;SQNDL=76502;DATE=24-08-14;TIME=21:15:07;THTYP=85;TTEMP=15;TDEWP=5;IUFAN=800;ILFAN=5;IUHEA=3000;PYDEF=21;PYAVT=30;PYAVW=1;PYOST=0;MSDLY=15;FNDLY=30;OSTRG=3;DBGFL=0;ASIRE=0;DBGRE=0;MPPFL=-1;
SQNR=76515;DATE=24-08-14;TIME=21:15:15;STAT=201222;TMPA=20;TMPP=207;TMPB=25;TMPC=22;RHUA=89;DWPA=18;PTYP=1;PNAM=MS-80SH;PIRA=-1;PIRP=-1;PIRM=-1;PIRL=-1;PIRH=18;
SQNR=76530;DATE=24-08-14;TIME=21:15:30;STAT=201222;TMPA=20;TMPP=207;TMPB=25;TMPC=22;RHUA=89;DWPA=18;PTYP=1;PNAM=MS-80SH;PIRA=0;PIRP=-1;PIRM=-1;PIRL=-1;PIRH=18;
SQNR=76545;DATE=24-08-14;TIME=21:15:45;STAT=201222;TMPA=20;TMPP=208;TMPB=25;TMPC=22;RHUA=89;DWPA=18;PTYP=1;PNAM=MS-80SH;PIRA=-1;PIRP=-1;PIRM=-1;PIRL=-1;PIRH=18;
SQNR=76560;DATE=24-08-14;TIME=21:16:00;STAT=201222;TMPA=20;TMPP=208;TMPB=25;TMPC=22;RHUA=88;DWPA=18;PTYP=1;PNAM=MS-80SH;PIRA=-1;PIRP=-1;PIRM=-1;PIRL=-1;PIRH=18;
SQNR=76575;DATE=24-08-14;TIME=21:16:15;STAT=201222;TMPA=20;TMPP=208;TMPB=24;TMPC=22;RHUA=89;DWPA=18;PTYP=1;PNAM=MS-80SH;PIRA=0;PIRP=0;PIRM=-1;PIRL=-1;PIRH=18;
SQNR=76590;DATE=24-08-14;TIME=21:16:30;STAT=201222;TMPA=20;TMPP=208;TMPB=24;TMPC=22;RHUA=88;DWPA=18;PTYP=1;PNAM=MS-80SH;PIRA=0;PIRP=0;PIRM=0;PIRL=-1;PIRH=18;
SQNR=76605;DATE=24-08-14;TIME=21:16:45;STAT=201222;TMPA=20;TMPP=207;TMPB=24;TMPC=22;RHUA=87;DWPA=18;PTYP=1;PNAM=MS-80SH;PIRA=1;PIRP=0;PIRM=0;PIRL=-1;PIRH=18;
SQNR=76620;DATE=24-08-14;TIME=21:17:00;STAT=201222;TMPA=20;TMPP=206;TMPB=24;TMPC=22;RHUA=87;DWPA=18;PTYP=1;PNAM=MS-80SH;PIRA=0;PIRP=0;PIRM=0;PIRL=-1;PIRH=18;
SQNR=76635;DATE=24-08-14;TIME=21:17:15;STAT=201222;TMPA=20;TMPP=206;TMPB=24;TMPC=22;RHUA=88;DWPA=18;PTYP=1;PNAM=MS-80SH;PIRA=0;PIRP=0;PIRM=0;PIRL=-1;PIRH=18;
SQNR=76650;DATE=24-08-14;TIME=21:17:30;STAT=201222;TMPA=20;TMPP=205;TMPB=24;TMPC=22;RHUA=88;DWPA=18;PTYP=1;PNAM=MS-80SH;PIRA=0;PIRP=0;PIRM=0;PIRL=-1;PIRH=18;
SQNR=76665;DATE=24-08-14;TIME=21:17:45;STAT=201222;TMPA=20;TMPP=204;TMPB=24;TMPC=22;RHUA=88;DWPA=18;PTYP=1;PNAM=MS-80SH;PIRA=0;PIRP=0;PIRM=0;PIRL=-1;PIRH=18;
SQNR=76680;DATE=24-08-14;TIME=21:18:00;STAT=201222;TMPA=20;TMPP=204;TMPB=24;TMPC=22;RHUA=89;DWPA=18;PTYP=1;PNAM=MS-80SH;PIRA=1;PIRP=0;PIRM=0;PIRL=-1;PIRH=18;
SQNR=76695;DATE=24-08-14;TIME=21:18:15;STAT=201222;TMPA=20;TMPP=203;TMPB=24;TMPC=22;RHUA=89;DWPA=18;PTYP=1;PNAM=MS-80SH;PIRA=1;PIRP=1;PIRM=0;PIRL=-1;PIRH=18;
SQNR=76710;DATE=24-08-14;TIME=21:18:30;STAT=201222;TMPA=20;TMPP=203;TMPB=23;TMPC=22;RHUA=89;DWPA=18;PTYP=1;PNAM=MS-80SH;PIRA=1;PIRP=1;PIRM=1;PIRL=-1;PIRH=18;
SQNR=76725;DATE=24-08-14;TIME=21:18:45;STAT=201222;TMPA=20;TMPP=202;TMPB=23;TMPC=22;RHUA=89;DWPA=18;PTYP=1;PNAM=MS-80SH;PIRA=0;PIRP=1;PIRM=1;PIRL=-1;PIRH=18;
SQNR=76740;DATE=24-08-14;TIME=21:19:00;STAT=201222;TMPA=20;TMPP=202;TMPB=23;TMPC=22;RHUA=89;DWPA=18;PTYP=1;PNAM=MS-80SH;PIRA=1;PIRP=1;PIRM=1;PIRL=-1;PIRH=18;
SQNR=76755;DATE=24-08-14;TIME=21:19:15;STAT=201222;TMPA=20;TMPP=201;TMPB=23;TMPC=22;RHUA=90;DWPA=18;PTYP=1;PNAM=MS-80SH;PIRA=0;PIRP=1;PIRM=1;PIRL=-1;PIRH=18;
SQNR=76770;DATE=24-08-14;TIME=21:19:30;STAT=201222;TMPA=20;TMPP=201;TMPB=23;TMPC=22;RHUA=90;DWPA=18;PTYP=1;PNAM=MS-80SH;PIRA=1;PIRP=1;PIRM=1;PIRL=-1;PIRH=18;
SQNR=76785;DATE=24-08-14;TIME=21:19:45;STAT=201222;TMPA=20;TMPP=201;TMPB=23;TMPC=22;RHUA=89;DWPA=18;PTYP=1;PNAM=MS-80SH;PIRA=1;PIRP=1;PIRM=1;PIRL=-1;PIRH=18;
SQNR=76800;DATE=24-08-14;TIME=21:20:00;STAT=201222;TMPA=20;TMPP=200;TMPB=23;TMPC=22;RHUA=90;DWPA=18;PTYP=1;PNAM=MS-80SH;PIRA=1;PIRP=1;PIRM=1;PIRL=-1;PIRH=18;
C-----;?
V-----;SWVNR=2102190;SQNDL=76802;DATE=24-08-14;TIME=21:20:07;THTYP=85;TTEMP=15;TDEWP=5;IUFAN=800;ILFAN=5;IUHEA=3000;PYDEF=21;PYAVT=30;PYAVW=1;PYOST=0;MSDLY=15;FNDLY=30;OSTRG=3;DBGFL=0;ASIRE=0;DBGRE=0;MPPFL=-1;
SQNR=76815;DATE=24-08-14;TIME=21:20:15;STAT=201222;TMPA=20;TMPP=200;TMPB=23;TMPC=22;RHUA=90;DWPA=18;PTYP=1;PNAM=MS-80SH;PIRA=1;PIRP=1;PIRM=1;PIRL=-1;PIRH=18;
SQNR=76830;DATE=24-08-14;TIME=21:20:30;STAT=201222;TMPA=19;TMPP=199;TMPB=23;TMPC=22;RHUA=90;DWPA=18;PTYP=1;PNAM=MS-80SH;PIRA=1;PIRP=1;PIRM=1;PIRL=-1;PIRH=18;
SQNR=76845;DATE=24-08-14;TIME=21:20:45;STAT=201222;TMPA=19;TMPP=199;TMPB=23;TMPC=22;RHUA=90;DWPA=18;PTYP=1;PNAM=MS-80SH;PIRA=1;PIRP=1;PIRM=1;PIRL=-1;PIRH=18;
SQNR=76860;DATE=24-08-14;TIME=21:21:00;STAT=201222;TMPA=19;TMPP=198;TMPB=23;TMPC=22;RHUA=90;DWPA=18;PTYP=1;PNAM=MS-80SH;PIRA=1;PIRP=1;PIRM=1;PIRL=-1;PIRH=18;
SQNR=76875;DATE=24-08-14;TIME=21:21:15;STAT=201222;TMPA=19;TMPP=198;TMPB=23;TMPC=22;RHUA=90;DWPA=18;PTYP=1;PNAM=MS-80SH;PIRA=0;PIRP=1;PIRM=1;PIRL=-1;PIRH=18;
SQNR=76890;DATE=24-08-14;TIME=21:21:30;STAT=201222;TMPA=19;TMPP=198;TMPB=23;TMPC=22;RHUA=91;DWPA=18;PTYP=1;PNAM=MS-80SH;PIRA=1;PIRP=1;PIRM=1;PIRL=-1;PIRH=18;
SQNR=76905;DATE=24-08-14;TIME=21:21:45;STAT=201222;TMPA=19;TMPP=198;TMPB=23;TMPC=22;RHUA=91;DWPA=18;PTYP=1;PNAM=MS-80SH;PIRA=0;PIRP=1;PIRM=1;PIRL=-1;PIRH=18;
SQNR=76920;DATE=24-08-14;TIME=21:22:00;STAT=201222;TMPA=19;TMPP=198;TMPB=23;TMPC=22;RHUA=91;DWPA=18;PTYP=1;PNAM=MS-80SH;PIRA=0;PIRP=1;PIRM=1;PIRL=-1;PIRH=18;
SQNR=76935;DATE=24-08-14;TIME=21:22:15;STAT=201222;TMPA=19;TMPP=198;TMPB=23;TMPC=22;RHUA=91;DWPA=18;PTYP=1;PNAM=MS-80SH;PIRA=1;PIRP=0;PIRM=1;PIRL=-1;PIRH=18;
SQNR=76950;DATE=24-08-14;TIME=21:22:30;STAT=201222;TMPA=19;TMPP=198;TMPB=23;TMPC=22;RHUA=91;DWPA=18;PTYP=1;PNAM=MS-80SH;PIRA=0;PIRP=0;PIRM=1;PIRL=-1;PIRH=18;
SQNR=76965;DATE=24-08-14;TIME=21:22:45;STAT=201222;TMPA=19;TMPP=198;TMPB=23;TMPC=22;RHUA=91;DWPA=18;PTYP=1;PNAM=MS-80SH;PIRA=1;PIRP=1;PIRM=1;PIRL=-1;PIRH=18;
SQNR=76980;DATE=24-08-14;TIME=21:23:00;STAT=201222;TMPA=19;TMPP=197;TMPB=23;TMPC=22;RHUA=91;DWPA=18;PTYP=1;PNAM=MS-80SH;PIRA=0;PIRP=0;PIRM=0;PIRL=-1;PIRH=18;
SQNR=76995;DATE=24-08-14;TIME=21:23:15;STAT=201222;TMPA=19;TMPP=198;TMPB=23;TMPC=22;RHUA=91;DWPA=18;PTYP=1;PNAM=MS-80SH;PIRA=0;PIRP=0;PIRM=0;PIRL=-1;PIRH=18;
SQNR=77010;DATE=24-08-14;TIME=21:23:30;STAT=201222;TMPA=19;TMPP=198;TMPB=23;TMPC=22;RHUA=91;DWPA=18;PTYP=1;PNAM=MS-80SH;PIRA=0;PIRP=0;PIRM=0;PIRL=-1;PIRH=18;
SQNR=77025;DATE=24-08-14;TIME=21:23:45;STAT=201222;TMPA=19;TMPP=197;TMPB=23;TMPC=22;RHUA=91;DWPA=18;PTYP=1;PNAM=MS-80SH;PIRA=1;PIRP=1;PIRM=1;PIRL=-1;PIRH=18;
SQNR=77040;DATE=24-08-14;TIME=21:24:00;STAT=201222;TMPA=19;TMPP=197;TMPB=23;TMPC=22;RHUA=91;DWPA=18;PTYP=1;PNAM=MS-80SH;PIRA=1;PIRP=1;PIRM=1;PIRL=-1;PIRH=18;
SQNR=77055;DATE=24-08-14;TIME=21:24:15;STAT=201222;TMPA=19;TMPP=197;TMPB=23;TMPC=22;RHUA=91;DWPA=18;PTYP=1;PNAM=MS-80SH;PIRA=0;PIRP=1;PIRM=1;PIRL=-1;PIRH=18;
SQNR=77070;DATE=24-08-14;TIME=21:24:30;STAT=201222;TMPA=19;TMPP=197;TMPB=23;TMPC=22;RHUA=91;DWPA=18;PTYP=1;PNAM=MS-80SH;PIRA=1;PIRP=1;PIRM=1;PIRL=-1;PIRH=18;
SQNR=77085;DATE=24-08-14;TIME=21:24:45;STAT=201222;TMPA=19;TMPP=197;TMPB=23;TMPC=22;RHUA=91;DWPA=18;PTYP=1;PNAM=MS-80SH;PIRA=0;PIRP=0;PIRM=0;PIRL=-1;PIRH=18;
SQNR=77100;DATE=24-08-14;TIME=21:25:00;STAT=201222;TMPA=19;TMPP=197;TMPB=23;TMPC=22;RHUA=91;DWPA=18;PTYP=1;PNAM=MS-80SH;PIRA=0;PIRP=0;PIRM=0;PIRL=-1;PIRH=18;
C-----;?
V-----;SWVNR=2102190;SQNDL=77102;DATE=24-08-14;TIME=21:25:07;THTYP=85;TTEMP=15;TDEWP=5;IUFAN=800;ILFAN=5;IUHEA=3000;PYDEF=21;PYAVT=30;PYAVW=1;PYOST=0;MSDLY=15;FNDLY=30;OSTRG=3;DBGFL=0;ASIRE=0;DBGRE=0;MPPFL=-1;
SQNR=77115;DATE=24-08-14;TIME=21:25:15;STAT=201222;TMPA=19;TMPP=197;TMPB=23;TMPC=22;RHUA=91;DWPA=18;PTYP=1;PNAM=MS-80SH;PIRA=0;PIRP=0;PIRM=0;PIRL=-1;PIRH=18;
SQNR=77130;DATE=24-08-14;TIME=21:25:30;STAT=201222;TMPA=19;TMPP=197;TMPB=23;TMPC=22;RHUA=91;DWPA=18;PTYP=1;PNAM=MS-80SH;PIRA=0;PIRP=0;PIRM=0;PIRL=-1;PIRH=18;
SQNR=77145;DATE=24-08-14;TIME=21:25:45;STAT=201222;TMPA=19;TMPP=197;TMPB=23;TMPC=22;RHUA=91;DWPA=18;PTYP=1;PNAM=MS-80SH;PIRA=0;PIRP=0;PIRM=0;PIRL=-1;PIRH=18;
SQNR=77160;DATE=24-08-14;TIME=21:26:00;STAT=201222;TMPA=19;TMPP=197;TMPB=23;TMPC=22;RHUA=91;DWPA=18;PTYP=1;PNAM=MS-80SH;PIRA=0;PIRP=0;PIRM=0;PIRL=-1;PIRH=18;
SQNR=77175;DATE=24-08-14;TIME=21:26:15;STAT=201222;TMPA=19;TMPP=198;TMPB=23;TMPC=22;RHUA=91;DWPA=18;PTYP=1;PNAM=MS-80SH;PIRA=0;PIRP=0;PIRM=0;PIRL=-1;PIRH=18;
SQNR=77190;DATE=24-08-14;TIME=21:26:30;STAT=201222;TMPA=19;TMPP=198;TMPB=23;TMPC=22;RHUA=91;DWPA=18;PTYP=1;PNAM=MS-80SH;PIRA=0;PIRP=0;PIRM=0;PIRL=-1;PIRH=18;
SQNR=77205;DATE=24-08-14;TIME=21:26:45;STAT=201222;TMPA=19;TMPP=198;TMPB=23;TMPC=22;RHUA=91;DWPA=18;PTYP=1;PNAM=MS-80SH;PIRA=0;PIRP=0;PIRM=0;PIRL=-1;PIRH=18;
SQNR=77220;DATE=24-08-14;TIME=21:27:00;STAT=201222;TMPA=19;TMPP=198;TMPB=23;TMPC=22;RHUA=90;DWPA=18;PTYP=1;PNAM=MS-80SH;PIRA=1;PIRP=0;PIRM=0;PIRL=-1;PIRH=18;
SQNR=77235;DATE=24-08-14;TIME=21:27:15;STAT=201222;TMPA=19;TMPP=198;TMPB=23;TMPC=22;RHUA=90;DWPA=18;PTYP=1;PNAM=MS-80SH;PIRA=0;PIRP=0;PIRM=0;PIRL=-1;PIRH=18;
SQNR=77250;DATE=24-08-14;TIME=21:27:30;STAT=201222;TMPA=19;TMPP=198;TMPB=23;TMPC=22;RHUA=90;DWPA=18;PTYP=1;PNAM=MS-80SH;PIRA=0;PIRP=0;PIRM=0;PIRL=-1;PIRH=18;
SQNR=77265;DATE=24-08-14;TIME=21:27:45;STAT=201222;TMPA=19;TMPP=198;TMPB=23;TMPC=22;RHUA=90;DWPA=18;PTYP=1;PNAM=MS-80SH;PIRA=0;PIRP=0;PIRM=0;PIRL=-1;PIRH=18;
SQNR=77280;DATE=24-08-14;TIME=21:28:00;STAT=201222;TMPA=19;TMPP=198;TMPB=23;TMPC=22;RHUA=91;DWPA=18;PTYP=1;PNAM=MS-80SH;PIRA=0;PIRP=0;PIRM=0;PIRL=-1;PIRH=18;
SQNR=77295;DATE=24-08-14;TIME=21:28:15;STAT=201222;TMPA=19;TMPP=198;TMPB=23;TMPC=22;RHUA=91;DWPA=18;PTYP=1;PNAM=MS-80SH;PIRA=0;PIRP=0;PIRM=0;PIRL=-1;PIRH=18;
SQNR=77310;DATE=24-08-14;TIME=21:28:30;STAT=201222;TMPA=19;TMPP=198;TMPB=23;TMPC=22;RHUA=90;DWPA=18;PTYP=1;PNAM=MS-80SH;PIRA=0;PIRP=0;PIRM=0;PIRL=-1;PIRH=18;
SQNR=77325;DATE=24-08-14;TIME=21:28:45;STAT=201222;TMPA=19;TMPP=198;TMPB=23;TMPC=22;RHUA=90;DWPA=18;PTYP=1;PNAM=MS-80SH;PIRA=0;PIRP=0;PIRM=0;PIRL=-1;PIRH=18;
SQNR=77340;DATE=24-08-14;TIME=21:29:00;STAT=201222;TMPA=19;TMPP=198;TMPB=23;TMPC=22;RHUA=90;DWPA=18;PTYP=1;PNAM=MS-80SH;PIRA=0;PIRP=0;PIRM=0;PIRL=-1;PIRH=18;
SQNR=77355;DATE=24-08-14;TIME=21:29:15;STAT=201222;TMPA=19;TMPP=198;TMPB=23;TMPC=22;RHUA=90;DWPA=18;PTYP=1;PNAM=MS-80SH;PIRA=0;PIRP=0;PIRM=0;PIRL=-1;PIRH=18;
SQNR=77370;DATE=24-08-14;TIME=21:29:30;STAT=201222;TMPA=19;TMPP=198;TMPB=23;TMPC=22;RHUA=90;DWPA=18;PTYP=1;PNAM=MS-80SH;PIRA=0;PIRP=0;PIRM=0;PIRL=-1;PIRH=18;
SQNR=77385;DATE=24-08-14;TIME=21:29:45;STAT=201222;TMPA=19;TMPP=198;TMPB=23;TMPC=22;RHUA=90;DWPA=18;PTYP=1;PNAM=MS-80SH;PIRA=0;PIRP=0;PIRM=0;PIRL=-1;PIRH=18;
SQNR=77400;DATE=24-08-14;TIME=21:30:00;STAT=201222;TMPA=19;TMPP=198;TMPB=23;TMPC=22;RHUA=90;DWPA=18;PTYP=1;PNAM=MS-80SH;PIRA=0;PIRP=0;PIRM=0;PIRL=-1;PIRH=18;
C-----;?
V-----;SWVNR=2102190;SQNDL=77402;DATE=24-08-14;TIME=21:30:07;THTYP=85;TTEMP=15;TDEWP=5;IUFAN=800;ILFAN=5;IUHEA=3000;PYDEF=21;PYAVT=30;PYAVW=1;PYOST=0;MSDLY=15;FNDLY=30;OSTRG=3;DBGFL=0;ASIRE=0;DBGRE=0;MPPFL=-1;
SQNR=77415;DATE=24-08-14;TIME=21:30:15;STAT=201222;TMPA=19;TMPP=198;TMPB=23;TMPC=22;RHUA=90;DWPA=18;PTYP=1;PNAM=MS-80SH;PIRA=0;PIRP=0;PIRM=0;PIRL=-1;PIRH=18;
SQNR=77430;DATE=24-08-14;TIME=21:30:30;STAT=201222;TMPA=19;TMPP=198;TMPB=23;TMPC=22;RHUA=91;DWPA=18;PTYP=1;PNAM=MS-80SH;PIRA=0;PIRP=0;PIRM=0;PIRL=-1;PIRH=18;
SQNR=77445;DATE=24-08-14;TIME=21:30:45;STAT=201222;TMPA=19;TMPP=198;TMPB=23;TMPC=22;RHUA=90;DWPA=18;PTYP=1;PNAM=MS-80SH;PIRA=0;PIRP=0;PIRM=0;PIRL=-1;PIRH=18;
SQNR=77460;DATE=24-08-14;TIME=21:31:00;STAT=201222;TMPA=19;TMPP=198;TMPB=23;TMPC=22;RHUA=90;DWPA=18;PTYP=1;PNAM=MS-80SH;PIRA=0;PIRP=0;PIRM=0;PIRL=-1;PIRH=18;
SQNR=77475;DATE=24-08-14;TIME=21:31:15;STAT=201222;TMPA=19;TMPP=198;TMPB=23;TMPC=22;RHUA=90;DWPA=18;PTYP=1;PNAM=MS-80SH;PIRA=0;PIRP=0;PIRM=0;PIRL=-1;PIRH=18;
SQNR=77490;DATE=24-08-14;TIME=21:31:30;STAT=201222;TMPA=19;TMPP=198;TMPB=23;TMPC=22;RHUA=91;DWPA=18;PTYP=1;PNAM=MS-80SH;PIRA=0;PIRP=0;PIRM=0;PIRL=-1;PIRH=18;
SQNR=77505;DATE=24-08-14;TIME=21:31:45;STAT=201222;TMPA=19;TMPP=198;TMPB=23;TMPC=22;RHUA=91;DWPA=18;PTYP=1;PNAM=MS-80SH;PIRA=0;PIRP=0;PIRM=0;PIRL=-1;PIRH=18;
SQNR=77520;DATE=24-08-14;TIME=21:32:00;STAT=201222;TMPA=19;TMPP=198;TMPB=23;TMPC=22;RHUA=91;DWPA=18;PTYP=1;PNAM=MS-80SH;PIRA=0;PIRP=0;PIRM=0;PIRL=-1;PIRH=18;
SQNR=77535;DATE=24-08-14;TIME=21:32:15;STAT=201222;TMPA=19;TMPP=198;TMPB=23;TMPC=22;RHUA=91;DWPA=18;PTYP=1;PNAM=MS-80SH;PIRA=0;PIRP=0;PIRM=0;PIRL=-1;PIRH=18;
SQNR=77550;DATE=24-08-14;TIME=21:32:30;STAT=201222;TMPA=19;TMPP=198;TMPB=23;TMPC=22;RHUA=91;DWPA=18;PTYP=1;PNAM=MS-80SH;PIRA=0;PIRP=0;PIRM=0;PIRL=-1;PIRH=18;
SQNR=77565;DATE=24-08-14;TIME=21:32:45;STAT=201222;TMPA=19;TMPP=198;TMPB=23;TMPC=22;RHUA=91;DWPA=18;PTYP=1;PNAM=MS-80SH;PIRA=0;PIRP=0;PIRM=0;PIRL=-1;PIRH=18;
SQNR=77580;DATE=24-08-14;TIME=21:33:00;STAT=201222;TMPA=19;TMPP=197;TMPB=23;TMPC=22;RHUA=91;DWPA=18;PTYP=1;PNAM=MS-80SH;PIRA=1;PIRP=0;PIRM=0;PIRL=-1;PIRH=18;
SQNR=77595;DATE=24-08-14;TIME=21:33:15;STAT=201222;TMPA=19;TMPP=198;TMPB=23;TMPC=22;RHUA=91;DWPA=18;PTYP=1;PNAM=MS-80SH;PIRA=0;PIRP=0;PIRM=0;PIRL=-1;PIRH=18;
SQNR=77610;DATE=24-08-14;TIME=21:33:30;STAT=201222;TMPA=19;TMPP=198;TMPB=23;TMPC=22;RHUA=91;DWPA=18;PTYP=1;PNAM=MS-80SH;PIRA=0;PIRP=0;PIRM=0;PIRL=-1;PIRH=18;
SQNR=77625;DATE=24-08-14;TIME=21:33:45;STAT=201222;TMPA=19;TMPP=197;TMPB=23;TMPC=22;RHUA=91;DWPA=18;PTYP=1;PNAM=MS-80SH;PIRA=0;PIRP=0;PIRM=0;PIRL=-1;PIRH=18;
SQNR=77640;DATE=24-08-14;TIME=21:34:00;STAT=201222;TMPA=19;TMPP=198;TMPB=23;TMPC=22;RHUA=91;DWPA=18;PTYP=1;PNAM=MS-80SH;PIRA=0;PIRP=0;PIRM=0;PIRL=-1;PIRH=18;
SQNR=77655;DATE=24-08-14;TIME=21:34:15;STAT=201222;TMPA=19;TMPP=197;TMPB=23;TMPC=22;RHUA=91;DWPA=18;PTYP=1;PNAM=MS-80SH;PIRA=0;PIRP=0;PIRM=0;PIRL=-1;PIRH=18;
SQNR=77670;DATE=24-08-14;TIME=21:34:30;STAT=201222;TMPA=19;TMPP=197;TMPB=23;TMPC=22;RHUA=91;DWPA=18;PTYP=1;PNAM=MS-80SH;PIRA=0;PIRP=0;PIRM=0;PIRL=-1;PIRH=18;
SQNR=77685;DATE=24-08-14;TIME=21:34:45;STAT=201222;TMPA=19;TMPP=197;TMPB=23;TMPC=22;RHUA=91;DWPA=18;PTYP=1;PNAM=MS-80SH;PIRA=0;PIRP=0;PIRM=0;PIRL=-1;PIRH=18;
SQNR=77700;DATE=24-08-14;TIME=21:35:00;STAT=201222;TMPA=19;TMPP=197;TMPB=23;TMPC=22;RHUA=91;DWPA=18;PTYP=1;PNAM=MS-80SH;PIRA=0;PIRP=0;PIRM=0;PIRL=-1;PIRH=18;
C-----;?
V-----;SWVNR=2102190;SQNDL=77701;DATE=24-08-14;TIME=21:35:06;THTYP=85;TTEMP=15;TDEWP=5;IUFAN=800;ILFAN=5;IUHEA=3000;PYDEF=21;PYAVT=30;PYAVW=1;PYOST=0;MSDLY=15;FNDLY=30;OSTRG=3;DBGFL=0;ASIRE=0;DBGRE=0;MPPFL=-1;
SQNR=77715;DATE=24-08-14;TIME=21:35:15;STAT=201222;TMPA=19;TMPP=197;TMPB=23;TMPC=22;RHUA=91;DWPA=18;PTYP=1;PNAM=MS-80SH;PIRA=0;PIRP=0;PIRM=0;PIRL=-1;PIRH=18;
SQNR=77730;DATE=24-08-14;TIME=21:35:30;STAT=201222;TMPA=19;TMPP=197;TMPB=23;TMPC=22;RHUA=91;DWPA=18;PTYP=1;PNAM=MS-80SH;PIRA=0;PIRP=0;PIRM=0;PIRL=-1;PIRH=18;
SQNR=77745;DATE=24-08-14;TIME=21:35:45;STAT=201222;TMPA=19;TMPP=197;TMPB=23;TMPC=22;RHUA=91;DWPA=18;PTYP=1;PNAM=MS-80SH;PIRA=0;PIRP=0;PIRM=0;PIRL=-1;PIRH=18;
SQNR=77760;DATE=24-08-14;TIME=21:36:00;STAT=201222;TMPA=19;TMPP=197;TMPB=23;TMPC=22;RHUA=91;DWPA=18;PTYP=1;PNAM=MS-80SH;PIRA=0;PIRP=0;PIRM=0;PIRL=-1;PIRH=18;
SQNR=77775;DATE=24-08-14;TIME=21:36:15;STAT=201222;TMPA=19;TMPP=197;TMPB=23;TMPC=22;RHUA=91;DWPA=18;PTYP=1;PNAM=MS-80SH;PIRA=-1;PIRP=0;PIRM=0;PIRL=-1;PIRH=18;
SQNR=77790;DATE=24-08-14;TIME=21:36:30;STAT=201222;TMPA=19;TMPP=198;TMPB=23;TMPC=22;RHUA=91;DWPA=18;PTYP=1;PNAM=MS-80SH;PIRA=0;PIRP=0;PIRM=0;PIRL=-1;PIRH=18;
SQNR=77805;DATE=24-08-14;TIME=21:36:45;STAT=201222;TMPA=19;TMPP=198;TMPB=23;TMPC=22;RHUA=91;DWPA=18;PTYP=1;PNAM=MS-80SH;PIRA=-1;PIRP=0;PIRM=0;PIRL=-1;PIRH=18;
SQNR=77820;DATE=24-08-14;TIME=21:37:00;STAT=201222;TMPA=19;TMPP=198;TMPB=23;TMPC=22;RHUA=91;DWPA=18;PTYP=1;PNAM=MS-80SH;PIRA=0;PIRP=0;PIRM=0;PIRL=-1;PIRH=18;
SQNR=77835;DATE=24-08-14;TIME=21:37:15;STAT=201222;TMPA=19;TMPP=198;TMPB=23;TMPC=22;RHUA=91;DWPA=18;PTYP=1;PNAM=MS-80SH;PIRA=0;PIRP=0;PIRM=0;PIRL=-1;PIRH=18;
SQNR=77850;DATE=24-08-14;TIME=21:37:30;STAT=201222;TMPA=19;TMPP=198;TMPB=23;TMPC=22;RHUA=91;DWPA=18;PTYP=1;PNAM=MS-80SH;PIRA=0;PIRP=0;PIRM=0;PIRL=-1;PIRH=18;
SQNR=77865;DATE=24-08-14;TIME=21:37:45;STAT=201222;TMPA=19;TMPP=198;TMPB=23;TMPC=22;RHUA=91;DWPA=18;PTYP=1;PNAM=MS-80SH;PIRA=0;PIRP=0;PIRM=0;PIRL=-1;PIRH=18;
SQNR=77880;DATE=24-08-14;TIME=21:38:00;STAT=201222;TMPA=19;TMPP=198;TMPB=23;TMPC=22;RHUA=91;DWPA=18;PTYP=1;PNAM=MS-80SH;PIRA=-1;PIRP=0;PIRM=0;PIRL=-1;PIRH=18;
SQNR=77895;DATE=24-08-14;TIME=21:38:15;STAT=201222;TMPA=19;TMPP=198;TMPB=23;TMPC=22;RHUA=91;DWPA=18;PTYP=1;PNAM=MS-80SH;PIRA=-1;PIRP=0;PIRM=0;PIRL=-1;PIRH=18;
SQNR=77910;DATE=24-08-14;TIME=21:38:30;STAT=201222;TMPA=19;TMPP=198;TMPB=23;TMPC=22;RHUA=91;DWPA=18;PTYP=1;PNAM=MS-80SH;PIRA=0;PIRP=0;PIRM=0;PIRL=-1;PIRH=18;
SQNR=77925;DATE=24-08-14;TIME=21:38:45;STAT=201222;TMPA=19;TMPP=198;TMPB=23;TMPC=22;RHUA=91;DWPA=18;PTYP=1;PNAM=MS-80SH;PIRA=-1;PIRP=-1;PIRM=0;PIRL=-1;PIRH=18;
SQNR=77940;DATE=24-08-14;TIME=21:39:00;STAT=201222;TMPA=19;TMPP=198;TMPB=23;TMPC=22;RHUA=91;DWPA=18;PTYP=1;PNAM=MS-80SH;PIRA=0;PIRP=0;PIRM=0;PIRL=-1;PIRH=18;
SQNR=77955;DATE=24-08-14;TIME=21:39:15;STAT=201222;TMPA=19;TMPP=198;TMPB=23;TMPC=22;RHUA=91;DWPA=18;PTYP=1;PNAM=MS-80SH;PIRA=-1;PIRP=0;PIRM=0;PIRL=-1;PIRH=18;
SQNR=77970;DATE=24-08-14;TIME=21:39:30;STAT=201222;TMPA=19;TMPP=198;TMPB=23;TMPC=22;RHUA=91;DWPA=18;PTYP=1;PNAM=MS-80SH;PIRA=0;PIRP=0;PIRM=0;PIRL=-1;PIRH=18;
SQNR=77985;DATE=24-08-14;TIME=21:39:45;STAT=201222;TMPA=19;TMPP=198;TMPB=23;TMPC=22;RHUA=91;DWPA=18;PTYP=1;PNAM=MS-80SH;PIRA=0;PIRP=0;PIRM=0;PIRL=-1;PIRH=18;
SQNR=78000;DATE=24-08-14;TIME=21:40:00;STAT=201222;TMPA=19;TMPP=198;TMPB=23;TMPC=22;RHUA=91;DWPA=18;PTYP=1;PNAM=MS-80SH;PIRA=0;PIRP=0;PIRM=0;PIRL=-1;PIRH=18;
C-----;?
V-----;SWVNR=2102190;SQNDL=78001;DATE=24-08-14;TIME=21:40:06;THTYP=85;TTEMP=15;TDEWP=5;IUFAN=800;ILFAN=5;IUHEA=3000;PYDEF=21;PYAVT=30;PYAVW=1;PYOST=0;MSDLY=15;FNDLY=30;OSTRG=3;DBGFL=0;ASIRE=0;DBGRE=0;MPPFL=-1;
SQNR=78015;DATE=24-08-14;TIME=21:40:15;STAT=201222;TMPA=19;TMPP=198;TMPB=23;TMPC=22;RHUA=91;DWPA=18;PTYP=1;PNAM=MS-80SH;PIRA=0;PIRP=0;PIRM=0;PIRL=-1;PIRH=18;
SQNR=78030;DATE=24-08-14;TIME=21:40:30;STAT=201222;TMPA=19;TMPP=198;TMPB=23;TMPC=22;RHUA=91;DWPA=18;PTYP=1;PNAM=MS-80SH;PIRA=0;PIRP=0;PIRM=0;PIRL=-1;PIRH=18;
SQNR=78045;DATE=24-08-14;TIME=21:40:45;STAT=201222;TMPA=19;TMPP=198;TMPB=23;TMPC=22;RHUA=91;DWPA=18;PTYP=1;PNAM=MS-80SH;PIRA=0;PIRP=0;PIRM=0;PIRL=-1;PIRH=18;
SQNR=78060;DATE=24-08-14;TIME=21:41:00;STAT=201222;TMPA=19;TMPP=198;TMPB=23;TMPC=22;RHUA=91;DWPA=18;PTYP=1;PNAM=MS-80SH;PIRA=-1;PIRP=0;PIRM=0;PIRL=-1;PIRH=18;
SQNR=78075;DATE=24-08-14;TIME=21:41:15;STAT=201222;TMPA=19;TMPP=198;TMPB=23;TMPC=22;RHUA=91;DWPA=18;PTYP=1;PNAM=MS-80SH;PIRA=-1;PIRP=0;PIRM=0;PIRL=-1;PIRH=18;
SQNR=78090;DATE=24-08-14;TIME=21:41:30;STAT=201222;TMPA=19;TMPP=198;TMPB=23;TMPC=22;RHUA=91;DWPA=18;PTYP=1;PNAM=MS-80SH;PIRA=0;PIRP=0;PIRM=0;PIRL=-1;PIRH=18;
SQNR=78105;DATE=24-08-14;TIME=21:41:45;STAT=201222;TMPA=19;TMPP=198;TMPB=23;TMPC=22;RHUA=91;DWPA=18;PTYP=1;PNAM=MS-80SH;PIRA=-1;PIRP=0;PIRM=0;PIRL=-1;PIRH=18;
SQNR=78120;DATE=24-08-14;TIME=21:42:00;STAT=201222;TMPA=19;TMPP=198;TMPB=23;TMPC=22;RHUA=92;DWPA=18;PTYP=1;PNAM=MS-80SH;PIRA=0;PIRP=0;PIRM=0;PIRL=-1;PIRH=18;
SQNR=78135;DATE=24-08-14;TIME=21:42:15;STAT=201222;TMPA=19;TMPP=198;TMPB=23;TMPC=22;RHUA=92;DWPA=18;PTYP=1;PNAM=MS-80SH;PIRA=-1;PIRP=0;PIRM=0;PIRL=-1;PIRH=18;
SQNR=78150;DATE=24-08-14;TIME=21:42:30;STAT=201222;TMPA=19;TMPP=198;TMPB=23;TMPC=22;RHUA=91;DWPA=18;PTYP=1;PNAM=MS-80SH;PIRA=0;PIRP=0;PIRM=0;PIRL=-1;PIRH=18;
SQNR=78165;DATE=24-08-14;TIME=21:42:45;STAT=201222;TMPA=19;TMPP=198;TMPB=23;TMPC=22;RHUA=91;DWPA=18;PTYP=1;PNAM=MS-80SH;PIRA=0;PIRP=0;PIRM=0;PIRL=-1;PIRH=18;
SQNR=78180;DATE=24-08-14;TIME=21:43:00;STAT=201222;TMPA=19;TMPP=198;TMPB=23;TMPC=22;RHUA=91;DWPA=18;PTYP=1;PNAM=MS-80SH;PIRA=0;PIRP=0;PIRM=0;PIRL=-1;PIRH=18;
SQNR=78195;DATE=24-08-14;TIME=21:43:15;STAT=201222;TMPA=19;TMPP=198;TMPB=23;TMPC=22;RHUA=91;DWPA=18;PTYP=1;PNAM=MS-80SH;PIRA=0;PIRP=0;PIRM=0;PIRL=-1;PIRH=18;
SQNR=78210;DATE=24-08-14;TIME=21:43:30;STAT=201222;TMPA=19;TMPP=198;TMPB=23;TMPC=22;RHUA=91;DWPA=18;PTYP=1;PNAM=MS-80SH;PIRA=0;PIRP=0;PIRM=0;PIRL=-1;PIRH=18;
SQNR=78225;DATE=24-08-14;TIME=21:43:45;STAT=201222;TMPA=19;TMPP=198;TMPB=23;TMPC=22;RHUA=91;DWPA=18;PTYP=1;PNAM=MS-80SH;PIRA=0;PIRP=0;PIRM=0;PIRL=-1;PIRH=18;
SQNR=78240;DATE=24-08-14;TIME=21:44:00;STAT=201222;TMPA=19;TMPP=198;TMPB=23;TMPC=22;RHUA=91;DWPA=18;PTYP=1;PNAM=MS-80SH;PIRA=0;PIRP=0;PIRM=0;PIRL=-1;PIRH=18;
SQNR=78255;DATE=24-08-14;TIME=21:44:15;STAT=201222;TMPA=19;TMPP=198;TMPB=23;TMPC=22;RHUA=91;DWPA=18;PTYP=1;PNAM=MS-80SH;PIRA=0;PIRP=0;PIRM=0;PIRL=-1;PIRH=18;
SQNR=78270;DATE=24-08-14;TIME=21:44:30;STAT=201222;TMPA=19;TMPP=198;TMPB=23;TMPC=22;RHUA=91;DWPA=18;PTYP=1;PNAM=MS-80SH;PIRA=0;PIRP=0;PIRM=0;PIRL=-1;PIRH=18;
SQNR=78285;DATE=24-08-14;TIME=21:44:45;STAT=201222;TMPA=19;TMPP=198;TMPB=23;TMPC=22;RHUA=91;DWPA=18;PTYP=1;PNAM=MS-80SH;PIRA=-1;PIRP=0;PIRM=0;PIRL=-1;PIRH=18;
SQNR=78300;DATE=24-08-14;TIME=21:45:00;STAT=201222;TMPA=19;TMPP=198;TMPB=23;TMPC=22;RHUA=91;DWPA=18;PTYP=1;PNAM=MS-80SH;PIRA=0;PIRP=0;PIRM=0;PIRL=-1;PIRH=18;
C-----;?
V-----;SWVNR=2102190;SQNDL=78301;DATE=24-08-14;TIME=21:45:06;THTYP=85;TTEMP=15;TDEWP=5;IUFAN=800;ILFAN=5;IUHEA=3000;PYDEF=21;PYAVT=30;PYAVW=1;PYOST=0;MSDLY=15;FNDLY=30;OSTRG=3;DBGFL=0;ASIRE=0;DBGRE=0;MPPFL=-1;
SQNR=78315;DATE=24-08-14;TIME=21:45:15;STAT=201222;TMPA=19;TMPP=198;TMPB=23;TMPC=22;RHUA=91;DWPA=18;PTYP=1;PNAM=MS-80SH;PIRA=0;PIRP=0;PIRM=0;PIRL=-1;PIRH=18;
SQNR=78330;DATE=24-08-14;TIME=21:45:30;STAT=201222;TMPA=19;TMPP=198;TMPB=23;TMPC=22;RHUA=91;DWPA=18;PTYP=1;PNAM=MS-80SH;PIRA=0;PIRP=0;PIRM=0;PIRL=-1;PIRH=18;
SQNR=78345;DATE=24-08-14;TIME=21:45:45;STAT=201222;TMPA=19;TMPP=198;TMPB=23;TMPC=22;RHUA=91;DWPA=18;PTYP=1;PNAM=MS-80SH;PIRA=0;PIRP=0;PIRM=0;PIRL=-1;PIRH=18;
SQNR=78360;DATE=24-08-14;TIME=21:46:00;STAT=201222;TMPA=19;TMPP=198;TMPB=23;TMPC=22;RHUA=91;DWPA=18;PTYP=1;PNAM=MS-80SH;PIRA=0;PIRP=0;PIRM=0;PIRL=-1;PIRH=18;
SQNR=78375;DATE=24-08-14;TIME=21:46:15;STAT=201222;TMPA=19;TMPP=198;TMPB=23;TMPC=22;RHUA=91;DWPA=18;PTYP=1;PNAM=MS-80SH;PIRA=0;PIRP=0;PIRM=0;PIRL=-1;PIRH=18;
SQNR=78390;DATE=24-08-14;TIME=21:46:30;STAT=201222;TMPA=19;TMPP=198;TMPB=23;TMPC=22;RHUA=91;DWPA=18;PTYP=1;PNAM=MS-80SH;PIRA=-1;PIRP=0;PIRM=0;PIRL=-1;PIRH=18;
SQNR=78405;DATE=24-08-14;TIME=21:46:45;STAT=201222;TMPA=19;TMPP=198;TMPB=23;TMPC=22;RHUA=91;DWPA=18;PTYP=1;PNAM=MS-80SH;PIRA=0;PIRP=0;PIRM=0;PIRL=-1;PIRH=18;
SQNR=78420;DATE=24-08-14;TIME=21:47:00;STAT=201222;TMPA=19;TMPP=198;TMPB=23;TMPC=22;RHUA=91;DWPA=18;PTYP=1;PNAM=MS-80SH;PIRA=-1;PIRP=0;PIRM=0;PIRL=-1;PIRH=18;
SQNR=78435;DATE=24-08-14;TIME=21:47:15;STAT=201222;TMPA=19;TMPP=198;TMPB=23;TMPC=22;RHUA=91;DWPA=18;PTYP=1;PNAM=MS-80SH;PIRA=-1;PIRP=0;PIRM=0;PIRL=-1;PIRH=18;
SQNR=78450;DATE=24-08-14;TIME=21:47:30;STAT=201222;TMPA=19;TMPP=198;TMPB=23;TMPC=22;RHUA=91;DWPA=18;PTYP=1;PNAM=MS-80SH;PIRA=0;PIRP=0;PIRM=0;PIRL=-1;PIRH=18;
SQNR=78465;DATE=24-08-14;TIME=21:47:45;STAT=201222;TMPA=19;TMPP=198;TMPB=23;TMPC=22;RHUA=91;DWPA=18;PTYP=1;PNAM=MS-80SH;PIRA=-1;PIRP=0;PIRM=0;PIRL=-1;PIRH=18;
SQNR=78480;DATE=24-08-14;TIME=21:48:00;STAT=201222;TMPA=19;TMPP=198;TMPB=23;TMPC=22;RHUA=91;DWPA=18;PTYP=1;PNAM=MS-80SH;PIRA=0;PIRP=0;PIRM=0;PIRL=-1;PIRH=18;
SQNR=78495;DATE=24-08-14;TIME=21:48:15;STAT=201222;TMPA=19;TMPP=198;TMPB=23;TMPC=22;RHUA=91;DWPA=18;PTYP=1;PNAM=MS-80SH;PIRA=-1;PIRP=0;PIRM=0;PIRL=-1;PIRH=18;
SQNR=78510;DATE=24-08-14;TIME=21:48:30;STAT=201222;TMPA=19;TMPP=198;TMPB=23;TMPC=22;RHUA=91;DWPA=18;PTYP=1;PNAM=MS-80SH;PIRA=-1;PIRP=0;PIRM=0;PIRL=-1;PIRH=18;
SQNR=78525;DATE=24-08-14;TIME=21:48:45;STAT=201222;TMPA=19;TMPP=198;TMPB=23;TMPC=22;RHUA=91;DWPA=18;PTYP=1;PNAM=MS-80SH;PIRA=0;PIRP=-1;PIRM=-1;PIRL=-1;PIRH=18;
SQNR=78540;DATE=24-08-14;TIME=21:49:00;STAT=201222;TMPA=19;TMPP=198;TMPB=23;TMPC=22;RHUA=92;DWPA=18;PTYP=1;PNAM=MS-80SH;PIRA=-1;PIRP=-1;PIRM=-1;PIRL=-1;PIRH=18;
SQNR=78555;DATE=24-08-14;TIME=21:49:15;STAT=201222;TMPA=19;TMPP=199;TMPB=23;TMPC=22;RHUA=91;DWPA=18;PTYP=1;PNAM=MS-80SH;PIRA=0;PIRP=-1;PIRM=-1;PIRL=-1;PIRH=18;
SQNR=78570;DATE=24-08-14;TIME=21:49:30;STAT=201222;TMPA=19;TMPP=199;TMPB=23;TMPC=22;RHUA=91;DWPA=18;PTYP=1;PNAM=MS-80SH;PIRA=-1;PIRP=-1;PIRM=-1;PIRL=-1;PIRH=18;
SQNR=78585;DATE=24-08-14;TIME=21:49:45;STAT=201222;TMPA=19;TMPP=199;TMPB=23;TMPC=22;RHUA=91;DWPA=18;PTYP=1;PNAM=MS-80SH;PIRA=-1;PIRP=-1;PIRM=-1;PIRL=-1;PIRH=18;
SQNR=78600;DATE=24-08-14;TIME=21:50:00;STAT=201222;TMPA=19;TMPP=199;TMPB=23;TMPC=22;RHUA=91;DWPA=18;PTYP=1;PNAM=MS-80SH;PIRA=-1;PIRP=-1;PIRM=-1;PIRL=-1;PIRH=18;
C-----;?
V-----;SWVNR=2102190;SQNDL=78602;DATE=24-08-14;TIME=21:50:07;THTYP=85;TTEMP=15;TDEWP=5;IUFAN=800;ILFAN=5;IUHEA=3000;PYDEF=21;PYAVT=30;PYAVW=1;PYOST=0;MSDLY=15;FNDLY=30;OSTRG=3;DBGFL=0;ASIRE=0;DBGRE=0;MPPFL=-1;
SQNR=78615;DATE=24-08-14;TIME=21:50:15;STAT=201222;TMPA=19;TMPP=199;TMPB=23;TMPC=22;RHUA=91;DWPA=18;PTYP=1;PNAM=MS-80SH;PIRA=-1;PIRP=-1;PIRM=-1;PIRL=-1;PIRH=18;
SQNR=78630;DATE=24-08-14;TIME=21:50:30;STAT=201222;TMPA=19;TMPP=199;TMPB=23;TMPC=22;RHUA=91;DWPA=18;PTYP=1;PNAM=MS-80SH;PIRA=0;PIRP=-1;PIRM=-1;PIRL=-1;PIRH=18;
SQNR=78645;DATE=24-08-14;TIME=21:50:45;STAT=201222;TMPA=19;TMPP=199;TMPB=23;TMPC=22;RHUA=91;DWPA=18;PTYP=1;PNAM=MS-80SH;PIRA=-1;PIRP=-1;PIRM=-1;PIRL=-1;PIRH=18;
SQNR=78660;DATE=24-08-14;TIME=21:51:00;STAT=201222;TMPA=20;TMPP=200;TMPB=23;TMPC=22;RHUA=91;DWPA=18;PTYP=1;PNAM=MS-80SH;PIRA=-1;PIRP=-1;PIRM=-1;PIRL=-1;PIRH=18;
SQNR=78675;DATE=24-08-14;TIME=21:51:15;STAT=201222;TMPA=20;TMPP=200;TMPB=23;TMPC=22;RHUA=92;DWPA=18;PTYP=1;PNAM=MS-80SH;PIRA=-1;PIRP=-1;PIRM=-1;PIRL=-1;PIRH=18;
SQNR=78690;DATE=24-08-14;TIME=21:51:30;STAT=201222;TMPA=20;TMPP=200;TMPB=23;TMPC=22;RHUA=92;DWPA=18;PTYP=1;PNAM=MS-80SH;PIRA=-1;PIRP=-1;PIRM=-1;PIRL=-1;PIRH=18;
SQNR=78705;DATE=24-08-14;TIME=21:51:45;STAT=201222;TMPA=20;TMPP=200;TMPB=23;TMPC=22;RHUA=92;DWPA=18;PTYP=1;PNAM=MS-80SH;PIRA=0;PIRP=-1;PIRM=-1;PIRL=-1;PIRH=18;
SQNR=78720;DATE=24-08-14;TIME=21:52:00;STAT=201222;TMPA=20;TMPP=200;TMPB=23;TMPC=22;RHUA=91;DWPA=18;PTYP=1;PNAM=MS-80SH;PIRA=-1;PIRP=-1;PIRM=-1;PIRL=-1;PIRH=18;
SQNR=78735;DATE=24-08-14;TIME=21:52:15;STAT=201222;TMPA=20;TMPP=200;TMPB=23;TMPC=22;RHUA=91;DWPA=18;PTYP=1;PNAM=MS-80SH;PIRA=-1;PIRP=-1;PIRM=-1;PIRL=-1;PIRH=18;
SQNR=78750;DATE=24-08-14;TIME=21:52:30;STAT=201222;TMPA=20;TMPP=200;TMPB=23;TMPC=22;RHUA=91;DWPA=18;PTYP=1;PNAM=MS-80SH;PIRA=-1;PIRP=-1;PIRM=-1;PIRL=-1;PIRH=18;
SQNR=78765;DATE=24-08-14;TIME=21:52:45;STAT=201222;TMPA=20;TMPP=200;TMPB=23;TMPC=22;RHUA=91;DWPA=18;PTYP=1;PNAM=MS-80SH;PIRA=-1;PIRP=-1;PIRM=-1;PIRL=-1;PIRH=18;
SQNR=78780;DATE=24-08-14;TIME=21:53:00;STAT=201222;TMPA=20;TMPP=200;TMPB=23;TMPC=22;RHUA=91;DWPA=18;PTYP=1;PNAM=MS-80SH;PIRA=-1;PIRP=-1;PIRM=-1;PIRL=-1;PIRH=18;
SQNR=78795;DATE=24-08-14;TIME=21:53:15;STAT=201222;TMPA=20;TMPP=200;TMPB=23;TMPC=22;RHUA=91;DWPA=18;PTYP=1;PNAM=MS-80SH;PIRA=-1;PIRP=-1;PIRM=-1;PIRL=-1;PIRH=18;
SQNR=78810;DATE=24-08-14;TIME=21:53:30;STAT=201222;TMPA=20;TMPP=200;TMPB=23;TMPC=22;RHUA=91;DWPA=18;PTYP=1;PNAM=MS-80SH;PIRA=0;PIRP=0;PIRM=-1;PIRL=-1;PIRH=18;
SQNR=78825;DATE=24-08-14;TIME=21:53:45;STAT=201222;TMPA=20;TMPP=200;TMPB=23;TMPC=22;RHUA=91;DWPA=18;PTYP=1;PNAM=MS-80SH;PIRA=-1;PIRP=-1;PIRM=-1;PIRL=-1;PIRH=18;
SQNR=78840;DATE=24-08-14;TIME=21:54:00;STAT=201222;TMPA=20;TMPP=200;TMPB=23;TMPC=22;RHUA=91;DWPA=18;PTYP=1;PNAM=MS-80SH;PIRA=-1;PIRP=-1;PIRM=-1;PIRL=-1;PIRH=18;
SQNR=78855;DATE=24-08-14;TIME=21:54:15;STAT=201222;TMPA=20;TMPP=200;TMPB=23;TMPC=22;RHUA=91;DWPA=18;PTYP=1;PNAM=MS-80SH;PIRA=-1;PIRP=-1;PIRM=-1;PIRL=-1;PIRH=18;
SQNR=78870;DATE=24-08-14;TIME=21:54:30;STAT=201222;TMPA=20;TMPP=200;TMPB=23;TMPC=22;RHUA=91;DWPA=18;PTYP=1;PNAM=MS-80SH;PIRA=-1;PIRP=-1;PIRM=-1;PIRL=-1;PIRH=18;
SQNR=78885;DATE=24-08-14;TIME=21:54:45;STAT=201222;TMPA=20;TMPP=200;TMPB=23;TMPC=22;RHUA=91;DWPA=18;PTYP=1;PNAM=MS-80SH;PIRA=0;PIRP=-1;PIRM=-1;PIRL=-1;PIRH=18;
SQNR=78900;DATE=24-08-14;TIME=21:55:00;STAT=201222;TMPA=20;TMPP=200;TMPB=23;TMPC=22;RHUA=91;DWPA=18;PTYP=1;PNAM=MS-80SH;PIRA=-1;PIRP=0;PIRM=0;PIRL=-1;PIRH=18;
C-----;?
V-----;SWVNR=2102190;SQNDL=78902;DATE=24-08-14;TIME=21:55:07;THTYP=85;TTEMP=15;TDEWP=5;IUFAN=800;ILFAN=5;IUHEA=3000;PYDEF=21;PYAVT=30;PYAVW=1;PYOST=0;MSDLY=15;FNDLY=30;OSTRG=3;DBGFL=0;ASIRE=0;DBGRE=0;MPPFL=-1;
SQNR=78915;DATE=24-08-14;TIME=21:55:15;STAT=201222;TMPA=20;TMPP=201;TMPB=23;TMPC=22;RHUA=91;DWPA=18;PTYP=1;PNAM=MS-80SH;PIRA=0;PIRP=0;PIRM=0;PIRL=-1;PIRH=18;
SQNR=78930;DATE=24-08-14;TIME=21:55:30;STAT=201222;TMPA=20;TMPP=201;TMPB=23;TMPC=22;RHUA=91;DWPA=18;PTYP=1;PNAM=MS-80SH;PIRA=-1;PIRP=0;PIRM=0;PIRL=-1;PIRH=18;
SQNR=78945;DATE=24-08-14;TIME=21:55:45;STAT=201222;TMPA=20;TMPP=201;TMPB=23;TMPC=22;RHUA=91;DWPA=18;PTYP=1;PNAM=MS-80SH;PIRA=0;PIRP=0;PIRM=0;PIRL=-1;PIRH=18;
SQNR=78960;DATE=24-08-14;TIME=21:56:00;STAT=201222;TMPA=20;TMPP=201;TMPB=23;TMPC=22;RHUA=90;DWPA=18;PTYP=1;PNAM=MS-80SH;PIRA=0;PIRP=0;PIRM=0;PIRL=-1;PIRH=18;
SQNR=78975;DATE=24-08-14;TIME=21:56:15;STAT=201222;TMPA=20;TMPP=201;TMPB=23;TMPC=22;RHUA=90;DWPA=18;PTYP=1;PNAM=MS-80SH;PIRA=0;PIRP=0;PIRM=0;PIRL=-1;PIRH=18;
SQNR=78990;DATE=24-08-14;TIME=21:56:30;STAT=201222;TMPA=20;TMPP=200;TMPB=23;TMPC=22;RHUA=90;DWPA=18;PTYP=1;PNAM=MS-80SH;PIRA=0;PIRP=0;PIRM=0;PIRL=-1;PIRH=18;
SQNR=79005;DATE=24-08-14;TIME=21:56:45;STAT=201222;TMPA=20;TMPP=200;TMPB=23;TMPC=22;RHUA=90;DWPA=18;PTYP=1;PNAM=MS-80SH;PIRA=0;PIRP=0;PIRM=0;PIRL=-1;PIRH=18;
SQNR=79020;DATE=24-08-14;TIME=21:57:00;STAT=201222;TMPA=20;TMPP=200;TMPB=23;TMPC=22;RHUA=90;DWPA=18;PTYP=1;PNAM=MS-80SH;PIRA=0;PIRP=0;PIRM=0;PIRL=-1;PIRH=18;
SQNR=79035;DATE=24-08-14;TIME=21:57:15;STAT=201222;TMPA=20;TMPP=200;TMPB=23;TMPC=22;RHUA=90;DWPA=18;PTYP=1;PNAM=MS-80SH;PIRA=-1;PIRP=0;PIRM=0;PIRL=-1;PIRH=18;
SQNR=79050;DATE=24-08-14;TIME=21:57:30;STAT=201222;TMPA=20;TMPP=200;TMPB=23;TMPC=22;RHUA=90;DWPA=18;PTYP=1;PNAM=MS-80SH;PIRA=0;PIRP=0;PIRM=0;PIRL=-1;PIRH=18;
SQNR=79065;DATE=24-08-14;TIME=21:57:45;STAT=201222;TMPA=20;TMPP=200;TMPB=23;TMPC=22;RHUA=90;DWPA=18;PTYP=1;PNAM=MS-80SH;PIRA=0;PIRP=0;PIRM=0;PIRL=-1;PIRH=18;
SQNR=79080;DATE=24-08-14;TIME=21:58:00;STAT=201222;TMPA=20;TMPP=200;TMPB=23;TMPC=22;RHUA=90;DWPA=18;PTYP=1;PNAM=MS-80SH;PIRA=0;PIRP=0;PIRM=0;PIRL=-1;PIRH=18;
SQNR=79095;DATE=24-08-14;TIME=21:58:15;STAT=201222;TMPA=20;TMPP=200;TMPB=23;TMPC=22;RHUA=90;DWPA=18;PTYP=1;PNAM=MS-80SH;PIRA=0;PIRP=0;PIRM=0;PIRL=-1;PIRH=18;
SQNR=79110;DATE=24-08-14;TIME=21:58:30;STAT=201222;TMPA=20;TMPP=200;TMPB=23;TMPC=22;RHUA=91;DWPA=18;PTYP=1;PNAM=MS-80SH;PIRA=0;PIRP=0;PIRM=0;PIRL=-1;PIRH=18;
SQNR=79125;DATE=24-08-14;TIME=21:58:45;STAT=201222;TMPA=20;TMPP=200;TMPB=23;TMPC=22;RHUA=90;DWPA=18;PTYP=1;PNAM=MS-80SH;PIRA=0;PIRP=0;PIRM=0;PIRL=-1;PIRH=18;
SQNR=79140;DATE=24-08-14;TIME=21:59:00;STAT=201222;TMPA=20;TMPP=201;TMPB=24;TMPC=22;RHUA=91;DWPA=18;PTYP=1;PNAM=MS-80SH;PIRA=0;PIRP=0;PIRM=0;PIRL=-1;PIRH=18;
SQNR=79155;DATE=24-08-14;TIME=21:59:15;STAT=201222;TMPA=20;TMPP=202;TMPB=24;TMPC=22;RHUA=91;DWPA=18;PTYP=1;PNAM=MS-80SH;PIRA=-1;PIRP=0;PIRM=0;PIRL=-1;PIRH=18;
SQNR=79170;DATE=24-08-14;TIME=21:59:30;STAT=201222;TMPA=20;TMPP=203;TMPB=24;TMPC=22;RHUA=91;DWPA=18;PTYP=1;PNAM=MS-80SH;PIRA=-1;PIRP=-1;PIRM=-1;PIRL=-1;PIRH=18;
SQNR=79185;DATE=24-08-14;TIME=21:59:45;STAT=201222;TMPA=20;TMPP=203;TMPB=24;TMPC=22;RHUA=90;DWPA=18;PTYP=1;PNAM=MS-80SH;PIRA=-1;PIRP=-1;PIRM=-1;PIRL=-1;PIRH=18;
SQNR=79200;DATE=24-08-14;TIME=22:00:00;STAT=201222;TMPA=20;TMPP=204;TMPB=24;TMPC=22;RHUA=90;DWPA=18;PTYP=1;PNAM=MS-80SH;PIRA=-1;PIRP=-1;PIRM=-1;PIRL=-1;PIRH=18;
C-----;?
V-----;SWVNR=2102190;SQNDL=79202;DATE=24-08-14;TIME=22:00:07;THTYP=85;TTEMP=15;TDEWP=5;IUFAN=800;ILFAN=5;IUHEA=3000;PYDEF=21;PYAVT=30;PYAVW=1;PYOST=0;MSDLY=15;FNDLY=30;OSTRG=3;DBGFL=0;ASIRE=0;DBGRE=0;MPPFL=-1;
SQNR=79215;DATE=24-08-14;TIME=22:00:15;STAT=201222;TMPA=20;TMPP=204;TMPB=23;TMPC=22;RHUA=89;DWPA=18;PTYP=1;PNAM=MS-80SH;PIRA=-1;PIRP=-1;PIRM=-1;PIRL=-1;PIRH=18;
SQNR=79230;DATE=24-08-14;TIME=22:00:30;STAT=201222;TMPA=20;TMPP=204;TMPB=23;TMPC=22;RHUA=89;DWPA=18;PTYP=1;PNAM=MS-80SH;PIRA=-1;PIRP=-1;PIRM=-1;PIRL=-1;PIRH=18;
C-----;P1001
P-----;DATE=24-08-14;TIME=22:00:31;PSNR=23059772;PTMP=224;PRHU=5;PSTX=-23;PSTY=15;
SQNR=79245;DATE=24-08-14;TIME=22:00:45;STAT=201222;TMPA=20;TMPP=203;TMPB=23;TMPC=22;RHUA=89;DWPA=18;PTYP=1;PNAM=MS-80SH;PIRA=0;PIRP=-1;PIRM=-1;PIRL=-1;PIRH=18;
SQNR=79260;DATE=24-08-14;TIME=22:01:00;STAT=201222;TMPA=20;TMPP=203;TMPB=23;TMPC=22;RHUA=89;DWPA=18;PTYP=1;PNAM=MS-80SH;PIRA=-1;PIRP=0;PIRM=-1;PIRL=-1;PIRH=18;
SQNR=79275;DATE=24-08-14;TIME=22:01:15;STAT=201222;TMPA=20;TMPP=202;TMPB=23;TMPC=22;RHUA=89;DWPA=18;PTYP=1;PNAM=MS-80SH;PIRA=0;PIRP=0;PIRM=0;PIRL=-1;PIRH=18;
SQNR=79290;DATE=24-08-14;TIME=22:01:30;STAT=201222;TMPA=20;TMPP=202;TMPB=23;TMPC=22;RHUA=89;DWPA=18;PTYP=1;PNAM=MS-80SH;PIRA=-1;PIRP=0;PIRM=0;PIRL=-1;PIRH=18;
SQNR=79305;DATE=24-08-14;TIME=22:01:45;STAT=201222;TMPA=20;TMPP=202;TMPB=23;TMPC=22;RHUA=89;DWPA=18;PTYP=1;PNAM=MS-80SH;PIRA=-1;PIRP=0;PIRM=0;PIRL=-1;PIRH=18;
SQNR=79320;DATE=24-08-14;TIME=22:02:00;STAT=201222;TMPA=20;TMPP=201;TMPB=23;TMPC=22;RHUA=90;DWPA=18;PTYP=1;PNAM=MS-80SH;PIRA=0;PIRP=-1;PIRM=-1;PIRL=-1;PIRH=18;
SQNR=79335;DATE=24-08-14;TIME=22:02:15;STAT=201222;TMPA=20;TMPP=201;TMPB=23;TMPC=22;RHUA=90;DWPA=18;PTYP=1;PNAM=MS-80SH;PIRA=-1;PIRP=-1;PIRM=-1;PIRL=-1;PIRH=18;
SQNR=79350;DATE=24-08-14;TIME=22:02:30;STAT=201222;TMPA=20;TMPP=201;TMPB=23;TMPC=22;RHUA=90;DWPA=18;PTYP=1;PNAM=MS-80SH;PIRA=-1;PIRP=-1;PIRM=-1;PIRL=-1;PIRH=18;
SQNR=79365;DATE=24-08-14;TIME=22:02:45;STAT=201222;TMPA=20;TMPP=201;TMPB=23;TMPC=22;RHUA=90;DWPA=18;PTYP=1;PNAM=MS-80SH;PIRA=-1;PIRP=-1;PIRM=-1;PIRL=-1;PIRH=18;
SQNR=79380;DATE=24-08-14;TIME=22:03:00;STAT=201222;TMPA=20;TMPP=201;TMPB=23;TMPC=22;RHUA=91;DWPA=18;PTYP=1;PNAM=MS-80SH;PIRA=-1;PIRP=-1;PIRM=-1;PIRL=-1;PIRH=18;
SQNR=79395;DATE=24-08-14;TIME=22:03:15;STAT=201222;TMPA=20;TMPP=201;TMPB=24;TMPC=22;RHUA=91;DWPA=18;PTYP=1;PNAM=MS-80SH;PIRA=-1;PIRP=-1;PIRM=-1;PIRL=-1;PIRH=18;
SQNR=79410;DATE=24-08-14;TIME=22:03:30;STAT=201222;TMPA=20;TMPP=202;TMPB=24;TMPC=22;RHUA=90;DWPA=18;PTYP=1;PNAM=MS-80SH;PIRA=-1;PIRP=-1;PIRM=-1;PIRL=-1;PIRH=18;
SQNR=79425;DATE=24-08-14;TIME=22:03:45;STAT=201222;TMPA=20;TMPP=202;TMPB=24;TMPC=22;RHUA=90;DWPA=18;PTYP=1;PNAM=MS-80SH;PIRA=0;PIRP=-1;PIRM=-1;PIRL=-1;PIRH=18;
SQNR=79440;DATE=24-08-14;TIME=22:04:00;STAT=201222;TMPA=20;TMPP=203;TMPB=24;TMPC=22;RHUA=91;DWPA=18;PTYP=1;PNAM=MS-80SH;PIRA=-1;PIRP=-1;PIRM=-1;PIRL=-1;PIRH=18;
SQNR=79455;DATE=24-08-14;TIME=22:04:15;STAT=201222;TMPA=20;TMPP=203;TMPB=24;TMPC=22;RHUA=91;DWPA=18;PTYP=1;PNAM=MS-80SH;PIRA=-1;PIRP=-1;PIRM=-1;PIRL=-1;PIRH=18;
SQNR=79470;DATE=24-08-14;TIME=22:04:30;STAT=201222;TMPA=20;TMPP=204;TMPB=24;TMPC=22;RHUA=91;DWPA=18;PTYP=1;PNAM=MS-80SH;PIRA=-1;PIRP=-1;PIRM=-1;PIRL=-1;PIRH=18;
SQNR=79485;DATE=24-08-14;TIME=22:04:45;STAT=201222;TMPA=20;TMPP=204;TMPB=24;TMPC=22;RHUA=91;DWPA=18;PTYP=1;PNAM=MS-80SH;PIRA=-1;PIRP=-1;PIRM=-1;PIRL=-1;PIRH=18;
SQNR=79500;DATE=24-08-14;TIME=22:05:00;STAT=201222;TMPA=20;TMPP=204;TMPB=24;TMPC=22;RHUA=91;DWPA=18;PTYP=1;PNAM=MS-80SH;PIRA=-1;PIRP=-1;PIRM=-1;PIRL=-1;PIRH=18;
C-----;?
V-----;SWVNR=2102190;SQNDL=79502;DATE=24-08-14;TIME=22:05:07;THTYP=85;TTEMP=15;TDEWP=5;IUFAN=800;ILFAN=5;IUHEA=3000;PYDEF=21;PYAVT=30;PYAVW=1;PYOST=0;MSDLY=15;FNDLY=30;OSTRG=3;DBGFL=0;ASIRE=0;DBGRE=0;MPPFL=-1;
SQNR=79515;DATE=24-08-14;TIME=22:05:15;STAT=201222;TMPA=20;TMPP=205;TMPB=24;TMPC=22;RHUA=90;DWPA=18;PTYP=1;PNAM=MS-80SH;PIRA=-1;PIRP=-1;PIRM=-1;PIRL=-1;PIRH=18;
SQNR=79530;DATE=24-08-14;TIME=22:05:30;STAT=201222;TMPA=20;TMPP=205;TMPB=24;TMPC=22;RHUA=90;DWPA=19;PTYP=1;PNAM=MS-80SH;PIRA=-1;PIRP=-1;PIRM=-1;PIRL=-1;PIRH=18;
SQNR=79545;DATE=24-08-14;TIME=22:05:45;STAT=201222;TMPA=20;TMPP=206;TMPB=24;TMPC=22;RHUA=90;DWPA=19;PTYP=1;PNAM=MS-80SH;PIRA=-1;PIRP=-1;PIRM=-1;PIRL=-1;PIRH=18;
SQNR=79560;DATE=24-08-14;TIME=22:06:00;STAT=201222;TMPA=20;TMPP=206;TMPB=24;TMPC=22;RHUA=90;DWPA=19;PTYP=1;PNAM=MS-80SH;PIRA=-1;PIRP=-1;PIRM=-1;PIRL=-1;PIRH=18;
SQNR=79575;DATE=24-08-14;TIME=22:06:15;STAT=201222;TMPA=20;TMPP=206;TMPB=24;TMPC=22;RHUA=90;DWPA=19;PTYP=1;PNAM=MS-80SH;PIRA=-1;PIRP=-1;PIRM=-1;PIRL=-1;PIRH=18;
SQNR=79590;DATE=24-08-14;TIME=22:06:30;STAT=201222;TMPA=20;TMPP=206;TMPB=24;TMPC=22;RHUA=90;DWPA=19;PTYP=1;PNAM=MS-80SH;PIRA=-1;PIRP=-1;PIRM=-1;PIRL=-1;PIRH=18;
SQNR=79605;DATE=24-08-14;TIME=22:06:45;STAT=201222;TMPA=20;TMPP=207;TMPB=24;TMPC=22;RHUA=90;DWPA=19;PTYP=1;PNAM=MS-80SH;PIRA=-1;PIRP=-1;PIRM=-1;PIRL=-1;PIRH=18;
SQNR=79620;DATE=24-08-14;TIME=22:07:00;STAT=201222;TMPA=20;TMPP=207;TMPB=24;TMPC=22;RHUA=90;DWPA=19;PTYP=1;PNAM=MS-80SH;PIRA=-1;PIRP=-1;PIRM=-1;PIRL=-1;PIRH=18;
SQNR=79635;DATE=24-08-14;TIME=22:07:15;STAT=201222;TMPA=20;TMPP=207;TMPB=24;TMPC=22;RHUA=90;DWPA=19;PTYP=1;PNAM=MS-80SH;PIRA=-1;PIRP=-1;PIRM=-1;PIRL=-1;PIRH=18;
SQNR=79650;DATE=24-08-14;TIME=22:07:30;STAT=201222;TMPA=20;TMPP=207;TMPB=24;TMPC=22;RHUA=89;DWPA=18;PTYP=1;PNAM=MS-80SH;PIRA=-1;PIRP=-1;PIRM=-1;PIRL=-1;PIRH=18;
SQNR=79665;DATE=24-08-14;TIME=22:07:45;STAT=201222;TMPA=20;TMPP=207;TMPB=24;TMPC=23;RHUA=89;DWPA=18;PTYP=1;PNAM=MS-80SH;PIRA=-1;PIRP=-1;PIRM=-1;PIRL=-1;PIRH=18;
SQNR=79680;DATE=24-08-14;TIME=22:08:00;STAT=201222;TMPA=20;TMPP=207;TMPB=24;TMPC=22;RHUA=88;DWPA=18;PTYP=1;PNAM=MS-80SH;PIRA=0;PIRP=-1;PIRM=-1;PIRL=-1;PIRH=18;
SQNR=79695;DATE=24-08-14;TIME=22:08:15;STAT=201222;TMPA=20;TMPP=207;TMPB=24;TMPC=22;RHUA=88;DWPA=18;PTYP=1;PNAM=MS-80SH;PIRA=0;PIRP=-1;PIRM=-1;PIRL=-1;PIRH=18;
SQNR=79710;DATE=24-08-14;TIME=22:08:30;STAT=201222;TMPA=20;TMPP=206;TMPB=23;TMPC=22;RHUA=88;DWPA=18;PTYP=1;PNAM=MS-80SH;PIRA=0;PIRP=0;PIRM=0;PIRL=-1;PIRH=18;
SQNR=79725;DATE=24-08-14;TIME=22:08:45;STAT=201222;TMPA=20;TMPP=205;TMPB=23;TMPC=22;RHUA=88;DWPA=18;PTYP=1;PNAM=MS-80SH;PIRA=0;PIRP=0;PIRM=0;PIRL=-1;PIRH=18;
SQNR=79740;DATE=24-08-14;TIME=22:09:00;STAT=201222;TMPA=20;TMPP=204;TMPB=23;TMPC=22;RHUA=88;DWPA=18;PTYP=1;PNAM=MS-80SH;PIRA=0;PIRP=0;PIRM=0;PIRL=-1;PIRH=18;
SQNR=79755;DATE=24-08-14;TIME=22:09:15;STAT=201222;TMPA=20;TMPP=204;TMPB=23;TMPC=22;RHUA=88;DWPA=18;PTYP=1;PNAM=MS-80SH;PIRA=1;PIRP=0;PIRM=0;PIRL=-1;PIRH=18;
SQNR=79770;DATE=24-08-14;TIME=22:09:30;STAT=201222;TMPA=20;TMPP=203;TMPB=23;TMPC=22;RHUA=89;DWPA=18;PTYP=1;PNAM=MS-80SH;PIRA=0;PIRP=0;PIRM=0;PIRL=-1;PIRH=18;
SQNR=79785;DATE=24-08-14;TIME=22:09:45;STAT=201222;TMPA=20;TMPP=202;TMPB=23;TMPC=22;RHUA=89;DWPA=18;PTYP=1;PNAM=MS-80SH;PIRA=0;PIRP=0;PIRM=0;PIRL=-1;PIRH=18;
SQNR=79800;DATE=24-08-14;TIME=22:10:00;STAT=201222;TMPA=20;TMPP=201;TMPB=23;TMPC=22;RHUA=89;DWPA=18;PTYP=1;PNAM=MS-80SH;PIRA=0;PIRP=0;PIRM=0;PIRL=-1;PIRH=18;
C-----;?
V-----;SWVNR=2102190;SQNDL=79802;DATE=24-08-14;TIME=22:10:07;THTYP=85;TTEMP=15;TDEWP=5;IUFAN=800;ILFAN=5;IUHEA=3000;PYDEF=21;PYAVT=30;PYAVW=1;PYOST=0;MSDLY=15;FNDLY=30;OSTRG=3;DBGFL=0;ASIRE=0;DBGRE=0;MPPFL=-1;
SQNR=79815;DATE=24-08-14;TIME=22:10:15;STAT=201222;TMPA=20;TMPP=201;TMPB=23;TMPC=22;RHUA=90;DWPA=18;PTYP=1;PNAM=MS-80SH;PIRA=0;PIRP=0;PIRM=0;PIRL=-1;PIRH=18;
SQNR=79830;DATE=24-08-14;TIME=22:10:30;STAT=201222;TMPA=20;TMPP=200;TMPB=23;TMPC=22;RHUA=90;DWPA=18;PTYP=1;PNAM=MS-80SH;PIRA=0;PIRP=0;PIRM=0;PIRL=-1;PIRH=18;
SQNR=79845;DATE=24-08-14;TIME=22:10:45;STAT=201222;TMPA=20;TMPP=200;TMPB=23;TMPC=22;RHUA=90;DWPA=18;PTYP=1;PNAM=MS-80SH;PIRA=0;PIRP=0;PIRM=0;PIRL=-1;PIRH=18;
SQNR=79860;DATE=24-08-14;TIME=22:11:00;STAT=201222;TMPA=20;TMPP=200;TMPB=23;TMPC=22;RHUA=90;DWPA=18;PTYP=1;PNAM=MS-80SH;PIRA=1;PIRP=0;PIRM=0;PIRL=-1;PIRH=18;
SQNR=79875;DATE=24-08-14;TIME=22:11:15;STAT=201222;TMPA=19;TMPP=199;TMPB=23;TMPC=22;RHUA=90;DWPA=18;PTYP=1;PNAM=MS-80SH;PIRA=0;PIRP=0;PIRM=0;PIRL=-1;PIRH=18;
SQNR=79890;DATE=24-08-14;TIME=22:11:30;STAT=201222;TMPA=19;TMPP=199;TMPB=23;TMPC=22;RHUA=91;DWPA=18;PTYP=1;PNAM=MS-80SH;PIRA=0;PIRP=0;PIRM=0;PIRL=-1;PIRH=18;
SQNR=79905;DATE=24-08-14;TIME=22:11:45;STAT=201222;TMPA=19;TMPP=198;TMPB=23;TMPC=22;RHUA=91;DWPA=18;PTYP=1;PNAM=MS-80SH;PIRA=0;PIRP=0;PIRM=0;PIRL=-1;PIRH=18;
SQNR=79920;DATE=24-08-14;TIME=22:12:00;STAT=201222;TMPA=19;TMPP=198;TMPB=23;TMPC=22;RHUA=91;DWPA=18;PTYP=1;PNAM=MS-80SH;PIRA=0;PIRP=0;PIRM=0;PIRL=-1;PIRH=18;
SQNR=79935;DATE=24-08-14;TIME=22:12:15;STAT=201222;TMPA=19;TMPP=198;TMPB=23;TMPC=22;RHUA=91;DWPA=18;PTYP=1;PNAM=MS-80SH;PIRA=0;PIRP=0;PIRM=0;PIRL=-1;PIRH=18;
SQNR=79950;DATE=24-08-14;TIME=22:12:30;STAT=201222;TMPA=19;TMPP=198;TMPB=23;TMPC=22;RHUA=91;DWPA=18;PTYP=1;PNAM=MS-80SH;PIRA=-1;PIRP=0;PIRM=0;PIRL=-1;PIRH=18;
SQNR=79965;DATE=24-08-14;TIME=22:12:45;STAT=201222;TMPA=19;TMPP=198;TMPB=23;TMPC=22;RHUA=91;DWPA=18;PTYP=1;PNAM=MS-80SH;PIRA=0;PIRP=0;PIRM=0;PIRL=-1;PIRH=18;
SQNR=79980;DATE=24-08-14;TIME=22:13:00;STAT=201222;TMPA=19;TMPP=198;TMPB=23;TMPC=22;RHUA=91;DWPA=18;PTYP=1;PNAM=MS-80SH;PIRA=-1;PIRP=-1;PIRM=0;PIRL=-1;PIRH=18;
SQNR=79995;DATE=24-08-14;TIME=22:13:15;STAT=201222;TMPA=19;TMPP=198;TMPB=23;TMPC=22;RHUA=92;DWPA=18;PTYP=1;PNAM=MS-80SH;PIRA=-1;PIRP=-1;PIRM=-1;PIRL=-1;PIRH=18;
SQNR=80010;DATE=24-08-14;TIME=22:13:30;STAT=201222;TMPA=19;TMPP=198;TMPB=23;TMPC=22;RHUA=92;DWPA=18;PTYP=1;PNAM=MS-80SH;PIRA=-1;PIRP=-1;PIRM=-1;PIRL=-1;PIRH=18;
SQNR=80025;DATE=24-08-14;TIME=22:13:45;STAT=201222;TMPA=19;TMPP=199;TMPB=23;TMPC=22;RHUA=92;DWPA=18;PTYP=1;PNAM=MS-80SH;PIRA=-1;PIRP=-1;PIRM=-1;PIRL=-1;PIRH=18;
SQNR=80040;DATE=24-08-14;TIME=22:14:00;STAT=201222;TMPA=19;TMPP=199;TMPB=24;TMPC=22;RHUA=92;DWPA=18;PTYP=1;PNAM=MS-80SH;PIRA=0;PIRP=-1;PIRM=-1;PIRL=-1;PIRH=18;
SQNR=80055;DATE=24-08-14;TIME=22:14:15;STAT=201222;TMPA=19;TMPP=199;TMPB=24;TMPC=22;RHUA=92;DWPA=18;PTYP=1;PNAM=MS-80SH;PIRA=-1;PIRP=-1;PIRM=-1;PIRL=-1;PIRH=18;
SQNR=80070;DATE=24-08-14;TIME=22:14:30;STAT=201222;TMPA=19;TMPP=199;TMPB=24;TMPC=22;RHUA=92;DWPA=18;PTYP=1;PNAM=MS-80SH;PIRA=-1;PIRP=-1;PIRM=-1;PIRL=-1;PIRH=18;
SQNR=80085;DATE=24-08-14;TIME=22:14:45;STAT=201222;TMPA=19;TMPP=199;TMPB=24;TMPC=22;RHUA=93;DWPA=18;PTYP=1;PNAM=MS-80SH;PIRA=-1;PIRP=-1;PIRM=-1;PIRL=-1;PIRH=18;
SQNR=80100;DATE=24-08-14;TIME=22:15:00;STAT=201222;TMPA=19;TMPP=199;TMPB=24;TMPC=22;RHUA=92;DWPA=18;PTYP=1;PNAM=MS-80SH;PIRA=0;PIRP=0;PIRM=0;PIRL=-1;PIRH=18;
C-----;?
V-----;SWVNR=2102190;SQNDL=80102;DATE=24-08-14;TIME=22:15:07;THTYP=85;TTEMP=15;TDEWP=5;IUFAN=800;ILFAN=5;IUHEA=3000;PYDEF=21;PYAVT=30;PYAVW=1;PYOST=0;MSDLY=15;FNDLY=30;OSTRG=3;DBGFL=0;ASIRE=0;DBGRE=0;MPPFL=-1;
SQNR=80115;DATE=24-08-14;TIME=22:15:15;STAT=201222;TMPA=19;TMPP=199;TMPB=24;TMPC=22;RHUA=93;DWPA=18;PTYP=1;PNAM=MS-80SH;PIRA=0;PIRP=0;PIRM=0;PIRL=-1;PIRH=18;
SQNR=80130;DATE=24-08-14;TIME=22:15:30;STAT=201222;TMPA=20;TMPP=200;TMPB=23;TMPC=22;RHUA=92;DWPA=18;PTYP=1;PNAM=MS-80SH;PIRA=0;PIRP=0;PIRM=0;PIRL=-1;PIRH=18;
SQNR=80145;DATE=24-08-14;TIME=22:15:45;STAT=201222;TMPA=20;TMPP=200;TMPB=23;TMPC=22;RHUA=92;DWPA=18;PTYP=1;PNAM=MS-80SH;PIRA=0;PIRP=0;PIRM=0;PIRL=-1;PIRH=18;
SQNR=80160;DATE=24-08-14;TIME=22:16:00;STAT=201222;TMPA=20;TMPP=200;TMPB=23;TMPC=22;RHUA=92;DWPA=18;PTYP=1;PNAM=MS-80SH;PIRA=0;PIRP=0;PIRM=0;PIRL=-1;PIRH=18;
SQNR=80175;DATE=24-08-14;TIME=22:16:15;STAT=201222;TMPA=20;TMPP=200;TMPB=23;TMPC=22;RHUA=92;DWPA=18;PTYP=1;PNAM=MS-80SH;PIRA=0;PIRP=0;PIRM=0;PIRL=-1;PIRH=18;
SQNR=80190;DATE=24-08-14;TIME=22:16:30;STAT=201222;TMPA=20;TMPP=200;TMPB=23;TMPC=22;RHUA=92;DWPA=18;PTYP=1;PNAM=MS-80SH;PIRA=0;PIRP=0;PIRM=0;PIRL=-1;PIRH=18;
SQNR=80205;DATE=24-08-14;TIME=22:16:45;STAT=201222;TMPA=20;TMPP=200;TMPB=23;TMPC=22;RHUA=92;DWPA=18;PTYP=1;PNAM=MS-80SH;PIRA=0;PIRP=0;PIRM=0;PIRL=-1;PIRH=18;
SQNR=80220;DATE=24-08-14;TIME=22:17:00;STAT=201222;TMPA=20;TMPP=200;TMPB=23;TMPC=22;RHUA=92;DWPA=18;PTYP=1;PNAM=MS-80SH;PIRA=0;PIRP=0;PIRM=0;PIRL=-1;PIRH=18;
SQNR=80235;DATE=24-08-14;TIME=22:17:15;STAT=201222;TMPA=20;TMPP=200;TMPB=24;TMPC=22;RHUA=92;DWPA=18;PTYP=1;PNAM=MS-80SH;PIRA=0;PIRP=0;PIRM=0;PIRL=-1;PIRH=18;
SQNR=80250;DATE=24-08-14;TIME=22:17:30;STAT=201222;TMPA=20;TMPP=201;TMPB=24;TMPC=22;RHUA=92;DWPA=18;PTYP=1;PNAM=MS-80SH;PIRA=0;PIRP=0;PIRM=0;PIRL=-1;PIRH=18;
SQNR=80265;DATE=24-08-14;TIME=22:17:45;STAT=201222;TMPA=20;TMPP=200;TMPB=24;TMPC=22;RHUA=92;DWPA=18;PTYP=1;PNAM=MS-80SH;PIRA=0;PIRP=0;PIRM=0;PIRL=-1;PIRH=18;
SQNR=80280;DATE=24-08-14;TIME=22:18:00;STAT=201222;TMPA=20;TMPP=201;TMPB=24;TMPC=22;RHUA=92;DWPA=18;PTYP=1;PNAM=MS-80SH;PIRA=0;PIRP=0;PIRM=0;PIRL=-1;PIRH=18;
SQNR=80295;DATE=24-08-14;TIME=22:18:15;STAT=201222;TMPA=20;TMPP=201;TMPB=24;TMPC=22;RHUA=91;DWPA=18;PTYP=1;PNAM=MS-80SH;PIRA=0;PIRP=0;PIRM=0;PIRL=-1;PIRH=18;
SQNR=80310;DATE=24-08-14;TIME=22:18:30;STAT=201222;TMPA=20;TMPP=201;TMPB=24;TMPC=22;RHUA=91;DWPA=18;PTYP=1;PNAM=MS-80SH;PIRA=-1;PIRP=0;PIRM=0;PIRL=-1;PIRH=18;
SQNR=80325;DATE=24-08-14;TIME=22:18:45;STAT=201222;TMPA=20;TMPP=201;TMPB=24;TMPC=22;RHUA=91;DWPA=18;PTYP=1;PNAM=MS-80SH;PIRA=0;PIRP=0;PIRM=0;PIRL=-1;PIRH=18;
SQNR=80340;DATE=24-08-14;TIME=22:19:00;STAT=201222;TMPA=20;TMPP=202;TMPB=24;TMPC=22;RHUA=91;DWPA=18;PTYP=1;PNAM=MS-80SH;PIRA=-1;PIRP=0;PIRM=0;PIRL=-1;PIRH=18;
SQNR=80355;DATE=24-08-14;TIME=22:19:15;STAT=201222;TMPA=20;TMPP=202;TMPB=24;TMPC=22;RHUA=91;DWPA=18;PTYP=1;PNAM=MS-80SH;PIRA=-1;PIRP=-1;PIRM=0;PIRL=-1;PIRH=18;
SQNR=80370;DATE=24-08-14;TIME=22:19:30;STAT=201222;TMPA=20;TMPP=202;TMPB=24;TMPC=22;RHUA=91;DWPA=18;PTYP=1;PNAM=MS-80SH;PIRA=0;PIRP=-1;PIRM=-1;PIRL=-1;PIRH=18;
SQNR=80385;DATE=24-08-14;TIME=22:19:45;STAT=201222;TMPA=20;TMPP=202;TMPB=24;TMPC=22;RHUA=91;DWPA=18;PTYP=1;PNAM=MS-80SH;PIRA=-1;PIRP=-1;PIRM=-1;PIRL=-1;PIRH=18;
SQNR=80400;DATE=24-08-14;TIME=22:20:00;STAT=201222;TMPA=20;TMPP=202;TMPB=24;TMPC=22;RHUA=91;DWPA=18;PTYP=1;PNAM=MS-80SH;PIRA=0;PIRP=-1;PIRM=-1;PIRL=-1;PIRH=18;
C-----;?
V-----;SWVNR=2102190;SQNDL=80402;DATE=24-08-14;TIME=22:20:07;THTYP=85;TTEMP=15;TDEWP=5;IUFAN=800;ILFAN=5;IUHEA=3000;PYDEF=21;PYAVT=30;PYAVW=1;PYOST=0;MSDLY=15;FNDLY=30;OSTRG=3;DBGFL=0;ASIRE=0;DBGRE=0;MPPFL=-1;
SQNR=80415;DATE=24-08-14;TIME=22:20:15;STAT=201222;TMPA=20;TMPP=203;TMPB=24;TMPC=22;RHUA=91;DWPA=18;PTYP=1;PNAM=MS-80SH;PIRA=-1;PIRP=-1;PIRM=-1;PIRL=-1;PIRH=18;
SQNR=80430;DATE=24-08-14;TIME=22:20:30;STAT=201222;TMPA=20;TMPP=203;TMPB=24;TMPC=22;RHUA=91;DWPA=18;PTYP=1;PNAM=MS-80SH;PIRA=-1;PIRP=-1;PIRM=-1;PIRL=-1;PIRH=18;
SQNR=80445;DATE=24-08-14;TIME=22:20:45;STAT=201222;TMPA=20;TMPP=203;TMPB=24;TMPC=22;RHUA=91;DWPA=18;PTYP=1;PNAM=MS-80SH;PIRA=-1;PIRP=-1;PIRM=-1;PIRL=-1;PIRH=18;
SQNR=80460;DATE=24-08-14;TIME=22:21:00;STAT=201222;TMPA=20;TMPP=203;TMPB=24;TMPC=22;RHUA=91;DWPA=18;PTYP=1;PNAM=MS-80SH;PIRA=-1;PIRP=-1;PIRM=-1;PIRL=-1;PIRH=18;
SQNR=80475;DATE=24-08-14;TIME=22:21:15;STAT=201222;TMPA=20;TMPP=203;TMPB=24;TMPC=22;RHUA=91;DWPA=18;PTYP=1;PNAM=MS-80SH;PIRA=0;PIRP=-1;PIRM=-1;PIRL=-1;PIRH=18;
SQNR=80490;DATE=24-08-14;TIME=22:21:30;STAT=201222;TMPA=20;TMPP=203;TMPB=24;TMPC=22;RHUA=90;DWPA=18;PTYP=1;PNAM=MS-80SH;PIRA=-1;PIRP=-1;PIRM=-1;PIRL=-1;PIRH=18;
SQNR=80505;DATE=24-08-14;TIME=22:21:45;STAT=201222;TMPA=20;TMPP=203;TMPB=24;TMPC=22;RHUA=90;DWPA=18;PTYP=1;PNAM=MS-80SH;PIRA=0;PIRP=0;PIRM=0;PIRL=-1;PIRH=18;
SQNR=80520;DATE=24-08-14;TIME=22:22:00;STAT=201222;TMPA=20;TMPP=202;TMPB=24;TMPC=22;RHUA=90;DWPA=18;PTYP=1;PNAM=MS-80SH;PIRA=0;PIRP=0;PIRM=0;PIRL=-1;PIRH=18;
SQNR=80535;DATE=24-08-14;TIME=22:22:15;STAT=201222;TMPA=20;TMPP=202;TMPB=24;TMPC=22;RHUA=90;DWPA=18;PTYP=1;PNAM=MS-80SH;PIRA=0;PIRP=0;PIRM=0;PIRL=-1;PIRH=18;
SQNR=80550;DATE=24-08-14;TIME=22:22:30;STAT=201222;TMPA=20;TMPP=202;TMPB=23;TMPC=22;RHUA=90;DWPA=18;PTYP=1;PNAM=MS-80SH;PIRA=0;PIRP=0;PIRM=0;PIRL=-1;PIRH=18;
SQNR=80565;DATE=24-08-14;TIME=22:22:45;STAT=201222;TMPA=20;TMPP=202;TMPB=23;TMPC=22;RHUA=90;DWPA=18;PTYP=1;PNAM=MS-80SH;PIRA=0;PIRP=0;PIRM=0;PIRL=-1;PIRH=18;
SQNR=80580;DATE=24-08-14;TIME=22:23:00;STAT=201222;TMPA=20;TMPP=202;TMPB=23;TMPC=22;RHUA=90;DWPA=18;PTYP=1;PNAM=MS-80SH;PIRA=0;PIRP=0;PIRM=0;PIRL=-1;PIRH=18;
SQNR=80595;DATE=24-08-14;TIME=22:23:15;STAT=201222;TMPA=20;TMPP=201;TMPB=23;TMPC=22;RHUA=90;DWPA=18;PTYP=1;PNAM=MS-80SH;PIRA=0;PIRP=0;PIRM=0;PIRL=-1;PIRH=18;
SQNR=80610;DATE=24-08-14;TIME=22:23:30;STAT=201222;TMPA=20;TMPP=201;TMPB=23;TMPC=22;RHUA=90;DWPA=18;PTYP=1;PNAM=MS-80SH;PIRA=0;PIRP=0;PIRM=0;PIRL=-1;PIRH=18;
SQNR=80625;DATE=24-08-14;TIME=22:23:45;STAT=201222;TMPA=20;TMPP=201;TMPB=23;TMPC=22;RHUA=91;DWPA=18;PTYP=1;PNAM=MS-80SH;PIRA=0;PIRP=0;PIRM=0;PIRL=-1;PIRH=18;
SQNR=80640;DATE=24-08-14;TIME=22:24:00;STAT=201222;TMPA=20;TMPP=201;TMPB=23;TMPC=22;RHUA=91;DWPA=18;PTYP=1;PNAM=MS-80SH;PIRA=0;PIRP=0;PIRM=0;PIRL=-1;PIRH=18;
SQNR=80655;DATE=24-08-14;TIME=22:24:15;STAT=201222;TMPA=20;TMPP=202;TMPB=23;TMPC=22;RHUA=91;DWPA=18;PTYP=1;PNAM=MS-80SH;PIRA=1;PIRP=1;PIRM=0;PIRL=-1;PIRH=18;
SQNR=80670;DATE=24-08-14;TIME=22:24:30;STAT=201222;TMPA=20;TMPP=201;TMPB=23;TMPC=22;RHUA=90;DWPA=18;PTYP=1;PNAM=MS-80SH;PIRA=0;PIRP=1;PIRM=0;PIRL=-1;PIRH=18;
SQNR=80685;DATE=24-08-14;TIME=22:24:45;STAT=201222;TMPA=20;TMPP=201;TMPB=23;TMPC=22;RHUA=90;DWPA=18;PTYP=1;PNAM=MS-80SH;PIRA=0;PIRP=1;PIRM=1;PIRL=-1;PIRH=18;
SQNR=80700;DATE=24-08-14;TIME=22:25:00;STAT=201222;TMPA=20;TMPP=201;TMPB=23;TMPC=22;RHUA=90;DWPA=18;PTYP=1;PNAM=MS-80SH;PIRA=0;PIRP=0;PIRM=0;PIRL=-1;PIRH=18;
C-----;?
V-----;SWVNR=2102190;SQNDL=80701;DATE=24-08-14;TIME=22:25:06;THTYP=85;TTEMP=15;TDEWP=5;IUFAN=800;ILFAN=5;IUHEA=3000;PYDEF=21;PYAVT=30;PYAVW=1;PYOST=0;MSDLY=15;FNDLY=30;OSTRG=3;DBGFL=0;ASIRE=0;DBGRE=0;MPPFL=-1;
SQNR=80715;DATE=24-08-14;TIME=22:25:15;STAT=201222;TMPA=20;TMPP=201;TMPB=23;TMPC=22;RHUA=90;DWPA=18;PTYP=1;PNAM=MS-80SH;PIRA=0;PIRP=0;PIRM=0;PIRL=-1;PIRH=18;
SQNR=80730;DATE=24-08-14;TIME=22:25:30;STAT=201222;TMPA=20;TMPP=201;TMPB=23;TMPC=22;RHUA=91;DWPA=18;PTYP=1;PNAM=MS-80SH;PIRA=1;PIRP=0;PIRM=0;PIRL=-1;PIRH=18;
SQNR=80745;DATE=24-08-14;TIME=22:25:45;STAT=201222;TMPA=20;TMPP=201;TMPB=23;TMPC=22;RHUA=91;DWPA=18;PTYP=1;PNAM=MS-80SH;PIRA=0;PIRP=0;PIRM=0;PIRL=-1;PIRH=18;
SQNR=80760;DATE=24-08-14;TIME=22:26:00;STAT=201222;TMPA=20;TMPP=201;TMPB=23;TMPC=22;RHUA=91;DWPA=18;PTYP=1;PNAM=MS-80SH;PIRA=0;PIRP=0;PIRM=0;PIRL=-1;PIRH=18;
SQNR=80775;DATE=24-08-14;TIME=22:26:15;STAT=201222;TMPA=20;TMPP=201;TMPB=24;TMPC=22;RHUA=91;DWPA=18;PTYP=1;PNAM=MS-80SH;PIRA=-1;PIRP=0;PIRM=0;PIRL=-1;PIRH=18;
SQNR=80790;DATE=24-08-14;TIME=22:26:30;STAT=201222;TMPA=20;TMPP=201;TMPB=24;TMPC=22;RHUA=91;DWPA=18;PTYP=1;PNAM=MS-80SH;PIRA=-1;PIRP=0;PIRM=0;PIRL=-1;PIRH=18;
SQNR=80805;DATE=24-08-14;TIME=22:26:45;STAT=201222;TMPA=20;TMPP=202;TMPB=24;TMPC=22;RHUA=91;DWPA=18;PTYP=1;PNAM=MS-80SH;PIRA=0;PIRP=-1;PIRM=0;PIRL=-1;PIRH=18;
SQNR=80820;DATE=24-08-14;TIME=22:27:00;STAT=201222;TMPA=20;TMPP=202;TMPB=24;TMPC=22;RHUA=91;DWPA=18;PTYP=1;PNAM=MS-80SH;PIRA=-1;PIRP=-1;PIRM=0;PIRL=-1;PIRH=18;
SQNR=80835;DATE=24-08-14;TIME=22:27:15;STAT=201222;TMPA=20;TMPP=202;TMPB=24;TMPC=22;RHUA=91;DWPA=18;PTYP=1;PNAM=MS-80SH;PIRA=0;PIRP=-1;PIRM=0;PIRL=-1;PIRH=18;
SQNR=80850;DATE=24-08-14;TIME=22:27:30;STAT=201222;TMPA=20;TMPP=202;TMPB=24;TMPC=22;RHUA=91;DWPA=18;PTYP=1;PNAM=MS-80SH;PIRA=-1;PIRP=-1;PIRM=-1;PIRL=-1;PIRH=18;
SQNR=80865;DATE=24-08-14;TIME=22:27:45;STAT=201222;TMPA=20;TMPP=202;TMPB=24;TMPC=22;RHUA=91;DWPA=18;PTYP=1;PNAM=MS-80SH;PIRA=-1;PIRP=-1;PIRM=-1;PIRL=-1;PIRH=18;
SQNR=80880;DATE=24-08-14;TIME=22:28:00;STAT=201222;TMPA=20;TMPP=202;TMPB=23;TMPC=22;RHUA=91;DWPA=18;PTYP=1;PNAM=MS-80SH;PIRA=-1;PIRP=-1;PIRM=-1;PIRL=-1;PIRH=18;
SQNR=80895;DATE=24-08-14;TIME=22:28:15;STAT=201222;TMPA=20;TMPP=202;TMPB=23;TMPC=22;RHUA=91;DWPA=18;PTYP=1;PNAM=MS-80SH;PIRA=-1;PIRP=-1;PIRM=-1;PIRL=-1;PIRH=18;
SQNR=80910;DATE=24-08-14;TIME=22:28:30;STAT=201222;TMPA=20;TMPP=202;TMPB=24;TMPC=22;RHUA=91;DWPA=18;PTYP=1;PNAM=MS-80SH;PIRA=0;PIRP=-1;PIRM=-1;PIRL=-1;PIRH=18;
SQNR=80925;DATE=24-08-14;TIME=22:28:45;STAT=201222;TMPA=20;TMPP=202;TMPB=24;TMPC=22;RHUA=91;DWPA=18;PTYP=1;PNAM=MS-80SH;PIRA=-1;PIRP=-1;PIRM=-1;PIRL=-1;PIRH=18;
SQNR=80940;DATE=24-08-14;TIME=22:29:00;STAT=201222;TMPA=20;TMPP=202;TMPB=24;TMPC=22;RHUA=91;DWPA=18;PTYP=1;PNAM=MS-80SH;PIRA=0;PIRP=-1;PIRM=-1;PIRL=-1;PIRH=18;
SQNR=80955;DATE=24-08-14;TIME=22:29:15;STAT=201222;TMPA=20;TMPP=202;TMPB=24;TMPC=22;RHUA=91;DWPA=18;PTYP=1;PNAM=MS-80SH;PIRA=-1;PIRP=0;PIRM=-1;PIRL=-1;PIRH=18;
SQNR=80970;DATE=24-08-14;TIME=22:29:30;STAT=201222;TMPA=20;TMPP=202;TMPB=24;TMPC=22;RHUA=91;DWPA=18;PTYP=1;PNAM=MS-80SH;PIRA=0;PIRP=0;PIRM=0;PIRL=-1;PIRH=18;
SQNR=80985;DATE=24-08-14;TIME=22:29:45;STAT=201222;TMPA=20;TMPP=202;TMPB=24;TMPC=22;RHUA=91;DWPA=18;PTYP=1;PNAM=MS-80SH;PIRA=0;PIRP=0;PIRM=0;PIRL=-1;PIRH=18;
SQNR=81000;DATE=24-08-14;TIME=22:30:00;STAT=201222;TMPA=20;TMPP=202;TMPB=23;TMPC=22;RHUA=91;DWPA=18;PTYP=1;PNAM=MS-80SH;PIRA=-1;PIRP=0;PIRM=0;PIRL=-1;PIRH=18;
C-----;?
V-----;SWVNR=2102190;SQNDL=81001;DATE=24-08-14;TIME=22:30:06;THTYP=85;TTEMP=15;TDEWP=5;IUFAN=800;ILFAN=5;IUHEA=3000;PYDEF=21;PYAVT=30;PYAVW=1;PYOST=0;MSDLY=15;FNDLY=30;OSTRG=3;DBGFL=0;ASIRE=0;DBGRE=0;MPPFL=-1;
SQNR=81015;DATE=24-08-14;TIME=22:30:15;STAT=201222;TMPA=20;TMPP=202;TMPB=23;TMPC=22;RHUA=91;DWPA=18;PTYP=1;PNAM=MS-80SH;PIRA=0;PIRP=0;PIRM=0;PIRL=-1;PIRH=18;
SQNR=81030;DATE=24-08-14;TIME=22:30:30;STAT=201222;TMPA=20;TMPP=202;TMPB=23;TMPC=22;RHUA=91;DWPA=18;PTYP=1;PNAM=MS-80SH;PIRA=-1;PIRP=0;PIRM=0;PIRL=-1;PIRH=18;
SQNR=81045;DATE=24-08-14;TIME=22:30:45;STAT=201222;TMPA=20;TMPP=201;TMPB=23;TMPC=22;RHUA=91;DWPA=18;PTYP=1;PNAM=MS-80SH;PIRA=0;PIRP=0;PIRM=0;PIRL=-1;PIRH=18;
SQNR=81060;DATE=24-08-14;TIME=22:31:00;STAT=201222;TMPA=20;TMPP=201;TMPB=23;TMPC=22;RHUA=91;DWPA=18;PTYP=1;PNAM=MS-80SH;PIRA=0;PIRP=0;PIRM=0;PIRL=-1;PIRH=18;
SQNR=81075;DATE=24-08-14;TIME=22:31:15;STAT=201222;TMPA=20;TMPP=201;TMPB=23;TMPC=22;RHUA=91;DWPA=18;PTYP=1;PNAM=MS-80SH;PIRA=0;PIRP=0;PIRM=0;PIRL=-1;PIRH=18;
SQNR=81090;DATE=24-08-14;TIME=22:31:30;STAT=201222;TMPA=20;TMPP=201;TMPB=23;TMPC=22;RHUA=91;DWPA=18;PTYP=1;PNAM=MS-80SH;PIRA=0;PIRP=0;PIRM=0;PIRL=-1;PIRH=18;
SQNR=81105;DATE=24-08-14;TIME=22:31:45;STAT=201222;TMPA=20;TMPP=201;TMPB=23;TMPC=22;RHUA=91;DWPA=18;PTYP=1;PNAM=MS-80SH;PIRA=0;PIRP=0;PIRM=0;PIRL=-1;PIRH=18;
SQNR=81120;DATE=24-08-14;TIME=22:32:00;STAT=201222;TMPA=20;TMPP=200;TMPB=23;TMPC=22;RHUA=91;DWPA=18;PTYP=1;PNAM=MS-80SH;PIRA=0;PIRP=0;PIRM=0;PIRL=-1;PIRH=18;
SQNR=81135;DATE=24-08-14;TIME=22:32:15;STAT=201222;TMPA=20;TMPP=200;TMPB=23;TMPC=22;RHUA=91;DWPA=18;PTYP=1;PNAM=MS-80SH;PIRA=0;PIRP=0;PIRM=0;PIRL=-1;PIRH=18;
SQNR=81150;DATE=24-08-14;TIME=22:32:30;STAT=201222;TMPA=20;TMPP=200;TMPB=23;TMPC=22;RHUA=91;DWPA=18;PTYP=1;PNAM=MS-80SH;PIRA=0;PIRP=0;PIRM=0;PIRL=-1;PIRH=18;
SQNR=81165;DATE=24-08-14;TIME=22:32:45;STAT=201222;TMPA=20;TMPP=200;TMPB=23;TMPC=22;RHUA=91;DWPA=18;PTYP=1;PNAM=MS-80SH;PIRA=1;PIRP=0;PIRM=0;PIRL=-1;PIRH=18;
SQNR=81180;DATE=24-08-14;TIME=22:33:00;STAT=201222;TMPA=20;TMPP=200;TMPB=23;TMPC=22;RHUA=91;DWPA=18;PTYP=1;PNAM=MS-80SH;PIRA=0;PIRP=0;PIRM=0;PIRL=-1;PIRH=18;
SQNR=81195;DATE=24-08-14;TIME=22:33:15;STAT=201222;TMPA=20;TMPP=200;TMPB=23;TMPC=22;RHUA=91;DWPA=18;PTYP=1;PNAM=MS-80SH;PIRA=1;PIRP=0;PIRM=0;PIRL=-1;PIRH=18;
SQNR=81210;DATE=24-08-14;TIME=22:33:30;STAT=201222;TMPA=19;TMPP=199;TMPB=23;TMPC=22;RHUA=91;DWPA=18;PTYP=1;PNAM=MS-80SH;PIRA=0;PIRP=0;PIRM=0;PIRL=-1;PIRH=18;
SQNR=81225;DATE=24-08-14;TIME=22:33:45;STAT=201222;TMPA=19;TMPP=199;TMPB=23;TMPC=22;RHUA=91;DWPA=18;PTYP=1;PNAM=MS-80SH;PIRA=0;PIRP=0;PIRM=0;PIRL=-1;PIRH=18;
SQNR=81240;DATE=24-08-14;TIME=22:34:00;STAT=201222;TMPA=19;TMPP=199;TMPB=23;TMPC=22;RHUA=91;DWPA=18;PTYP=1;PNAM=MS-80SH;PIRA=0;PIRP=0;PIRM=0;PIRL=-1;PIRH=18;
SQNR=81255;DATE=24-08-14;TIME=22:34:15;STAT=201222;TMPA=19;TMPP=199;TMPB=23;TMPC=22;RHUA=91;DWPA=18;PTYP=1;PNAM=MS-80SH;PIRA=0;PIRP=0;PIRM=0;PIRL=-1;PIRH=18;
SQNR=81270;DATE=24-08-14;TIME=22:34:30;STAT=201222;TMPA=19;TMPP=199;TMPB=23;TMPC=22;RHUA=91;DWPA=18;PTYP=1;PNAM=MS-80SH;PIRA=1;PIRP=0;PIRM=0;PIRL=-1;PIRH=18;
SQNR=81285;DATE=24-08-14;TIME=22:34:45;STAT=201222;TMPA=19;TMPP=199;TMPB=23;TMPC=22;RHUA=91;DWPA=18;PTYP=1;PNAM=MS-80SH;PIRA=0;PIRP=0;PIRM=0;PIRL=-1;PIRH=18;
SQNR=81300;DATE=24-08-14;TIME=22:35:00;STAT=201222;TMPA=19;TMPP=199;TMPB=23;TMPC=22;RHUA=91;DWPA=18;PTYP=1;PNAM=MS-80SH;PIRA=0;PIRP=0;PIRM=0;PIRL=-1;PIRH=18;
C-----;?
V-----;SWVNR=2102190;SQNDL=81301;DATE=24-08-14;TIME=22:35:06;THTYP=85;TTEMP=15;TDEWP=5;IUFAN=800;ILFAN=5;IUHEA=3000;PYDEF=21;PYAVT=30;PYAVW=1;PYOST=0;MSDLY=15;FNDLY=30;OSTRG=3;DBGFL=0;ASIRE=0;DBGRE=0;MPPFL=-1;
SQNR=81315;DATE=24-08-14;TIME=22:35:15;STAT=201222;TMPA=19;TMPP=199;TMPB=23;TMPC=22;RHUA=91;DWPA=18;PTYP=1;PNAM=MS-80SH;PIRA=0;PIRP=0;PIRM=0;PIRL=-1;PIRH=18;
SQNR=81330;DATE=24-08-14;TIME=22:35:30;STAT=201222;TMPA=19;TMPP=199;TMPB=23;TMPC=22;RHUA=92;DWPA=18;PTYP=1;PNAM=MS-80SH;PIRA=0;PIRP=0;PIRM=0;PIRL=-1;PIRH=18;
SQNR=81345;DATE=24-08-14;TIME=22:35:45;STAT=201222;TMPA=19;TMPP=199;TMPB=23;TMPC=22;RHUA=91;DWPA=18;PTYP=1;PNAM=MS-80SH;PIRA=1;PIRP=0;PIRM=0;PIRL=-1;PIRH=18;
SQNR=81360;DATE=24-08-14;TIME=22:36:00;STAT=201222;TMPA=19;TMPP=199;TMPB=23;TMPC=22;RHUA=91;DWPA=18;PTYP=1;PNAM=MS-80SH;PIRA=0;PIRP=0;PIRM=0;PIRL=-1;PIRH=18;
SQNR=81375;DATE=24-08-14;TIME=22:36:15;STAT=201222;TMPA=19;TMPP=198;TMPB=23;TMPC=22;RHUA=91;DWPA=18;PTYP=1;PNAM=MS-80SH;PIRA=1;PIRP=1;PIRM=1;PIRL=-1;PIRH=18;
SQNR=81390;DATE=24-08-14;TIME=22:36:30;STAT=201222;TMPA=19;TMPP=198;TMPB=23;TMPC=22;RHUA=91;DWPA=18;PTYP=1;PNAM=MS-80SH;PIRA=0;PIRP=1;PIRM=0;PIRL=-1;PIRH=18;
SQNR=81405;DATE=24-08-14;TIME=22:36:45;STAT=201222;TMPA=19;TMPP=198;TMPB=23;TMPC=22;RHUA=91;DWPA=18;PTYP=1;PNAM=MS-80SH;PIRA=1;PIRP=1;PIRM=1;PIRL=-1;PIRH=18;
SQNR=81420;DATE=24-08-14;TIME=22:37:00;STAT=201222;TMPA=19;TMPP=198;TMPB=23;TMPC=22;RHUA=91;DWPA=18;PTYP=1;PNAM=MS-80SH;PIRA=1;PIRP=1;PIRM=1;PIRL=-1;PIRH=18;
SQNR=81435;DATE=24-08-14;TIME=22:37:15;STAT=201222;TMPA=19;TMPP=198;TMPB=23;TMPC=22;RHUA=91;DWPA=18;PTYP=1;PNAM=MS-80SH;PIRA=0;PIRP=1;PIRM=1;PIRL=-1;PIRH=18;
SQNR=81450;DATE=24-08-14;TIME=22:37:30;STAT=201222;TMPA=19;TMPP=198;TMPB=23;TMPC=22;RHUA=91;DWPA=18;PTYP=1;PNAM=MS-80SH;PIRA=1;PIRP=1;PIRM=1;PIRL=-1;PIRH=18;
SQNR=81465;DATE=24-08-14;TIME=22:37:45;STAT=201222;TMPA=19;TMPP=198;TMPB=23;TMPC=22;RHUA=91;DWPA=18;PTYP=1;PNAM=MS-80SH;PIRA=0;PIRP=0;PIRM=0;PIRL=-1;PIRH=18;
SQNR=81480;DATE=24-08-14;TIME=22:38:00;STAT=201222;TMPA=19;TMPP=198;TMPB=23;TMPC=22;RHUA=92;DWPA=18;PTYP=1;PNAM=MS-80SH;PIRA=0;PIRP=0;PIRM=0;PIRL=-1;PIRH=18;
SQNR=81495;DATE=24-08-14;TIME=22:38:15;STAT=201222;TMPA=19;TMPP=198;TMPB=23;TMPC=22;RHUA=92;DWPA=18;PTYP=1;PNAM=MS-80SH;PIRA=0;PIRP=0;PIRM=0;PIRL=-1;PIRH=18;
SQNR=81510;DATE=24-08-14;TIME=22:38:30;STAT=201222;TMPA=19;TMPP=197;TMPB=23;TMPC=22;RHUA=92;DWPA=18;PTYP=1;PNAM=MS-80SH;PIRA=0;PIRP=0;PIRM=0;PIRL=-1;PIRH=18;
SQNR=81525;DATE=24-08-14;TIME=22:38:45;STAT=201222;TMPA=19;TMPP=197;TMPB=23;TMPC=22;RHUA=92;DWPA=18;PTYP=1;PNAM=MS-80SH;PIRA=1;PIRP=0;PIRM=0;PIRL=-1;PIRH=18;
SQNR=81540;DATE=24-08-14;TIME=22:39:00;STAT=201222;TMPA=19;TMPP=197;TMPB=23;TMPC=22;RHUA=92;DWPA=18;PTYP=1;PNAM=MS-80SH;PIRA=0;PIRP=0;PIRM=0;PIRL=-1;PIRH=18;
SQNR=81555;DATE=24-08-14;TIME=22:39:15;STAT=201222;TMPA=19;TMPP=197;TMPB=23;TMPC=22;RHUA=92;DWPA=18;PTYP=1;PNAM=MS-80SH;PIRA=0;PIRP=0;PIRM=0;PIRL=-1;PIRH=18;
SQNR=81570;DATE=24-08-14;TIME=22:39:30;STAT=201222;TMPA=19;TMPP=197;TMPB=23;TMPC=22;RHUA=92;DWPA=18;PTYP=1;PNAM=MS-80SH;PIRA=0;PIRP=0;PIRM=0;PIRL=-1;PIRH=18;
SQNR=81585;DATE=24-08-14;TIME=22:39:45;STAT=201222;TMPA=19;TMPP=197;TMPB=23;TMPC=22;RHUA=92;DWPA=18;PTYP=1;PNAM=MS-80SH;PIRA=0;PIRP=0;PIRM=0;PIRL=-1;PIRH=18;
SQNR=81600;DATE=24-08-14;TIME=22:40:00;STAT=201222;TMPA=19;TMPP=197;TMPB=23;TMPC=22;RHUA=92;DWPA=18;PTYP=1;PNAM=MS-80SH;PIRA=1;PIRP=0;PIRM=0;PIRL=-1;PIRH=18;
C-----;?
V-----;SWVNR=2102190;SQNDL=81602;DATE=24-08-14;TIME=22:40:07;THTYP=85;TTEMP=15;TDEWP=5;IUFAN=800;ILFAN=5;IUHEA=3000;PYDEF=21;PYAVT=30;PYAVW=1;PYOST=0;MSDLY=15;FNDLY=30;OSTRG=3;DBGFL=0;ASIRE=0;DBGRE=0;MPPFL=-1;
SQNR=81615;DATE=24-08-14;TIME=22:40:15;STAT=201222;TMPA=19;TMPP=196;TMPB=23;TMPC=22;RHUA=92;DWPA=18;PTYP=1;PNAM=MS-80SH;PIRA=0;PIRP=0;PIRM=0;PIRL=-1;PIRH=18;
SQNR=81630;DATE=24-08-14;TIME=22:40:30;STAT=201222;TMPA=19;TMPP=196;TMPB=23;TMPC=22;RHUA=92;DWPA=18;PTYP=1;PNAM=MS-80SH;PIRA=1;PIRP=0;PIRM=0;PIRL=-1;PIRH=18;
SQNR=81645;DATE=24-08-14;TIME=22:40:45;STAT=201222;TMPA=19;TMPP=196;TMPB=23;TMPC=22;RHUA=92;DWPA=18;PTYP=1;PNAM=MS-80SH;PIRA=0;PIRP=0;PIRM=0;PIRL=-1;PIRH=18;
SQNR=81660;DATE=24-08-14;TIME=22:41:00;STAT=201222;TMPA=19;TMPP=196;TMPB=23;TMPC=22;RHUA=92;DWPA=18;PTYP=1;PNAM=MS-80SH;PIRA=0;PIRP=0;PIRM=0;PIRL=-1;PIRH=18;
SQNR=81675;DATE=24-08-14;TIME=22:41:15;STAT=201222;TMPA=19;TMPP=196;TMPB=23;TMPC=22;RHUA=92;DWPA=18;PTYP=1;PNAM=MS-80SH;PIRA=0;PIRP=0;PIRM=0;PIRL=-1;PIRH=18;
SQNR=81690;DATE=24-08-14;TIME=22:41:30;STAT=201222;TMPA=19;TMPP=196;TMPB=23;TMPC=22;RHUA=92;DWPA=18;PTYP=1;PNAM=MS-80SH;PIRA=0;PIRP=0;PIRM=0;PIRL=-1;PIRH=18;
SQNR=81705;DATE=24-08-14;TIME=22:41:45;STAT=201222;TMPA=19;TMPP=196;TMPB=23;TMPC=22;RHUA=92;DWPA=18;PTYP=1;PNAM=MS-80SH;PIRA=0;PIRP=0;PIRM=0;PIRL=-1;PIRH=18;
SQNR=81720;DATE=24-08-14;TIME=22:42:00;STAT=201222;TMPA=19;TMPP=196;TMPB=23;TMPC=22;RHUA=92;DWPA=18;PTYP=1;PNAM=MS-80SH;PIRA=0;PIRP=0;PIRM=0;PIRL=-1;PIRH=18;
SQNR=81735;DATE=24-08-14;TIME=22:42:15;STAT=201222;TMPA=19;TMPP=196;TMPB=23;TMPC=22;RHUA=92;DWPA=18;PTYP=1;PNAM=MS-80SH;PIRA=0;PIRP=0;PIRM=0;PIRL=-1;PIRH=18;
SQNR=81750;DATE=24-08-14;TIME=22:42:30;STAT=201222;TMPA=19;TMPP=196;TMPB=23;TMPC=22;RHUA=92;DWPA=18;PTYP=1;PNAM=MS-80SH;PIRA=0;PIRP=0;PIRM=0;PIRL=-1;PIRH=18;
SQNR=81765;DATE=24-08-14;TIME=22:42:45;STAT=201222;TMPA=19;TMPP=196;TMPB=23;TMPC=22;RHUA=92;DWPA=18;PTYP=1;PNAM=MS-80SH;PIRA=0;PIRP=0;PIRM=0;PIRL=-1;PIRH=18;
SQNR=81780;DATE=24-08-14;TIME=22:43:00;STAT=201222;TMPA=19;TMPP=196;TMPB=23;TMPC=22;RHUA=92;DWPA=18;PTYP=1;PNAM=MS-80SH;PIRA=0;PIRP=0;PIRM=0;PIRL=-1;PIRH=18;
SQNR=81795;DATE=24-08-14;TIME=22:43:15;STAT=201222;TMPA=19;TMPP=196;TMPB=23;TMPC=22;RHUA=92;DWPA=18;PTYP=1;PNAM=MS-80SH;PIRA=0;PIRP=0;PIRM=0;PIRL=-1;PIRH=18;
SQNR=81810;DATE=24-08-14;TIME=22:43:30;STAT=201222;TMPA=19;TMPP=196;TMPB=23;TMPC=22;RHUA=92;DWPA=18;PTYP=1;PNAM=MS-80SH;PIRA=0;PIRP=0;PIRM=0;PIRL=-1;PIRH=18;
SQNR=81825;DATE=24-08-14;TIME=22:43:45;STAT=201222;TMPA=19;TMPP=196;TMPB=23;TMPC=22;RHUA=92;DWPA=18;PTYP=1;PNAM=MS-80SH;PIRA=0;PIRP=0;PIRM=0;PIRL=-1;PIRH=18;
SQNR=81840;DATE=24-08-14;TIME=22:44:00;STAT=201222;TMPA=19;TMPP=196;TMPB=23;TMPC=22;RHUA=93;DWPA=18;PTYP=1;PNAM=MS-80SH;PIRA=0;PIRP=0;PIRM=0;PIRL=-1;PIRH=18;
SQNR=81855;DATE=24-08-14;TIME=22:44:15;STAT=201222;TMPA=19;TMPP=196;TMPB=23;TMPC=22;RHUA=93;DWPA=18;PTYP=1;PNAM=MS-80SH;PIRA=0;PIRP=0;PIRM=0;PIRL=-1;PIRH=18;
SQNR=81870;DATE=24-08-14;TIME=22:44:30;STAT=201222;TMPA=19;TMPP=196;TMPB=23;TMPC=22;RHUA=93;DWPA=18;PTYP=1;PNAM=MS-80SH;PIRA=0;PIRP=0;PIRM=0;PIRL=-1;PIRH=18;
SQNR=81885;DATE=24-08-14;TIME=22:44:45;STAT=201222;TMPA=19;TMPP=195;TMPB=23;TMPC=22;RHUA=93;DWPA=18;PTYP=1;PNAM=MS-80SH;PIRA=0;PIRP=0;PIRM=0;PIRL=-1;PIRH=18;
SQNR=81900;DATE=24-08-14;TIME=22:45:00;STAT=201222;TMPA=19;TMPP=196;TMPB=23;TMPC=22;RHUA=93;DWPA=18;PTYP=1;PNAM=MS-80SH;PIRA=0;PIRP=0;PIRM=0;PIRL=-1;PIRH=18;
C-----;?
V-----;SWVNR=2102190;SQNDL=81902;DATE=24-08-14;TIME=22:45:07;THTYP=85;TTEMP=15;TDEWP=5;IUFAN=800;ILFAN=5;IUHEA=3000;PYDEF=21;PYAVT=30;PYAVW=1;PYOST=0;MSDLY=15;FNDLY=30;OSTRG=3;DBGFL=0;ASIRE=0;DBGRE=0;MPPFL=-1;
SQNR=81915;DATE=24-08-14;TIME=22:45:15;STAT=201222;TMPA=19;TMPP=196;TMPB=23;TMPC=22;RHUA=93;DWPA=18;PTYP=1;PNAM=MS-80SH;PIRA=0;PIRP=0;PIRM=0;PIRL=-1;PIRH=18;
SQNR=81930;DATE=24-08-14;TIME=22:45:30;STAT=201222;TMPA=19;TMPP=195;TMPB=23;TMPC=22;RHUA=93;DWPA=18;PTYP=1;PNAM=MS-80SH;PIRA=-1;PIRP=0;PIRM=0;PIRL=-1;PIRH=18;
SQNR=81945;DATE=24-08-14;TIME=22:45:45;STAT=201222;TMPA=19;TMPP=196;TMPB=23;TMPC=22;RHUA=93;DWPA=18;PTYP=1;PNAM=MS-80SH;PIRA=0;PIRP=0;PIRM=0;PIRL=-1;PIRH=18;
SQNR=81960;DATE=24-08-14;TIME=22:46:00;STAT=201222;TMPA=19;TMPP=196;TMPB=23;TMPC=22;RHUA=93;DWPA=18;PTYP=1;PNAM=MS-80SH;PIRA=0;PIRP=0;PIRM=0;PIRL=-1;PIRH=18;
SQNR=81975;DATE=24-08-14;TIME=22:46:15;STAT=201222;TMPA=19;TMPP=196;TMPB=23;TMPC=22;RHUA=93;DWPA=18;PTYP=1;PNAM=MS-80SH;PIRA=-1;PIRP=0;PIRM=0;PIRL=-1;PIRH=18;
SQNR=81990;DATE=24-08-14;TIME=22:46:30;STAT=201222;TMPA=19;TMPP=196;TMPB=23;TMPC=22;RHUA=93;DWPA=18;PTYP=1;PNAM=MS-80SH;PIRA=0;PIRP=0;PIRM=0;PIRL=-1;PIRH=18;
SQNR=82005;DATE=24-08-14;TIME=22:46:45;STAT=201222;TMPA=19;TMPP=196;TMPB=23;TMPC=22;RHUA=93;DWPA=18;PTYP=1;PNAM=MS-80SH;PIRA=-1;PIRP=0;PIRM=0;PIRL=-1;PIRH=18;
SQNR=82020;DATE=24-08-14;TIME=22:47:00;STAT=201222;TMPA=19;TMPP=196;TMPB=23;TMPC=22;RHUA=93;DWPA=18;PTYP=1;PNAM=MS-80SH;PIRA=-1;PIRP=0;PIRM=0;PIRL=-1;PIRH=18;
SQNR=82035;DATE=24-08-14;TIME=22:47:15;STAT=201222;TMPA=19;TMPP=196;TMPB=23;TMPC=22;RHUA=93;DWPA=18;PTYP=1;PNAM=MS-80SH;PIRA=0;PIRP=0;PIRM=0;PIRL=-1;PIRH=18;
SQNR=82050;DATE=24-08-14;TIME=22:47:30;STAT=201222;TMPA=19;TMPP=196;TMPB=23;TMPC=22;RHUA=93;DWPA=18;PTYP=1;PNAM=MS-80SH;PIRA=0;PIRP=0;PIRM=0;PIRL=-1;PIRH=18;
SQNR=82065;DATE=24-08-14;TIME=22:47:45;STAT=201222;TMPA=19;TMPP=196;TMPB=23;TMPC=22;RHUA=93;DWPA=18;PTYP=1;PNAM=MS-80SH;PIRA=0;PIRP=0;PIRM=0;PIRL=-1;PIRH=18;
SQNR=82080;DATE=24-08-14;TIME=22:48:00;STAT=201222;TMPA=19;TMPP=195;TMPB=23;TMPC=22;RHUA=93;DWPA=18;PTYP=1;PNAM=MS-80SH;PIRA=0;PIRP=0;PIRM=0;PIRL=-1;PIRH=18;
SQNR=82095;DATE=24-08-14;TIME=22:48:15;STAT=201222;TMPA=19;TMPP=196;TMPB=23;TMPC=22;RHUA=93;DWPA=18;PTYP=1;PNAM=MS-80SH;PIRA=0;PIRP=0;PIRM=0;PIRL=-1;PIRH=18;
SQNR=82110;DATE=24-08-14;TIME=22:48:30;STAT=201222;TMPA=19;TMPP=196;TMPB=23;TMPC=22;RHUA=93;DWPA=18;PTYP=1;PNAM=MS-80SH;PIRA=0;PIRP=0;PIRM=0;PIRL=-1;PIRH=18;
SQNR=82125;DATE=24-08-14;TIME=22:48:45;STAT=201222;TMPA=19;TMPP=196;TMPB=23;TMPC=22;RHUA=93;DWPA=18;PTYP=1;PNAM=MS-80SH;PIRA=0;PIRP=0;PIRM=0;PIRL=-1;PIRH=18;
SQNR=82140;DATE=24-08-14;TIME=22:49:00;STAT=201222;TMPA=19;TMPP=195;TMPB=23;TMPC=22;RHUA=93;DWPA=18;PTYP=1;PNAM=MS-80SH;PIRA=0;PIRP=0;PIRM=0;PIRL=-1;PIRH=18;
SQNR=82155;DATE=24-08-14;TIME=22:49:15;STAT=201222;TMPA=19;TMPP=196;TMPB=23;TMPC=22;RHUA=93;DWPA=18;PTYP=1;PNAM=MS-80SH;PIRA=0;PIRP=0;PIRM=0;PIRL=-1;PIRH=18;
SQNR=82170;DATE=24-08-14;TIME=22:49:30;STAT=201222;TMPA=19;TMPP=196;TMPB=23;TMPC=22;RHUA=93;DWPA=18;PTYP=1;PNAM=MS-80SH;PIRA=0;PIRP=0;PIRM=0;PIRL=-1;PIRH=18;
SQNR=82185;DATE=24-08-14;TIME=22:49:45;STAT=201222;TMPA=19;TMPP=196;TMPB=23;TMPC=22;RHUA=93;DWPA=18;PTYP=1;PNAM=MS-80SH;PIRA=0;PIRP=0;PIRM=0;PIRL=-1;PIRH=18;
SQNR=82200;DATE=24-08-14;TIME=22:50:00;STAT=201222;TMPA=19;TMPP=196;TMPB=23;TMPC=22;RHUA=93;DWPA=18;PTYP=1;PNAM=MS-80SH;PIRA=0;PIRP=0;PIRM=0;PIRL=-1;PIRH=18;
C-----;?
V-----;SWVNR=2102190;SQNDL=82202;DATE=24-08-14;TIME=22:50:07;THTYP=85;TTEMP=15;TDEWP=5;IUFAN=800;ILFAN=5;IUHEA=3000;PYDEF=21;PYAVT=30;PYAVW=1;PYOST=0;MSDLY=15;FNDLY=30;OSTRG=3;DBGFL=0;ASIRE=0;DBGRE=0;MPPFL=-1;
SQNR=82215;DATE=24-08-14;TIME=22:50:15;STAT=201222;TMPA=19;TMPP=196;TMPB=23;TMPC=22;RHUA=93;DWPA=18;PTYP=1;PNAM=MS-80SH;PIRA=0;PIRP=0;PIRM=0;PIRL=-1;PIRH=18;
SQNR=82230;DATE=24-08-14;TIME=22:50:30;STAT=201222;TMPA=19;TMPP=196;TMPB=23;TMPC=22;RHUA=93;DWPA=18;PTYP=1;PNAM=MS-80SH;PIRA=0;PIRP=0;PIRM=0;PIRL=-1;PIRH=18;
SQNR=82245;DATE=24-08-14;TIME=22:50:45;STAT=201222;TMPA=19;TMPP=196;TMPB=23;TMPC=22;RHUA=93;DWPA=18;PTYP=1;PNAM=MS-80SH;PIRA=0;PIRP=0;PIRM=0;PIRL=-1;PIRH=18;
SQNR=82260;DATE=24-08-14;TIME=22:51:00;STAT=201222;TMPA=19;TMPP=196;TMPB=23;TMPC=22;RHUA=93;DWPA=18;PTYP=1;PNAM=MS-80SH;PIRA=0;PIRP=0;PIRM=0;PIRL=-1;PIRH=18;
SQNR=82275;DATE=24-08-14;TIME=22:51:15;STAT=201222;TMPA=19;TMPP=196;TMPB=23;TMPC=22;RHUA=93;DWPA=18;PTYP=1;PNAM=MS-80SH;PIRA=0;PIRP=0;PIRM=0;PIRL=-1;PIRH=18;
SQNR=82290;DATE=24-08-14;TIME=22:51:30;STAT=201222;TMPA=19;TMPP=195;TMPB=23;TMPC=22;RHUA=93;DWPA=18;PTYP=1;PNAM=MS-80SH;PIRA=0;PIRP=0;PIRM=0;PIRL=-1;PIRH=18;
SQNR=82305;DATE=24-08-14;TIME=22:51:45;STAT=201222;TMPA=19;TMPP=196;TMPB=23;TMPC=22;RHUA=93;DWPA=18;PTYP=1;PNAM=MS-80SH;PIRA=0;PIRP=0;PIRM=0;PIRL=-1;PIRH=18;
SQNR=82320;DATE=24-08-14;TIME=22:52:00;STAT=201222;TMPA=19;TMPP=196;TMPB=23;TMPC=22;RHUA=93;DWPA=18;PTYP=1;PNAM=MS-80SH;PIRA=0;PIRP=0;PIRM=0;PIRL=-1;PIRH=18;
SQNR=82335;DATE=24-08-14;TIME=22:52:15;STAT=201222;TMPA=19;TMPP=196;TMPB=23;TMPC=22;RHUA=93;DWPA=18;PTYP=1;PNAM=MS-80SH;PIRA=0;PIRP=0;PIRM=0;PIRL=-1;PIRH=18;
SQNR=82350;DATE=24-08-14;TIME=22:52:30;STAT=201222;TMPA=19;TMPP=195;TMPB=23;TMPC=22;RHUA=93;DWPA=18;PTYP=1;PNAM=MS-80SH;PIRA=0;PIRP=0;PIRM=0;PIRL=-1;PIRH=18;
SQNR=82365;DATE=24-08-14;TIME=22:52:45;STAT=201222;TMPA=19;TMPP=195;TMPB=23;TMPC=22;RHUA=92;DWPA=18;PTYP=1;PNAM=MS-80SH;PIRA=0;PIRP=0;PIRM=0;PIRL=-1;PIRH=18;
SQNR=82380;DATE=24-08-14;TIME=22:53:00;STAT=201222;TMPA=19;TMPP=195;TMPB=23;TMPC=22;RHUA=92;DWPA=18;PTYP=1;PNAM=MS-80SH;PIRA=0;PIRP=0;PIRM=0;PIRL=-1;PIRH=18;
SQNR=82395;DATE=24-08-14;TIME=22:53:15;STAT=201222;TMPA=19;TMPP=195;TMPB=23;TMPC=22;RHUA=92;DWPA=18;PTYP=1;PNAM=MS-80SH;PIRA=0;PIRP=0;PIRM=0;PIRL=-1;PIRH=18;
SQNR=82410;DATE=24-08-14;TIME=22:53:30;STAT=201222;TMPA=19;TMPP=195;TMPB=23;TMPC=22;RHUA=92;DWPA=18;PTYP=1;PNAM=MS-80SH;PIRA=0;PIRP=0;PIRM=0;PIRL=-1;PIRH=18;
SQNR=82425;DATE=24-08-14;TIME=22:53:45;STAT=201222;TMPA=19;TMPP=195;TMPB=23;TMPC=22;RHUA=92;DWPA=18;PTYP=1;PNAM=MS-80SH;PIRA=0;PIRP=0;PIRM=0;PIRL=-1;PIRH=18;
SQNR=82440;DATE=24-08-14;TIME=22:54:00;STAT=201222;TMPA=19;TMPP=195;TMPB=23;TMPC=22;RHUA=92;DWPA=18;PTYP=1;PNAM=MS-80SH;PIRA=0;PIRP=0;PIRM=0;PIRL=-1;PIRH=18;
SQNR=82455;DATE=24-08-14;TIME=22:54:15;STAT=201222;TMPA=19;TMPP=195;TMPB=23;TMPC=22;RHUA=92;DWPA=18;PTYP=1;PNAM=MS-80SH;PIRA=0;PIRP=0;PIRM=0;PIRL=-1;PIRH=18;
SQNR=82470;DATE=24-08-14;TIME=22:54:30;STAT=201222;TMPA=19;TMPP=195;TMPB=23;TMPC=22;RHUA=92;DWPA=18;PTYP=1;PNAM=MS-80SH;PIRA=0;PIRP=0;PIRM=0;PIRL=-1;PIRH=18;
SQNR=82485;DATE=24-08-14;TIME=22:54:45;STAT=201222;TMPA=19;TMPP=195;TMPB=23;TMPC=22;RHUA=92;DWPA=18;PTYP=1;PNAM=MS-80SH;PIRA=0;PIRP=0;PIRM=0;PIRL=-1;PIRH=18;
SQNR=82500;DATE=24-08-14;TIME=22:55:00;STAT=201222;TMPA=19;TMPP=195;TMPB=23;TMPC=22;RHUA=92;DWPA=18;PTYP=1;PNAM=MS-80SH;PIRA=0;PIRP=0;PIRM=0;PIRL=-1;PIRH=18;
C-----;?
V-----;SWVNR=2102190;SQNDL=82502;DATE=24-08-14;TIME=22:55:07;THTYP=85;TTEMP=15;TDEWP=5;IUFAN=800;ILFAN=5;IUHEA=3000;PYDEF=21;PYAVT=30;PYAVW=1;PYOST=0;MSDLY=15;FNDLY=30;OSTRG=3;DBGFL=0;ASIRE=0;DBGRE=0;MPPFL=-1;
SQNR=82515;DATE=24-08-14;TIME=22:55:15;STAT=201222;TMPA=19;TMPP=195;TMPB=23;TMPC=22;RHUA=92;DWPA=18;PTYP=1;PNAM=MS-80SH;PIRA=0;PIRP=0;PIRM=0;PIRL=-1;PIRH=18;
SQNR=82530;DATE=24-08-14;TIME=22:55:30;STAT=201222;TMPA=19;TMPP=195;TMPB=23;TMPC=22;RHUA=92;DWPA=18;PTYP=1;PNAM=MS-80SH;PIRA=0;PIRP=0;PIRM=0;PIRL=-1;PIRH=18;
SQNR=82545;DATE=24-08-14;TIME=22:55:45;STAT=201222;TMPA=19;TMPP=195;TMPB=23;TMPC=22;RHUA=92;DWPA=18;PTYP=1;PNAM=MS-80SH;PIRA=-1;PIRP=0;PIRM=0;PIRL=-1;PIRH=18;
SQNR=82560;DATE=24-08-14;TIME=22:56:00;STAT=201222;TMPA=19;TMPP=195;TMPB=23;TMPC=22;RHUA=92;DWPA=18;PTYP=1;PNAM=MS-80SH;PIRA=0;PIRP=0;PIRM=0;PIRL=-1;PIRH=18;
SQNR=82575;DATE=24-08-14;TIME=22:56:15;STAT=201222;TMPA=19;TMPP=195;TMPB=23;TMPC=22;RHUA=92;DWPA=18;PTYP=1;PNAM=MS-80SH;PIRA=0;PIRP=0;PIRM=0;PIRL=-1;PIRH=18;
SQNR=82590;DATE=24-08-14;TIME=22:56:30;STAT=201222;TMPA=19;TMPP=195;TMPB=23;TMPC=22;RHUA=92;DWPA=18;PTYP=1;PNAM=MS-80SH;PIRA=0;PIRP=0;PIRM=0;PIRL=-1;PIRH=18;
SQNR=82605;DATE=24-08-14;TIME=22:56:45;STAT=201222;TMPA=19;TMPP=195;TMPB=23;TMPC=22;RHUA=92;DWPA=18;PTYP=1;PNAM=MS-80SH;PIRA=0;PIRP=0;PIRM=0;PIRL=-1;PIRH=18;
SQNR=82620;DATE=24-08-14;TIME=22:57:00;STAT=201222;TMPA=19;TMPP=195;TMPB=23;TMPC=22;RHUA=92;DWPA=18;PTYP=1;PNAM=MS-80SH;PIRA=0;PIRP=0;PIRM=0;PIRL=-1;PIRH=18;
SQNR=82635;DATE=24-08-14;TIME=22:57:15;STAT=201222;TMPA=19;TMPP=195;TMPB=23;TMPC=22;RHUA=92;DWPA=18;PTYP=1;PNAM=MS-80SH;PIRA=0;PIRP=0;PIRM=0;PIRL=-1;PIRH=18;
SQNR=82650;DATE=24-08-14;TIME=22:57:30;STAT=201222;TMPA=19;TMPP=195;TMPB=23;TMPC=22;RHUA=92;DWPA=18;PTYP=1;PNAM=MS-80SH;PIRA=0;PIRP=0;PIRM=0;PIRL=-1;PIRH=18;
SQNR=82665;DATE=24-08-14;TIME=22:57:45;STAT=201222;TMPA=19;TMPP=195;TMPB=23;TMPC=22;RHUA=92;DWPA=18;PTYP=1;PNAM=MS-80SH;PIRA=0;PIRP=0;PIRM=0;PIRL=-1;PIRH=18;
SQNR=82680;DATE=24-08-14;TIME=22:58:00;STAT=201222;TMPA=19;TMPP=196;TMPB=23;TMPC=22;RHUA=92;DWPA=18;PTYP=1;PNAM=MS-80SH;PIRA=0;PIRP=0;PIRM=0;PIRL=-1;PIRH=18;
SQNR=82695;DATE=24-08-14;TIME=22:58:15;STAT=201222;TMPA=19;TMPP=196;TMPB=23;TMPC=22;RHUA=92;DWPA=18;PTYP=1;PNAM=MS-80SH;PIRA=0;PIRP=0;PIRM=0;PIRL=-1;PIRH=18;
SQNR=82710;DATE=24-08-14;TIME=22:58:30;STAT=201222;TMPA=19;TMPP=196;TMPB=23;TMPC=22;RHUA=92;DWPA=18;PTYP=1;PNAM=MS-80SH;PIRA=0;PIRP=0;PIRM=0;PIRL=-1;PIRH=18;
SQNR=82725;DATE=24-08-14;TIME=22:58:45;STAT=201222;TMPA=19;TMPP=196;TMPB=23;TMPC=22;RHUA=92;DWPA=18;PTYP=1;PNAM=MS-80SH;PIRA=0;PIRP=0;PIRM=0;PIRL=-1;PIRH=18;
SQNR=82740;DATE=24-08-14;TIME=22:59:00;STAT=201222;TMPA=19;TMPP=196;TMPB=23;TMPC=22;RHUA=92;DWPA=18;PTYP=1;PNAM=MS-80SH;PIRA=0;PIRP=0;PIRM=0;PIRL=-1;PIRH=18;
SQNR=82755;DATE=24-08-14;TIME=22:59:15;STAT=201222;TMPA=19;TMPP=196;TMPB=23;TMPC=22;RHUA=92;DWPA=18;PTYP=1;PNAM=MS-80SH;PIRA=0;PIRP=0;PIRM=0;PIRL=-1;PIRH=18;
SQNR=82770;DATE=24-08-14;TIME=22:59:30;STAT=201222;TMPA=19;TMPP=196;TMPB=23;TMPC=22;RHUA=92;DWPA=18;PTYP=1;PNAM=MS-80SH;PIRA=0;PIRP=0;PIRM=0;PIRL=-1;PIRH=18;
SQNR=82785;DATE=24-08-14;TIME=22:59:45;STAT=201222;TMPA=19;TMPP=195;TMPB=23;TMPC=22;RHUA=92;DWPA=18;PTYP=1;PNAM=MS-80SH;PIRA=1;PIRP=0;PIRM=0;PIRL=-1;PIRH=18;
SQNR=82800;DATE=24-08-14;TIME=23:00:00;STAT=201222;TMPA=19;TMPP=195;TMPB=23;TMPC=22;RHUA=92;DWPA=18;PTYP=1;PNAM=MS-80SH;PIRA=0;PIRP=0;PIRM=0;PIRL=-1;PIRH=18;
C-----;?
C-----;P1001
P-----;DATE=24-08-14;TIME=23:00:01;PSNR=23059772;PTMP=221;PRHU=5;PSTX=-23;PSTY=15;
V-----;SWVNR=2102190;SQNDL=82801;DATE=24-08-14;TIME=23:00:06;THTYP=85;TTEMP=15;TDEWP=5;IUFAN=800;ILFAN=5;IUHEA=3000;PYDEF=21;PYAVT=30;PYAVW=1;PYOST=0;MSDLY=15;FNDLY=30;OSTRG=3;DBGFL=0;ASIRE=0;DBGRE=0;MPPFL=-1;
SQNR=82815;DATE=24-08-14;TIME=23:00:15;STAT=201222;TMPA=19;TMPP=195;TMPB=23;TMPC=22;RHUA=91;DWPA=18;PTYP=1;PNAM=MS-80SH;PIRA=0;PIRP=0;PIRM=0;PIRL=-1;PIRH=18;
SQNR=82830;DATE=24-08-14;TIME=23:00:30;STAT=201222;TMPA=19;TMPP=195;TMPB=23;TMPC=22;RHUA=91;DWPA=18;PTYP=1;PNAM=MS-80SH;PIRA=0;PIRP=0;PIRM=0;PIRL=-1;PIRH=18;
SQNR=82845;DATE=24-08-14;TIME=23:00:45;STAT=201222;TMPA=19;TMPP=195;TMPB=23;TMPC=22;RHUA=91;DWPA=18;PTYP=1;PNAM=MS-80SH;PIRA=0;PIRP=0;PIRM=0;PIRL=-1;PIRH=18;
SQNR=82860;DATE=24-08-14;TIME=23:01:00;STAT=201222;TMPA=19;TMPP=195;TMPB=23;TMPC=22;RHUA=91;DWPA=18;PTYP=1;PNAM=MS-80SH;PIRA=1;PIRP=0;PIRM=0;PIRL=-1;PIRH=18;
SQNR=82875;DATE=24-08-14;TIME=23:01:15;STAT=201222;TMPA=19;TMPP=195;TMPB=23;TMPC=22;RHUA=91;DWPA=18;PTYP=1;PNAM=MS-80SH;PIRA=0;PIRP=0;PIRM=0;PIRL=-1;PIRH=18;
SQNR=82890;DATE=24-08-14;TIME=23:01:30;STAT=201222;TMPA=19;TMPP=195;TMPB=23;TMPC=22;RHUA=91;DWPA=18;PTYP=1;PNAM=MS-80SH;PIRA=0;PIRP=0;PIRM=0;PIRL=-1;PIRH=18;
SQNR=82905;DATE=24-08-14;TIME=23:01:45;STAT=201222;TMPA=19;TMPP=195;TMPB=23;TMPC=22;RHUA=91;DWPA=18;PTYP=1;PNAM=MS-80SH;PIRA=0;PIRP=0;PIRM=0;PIRL=-1;PIRH=18;
SQNR=82920;DATE=24-08-14;TIME=23:02:00;STAT=201222;TMPA=19;TMPP=195;TMPB=23;TMPC=22;RHUA=91;DWPA=18;PTYP=1;PNAM=MS-80SH;PIRA=0;PIRP=0;PIRM=0;PIRL=-1;PIRH=18;
SQNR=82935;DATE=24-08-14;TIME=23:02:15;STAT=201222;TMPA=19;TMPP=195;TMPB=23;TMPC=22;RHUA=91;DWPA=18;PTYP=1;PNAM=MS-80SH;PIRA=1;PIRP=0;PIRM=0;PIRL=-1;PIRH=18;
SQNR=82950;DATE=24-08-14;TIME=23:02:30;STAT=201222;TMPA=19;TMPP=195;TMPB=23;TMPC=22;RHUA=91;DWPA=18;PTYP=1;PNAM=MS-80SH;PIRA=0;PIRP=0;PIRM=0;PIRL=-1;PIRH=18;
SQNR=82965;DATE=24-08-14;TIME=23:02:45;STAT=201222;TMPA=19;TMPP=194;TMPB=23;TMPC=22;RHUA=91;DWPA=18;PTYP=1;PNAM=MS-80SH;PIRA=1;PIRP=0;PIRM=0;PIRL=-1;PIRH=18;
SQNR=82980;DATE=24-08-14;TIME=23:03:00;STAT=201222;TMPA=19;TMPP=195;TMPB=23;TMPC=22;RHUA=91;DWPA=18;PTYP=1;PNAM=MS-80SH;PIRA=0;PIRP=0;PIRM=0;PIRL=-1;PIRH=18;
SQNR=82995;DATE=24-08-14;TIME=23:03:15;STAT=201222;TMPA=19;TMPP=194;TMPB=23;TMPC=22;RHUA=91;DWPA=18;PTYP=1;PNAM=MS-80SH;PIRA=0;PIRP=0;PIRM=0;PIRL=-1;PIRH=18;
SQNR=83011;DATE=24-08-14;TIME=23:03:30;STAT=201222;TMPA=19;TMPP=194;TMPB=23;TMPC=22;RHUA=91;DWPA=18;PTYP=1;PNAM=MS-80SH;PIRA=0;PIRP=0;PIRM=0;PIRL=-1;PIRH=18;
SQNR=83026;DATE=24-08-14;TIME=23:03:45;STAT=201222;TMPA=19;TMPP=194;TMPB=23;TMPC=22;RHUA=91;DWPA=18;PTYP=1;PNAM=MS-80SH;PIRA=0;PIRP=0;PIRM=0;PIRL=-1;PIRH=18;
SQNR=83041;DATE=24-08-14;TIME=23:04:00;STAT=201222;TMPA=19;TMPP=194;TMPB=23;TMPC=22;RHUA=91;DWPA=18;PTYP=1;PNAM=MS-80SH;PIRA=1;PIRP=0;PIRM=0;PIRL=-1;PIRH=18;
SQNR=83056;DATE=24-08-14;TIME=23:04:15;STAT=201222;TMPA=19;TMPP=195;TMPB=23;TMPC=22;RHUA=91;DWPA=18;PTYP=1;PNAM=MS-80SH;PIRA=0;PIRP=0;PIRM=0;PIRL=-1;PIRH=18;
SQNR=83071;DATE=24-08-14;TIME=23:04:30;STAT=201222;TMPA=19;TMPP=194;TMPB=23;TMPC=22;RHUA=91;DWPA=18;PTYP=1;PNAM=MS-80SH;PIRA=0;PIRP=0;PIRM=0;PIRL=-1;PIRH=18;
SQNR=83086;DATE=24-08-14;TIME=23:04:45;STAT=201222;TMPA=19;TMPP=194;TMPB=23;TMPC=22;RHUA=92;DWPA=18;PTYP=1;PNAM=MS-80SH;PIRA=0;PIRP=0;PIRM=0;PIRL=-1;PIRH=18;
SQNR=83101;DATE=24-08-14;TIME=23:05:00;STAT=201222;TMPA=19;TMPP=194;TMPB=23;TMPC=22;RHUA=91;DWPA=18;PTYP=1;PNAM=MS-80SH;PIRA=0;PIRP=0;PIRM=0;PIRL=-1;PIRH=18;
C-----;?
V-----;SWVNR=2102190;SQNDL=83102;DATE=24-08-14;TIME=23:05:06;THTYP=85;TTEMP=15;TDEWP=5;IUFAN=800;ILFAN=5;IUHEA=3000;PYDEF=21;PYAVT=30;PYAVW=1;PYOST=0;MSDLY=15;FNDLY=30;OSTRG=3;DBGFL=0;ASIRE=0;DBGRE=0;MPPFL=-1;
SQNR=83116;DATE=24-08-14;TIME=23:05:15;STAT=201222;TMPA=19;TMPP=194;TMPB=23;TMPC=22;RHUA=91;DWPA=18;PTYP=1;PNAM=MS-80SH;PIRA=0;PIRP=0;PIRM=0;PIRL=-1;PIRH=18;
SQNR=83131;DATE=24-08-14;TIME=23:05:30;STAT=201222;TMPA=19;TMPP=194;TMPB=23;TMPC=22;RHUA=91;DWPA=18;PTYP=1;PNAM=MS-80SH;PIRA=0;PIRP=0;PIRM=0;PIRL=-1;PIRH=18;
SQNR=83146;DATE=24-08-14;TIME=23:05:45;STAT=201222;TMPA=19;TMPP=194;TMPB=23;TMPC=22;RHUA=91;DWPA=18;PTYP=1;PNAM=MS-80SH;PIRA=0;PIRP=0;PIRM=0;PIRL=-1;PIRH=18;
SQNR=83161;DATE=24-08-14;TIME=23:06:00;STAT=201222;TMPA=19;TMPP=194;TMPB=23;TMPC=22;RHUA=92;DWPA=18;PTYP=1;PNAM=MS-80SH;PIRA=0;PIRP=0;PIRM=0;PIRL=-1;PIRH=18;
SQNR=83176;DATE=24-08-14;TIME=23:06:15;STAT=201222;TMPA=19;TMPP=194;TMPB=23;TMPC=22;RHUA=92;DWPA=18;PTYP=1;PNAM=MS-80SH;PIRA=0;PIRP=0;PIRM=0;PIRL=-1;PIRH=18;
SQNR=83191;DATE=24-08-14;TIME=23:06:30;STAT=201222;TMPA=19;TMPP=194;TMPB=23;TMPC=22;RHUA=92;DWPA=18;PTYP=1;PNAM=MS-80SH;PIRA=0;PIRP=0;PIRM=0;PIRL=-1;PIRH=18;
SQNR=83206;DATE=24-08-14;TIME=23:06:45;STAT=201222;TMPA=19;TMPP=194;TMPB=23;TMPC=22;RHUA=92;DWPA=18;PTYP=1;PNAM=MS-80SH;PIRA=0;PIRP=0;PIRM=0;PIRL=-1;PIRH=18;
SQNR=83221;DATE=24-08-14;TIME=23:07:00;STAT=201222;TMPA=19;TMPP=194;TMPB=23;TMPC=22;RHUA=92;DWPA=18;PTYP=1;PNAM=MS-80SH;PIRA=0;PIRP=0;PIRM=0;PIRL=-1;PIRH=18;
SQNR=83236;DATE=24-08-14;TIME=23:07:15;STAT=201222;TMPA=19;TMPP=194;TMPB=23;TMPC=22;RHUA=92;DWPA=18;PTYP=1;PNAM=MS-80SH;PIRA=-1;PIRP=0;PIRM=0;PIRL=-1;PIRH=18;
SQNR=83251;DATE=24-08-14;TIME=23:07:30;STAT=201222;TMPA=19;TMPP=194;TMPB=23;TMPC=22;RHUA=92;DWPA=18;PTYP=1;PNAM=MS-80SH;PIRA=-1;PIRP=0;PIRM=0;PIRL=-1;PIRH=18;
SQNR=83266;DATE=24-08-14;TIME=23:07:45;STAT=201222;TMPA=19;TMPP=194;TMPB=23;TMPC=22;RHUA=92;DWPA=18;PTYP=1;PNAM=MS-80SH;PIRA=-1;PIRP=-1;PIRM=0;PIRL=-1;PIRH=18;
SQNR=83281;DATE=24-08-14;TIME=23:08:00;STAT=201222;TMPA=19;TMPP=194;TMPB=23;TMPC=22;RHUA=91;DWPA=18;PTYP=1;PNAM=MS-80SH;PIRA=-1;PIRP=0;PIRM=0;PIRL=-1;PIRH=18;
SQNR=83296;DATE=24-08-14;TIME=23:08:15;STAT=201222;TMPA=19;TMPP=194;TMPB=23;TMPC=22;RHUA=91;DWPA=18;PTYP=1;PNAM=MS-80SH;PIRA=0;PIRP=0;PIRM=0;PIRL=-1;PIRH=18;
SQNR=83311;DATE=24-08-14;TIME=23:08:30;STAT=201222;TMPA=19;TMPP=194;TMPB=23;TMPC=22;RHUA=91;DWPA=18;PTYP=1;PNAM=MS-80SH;PIRA=-1;PIRP=-1;PIRM=-1;PIRL=-1;PIRH=18;
SQNR=83326;DATE=24-08-14;TIME=23:08:45;STAT=201222;TMPA=19;TMPP=194;TMPB=23;TMPC=22;RHUA=92;DWPA=18;PTYP=1;PNAM=MS-80SH;PIRA=-1;PIRP=-1;PIRM=-1;PIRL=-1;PIRH=18;
SQNR=83341;DATE=24-08-14;TIME=23:09:00;STAT=201222;TMPA=19;TMPP=194;TMPB=23;TMPC=22;RHUA=92;DWPA=18;PTYP=1;PNAM=MS-80SH;PIRA=-1;PIRP=-1;PIRM=-1;PIRL=-1;PIRH=18;
SQNR=83356;DATE=24-08-14;TIME=23:09:15;STAT=201222;TMPA=19;TMPP=194;TMPB=23;TMPC=22;RHUA=91;DWPA=18;PTYP=1;PNAM=MS-80SH;PIRA=-1;PIRP=-1;PIRM=-1;PIRL=-1;PIRH=18;
SQNR=83371;DATE=24-08-14;TIME=23:09:30;STAT=201222;TMPA=19;TMPP=194;TMPB=23;TMPC=22;RHUA=91;DWPA=18;PTYP=1;PNAM=MS-80SH;PIRA=0;PIRP=-1;PIRM=-1;PIRL=-1;PIRH=18;
SQNR=83386;DATE=24-08-14;TIME=23:09:45;STAT=201222;TMPA=19;TMPP=194;TMPB=23;TMPC=22;RHUA=91;DWPA=18;PTYP=1;PNAM=MS-80SH;PIRA=-1;PIRP=-1;PIRM=-1;PIRL=-1;PIRH=18;
SQNR=83401;DATE=24-08-14;TIME=23:10:00;STAT=201222;TMPA=19;TMPP=194;TMPB=23;TMPC=22;RHUA=91;DWPA=18;PTYP=1;PNAM=MS-80SH;PIRA=0;PIRP=-1;PIRM=-1;PIRL=-1;PIRH=18;
C-----;?
V-----;SWVNR=2102190;SQNDL=83403;DATE=24-08-14;TIME=23:10:07;THTYP=85;TTEMP=15;TDEWP=5;IUFAN=800;ILFAN=5;IUHEA=3000;PYDEF=21;PYAVT=30;PYAVW=1;PYOST=0;MSDLY=15;FNDLY=30;OSTRG=3;DBGFL=0;ASIRE=0;DBGRE=0;MPPFL=-1;
SQNR=83416;DATE=24-08-14;TIME=23:10:15;STAT=201222;TMPA=19;TMPP=194;TMPB=23;TMPC=22;RHUA=91;DWPA=17;PTYP=1;PNAM=MS-80SH;PIRA=-1;PIRP=-1;PIRM=-1;PIRL=-1;PIRH=18;
SQNR=83431;DATE=24-08-14;TIME=23:10:30;STAT=201222;TMPA=19;TMPP=194;TMPB=23;TMPC=22;RHUA=91;DWPA=17;PTYP=1;PNAM=MS-80SH;PIRA=0;PIRP=0;PIRM=0;PIRL=-1;PIRH=18;
SQNR=83446;DATE=24-08-14;TIME=23:10:45;STAT=201222;TMPA=19;TMPP=194;TMPB=23;TMPC=22;RHUA=91;DWPA=17;PTYP=1;PNAM=MS-80SH;PIRA=0;PIRP=0;PIRM=0;PIRL=-1;PIRH=18;
SQNR=83461;DATE=24-08-14;TIME=23:11:00;STAT=201222;TMPA=19;TMPP=194;TMPB=23;TMPC=22;RHUA=91;DWPA=17;PTYP=1;PNAM=MS-80SH;PIRA=-1;PIRP=0;PIRM=0;PIRL=-1;PIRH=18;
SQNR=83476;DATE=24-08-14;TIME=23:11:15;STAT=201222;TMPA=19;TMPP=194;TMPB=23;TMPC=22;RHUA=91;DWPA=18;PTYP=1;PNAM=MS-80SH;PIRA=0;PIRP=0;PIRM=0;PIRL=-1;PIRH=18;
SQNR=83491;DATE=24-08-14;TIME=23:11:30;STAT=201222;TMPA=19;TMPP=194;TMPB=23;TMPC=22;RHUA=91;DWPA=17;PTYP=1;PNAM=MS-80SH;PIRA=-1;PIRP=-1;PIRM=-1;PIRL=-1;PIRH=18;
SQNR=83506;DATE=24-08-14;TIME=23:11:45;STAT=201222;TMPA=19;TMPP=194;TMPB=23;TMPC=22;RHUA=91;DWPA=17;PTYP=1;PNAM=MS-80SH;PIRA=0;PIRP=0;PIRM=0;PIRL=-1;PIRH=18;
SQNR=83521;DATE=24-08-14;TIME=23:12:00;STAT=201222;TMPA=19;TMPP=194;TMPB=23;TMPC=22;RHUA=91;DWPA=17;PTYP=1;PNAM=MS-80SH;PIRA=0;PIRP=0;PIRM=0;PIRL=-1;PIRH=18;
SQNR=83536;DATE=24-08-14;TIME=23:12:15;STAT=201222;TMPA=19;TMPP=194;TMPB=23;TMPC=22;RHUA=91;DWPA=17;PTYP=1;PNAM=MS-80SH;PIRA=0;PIRP=0;PIRM=0;PIRL=-1;PIRH=18;
SQNR=83551;DATE=24-08-14;TIME=23:12:30;STAT=201222;TMPA=19;TMPP=193;TMPB=23;TMPC=22;RHUA=91;DWPA=17;PTYP=1;PNAM=MS-80SH;PIRA=0;PIRP=0;PIRM=0;PIRL=-1;PIRH=18;
SQNR=83566;DATE=24-08-14;TIME=23:12:45;STAT=201222;TMPA=19;TMPP=193;TMPB=23;TMPC=22;RHUA=91;DWPA=17;PTYP=1;PNAM=MS-80SH;PIRA=0;PIRP=0;PIRM=0;PIRL=-1;PIRH=18;
SQNR=83581;DATE=24-08-14;TIME=23:13:00;STAT=201222;TMPA=19;TMPP=194;TMPB=23;TMPC=22;RHUA=91;DWPA=17;PTYP=1;PNAM=MS-80SH;PIRA=0;PIRP=0;PIRM=0;PIRL=-1;PIRH=18;
SQNR=83596;DATE=24-08-14;TIME=23:13:15;STAT=201222;TMPA=19;TMPP=194;TMPB=23;TMPC=22;RHUA=91;DWPA=18;PTYP=1;PNAM=MS-80SH;PIRA=-1;PIRP=0;PIRM=0;PIRL=-1;PIRH=18;
SQNR=83611;DATE=24-08-14;TIME=23:13:30;STAT=201222;TMPA=19;TMPP=194;TMPB=23;TMPC=22;RHUA=91;DWPA=18;PTYP=1;PNAM=MS-80SH;PIRA=0;PIRP=0;PIRM=0;PIRL=-1;PIRH=18;
SQNR=83626;DATE=24-08-14;TIME=23:13:45;STAT=201222;TMPA=19;TMPP=193;TMPB=23;TMPC=22;RHUA=91;DWPA=17;PTYP=1;PNAM=MS-80SH;PIRA=0;PIRP=0;PIRM=0;PIRL=-1;PIRH=18;
SQNR=83641;DATE=24-08-14;TIME=23:14:00;STAT=201222;TMPA=19;TMPP=193;TMPB=23;TMPC=22;RHUA=91;DWPA=18;PTYP=1;PNAM=MS-80SH;PIRA=0;PIRP=0;PIRM=0;PIRL=-1;PIRH=18;
SQNR=83656;DATE=24-08-14;TIME=23:14:15;STAT=201222;TMPA=19;TMPP=194;TMPB=23;TMPC=22;RHUA=91;DWPA=18;PTYP=1;PNAM=MS-80SH;PIRA=0;PIRP=0;PIRM=0;PIRL=-1;PIRH=18;
SQNR=83671;DATE=24-08-14;TIME=23:14:30;STAT=201222;TMPA=19;TMPP=193;TMPB=23;TMPC=22;RHUA=91;DWPA=17;PTYP=1;PNAM=MS-80SH;PIRA=0;PIRP=0;PIRM=0;PIRL=-1;PIRH=18;
SQNR=83686;DATE=24-08-14;TIME=23:14:45;STAT=201222;TMPA=19;TMPP=194;TMPB=23;TMPC=22;RHUA=91;DWPA=17;PTYP=1;PNAM=MS-80SH;PIRA=0;PIRP=0;PIRM=0;PIRL=-1;PIRH=18;
SQNR=83701;DATE=24-08-14;TIME=23:15:00;STAT=201222;TMPA=19;TMPP=194;TMPB=23;TMPC=22;RHUA=91;DWPA=17;PTYP=1;PNAM=MS-80SH;PIRA=0;PIRP=0;PIRM=0;PIRL=-1;PIRH=18;
C-----;?
V-----;SWVNR=2102190;SQNDL=83703;DATE=24-08-14;TIME=23:15:07;THTYP=85;TTEMP=15;TDEWP=5;IUFAN=800;ILFAN=5;IUHEA=3000;PYDEF=21;PYAVT=30;PYAVW=1;PYOST=0;MSDLY=15;FNDLY=30;OSTRG=3;DBGFL=0;ASIRE=0;DBGRE=0;MPPFL=-1;
SQNR=83716;DATE=24-08-14;TIME=23:15:15;STAT=201222;TMPA=19;TMPP=194;TMPB=23;TMPC=22;RHUA=91;DWPA=17;PTYP=1;PNAM=MS-80SH;PIRA=0;PIRP=0;PIRM=0;PIRL=-1;PIRH=18;
SQNR=83731;DATE=24-08-14;TIME=23:15:30;STAT=201222;TMPA=19;TMPP=194;TMPB=23;TMPC=22;RHUA=91;DWPA=17;PTYP=1;PNAM=MS-80SH;PIRA=0;PIRP=0;PIRM=0;PIRL=-1;PIRH=18;
SQNR=83746;DATE=24-08-14;TIME=23:15:45;STAT=201222;TMPA=19;TMPP=193;TMPB=23;TMPC=22;RHUA=91;DWPA=17;PTYP=1;PNAM=MS-80SH;PIRA=0;PIRP=0;PIRM=0;PIRL=-1;PIRH=18;
SQNR=83761;DATE=24-08-14;TIME=23:16:00;STAT=201222;TMPA=19;TMPP=194;TMPB=23;TMPC=22;RHUA=91;DWPA=17;PTYP=1;PNAM=MS-80SH;PIRA=0;PIRP=0;PIRM=0;PIRL=-1;PIRH=18;
SQNR=83776;DATE=24-08-14;TIME=23:16:15;STAT=201222;TMPA=19;TMPP=193;TMPB=23;TMPC=22;RHUA=91;DWPA=17;PTYP=1;PNAM=MS-80SH;PIRA=0;PIRP=0;PIRM=0;PIRL=-1;PIRH=18;
SQNR=83791;DATE=24-08-14;TIME=23:16:30;STAT=201222;TMPA=19;TMPP=193;TMPB=23;TMPC=22;RHUA=91;DWPA=18;PTYP=1;PNAM=MS-80SH;PIRA=0;PIRP=0;PIRM=0;PIRL=-1;PIRH=18;
SQNR=83805;DATE=24-08-14;TIME=23:16:45;STAT=201222;TMPA=19;TMPP=193;TMPB=23;TMPC=22;RHUA=91;DWPA=17;PTYP=1;PNAM=MS-80SH;PIRA=0;PIRP=0;PIRM=0;PIRL=-1;PIRH=18;
SQNR=83820;DATE=24-08-14;TIME=23:17:00;STAT=201222;TMPA=19;TMPP=193;TMPB=23;TMPC=22;RHUA=91;DWPA=17;PTYP=1;PNAM=MS-80SH;PIRA=0;PIRP=0;PIRM=0;PIRL=-1;PIRH=18;
SQNR=83835;DATE=24-08-14;TIME=23:17:15;STAT=201222;TMPA=19;TMPP=193;TMPB=23;TMPC=22;RHUA=91;DWPA=17;PTYP=1;PNAM=MS-80SH;PIRA=1;PIRP=0;PIRM=0;PIRL=-1;PIRH=18;
SQNR=83850;DATE=24-08-14;TIME=23:17:30;STAT=201222;TMPA=19;TMPP=193;TMPB=23;TMPC=22;RHUA=91;DWPA=17;PTYP=1;PNAM=MS-80SH;PIRA=0;PIRP=0;PIRM=0;PIRL=-1;PIRH=18;
SQNR=83865;DATE=24-08-14;TIME=23:17:45;STAT=201222;TMPA=19;TMPP=193;TMPB=23;TMPC=22;RHUA=91;DWPA=17;PTYP=1;PNAM=MS-80SH;PIRA=0;PIRP=0;PIRM=0;PIRL=-1;PIRH=18;
SQNR=83880;DATE=24-08-14;TIME=23:18:00;STAT=201222;TMPA=19;TMPP=193;TMPB=23;TMPC=22;RHUA=91;DWPA=17;PTYP=1;PNAM=MS-80SH;PIRA=0;PIRP=0;PIRM=0;PIRL=-1;PIRH=18;
SQNR=83895;DATE=24-08-14;TIME=23:18:15;STAT=201222;TMPA=19;TMPP=193;TMPB=23;TMPC=22;RHUA=91;DWPA=17;PTYP=1;PNAM=MS-80SH;PIRA=0;PIRP=0;PIRM=0;PIRL=-1;PIRH=18;
SQNR=83910;DATE=24-08-14;TIME=23:18:30;STAT=201222;TMPA=19;TMPP=193;TMPB=23;TMPC=22;RHUA=91;DWPA=17;PTYP=1;PNAM=MS-80SH;PIRA=1;PIRP=0;PIRM=0;PIRL=-1;PIRH=18;
SQNR=83925;DATE=24-08-14;TIME=23:18:45;STAT=201222;TMPA=19;TMPP=193;TMPB=23;TMPC=22;RHUA=91;DWPA=17;PTYP=1;PNAM=MS-80SH;PIRA=0;PIRP=0;PIRM=0;PIRL=-1;PIRH=18;
SQNR=83940;DATE=24-08-14;TIME=23:19:00;STAT=201222;TMPA=19;TMPP=193;TMPB=23;TMPC=22;RHUA=91;DWPA=17;PTYP=1;PNAM=MS-80SH;PIRA=0;PIRP=0;PIRM=0;PIRL=-1;PIRH=18;
SQNR=83955;DATE=24-08-14;TIME=23:19:15;STAT=201222;TMPA=19;TMPP=193;TMPB=23;TMPC=22;RHUA=91;DWPA=17;PTYP=1;PNAM=MS-80SH;PIRA=0;PIRP=0;PIRM=0;PIRL=-1;PIRH=18;
SQNR=83970;DATE=24-08-14;TIME=23:19:30;STAT=201222;TMPA=19;TMPP=193;TMPB=23;TMPC=22;RHUA=91;DWPA=17;PTYP=1;PNAM=MS-80SH;PIRA=0;PIRP=0;PIRM=0;PIRL=-1;PIRH=18;
SQNR=83985;DATE=24-08-14;TIME=23:19:45;STAT=201222;TMPA=19;TMPP=193;TMPB=23;TMPC=22;RHUA=91;DWPA=17;PTYP=1;PNAM=MS-80SH;PIRA=0;PIRP=0;PIRM=0;PIRL=-1;PIRH=18;
SQNR=84000;DATE=24-08-14;TIME=23:20:00;STAT=201222;TMPA=19;TMPP=193;TMPB=23;TMPC=22;RHUA=91;DWPA=17;PTYP=1;PNAM=MS-80SH;PIRA=0;PIRP=0;PIRM=0;PIRL=-1;PIRH=18;
C-----;?
V-----;SWVNR=2102190;SQNDL=84001;DATE=24-08-14;TIME=23:20:06;THTYP=85;TTEMP=15;TDEWP=5;IUFAN=800;ILFAN=5;IUHEA=3000;PYDEF=21;PYAVT=30;PYAVW=1;PYOST=0;MSDLY=15;FNDLY=30;OSTRG=3;DBGFL=0;ASIRE=0;DBGRE=0;MPPFL=-1;
SQNR=84015;DATE=24-08-14;TIME=23:20:15;STAT=201222;TMPA=19;TMPP=193;TMPB=23;TMPC=22;RHUA=91;DWPA=17;PTYP=1;PNAM=MS-80SH;PIRA=0;PIRP=0;PIRM=0;PIRL=-1;PIRH=18;
SQNR=84030;DATE=24-08-14;TIME=23:20:30;STAT=201222;TMPA=19;TMPP=193;TMPB=23;TMPC=22;RHUA=91;DWPA=17;PTYP=1;PNAM=MS-80SH;PIRA=0;PIRP=0;PIRM=0;PIRL=-1;PIRH=18;
SQNR=84045;DATE=24-08-14;TIME=23:20:45;STAT=201222;TMPA=19;TMPP=193;TMPB=23;TMPC=22;RHUA=91;DWPA=17;PTYP=1;PNAM=MS-80SH;PIRA=0;PIRP=0;PIRM=0;PIRL=-1;PIRH=18;
SQNR=84060;DATE=24-08-14;TIME=23:21:00;STAT=201222;TMPA=19;TMPP=193;TMPB=23;TMPC=22;RHUA=90;DWPA=17;PTYP=1;PNAM=MS-80SH;PIRA=0;PIRP=0;PIRM=0;PIRL=-1;PIRH=18;
SQNR=84075;DATE=24-08-14;TIME=23:21:15;STAT=201222;TMPA=19;TMPP=194;TMPB=23;TMPC=22;RHUA=90;DWPA=17;PTYP=1;PNAM=MS-80SH;PIRA=0;PIRP=0;PIRM=0;PIRL=-1;PIRH=18;
SQNR=84090;DATE=24-08-14;TIME=23:21:30;STAT=201222;TMPA=19;TMPP=194;TMPB=23;TMPC=22;RHUA=90;DWPA=17;PTYP=1;PNAM=MS-80SH;PIRA=0;PIRP=0;PIRM=0;PIRL=-1;PIRH=18;
SQNR=84105;DATE=24-08-14;TIME=23:21:45;STAT=201222;TMPA=19;TMPP=194;TMPB=23;TMPC=22;RHUA=91;DWPA=17;PTYP=1;PNAM=MS-80SH;PIRA=-1;PIRP=0;PIRM=0;PIRL=-1;PIRH=18;
SQNR=84120;DATE=24-08-14;TIME=23:22:00;STAT=201222;TMPA=19;TMPP=193;TMPB=23;TMPC=22;RHUA=91;DWPA=17;PTYP=1;PNAM=MS-80SH;PIRA=0;PIRP=0;PIRM=0;PIRL=-1;PIRH=18;
SQNR=84135;DATE=24-08-14;TIME=23:22:15;STAT=201222;TMPA=19;TMPP=194;TMPB=23;TMPC=22;RHUA=91;DWPA=17;PTYP=1;PNAM=MS-80SH;PIRA=-1;PIRP=0;PIRM=0;PIRL=-1;PIRH=18;
SQNR=84150;DATE=24-08-14;TIME=23:22:30;STAT=201222;TMPA=19;TMPP=194;TMPB=23;TMPC=22;RHUA=91;DWPA=17;PTYP=1;PNAM=MS-80SH;PIRA=-1;PIRP=0;PIRM=0;PIRL=-1;PIRH=18;
SQNR=84165;DATE=24-08-14;TIME=23:22:45;STAT=201222;TMPA=19;TMPP=194;TMPB=23;TMPC=22;RHUA=91;DWPA=17;PTYP=1;PNAM=MS-80SH;PIRA=0;PIRP=0;PIRM=0;PIRL=-1;PIRH=18;
SQNR=84180;DATE=24-08-14;TIME=23:23:00;STAT=201222;TMPA=19;TMPP=194;TMPB=23;TMPC=22;RHUA=91;DWPA=17;PTYP=1;PNAM=MS-80SH;PIRA=-1;PIRP=0;PIRM=0;PIRL=-1;PIRH=18;
SQNR=84195;DATE=24-08-14;TIME=23:23:15;STAT=201222;TMPA=19;TMPP=194;TMPB=23;TMPC=22;RHUA=91;DWPA=17;PTYP=1;PNAM=MS-80SH;PIRA=0;PIRP=0;PIRM=0;PIRL=-1;PIRH=18;
SQNR=84210;DATE=24-08-14;TIME=23:23:30;STAT=201222;TMPA=19;TMPP=193;TMPB=23;TMPC=22;RHUA=91;DWPA=17;PTYP=1;PNAM=MS-80SH;PIRA=-1;PIRP=-1;PIRM=-1;PIRL=-1;PIRH=18;
SQNR=84225;DATE=24-08-14;TIME=23:23:45;STAT=201222;TMPA=19;TMPP=194;TMPB=23;TMPC=22;RHUA=91;DWPA=17;PTYP=1;PNAM=MS-80SH;PIRA=-1;PIRP=-1;PIRM=-1;PIRL=-1;PIRH=18;
SQNR=84240;DATE=24-08-14;TIME=23:24:00;STAT=201222;TMPA=19;TMPP=193;TMPB=23;TMPC=22;RHUA=91;DWPA=17;PTYP=1;PNAM=MS-80SH;PIRA=0;PIRP=-1;PIRM=-1;PIRL=-1;PIRH=18;
SQNR=84255;DATE=24-08-14;TIME=23:24:15;STAT=201222;TMPA=19;TMPP=194;TMPB=23;TMPC=22;RHUA=91;DWPA=18;PTYP=1;PNAM=MS-80SH;PIRA=-1;PIRP=-1;PIRM=-1;PIRL=-1;PIRH=18;
SQNR=84270;DATE=24-08-14;TIME=23:24:30;STAT=201222;TMPA=19;TMPP=194;TMPB=23;TMPC=22;RHUA=91;DWPA=18;PTYP=1;PNAM=MS-80SH;PIRA=0;PIRP=-1;PIRM=-1;PIRL=-1;PIRH=18;
SQNR=84285;DATE=24-08-14;TIME=23:24:45;STAT=201222;TMPA=19;TMPP=194;TMPB=23;TMPC=22;RHUA=91;DWPA=17;PTYP=1;PNAM=MS-80SH;PIRA=-1;PIRP=-1;PIRM=-1;PIRL=-1;PIRH=18;
SQNR=84300;DATE=24-08-14;TIME=23:25:00;STAT=201222;TMPA=19;TMPP=194;TMPB=23;TMPC=22;RHUA=91;DWPA=17;PTYP=1;PNAM=MS-80SH;PIRA=-1;PIRP=-1;PIRM=-1;PIRL=-1;PIRH=18;
C-----;?
V-----;SWVNR=2102190;SQNDL=84302;DATE=24-08-14;TIME=23:25:07;THTYP=85;TTEMP=15;TDEWP=5;IUFAN=800;ILFAN=5;IUHEA=3000;PYDEF=21;PYAVT=30;PYAVW=1;PYOST=0;MSDLY=15;FNDLY=30;OSTRG=3;DBGFL=0;ASIRE=0;DBGRE=0;MPPFL=-1;
SQNR=84315;DATE=24-08-14;TIME=23:25:15;STAT=201222;TMPA=19;TMPP=194;TMPB=23;TMPC=22;RHUA=91;DWPA=17;PTYP=1;PNAM=MS-80SH;PIRA=0;PIRP=0;PIRM=-1;PIRL=-1;PIRH=18;
SQNR=84330;DATE=24-08-14;TIME=23:25:30;STAT=201222;TMPA=19;TMPP=193;TMPB=23;TMPC=22;RHUA=90;DWPA=17;PTYP=1;PNAM=MS-80SH;PIRA=0;PIRP=0;PIRM=0;PIRL=-1;PIRH=18;
SQNR=84345;DATE=24-08-14;TIME=23:25:45;STAT=201222;TMPA=19;TMPP=193;TMPB=23;TMPC=22;RHUA=90;DWPA=17;PTYP=1;PNAM=MS-80SH;PIRA=0;PIRP=0;PIRM=0;PIRL=-1;PIRH=18;
SQNR=84360;DATE=24-08-14;TIME=23:26:00;STAT=201222;TMPA=19;TMPP=193;TMPB=23;TMPC=22;RHUA=90;DWPA=17;PTYP=1;PNAM=MS-80SH;PIRA=0;PIRP=0;PIRM=0;PIRL=-1;PIRH=18;
SQNR=84375;DATE=24-08-14;TIME=23:26:15;STAT=201222;TMPA=19;TMPP=193;TMPB=23;TMPC=22;RHUA=90;DWPA=17;PTYP=1;PNAM=MS-80SH;PIRA=0;PIRP=0;PIRM=0;PIRL=-1;PIRH=18;
SQNR=84390;DATE=24-08-14;TIME=23:26:30;STAT=201222;TMPA=19;TMPP=193;TMPB=23;TMPC=22;RHUA=91;DWPA=17;PTYP=1;PNAM=MS-80SH;PIRA=0;PIRP=0;PIRM=0;PIRL=-1;PIRH=18;
SQNR=84405;DATE=24-08-14;TIME=23:26:45;STAT=201222;TMPA=19;TMPP=193;TMPB=23;TMPC=22;RHUA=91;DWPA=17;PTYP=1;PNAM=MS-80SH;PIRA=-1;PIRP=0;PIRM=0;PIRL=-1;PIRH=18;
SQNR=84420;DATE=24-08-14;TIME=23:27:00;STAT=201222;TMPA=19;TMPP=193;TMPB=23;TMPC=22;RHUA=91;DWPA=17;PTYP=1;PNAM=MS-80SH;PIRA=0;PIRP=0;PIRM=0;PIRL=-1;PIRH=18;
SQNR=84435;DATE=24-08-14;TIME=23:27:15;STAT=201222;TMPA=19;TMPP=193;TMPB=22;TMPC=22;RHUA=91;DWPA=17;PTYP=1;PNAM=MS-80SH;PIRA=0;PIRP=0;PIRM=0;PIRL=-1;PIRH=18;
SQNR=84450;DATE=24-08-14;TIME=23:27:30;STAT=201222;TMPA=19;TMPP=193;TMPB=22;TMPC=22;RHUA=91;DWPA=17;PTYP=1;PNAM=MS-80SH;PIRA=0;PIRP=0;PIRM=0;PIRL=-1;PIRH=18;
SQNR=84465;DATE=24-08-14;TIME=23:27:45;STAT=201222;TMPA=19;TMPP=193;TMPB=23;TMPC=22;RHUA=91;DWPA=17;PTYP=1;PNAM=MS-80SH;PIRA=0;PIRP=0;PIRM=0;PIRL=-1;PIRH=18;
SQNR=84480;DATE=24-08-14;TIME=23:28:00;STAT=201222;TMPA=19;TMPP=193;TMPB=22;TMPC=22;RHUA=91;DWPA=17;PTYP=1;PNAM=MS-80SH;PIRA=0;PIRP=0;PIRM=0;PIRL=-1;PIRH=18;
SQNR=84495;DATE=24-08-14;TIME=23:28:15;STAT=201222;TMPA=19;TMPP=193;TMPB=22;TMPC=22;RHUA=91;DWPA=17;PTYP=1;PNAM=MS-80SH;PIRA=0;PIRP=0;PIRM=0;PIRL=-1;PIRH=18;
SQNR=84510;DATE=24-08-14;TIME=23:28:30;STAT=201222;TMPA=19;TMPP=194;TMPB=23;TMPC=22;RHUA=91;DWPA=18;PTYP=1;PNAM=MS-80SH;PIRA=-1;PIRP=0;PIRM=0;PIRL=-1;PIRH=18;
SQNR=84525;DATE=24-08-14;TIME=23:28:45;STAT=201222;TMPA=19;TMPP=194;TMPB=23;TMPC=22;RHUA=91;DWPA=18;PTYP=1;PNAM=MS-80SH;PIRA=0;PIRP=0;PIRM=0;PIRL=-1;PIRH=18;
SQNR=84540;DATE=24-08-14;TIME=23:29:00;STAT=201222;TMPA=19;TMPP=194;TMPB=23;TMPC=22;RHUA=91;DWPA=18;PTYP=1;PNAM=MS-80SH;PIRA=-1;PIRP=0;PIRM=0;PIRL=-1;PIRH=18;
SQNR=84555;DATE=24-08-14;TIME=23:29:15;STAT=201222;TMPA=19;TMPP=195;TMPB=23;TMPC=22;RHUA=91;DWPA=18;PTYP=1;PNAM=MS-80SH;PIRA=0;PIRP=0;PIRM=0;PIRL=-1;PIRH=18;
SQNR=84570;DATE=24-08-14;TIME=23:29:30;STAT=201222;TMPA=19;TMPP=195;TMPB=23;TMPC=22;RHUA=90;DWPA=17;PTYP=1;PNAM=MS-80SH;PIRA=-1;PIRP=-1;PIRM=0;PIRL=-1;PIRH=18;
SQNR=84585;DATE=24-08-14;TIME=23:29:45;STAT=201222;TMPA=19;TMPP=195;TMPB=23;TMPC=22;RHUA=90;DWPA=18;PTYP=1;PNAM=MS-80SH;PIRA=-1;PIRP=-1;PIRM=-1;PIRL=-1;PIRH=18;
SQNR=84600;DATE=24-08-14;TIME=23:30:00;STAT=201222;TMPA=19;TMPP=195;TMPB=23;TMPC=22;RHUA=90;DWPA=17;PTYP=1;PNAM=MS-80SH;PIRA=0;PIRP=-1;PIRM=-1;PIRL=-1;PIRH=18;
C-----;?
V-----;SWVNR=2102190;SQNDL=84602;DATE=24-08-14;TIME=23:30:07;THTYP=85;TTEMP=15;TDEWP=5;IUFAN=800;ILFAN=5;IUHEA=3000;PYDEF=21;PYAVT=30;PYAVW=1;PYOST=0;MSDLY=15;FNDLY=30;OSTRG=3;DBGFL=0;ASIRE=0;DBGRE=0;MPPFL=-1;
SQNR=84615;DATE=24-08-14;TIME=23:30:15;STAT=201222;TMPA=19;TMPP=195;TMPB=23;TMPC=22;RHUA=90;DWPA=17;PTYP=1;PNAM=MS-80SH;PIRA=-1;PIRP=-1;PIRM=-1;PIRL=-1;PIRH=18;
SQNR=84630;DATE=24-08-14;TIME=23:30:30;STAT=201222;TMPA=19;TMPP=195;TMPB=23;TMPC=22;RHUA=90;DWPA=17;PTYP=1;PNAM=MS-80SH;PIRA=0;PIRP=-1;PIRM=-1;PIRL=-1;PIRH=18;
SQNR=84645;DATE=24-08-14;TIME=23:30:45;STAT=201222;TMPA=19;TMPP=195;TMPB=23;TMPC=22;RHUA=90;DWPA=17;PTYP=1;PNAM=MS-80SH;PIRA=-1;PIRP=-1;PIRM=-1;PIRL=-1;PIRH=18;
SQNR=84660;DATE=24-08-14;TIME=23:31:00;STAT=201222;TMPA=19;TMPP=195;TMPB=23;TMPC=22;RHUA=90;DWPA=17;PTYP=1;PNAM=MS-80SH;PIRA=-1;PIRP=-1;PIRM=-1;PIRL=-1;PIRH=18;
SQNR=84675;DATE=24-08-14;TIME=23:31:15;STAT=201222;TMPA=19;TMPP=195;TMPB=23;TMPC=22;RHUA=90;DWPA=17;PTYP=1;PNAM=MS-80SH;PIRA=-1;PIRP=-1;PIRM=-1;PIRL=-1;PIRH=18;
SQNR=84690;DATE=24-08-14;TIME=23:31:30;STAT=201222;TMPA=19;TMPP=194;TMPB=23;TMPC=22;RHUA=91;DWPA=17;PTYP=1;PNAM=MS-80SH;PIRA=-1;PIRP=-1;PIRM=-1;PIRL=-1;PIRH=18;
SQNR=84705;DATE=24-08-14;TIME=23:31:45;STAT=201222;TMPA=19;TMPP=194;TMPB=23;TMPC=22;RHUA=91;DWPA=17;PTYP=1;PNAM=MS-80SH;PIRA=0;PIRP=-1;PIRM=-1;PIRL=-1;PIRH=18;
SQNR=84720;DATE=24-08-14;TIME=23:32:00;STAT=201222;TMPA=19;TMPP=194;TMPB=23;TMPC=22;RHUA=91;DWPA=17;PTYP=1;PNAM=MS-80SH;PIRA=-1;PIRP=-1;PIRM=-1;PIRL=-1;PIRH=18;
SQNR=84735;DATE=24-08-14;TIME=23:32:15;STAT=201222;TMPA=19;TMPP=194;TMPB=23;TMPC=22;RHUA=90;DWPA=17;PTYP=1;PNAM=MS-80SH;PIRA=0;PIRP=0;PIRM=0;PIRL=-1;PIRH=18;
SQNR=84750;DATE=24-08-14;TIME=23:32:30;STAT=201222;TMPA=19;TMPP=194;TMPB=23;TMPC=22;RHUA=90;DWPA=17;PTYP=1;PNAM=MS-80SH;PIRA=0;PIRP=0;PIRM=0;PIRL=-1;PIRH=18;
SQNR=84765;DATE=24-08-14;TIME=23:32:45;STAT=201222;TMPA=19;TMPP=194;TMPB=23;TMPC=22;RHUA=90;DWPA=17;PTYP=1;PNAM=MS-80SH;PIRA=0;PIRP=0;PIRM=0;PIRL=-1;PIRH=18;
SQNR=84780;DATE=24-08-14;TIME=23:33:00;STAT=201222;TMPA=19;TMPP=194;TMPB=23;TMPC=22;RHUA=90;DWPA=17;PTYP=1;PNAM=MS-80SH;PIRA=0;PIRP=0;PIRM=0;PIRL=-1;PIRH=18;
SQNR=84795;DATE=24-08-14;TIME=23:33:15;STAT=201222;TMPA=19;TMPP=194;TMPB=23;TMPC=22;RHUA=91;DWPA=17;PTYP=1;PNAM=MS-80SH;PIRA=0;PIRP=0;PIRM=0;PIRL=-1;PIRH=18;
SQNR=84810;DATE=24-08-14;TIME=23:33:30;STAT=201222;TMPA=19;TMPP=193;TMPB=23;TMPC=22;RHUA=91;DWPA=17;PTYP=1;PNAM=MS-80SH;PIRA=0;PIRP=0;PIRM=0;PIRL=-1;PIRH=18;
SQNR=84825;DATE=24-08-14;TIME=23:33:45;STAT=201222;TMPA=19;TMPP=193;TMPB=23;TMPC=22;RHUA=90;DWPA=17;PTYP=1;PNAM=MS-80SH;PIRA=0;PIRP=0;PIRM=0;PIRL=-1;PIRH=18;
SQNR=84840;DATE=24-08-14;TIME=23:34:00;STAT=201222;TMPA=19;TMPP=193;TMPB=23;TMPC=22;RHUA=90;DWPA=17;PTYP=1;PNAM=MS-80SH;PIRA=0;PIRP=0;PIRM=0;PIRL=-1;PIRH=18;
SQNR=84855;DATE=24-08-14;TIME=23:34:15;STAT=201222;TMPA=19;TMPP=193;TMPB=23;TMPC=22;RHUA=90;DWPA=17;PTYP=1;PNAM=MS-80SH;PIRA=0;PIRP=0;PIRM=0;PIRL=-1;PIRH=18;
SQNR=84870;DATE=24-08-14;TIME=23:34:30;STAT=201222;TMPA=19;TMPP=193;TMPB=23;TMPC=22;RHUA=91;DWPA=17;PTYP=1;PNAM=MS-80SH;PIRA=0;PIRP=0;PIRM=0;PIRL=-1;PIRH=18;
SQNR=84885;DATE=24-08-14;TIME=23:34:45;STAT=201222;TMPA=19;TMPP=193;TMPB=23;TMPC=22;RHUA=91;DWPA=17;PTYP=1;PNAM=MS-80SH;PIRA=0;PIRP=0;PIRM=0;PIRL=-1;PIRH=18;
SQNR=84900;DATE=24-08-14;TIME=23:35:00;STAT=201222;TMPA=19;TMPP=193;TMPB=23;TMPC=22;RHUA=91;DWPA=17;PTYP=1;PNAM=MS-80SH;PIRA=0;PIRP=0;PIRM=0;PIRL=-1;PIRH=18;
C-----;?
V-----;SWVNR=2102190;SQNDL=84901;DATE=24-08-14;TIME=23:35:06;THTYP=85;TTEMP=15;TDEWP=5;IUFAN=800;ILFAN=5;IUHEA=3000;PYDEF=21;PYAVT=30;PYAVW=1;PYOST=0;MSDLY=15;FNDLY=30;OSTRG=3;DBGFL=0;ASIRE=0;DBGRE=0;MPPFL=-1;
SQNR=84915;DATE=24-08-14;TIME=23:35:15;STAT=201222;TMPA=19;TMPP=193;TMPB=23;TMPC=22;RHUA=91;DWPA=17;PTYP=1;PNAM=MS-80SH;PIRA=0;PIRP=0;PIRM=0;PIRL=-1;PIRH=18;
SQNR=84930;DATE=24-08-14;TIME=23:35:30;STAT=201222;TMPA=19;TMPP=193;TMPB=23;TMPC=22;RHUA=91;DWPA=17;PTYP=1;PNAM=MS-80SH;PIRA=0;PIRP=0;PIRM=0;PIRL=-1;PIRH=18;
SQNR=84945;DATE=24-08-14;TIME=23:35:45;STAT=201222;TMPA=19;TMPP=193;TMPB=23;TMPC=22;RHUA=91;DWPA=17;PTYP=1;PNAM=MS-80SH;PIRA=0;PIRP=0;PIRM=0;PIRL=-1;PIRH=18;
SQNR=84960;DATE=24-08-14;TIME=23:36:00;STAT=201222;TMPA=19;TMPP=193;TMPB=23;TMPC=22;RHUA=91;DWPA=17;PTYP=1;PNAM=MS-80SH;PIRA=0;PIRP=0;PIRM=0;PIRL=-1;PIRH=18;
SQNR=84975;DATE=24-08-14;TIME=23:36:15;STAT=201222;TMPA=19;TMPP=193;TMPB=23;TMPC=22;RHUA=91;DWPA=17;PTYP=1;PNAM=MS-80SH;PIRA=-1;PIRP=0;PIRM=0;PIRL=-1;PIRH=18;
SQNR=84990;DATE=24-08-14;TIME=23:36:30;STAT=201222;TMPA=19;TMPP=193;TMPB=23;TMPC=22;RHUA=91;DWPA=17;PTYP=1;PNAM=MS-80SH;PIRA=0;PIRP=0;PIRM=0;PIRL=-1;PIRH=18;
SQNR=85005;DATE=24-08-14;TIME=23:36:45;STAT=201222;TMPA=19;TMPP=193;TMPB=23;TMPC=22;RHUA=91;DWPA=17;PTYP=1;PNAM=MS-80SH;PIRA=-1;PIRP=0;PIRM=0;PIRL=-1;PIRH=18;
SQNR=85020;DATE=24-08-14;TIME=23:37:00;STAT=201222;TMPA=19;TMPP=193;TMPB=23;TMPC=22;RHUA=91;DWPA=17;PTYP=1;PNAM=MS-80SH;PIRA=0;PIRP=0;PIRM=0;PIRL=-1;PIRH=18;
SQNR=85035;DATE=24-08-14;TIME=23:37:15;STAT=201222;TMPA=19;TMPP=193;TMPB=23;TMPC=22;RHUA=91;DWPA=17;PTYP=1;PNAM=MS-80SH;PIRA=0;PIRP=0;PIRM=0;PIRL=-1;PIRH=18;
SQNR=85050;DATE=24-08-14;TIME=23:37:30;STAT=201222;TMPA=19;TMPP=193;TMPB=23;TMPC=22;RHUA=91;DWPA=17;PTYP=1;PNAM=MS-80SH;PIRA=-1;PIRP=0;PIRM=0;PIRL=-1;PIRH=18;
SQNR=85065;DATE=24-08-14;TIME=23:37:45;STAT=201222;TMPA=19;TMPP=193;TMPB=23;TMPC=22;RHUA=91;DWPA=17;PTYP=1;PNAM=MS-80SH;PIRA=0;PIRP=0;PIRM=0;PIRL=-1;PIRH=18;
SQNR=85080;DATE=24-08-14;TIME=23:38:00;STAT=201222;TMPA=19;TMPP=193;TMPB=23;TMPC=22;RHUA=91;DWPA=17;PTYP=1;PNAM=MS-80SH;PIRA=-1;PIRP=-1;PIRM=0;PIRL=-1;PIRH=18;
SQNR=85095;DATE=24-08-14;TIME=23:38:15;STAT=201222;TMPA=19;TMPP=193;TMPB=23;TMPC=22;RHUA=91;DWPA=18;PTYP=1;PNAM=MS-80SH;PIRA=-1;PIRP=-1;PIRM=-1;PIRL=-1;PIRH=18;
SQNR=85110;DATE=24-08-14;TIME=23:38:30;STAT=201222;TMPA=19;TMPP=194;TMPB=23;TMPC=22;RHUA=92;DWPA=18;PTYP=1;PNAM=MS-80SH;PIRA=-1;PIRP=-1;PIRM=-1;PIRL=-1;PIRH=18;
SQNR=85125;DATE=24-08-14;TIME=23:38:45;STAT=201222;TMPA=19;TMPP=193;TMPB=23;TMPC=22;RHUA=91;DWPA=18;PTYP=1;PNAM=MS-80SH;PIRA=-1;PIRP=-1;PIRM=-1;PIRL=-1;PIRH=18;
SQNR=85140;DATE=24-08-14;TIME=23:39:00;STAT=201222;TMPA=19;TMPP=194;TMPB=23;TMPC=22;RHUA=91;DWPA=18;PTYP=1;PNAM=MS-80SH;PIRA=0;PIRP=-1;PIRM=-1;PIRL=-1;PIRH=18;
SQNR=85155;DATE=24-08-14;TIME=23:39:15;STAT=201222;TMPA=19;TMPP=193;TMPB=23;TMPC=22;RHUA=91;DWPA=17;PTYP=1;PNAM=MS-80SH;PIRA=-1;PIRP=-1;PIRM=-1;PIRL=-1;PIRH=18;
SQNR=85170;DATE=24-08-14;TIME=23:39:30;STAT=201222;TMPA=19;TMPP=193;TMPB=23;TMPC=22;RHUA=91;DWPA=17;PTYP=1;PNAM=MS-80SH;PIRA=-1;PIRP=-1;PIRM=-1;PIRL=-1;PIRH=18;
SQNR=85185;DATE=24-08-14;TIME=23:39:45;STAT=201222;TMPA=19;TMPP=193;TMPB=23;TMPC=22;RHUA=91;DWPA=17;PTYP=1;PNAM=MS-80SH;PIRA=-1;PIRP=-1;PIRM=-1;PIRL=-1;PIRH=18;
SQNR=85200;DATE=24-08-14;TIME=23:40:00;STAT=201222;TMPA=19;TMPP=193;TMPB=23;TMPC=22;RHUA=91;DWPA=17;PTYP=1;PNAM=MS-80SH;PIRA=-1;PIRP=-1;PIRM=-1;PIRL=-1;PIRH=18;
C-----;?
V-----;SWVNR=2102190;SQNDL=85201;DATE=24-08-14;TIME=23:40:06;THTYP=85;TTEMP=15;TDEWP=5;IUFAN=800;ILFAN=5;IUHEA=3000;PYDEF=21;PYAVT=30;PYAVW=1;PYOST=0;MSDLY=15;FNDLY=30;OSTRG=3;DBGFL=0;ASIRE=0;DBGRE=0;MPPFL=-1;
SQNR=85215;DATE=24-08-14;TIME=23:40:15;STAT=201222;TMPA=19;TMPP=194;TMPB=23;TMPC=22;RHUA=91;DWPA=18;PTYP=1;PNAM=MS-80SH;PIRA=-1;PIRP=-1;PIRM=-1;PIRL=-1;PIRH=18;
SQNR=85230;DATE=24-08-14;TIME=23:40:30;STAT=201222;TMPA=19;TMPP=194;TMPB=23;TMPC=22;RHUA=91;DWPA=18;PTYP=1;PNAM=MS-80SH;PIRA=-1;PIRP=-1;PIRM=-1;PIRL=-1;PIRH=18;
SQNR=85245;DATE=24-08-14;TIME=23:40:45;STAT=201222;TMPA=19;TMPP=194;TMPB=23;TMPC=22;RHUA=91;DWPA=17;PTYP=1;PNAM=MS-80SH;PIRA=0;PIRP=-1;PIRM=-1;PIRL=-1;PIRH=18;
SQNR=85260;DATE=24-08-14;TIME=23:41:00;STAT=201222;TMPA=19;TMPP=194;TMPB=23;TMPC=22;RHUA=91;DWPA=17;PTYP=1;PNAM=MS-80SH;PIRA=-1;PIRP=-1;PIRM=-1;PIRL=-1;PIRH=18;
SQNR=85275;DATE=24-08-14;TIME=23:41:15;STAT=201222;TMPA=19;TMPP=194;TMPB=23;TMPC=22;RHUA=91;DWPA=17;PTYP=1;PNAM=MS-80SH;PIRA=0;PIRP=-1;PIRM=-1;PIRL=-1;PIRH=18;
SQNR=85290;DATE=24-08-14;TIME=23:41:30;STAT=201222;TMPA=19;TMPP=194;TMPB=23;TMPC=22;RHUA=90;DWPA=17;PTYP=1;PNAM=MS-80SH;PIRA=0;PIRP=0;PIRM=-1;PIRL=-1;PIRH=18;
SQNR=85305;DATE=24-08-14;TIME=23:41:45;STAT=201222;TMPA=19;TMPP=194;TMPB=23;TMPC=22;RHUA=90;DWPA=17;PTYP=1;PNAM=MS-80SH;PIRA=0;PIRP=0;PIRM=0;PIRL=-1;PIRH=18;
SQNR=85320;DATE=24-08-14;TIME=23:42:00;STAT=201222;TMPA=19;TMPP=194;TMPB=23;TMPC=22;RHUA=90;DWPA=17;PTYP=1;PNAM=MS-80SH;PIRA=0;PIRP=0;PIRM=0;PIRL=-1;PIRH=18;
SQNR=85335;DATE=24-08-14;TIME=23:42:15;STAT=201222;TMPA=19;TMPP=194;TMPB=23;TMPC=22;RHUA=90;DWPA=17;PTYP=1;PNAM=MS-80SH;PIRA=0;PIRP=0;PIRM=0;PIRL=-1;PIRH=18;
SQNR=85350;DATE=24-08-14;TIME=23:42:30;STAT=201222;TMPA=19;TMPP=194;TMPB=23;TMPC=22;RHUA=90;DWPA=17;PTYP=1;PNAM=MS-80SH;PIRA=0;PIRP=0;PIRM=0;PIRL=-1;PIRH=18;
SQNR=85365;DATE=24-08-14;TIME=23:42:45;STAT=201222;TMPA=19;TMPP=193;TMPB=23;TMPC=22;RHUA=90;DWPA=17;PTYP=1;PNAM=MS-80SH;PIRA=0;PIRP=0;PIRM=0;PIRL=-1;PIRH=18;
SQNR=85380;DATE=24-08-14;TIME=23:43:00;STAT=201222;TMPA=19;TMPP=194;TMPB=23;TMPC=22;RHUA=90;DWPA=17;PTYP=1;PNAM=MS-80SH;PIRA=0;PIRP=0;PIRM=0;PIRL=-1;PIRH=18;
SQNR=85395;DATE=24-08-14;TIME=23:43:15;STAT=201222;TMPA=19;TMPP=193;TMPB=23;TMPC=22;RHUA=90;DWPA=17;PTYP=1;PNAM=MS-80SH;PIRA=1;PIRP=0;PIRM=0;PIRL=-1;PIRH=18;
SQNR=85410;DATE=24-08-14;TIME=23:43:30;STAT=201222;TMPA=19;TMPP=193;TMPB=23;TMPC=22;RHUA=91;DWPA=17;PTYP=1;PNAM=MS-80SH;PIRA=0;PIRP=0;PIRM=0;PIRL=-1;PIRH=18;
SQNR=85425;DATE=24-08-14;TIME=23:43:45;STAT=201222;TMPA=19;TMPP=193;TMPB=23;TMPC=22;RHUA=91;DWPA=17;PTYP=1;PNAM=MS-80SH;PIRA=0;PIRP=0;PIRM=0;PIRL=-1;PIRH=18;
SQNR=85440;DATE=24-08-14;TIME=23:44:00;STAT=201222;TMPA=19;TMPP=193;TMPB=23;TMPC=22;RHUA=91;DWPA=17;PTYP=1;PNAM=MS-80SH;PIRA=0;PIRP=0;PIRM=0;PIRL=-1;PIRH=18;
SQNR=85455;DATE=24-08-14;TIME=23:44:15;STAT=201222;TMPA=19;TMPP=193;TMPB=23;TMPC=22;RHUA=91;DWPA=17;PTYP=1;PNAM=MS-80SH;PIRA=0;PIRP=0;PIRM=0;PIRL=-1;PIRH=18;
SQNR=85470;DATE=24-08-14;TIME=23:44:30;STAT=201222;TMPA=19;TMPP=192;TMPB=23;TMPC=22;RHUA=91;DWPA=17;PTYP=1;PNAM=MS-80SH;PIRA=0;PIRP=0;PIRM=0;PIRL=-1;PIRH=18;
SQNR=85485;DATE=24-08-14;TIME=23:44:45;STAT=201222;TMPA=19;TMPP=192;TMPB=23;TMPC=22;RHUA=91;DWPA=17;PTYP=1;PNAM=MS-80SH;PIRA=0;PIRP=0;PIRM=0;PIRL=-1;PIRH=18;
SQNR=85500;DATE=24-08-14;TIME=23:45:00;STAT=201222;TMPA=19;TMPP=192;TMPB=23;TMPC=22;RHUA=91;DWPA=17;PTYP=1;PNAM=MS-80SH;PIRA=1;PIRP=0;PIRM=0;PIRL=-1;PIRH=18;
C-----;?
V-----;SWVNR=2102190;SQNDL=85502;DATE=24-08-14;TIME=23:45:07;THTYP=85;TTEMP=15;TDEWP=5;IUFAN=800;ILFAN=5;IUHEA=3000;PYDEF=21;PYAVT=30;PYAVW=1;PYOST=0;MSDLY=15;FNDLY=30;OSTRG=3;DBGFL=0;ASIRE=0;DBGRE=0;MPPFL=-1;
SQNR=85515;DATE=24-08-14;TIME=23:45:15;STAT=201222;TMPA=19;TMPP=192;TMPB=23;TMPC=22;RHUA=91;DWPA=17;PTYP=1;PNAM=MS-80SH;PIRA=0;PIRP=0;PIRM=0;PIRL=-1;PIRH=18;
SQNR=85530;DATE=24-08-14;TIME=23:45:30;STAT=201222;TMPA=19;TMPP=192;TMPB=23;TMPC=22;RHUA=91;DWPA=17;PTYP=1;PNAM=MS-80SH;PIRA=0;PIRP=0;PIRM=0;PIRL=-1;PIRH=18;
SQNR=85545;DATE=24-08-14;TIME=23:45:45;STAT=201222;TMPA=19;TMPP=192;TMPB=23;TMPC=22;RHUA=91;DWPA=17;PTYP=1;PNAM=MS-80SH;PIRA=0;PIRP=0;PIRM=0;PIRL=-1;PIRH=18;
SQNR=85560;DATE=24-08-14;TIME=23:46:00;STAT=201222;TMPA=19;TMPP=192;TMPB=23;TMPC=22;RHUA=91;DWPA=17;PTYP=1;PNAM=MS-80SH;PIRA=0;PIRP=0;PIRM=0;PIRL=-1;PIRH=18;
SQNR=85575;DATE=24-08-14;TIME=23:46:15;STAT=201222;TMPA=19;TMPP=192;TMPB=23;TMPC=22;RHUA=91;DWPA=17;PTYP=1;PNAM=MS-80SH;PIRA=0;PIRP=0;PIRM=0;PIRL=-1;PIRH=18;
SQNR=85590;DATE=24-08-14;TIME=23:46:30;STAT=201222;TMPA=19;TMPP=192;TMPB=23;TMPC=22;RHUA=91;DWPA=17;PTYP=1;PNAM=MS-80SH;PIRA=0;PIRP=0;PIRM=0;PIRL=-1;PIRH=18;
SQNR=85605;DATE=24-08-14;TIME=23:46:45;STAT=201222;TMPA=19;TMPP=192;TMPB=23;TMPC=22;RHUA=91;DWPA=17;PTYP=1;PNAM=MS-80SH;PIRA=0;PIRP=0;PIRM=0;PIRL=-1;PIRH=18;
SQNR=85620;DATE=24-08-14;TIME=23:47:00;STAT=201222;TMPA=19;TMPP=192;TMPB=23;TMPC=22;RHUA=91;DWPA=17;PTYP=1;PNAM=MS-80SH;PIRA=-1;PIRP=0;PIRM=0;PIRL=-1;PIRH=18;
SQNR=85635;DATE=24-08-14;TIME=23:47:15;STAT=201222;TMPA=19;TMPP=192;TMPB=23;TMPC=22;RHUA=91;DWPA=17;PTYP=1;PNAM=MS-80SH;PIRA=0;PIRP=0;PIRM=0;PIRL=-1;PIRH=18;
SQNR=85650;DATE=24-08-14;TIME=23:47:30;STAT=201222;TMPA=19;TMPP=192;TMPB=23;TMPC=22;RHUA=92;DWPA=17;PTYP=1;PNAM=MS-80SH;PIRA=0;PIRP=0;PIRM=0;PIRL=-1;PIRH=18;
SQNR=85665;DATE=24-08-14;TIME=23:47:45;STAT=201222;TMPA=19;TMPP=192;TMPB=23;TMPC=22;RHUA=92;DWPA=17;PTYP=1;PNAM=MS-80SH;PIRA=-1;PIRP=-1;PIRM=0;PIRL=-1;PIRH=18;
SQNR=85680;DATE=24-08-14;TIME=23:48:00;STAT=201222;TMPA=19;TMPP=192;TMPB=23;TMPC=22;RHUA=92;DWPA=17;PTYP=1;PNAM=MS-80SH;PIRA=0;PIRP=-1;PIRM=0;PIRL=-1;PIRH=18;
SQNR=85695;DATE=24-08-14;TIME=23:48:15;STAT=201222;TMPA=19;TMPP=192;TMPB=23;TMPC=22;RHUA=92;DWPA=17;PTYP=1;PNAM=MS-80SH;PIRA=-1;PIRP=-1;PIRM=0;PIRL=-1;PIRH=18;
SQNR=85710;DATE=24-08-14;TIME=23:48:30;STAT=201222;TMPA=19;TMPP=192;TMPB=23;TMPC=22;RHUA=91;DWPA=17;PTYP=1;PNAM=MS-80SH;PIRA=0;PIRP=0;PIRM=0;PIRL=-1;PIRH=18;
SQNR=85725;DATE=24-08-14;TIME=23:48:45;STAT=201222;TMPA=19;TMPP=192;TMPB=23;TMPC=22;RHUA=91;DWPA=17;PTYP=1;PNAM=MS-80SH;PIRA=-1;PIRP=0;PIRM=0;PIRL=-1;PIRH=18;
SQNR=85740;DATE=24-08-14;TIME=23:49:00;STAT=201222;TMPA=19;TMPP=192;TMPB=23;TMPC=22;RHUA=91;DWPA=17;PTYP=1;PNAM=MS-80SH;PIRA=0;PIRP=0;PIRM=0;PIRL=-1;PIRH=18;
SQNR=85755;DATE=24-08-14;TIME=23:49:15;STAT=201222;TMPA=19;TMPP=192;TMPB=22;TMPC=22;RHUA=91;DWPA=17;PTYP=1;PNAM=MS-80SH;PIRA=0;PIRP=0;PIRM=0;PIRL=-1;PIRH=18;
SQNR=85770;DATE=24-08-14;TIME=23:49:30;STAT=201222;TMPA=19;TMPP=192;TMPB=22;TMPC=22;RHUA=91;DWPA=17;PTYP=1;PNAM=MS-80SH;PIRA=-1;PIRP=0;PIRM=0;PIRL=-1;PIRH=18;
SQNR=85785;DATE=24-08-14;TIME=23:49:45;STAT=201222;TMPA=19;TMPP=192;TMPB=22;TMPC=22;RHUA=91;DWPA=17;PTYP=1;PNAM=MS-80SH;PIRA=0;PIRP=0;PIRM=0;PIRL=-1;PIRH=18;
SQNR=85800;DATE=24-08-14;TIME=23:50:00;STAT=201222;TMPA=19;TMPP=192;TMPB=22;TMPC=22;RHUA=91;DWPA=17;PTYP=1;PNAM=MS-80SH;PIRA=0;PIRP=0;PIRM=0;PIRL=-1;PIRH=18;
C-----;?
V-----;SWVNR=2102190;SQNDL=85802;DATE=24-08-14;TIME=23:50:07;THTYP=85;TTEMP=15;TDEWP=5;IUFAN=800;ILFAN=5;IUHEA=3000;PYDEF=21;PYAVT=30;PYAVW=1;PYOST=0;MSDLY=15;FNDLY=30;OSTRG=3;DBGFL=0;ASIRE=0;DBGRE=0;MPPFL=-1;
SQNR=85815;DATE=24-08-14;TIME=23:50:15;STAT=201222;TMPA=19;TMPP=192;TMPB=22;TMPC=22;RHUA=91;DWPA=17;PTYP=1;PNAM=MS-80SH;PIRA=0;PIRP=0;PIRM=0;PIRL=-1;PIRH=18;
SQNR=85830;DATE=24-08-14;TIME=23:50:30;STAT=201222;TMPA=19;TMPP=192;TMPB=22;TMPC=22;RHUA=91;DWPA=17;PTYP=1;PNAM=MS-80SH;PIRA=0;PIRP=0;PIRM=0;PIRL=-1;PIRH=18;
SQNR=85845;DATE=24-08-14;TIME=23:50:45;STAT=201222;TMPA=19;TMPP=192;TMPB=22;TMPC=22;RHUA=91;DWPA=17;PTYP=1;PNAM=MS-80SH;PIRA=0;PIRP=0;PIRM=0;PIRL=-1;PIRH=18;
SQNR=85860;DATE=24-08-14;TIME=23:51:00;STAT=201222;TMPA=19;TMPP=192;TMPB=22;TMPC=22;RHUA=91;DWPA=17;PTYP=1;PNAM=MS-80SH;PIRA=0;PIRP=0;PIRM=0;PIRL=-1;PIRH=18;
SQNR=85875;DATE=24-08-14;TIME=23:51:15;STAT=201222;TMPA=19;TMPP=192;TMPB=22;TMPC=22;RHUA=91;DWPA=17;PTYP=1;PNAM=MS-80SH;PIRA=0;PIRP=0;PIRM=0;PIRL=-1;PIRH=18;
SQNR=85890;DATE=24-08-14;TIME=23:51:30;STAT=201222;TMPA=19;TMPP=192;TMPB=22;TMPC=22;RHUA=91;DWPA=17;PTYP=1;PNAM=MS-80SH;PIRA=0;PIRP=0;PIRM=0;PIRL=-1;PIRH=18;
SQNR=85905;DATE=24-08-14;TIME=23:51:45;STAT=201222;TMPA=19;TMPP=192;TMPB=22;TMPC=22;RHUA=91;DWPA=17;PTYP=1;PNAM=MS-80SH;PIRA=0;PIRP=0;PIRM=0;PIRL=-1;PIRH=18;
SQNR=85920;DATE=24-08-14;TIME=23:52:00;STAT=201222;TMPA=19;TMPP=192;TMPB=22;TMPC=22;RHUA=91;DWPA=17;PTYP=1;PNAM=MS-80SH;PIRA=0;PIRP=0;PIRM=0;PIRL=-1;PIRH=18;
SQNR=85935;DATE=24-08-14;TIME=23:52:15;STAT=201222;TMPA=19;TMPP=192;TMPB=22;TMPC=22;RHUA=91;DWPA=17;PTYP=1;PNAM=MS-80SH;PIRA=0;PIRP=0;PIRM=0;PIRL=-1;PIRH=18;
SQNR=85950;DATE=24-08-14;TIME=23:52:30;STAT=201222;TMPA=19;TMPP=192;TMPB=22;TMPC=22;RHUA=91;DWPA=17;PTYP=1;PNAM=MS-80SH;PIRA=0;PIRP=0;PIRM=0;PIRL=-1;PIRH=18;
SQNR=85965;DATE=24-08-14;TIME=23:52:45;STAT=201222;TMPA=19;TMPP=192;TMPB=22;TMPC=22;RHUA=91;DWPA=17;PTYP=1;PNAM=MS-80SH;PIRA=0;PIRP=0;PIRM=0;PIRL=-1;PIRH=18;
SQNR=85980;DATE=24-08-14;TIME=23:53:00;STAT=201222;TMPA=19;TMPP=192;TMPB=22;TMPC=22;RHUA=91;DWPA=17;PTYP=1;PNAM=MS-80SH;PIRA=0;PIRP=0;PIRM=0;PIRL=-1;PIRH=18;
SQNR=85995;DATE=24-08-14;TIME=23:53:15;STAT=201222;TMPA=19;TMPP=192;TMPB=22;TMPC=22;RHUA=91;DWPA=17;PTYP=1;PNAM=MS-80SH;PIRA=0;PIRP=0;PIRM=0;PIRL=-1;PIRH=18;
SQNR=86010;DATE=24-08-14;TIME=23:53:30;STAT=201222;TMPA=19;TMPP=192;TMPB=22;TMPC=22;RHUA=91;DWPA=17;PTYP=1;PNAM=MS-80SH;PIRA=0;PIRP=0;PIRM=0;PIRL=-1;PIRH=18;
SQNR=86025;DATE=24-08-14;TIME=23:53:45;STAT=201222;TMPA=19;TMPP=192;TMPB=22;TMPC=22;RHUA=91;DWPA=17;PTYP=1;PNAM=MS-80SH;PIRA=0;PIRP=0;PIRM=0;PIRL=-1;PIRH=18;
SQNR=86040;DATE=24-08-14;TIME=23:54:00;STAT=201222;TMPA=19;TMPP=192;TMPB=22;TMPC=22;RHUA=91;DWPA=17;PTYP=1;PNAM=MS-80SH;PIRA=0;PIRP=0;PIRM=0;PIRL=-1;PIRH=18;
SQNR=86055;DATE=24-08-14;TIME=23:54:15;STAT=201222;TMPA=19;TMPP=192;TMPB=22;TMPC=22;RHUA=91;DWPA=17;PTYP=1;PNAM=MS-80SH;PIRA=0;PIRP=0;PIRM=0;PIRL=-1;PIRH=18;
SQNR=86070;DATE=24-08-14;TIME=23:54:30;STAT=201222;TMPA=19;TMPP=192;TMPB=22;TMPC=22;RHUA=91;DWPA=17;PTYP=1;PNAM=MS-80SH;PIRA=0;PIRP=0;PIRM=0;PIRL=-1;PIRH=18;
SQNR=86085;DATE=24-08-14;TIME=23:54:45;STAT=201222;TMPA=19;TMPP=191;TMPB=22;TMPC=22;RHUA=91;DWPA=17;PTYP=1;PNAM=MS-80SH;PIRA=0;PIRP=0;PIRM=0;PIRL=-1;PIRH=18;
SQNR=86100;DATE=24-08-14;TIME=23:55:00;STAT=201222;TMPA=19;TMPP=192;TMPB=22;TMPC=22;RHUA=91;DWPA=17;PTYP=1;PNAM=MS-80SH;PIRA=0;PIRP=0;PIRM=0;PIRL=-1;PIRH=18;
C-----;?
V-----;SWVNR=2102190;SQNDL=86101;DATE=24-08-14;TIME=23:55:06;THTYP=85;TTEMP=15;TDEWP=5;IUFAN=800;ILFAN=5;IUHEA=3000;PYDEF=21;PYAVT=30;PYAVW=1;PYOST=0;MSDLY=15;FNDLY=30;OSTRG=3;DBGFL=0;ASIRE=0;DBGRE=0;MPPFL=-1;
SQNR=86115;DATE=24-08-14;TIME=23:55:15;STAT=201222;TMPA=19;TMPP=192;TMPB=22;TMPC=22;RHUA=91;DWPA=17;PTYP=1;PNAM=MS-80SH;PIRA=0;PIRP=0;PIRM=0;PIRL=-1;PIRH=18;
SQNR=86130;DATE=24-08-14;TIME=23:55:30;STAT=201222;TMPA=19;TMPP=192;TMPB=22;TMPC=22;RHUA=91;DWPA=17;PTYP=1;PNAM=MS-80SH;PIRA=0;PIRP=0;PIRM=0;PIRL=-1;PIRH=18;
SQNR=86145;DATE=24-08-14;TIME=23:55:45;STAT=201222;TMPA=19;TMPP=192;TMPB=22;TMPC=22;RHUA=91;DWPA=17;PTYP=1;PNAM=MS-80SH;PIRA=0;PIRP=0;PIRM=0;PIRL=-1;PIRH=18;
SQNR=86160;DATE=24-08-14;TIME=23:56:00;STAT=201222;TMPA=19;TMPP=192;TMPB=22;TMPC=22;RHUA=91;DWPA=17;PTYP=1;PNAM=MS-80SH;PIRA=0;PIRP=0;PIRM=0;PIRL=-1;PIRH=18;
SQNR=86175;DATE=24-08-14;TIME=23:56:15;STAT=201222;TMPA=19;TMPP=192;TMPB=22;TMPC=22;RHUA=91;DWPA=17;PTYP=1;PNAM=MS-80SH;PIRA=0;PIRP=0;PIRM=0;PIRL=-1;PIRH=18;
SQNR=86190;DATE=24-08-14;TIME=23:56:30;STAT=201222;TMPA=19;TMPP=192;TMPB=22;TMPC=22;RHUA=91;DWPA=17;PTYP=1;PNAM=MS-80SH;PIRA=0;PIRP=0;PIRM=0;PIRL=-1;PIRH=18;
SQNR=86205;DATE=24-08-14;TIME=23:56:45;STAT=201222;TMPA=19;TMPP=192;TMPB=22;TMPC=22;RHUA=91;DWPA=17;PTYP=1;PNAM=MS-80SH;PIRA=-1;PIRP=0;PIRM=0;PIRL=-1;PIRH=18;
SQNR=86220;DATE=24-08-14;TIME=23:57:00;STAT=201222;TMPA=19;TMPP=192;TMPB=22;TMPC=22;RHUA=91;DWPA=17;PTYP=1;PNAM=MS-80SH;PIRA=0;PIRP=0;PIRM=0;PIRL=-1;PIRH=18;
SQNR=86235;DATE=24-08-14;TIME=23:57:15;STAT=201222;TMPA=19;TMPP=192;TMPB=22;TMPC=22;RHUA=91;DWPA=17;PTYP=1;PNAM=MS-80SH;PIRA=-1;PIRP=0;PIRM=0;PIRL=-1;PIRH=18;
SQNR=86250;DATE=24-08-14;TIME=23:57:30;STAT=201222;TMPA=19;TMPP=192;TMPB=22;TMPC=22;RHUA=91;DWPA=17;PTYP=1;PNAM=MS-80SH;PIRA=-1;PIRP=-1;PIRM=0;PIRL=-1;PIRH=18;
SQNR=86265;DATE=24-08-14;TIME=23:57:45;STAT=201222;TMPA=19;TMPP=192;TMPB=22;TMPC=22;RHUA=91;DWPA=17;PTYP=1;PNAM=MS-80SH;PIRA=-1;PIRP=-1;PIRM=-1;PIRL=-1;PIRH=18;
SQNR=86280;DATE=24-08-14;TIME=23:58:00;STAT=201222;TMPA=19;TMPP=192;TMPB=22;TMPC=22;RHUA=91;DWPA=17;PTYP=1;PNAM=MS-80SH;PIRA=-1;PIRP=-1;PIRM=-1;PIRL=-1;PIRH=18;
SQNR=86295;DATE=24-08-14;TIME=23:58:15;STAT=201222;TMPA=19;TMPP=192;TMPB=22;TMPC=22;RHUA=91;DWPA=17;PTYP=1;PNAM=MS-80SH;PIRA=0;PIRP=-1;PIRM=-1;PIRL=-1;PIRH=18;
SQNR=86310;DATE=24-08-14;TIME=23:58:30;STAT=201222;TMPA=19;TMPP=192;TMPB=22;TMPC=22;RHUA=91;DWPA=17;PTYP=1;PNAM=MS-80SH;PIRA=-1;PIRP=-1;PIRM=-1;PIRL=-1;PIRH=18;
SQNR=86325;DATE=24-08-14;TIME=23:58:45;STAT=201222;TMPA=19;TMPP=192;TMPB=22;TMPC=22;RHUA=91;DWPA=17;PTYP=1;PNAM=MS-80SH;PIRA=-1;PIRP=-1;PIRM=-1;PIRL=-1;PIRH=18;
SQNR=86340;DATE=24-08-14;TIME=23:59:00;STAT=201222;TMPA=19;TMPP=192;TMPB=22;TMPC=22;RHUA=91;DWPA=17;PTYP=1;PNAM=MS-80SH;PIRA=-1;PIRP=-1;PIRM=-1;PIRL=-1;PIRH=18;
SQNR=86355;DATE=24-08-14;TIME=23:59:15;STAT=201222;TMPA=19;TMPP=192;TMPB=22;TMPC=22;RHUA=91;DWPA=17;PTYP=1;PNAM=MS-80SH;PIRA=-1;PIRP=0;PIRM=0;PIRL=-1;PIRH=18;
SQNR=86370;DATE=24-08-14;TIME=23:59:30;STAT=201222;TMPA=19;TMPP=192;TMPB=22;TMPC=22;RHUA=91;DWPA=17;PTYP=1;PNAM=MS-80SH;PIRA=0;PIRP=0;PIRM=0;PIRL=-1;PIRH=18;
SQNR=86385;DATE=24-08-14;TIME=23:59:45;STAT=201222;TMPA=19;TMPP=192;TMPB=22;TMPC=22;RHUA=91;DWPA=17;PTYP=1;PNAM=MS-80SH;PIRA=-1;PIRP=0;PIRM=0;PIRL=-1;PIRH=18;
SQNR=0;DATE=24-08-15;TIME=00:00:00;STAT=201222;TMPA=19;TMPP=192;TMPB=22;TMPC=22;RHUA=91;DWPA=17;PTYP=1;PNAM=MS-80SH;PIRA=0;PIRP=0;PIRM=0;PIRL=-1;PIRH=18;